/*******************************************************************************
 * Size: 20 px
 * Bpp: 4
 * Opts: --size 20 --bpp 4 --font lvgl-design/squareline_studio/assets/Fonts/NotoSansSC-700.ttf -r 0x20-0x7e --symbols 、再击到动即受可右否听块境失完将并待感成拖振提整无是晰最本查标检清滑点烁环画的目示端等置自设试请败超过重闪面音项，？ --no-compress --no-prefilter --format lvgl --lv-font-name ui_font_ns700_20 -o lvgl-design/squareline_studio/assets/Fonts/ui_font_ns700_20.c
 ******************************************************************************/

#ifdef LV_LVGL_H_INCLUDE_SIMPLE
#include "lvgl.h"
#else
#include "lvgl/lvgl.h"
#endif

#ifndef UI_FONT_NS700_20
#define UI_FONT_NS700_20 1
#endif

#if UI_FONT_NS700_20

/*-----------------
 *    BITMAPS
 *----------------*/

/*Store the image of the glyphs*/
static LV_ATTRIBUTE_LARGE_CONST const uint8_t glyph_bitmap[] = {
    /* U+0020 " " */

    /* U+0021 "!" */
    0xc, 0xff, 0x20, 0xbf, 0xf2, 0xb, 0xff, 0x10,
    0xaf, 0xf0, 0x9, 0xff, 0x0, 0x8f, 0xf0, 0x7,
    0xfe, 0x0, 0x7f, 0xd0, 0x6, 0xfc, 0x0, 0x5f,
    0xb0, 0x2, 0xa6, 0x0, 0x7f, 0xc1, 0x1f, 0xff,
    0x70, 0xff, 0xf7, 0x7, 0xfc, 0x10,

    /* U+0022 "\"" */
    0x4f, 0xfb, 0x4, 0xff, 0xb3, 0xff, 0xb0, 0x3f,
    0xfb, 0x2f, 0xfa, 0x2, 0xff, 0xa1, 0xff, 0x90,
    0x1f, 0xf9, 0xf, 0xf7, 0x0, 0xff, 0x70, 0xdf,
    0x50, 0xd, 0xf5, 0xb, 0xf2, 0x0, 0xbf, 0x20,
    0x36, 0x0, 0x3, 0x60,

    /* U+0023 "#" */
    0x0, 0x4, 0xf6, 0x0, 0xfb, 0x0, 0x0, 0x7,
    0xf4, 0x3, 0xf8, 0x0, 0x0, 0xa, 0xf1, 0x5,
    0xf6, 0x0, 0xc, 0xff, 0xff, 0xff, 0xff, 0xf2,
    0xc, 0xff, 0xff, 0xff, 0xff, 0xf2, 0x0, 0xf,
    0xb0, 0xb, 0xf0, 0x0, 0x0, 0x1f, 0xa0, 0xd,
    0xe0, 0x0, 0x0, 0x3f, 0x80, 0xf, 0xc0, 0x0,
    0x3f, 0xff, 0xff, 0xff, 0xff, 0xa0, 0x3f, 0xff,
    0xff, 0xff, 0xff, 0xa0, 0x0, 0x8f, 0x30, 0x4f,
    0x70, 0x0, 0x0, 0xaf, 0x10, 0x6f, 0x50, 0x0,
    0x0, 0xcf, 0x0, 0x8f, 0x40, 0x0, 0x0, 0xdd,
    0x0, 0x9f, 0x20, 0x0, 0x0, 0xfc, 0x0, 0xbf,
    0x0, 0x0,

    /* U+0024 "$" */
    0x0, 0x0, 0x1f, 0xe0, 0x0, 0x0, 0x0, 0x1,
    0xfe, 0x0, 0x0, 0x0, 0x0, 0x1f, 0xe0, 0x0,
    0x0, 0x0, 0x5d, 0xff, 0xd6, 0x0, 0x0, 0x8f,
    0xff, 0xff, 0xfc, 0x0, 0x2f, 0xff, 0x87, 0xbf,
    0xa0, 0x6, 0xff, 0x70, 0x0, 0x40, 0x0, 0x6f,
    0xf7, 0x0, 0x0, 0x0, 0x3, 0xff, 0xf6, 0x0,
    0x0, 0x0, 0x9, 0xff, 0xfd, 0x50, 0x0, 0x0,
    0x6, 0xef, 0xff, 0xb1, 0x0, 0x0, 0x1, 0x8f,
    0xff, 0xc0, 0x0, 0x0, 0x0, 0x2e, 0xff, 0x40,
    0x0, 0x0, 0x0, 0x7f, 0xf6, 0x0, 0x91, 0x0,
    0x8, 0xff, 0x50, 0x9f, 0xf9, 0x79, 0xff, 0xf1,
    0x9, 0xff, 0xff, 0xff, 0xf6, 0x0, 0x3, 0x9e,
    0xff, 0xb4, 0x0, 0x0, 0x0, 0x1f, 0xe0, 0x0,
    0x0, 0x0, 0x1, 0xfe, 0x0, 0x0, 0x0, 0x0,
    0x8, 0x70, 0x0, 0x0,

    /* U+0025 "%" */
    0x0, 0x8e, 0xfc, 0x30, 0x0, 0x0, 0x7f, 0x40,
    0x0, 0x0, 0x9f, 0xec, 0xff, 0x20, 0x0, 0x1f,
    0xb0, 0x0, 0x0, 0x1f, 0xf1, 0x9, 0xf9, 0x0,
    0x9, 0xf2, 0x0, 0x0, 0x4, 0xfc, 0x0, 0x4f,
    0xc0, 0x2, 0xfa, 0x0, 0x0, 0x0, 0x5f, 0xb0,
    0x3, 0xfd, 0x0, 0xaf, 0x20, 0x0, 0x0, 0x4,
    0xfd, 0x0, 0x5f, 0xc0, 0x2f, 0x90, 0x5b, 0xb6,
    0x0, 0xe, 0xf5, 0x1c, 0xf7, 0xb, 0xf1, 0x8f,
    0xff, 0xf8, 0x0, 0x6f, 0xff, 0xfd, 0x4, 0xf8,
    0x2f, 0xf3, 0x2f, 0xf2, 0x0, 0x4a, 0xb8, 0x0,
    0xce, 0x6, 0xfa, 0x0, 0x9f, 0x70, 0x0, 0x0,
    0x0, 0x5f, 0x60, 0x9f, 0x80, 0x7, 0xf9, 0x0,
    0x0, 0x0, 0xd, 0xd0, 0x9, 0xf8, 0x0, 0x7f,
    0x90, 0x0, 0x0, 0x6, 0xf5, 0x0, 0x7f, 0x90,
    0x9, 0xf8, 0x0, 0x0, 0x0, 0xed, 0x0, 0x3,
    0xfe, 0x10, 0xef, 0x30, 0x0, 0x0, 0x7f, 0x40,
    0x0, 0xb, 0xfe, 0xef, 0xb0, 0x0, 0x0, 0x1f,
    0xc0, 0x0, 0x0, 0x9, 0xff, 0xa0, 0x0,

    /* U+0026 "&" */
    0x0, 0x1, 0x9e, 0xfd, 0x50, 0x0, 0x0, 0x0,
    0x0, 0xcf, 0xff, 0xff, 0x50, 0x0, 0x0, 0x0,
    0x5f, 0xf6, 0x1c, 0xfb, 0x0, 0x0, 0x0, 0x8,
    0xfe, 0x0, 0x8f, 0xb0, 0x0, 0x0, 0x0, 0x7f,
    0xf0, 0x1e, 0xf6, 0x0, 0x0, 0x0, 0x3, 0xff,
    0x9e, 0xfb, 0x0, 0x0, 0x0, 0x0, 0xc, 0xff,
    0xf9, 0x0, 0x2, 0x55, 0x10, 0x8, 0xff, 0xfc,
    0x0, 0x0, 0xbf, 0xf0, 0x9, 0xff, 0xdf, 0xfa,
    0x0, 0x2f, 0xf9, 0x2, 0xff, 0xc0, 0xaf, 0xfc,
    0x1b, 0xff, 0x20, 0x6f, 0xf6, 0x0, 0xbf, 0xff,
    0xff, 0x80, 0x5, 0xff, 0xa0, 0x0, 0xaf, 0xff,
    0xf2, 0x0, 0x1f, 0xff, 0xb6, 0x7d, 0xff, 0xff,
    0xfb, 0x20, 0x6f, 0xff, 0xff, 0xff, 0xcc, 0xff,
    0xf1, 0x0, 0x4b, 0xef, 0xeb, 0x50, 0x4, 0xac,
    0x0,

    /* U+0027 "'" */
    0x4f, 0xfb, 0x3f, 0xfb, 0x2f, 0xfa, 0x1f, 0xf9,
    0xf, 0xf7, 0xd, 0xf5, 0xb, 0xf2, 0x3, 0x60,

    /* U+0028 "(" */
    0x0, 0x2, 0x10, 0x0, 0xc, 0xf4, 0x0, 0x4f,
    0xe0, 0x0, 0xbf, 0x80, 0x2, 0xff, 0x20, 0x7,
    0xfe, 0x0, 0xb, 0xfa, 0x0, 0xf, 0xf6, 0x0,
    0x1f, 0xf4, 0x0, 0x3f, 0xf2, 0x0, 0x4f, 0xf1,
    0x0, 0x4f, 0xf1, 0x0, 0x4f, 0xf1, 0x0, 0x3f,
    0xf2, 0x0, 0x1f, 0xf4, 0x0, 0xe, 0xf7, 0x0,
    0xa, 0xfa, 0x0, 0x6, 0xfe, 0x0, 0x1, 0xff,
    0x30, 0x0, 0xaf, 0x90, 0x0, 0x3f, 0xf1, 0x0,
    0xb, 0xd3, 0x0, 0x0, 0x0,

    /* U+0029 ")" */
    0x3, 0x0, 0xb, 0xf5, 0x0, 0x6f, 0xd0, 0x0,
    0xff, 0x40, 0x9, 0xfa, 0x0, 0x5f, 0xf0, 0x1,
    0xff, 0x40, 0xd, 0xf8, 0x0, 0xbf, 0xa0, 0x9,
    0xfc, 0x0, 0x8f, 0xd0, 0x8, 0xfd, 0x0, 0x8f,
    0xd0, 0xa, 0xfc, 0x0, 0xbf, 0xa0, 0xe, 0xf7,
    0x1, 0xff, 0x30, 0x5f, 0xe0, 0xa, 0xf9, 0x1,
    0xff, 0x30, 0x8f, 0xc0, 0x8, 0xf4, 0x0, 0x1,
    0x0, 0x0,

    /* U+002A "*" */
    0x0, 0xc, 0xe0, 0x0, 0x0, 0x0, 0xdf, 0x0,
    0x0, 0x89, 0x5f, 0xf6, 0x99, 0xd, 0xff, 0xff,
    0xff, 0xe0, 0x6, 0xef, 0xff, 0x70, 0x0, 0x1f,
    0xff, 0xf2, 0x0, 0x9, 0xfb, 0x9f, 0xb0, 0x0,
    0x8c, 0x0, 0xba, 0x0, 0x0, 0x0, 0x0, 0x0,
    0x0,

    /* U+002B "+" */
    0x0, 0x0, 0x1, 0x10, 0x0, 0x0, 0x0, 0x0,
    0x3f, 0xf0, 0x0, 0x0, 0x0, 0x0, 0x3f, 0xf0,
    0x0, 0x0, 0x0, 0x0, 0x3f, 0xf0, 0x0, 0x0,
    0x0, 0x0, 0x3f, 0xf0, 0x0, 0x0, 0x3f, 0xff,
    0xff, 0xff, 0xff, 0xf0, 0x3f, 0xff, 0xff, 0xff,
    0xff, 0xf0, 0x3, 0x33, 0x5f, 0xf3, 0x33, 0x30,
    0x0, 0x0, 0x3f, 0xf0, 0x0, 0x0, 0x0, 0x0,
    0x3f, 0xf0, 0x0, 0x0, 0x0, 0x0, 0x3f, 0xf0,
    0x0, 0x0, 0x0, 0x0, 0x3f, 0xf0, 0x0, 0x0,

    /* U+002C "," */
    0x6, 0x93, 0x6, 0xff, 0xf1, 0x8f, 0xff, 0x61,
    0xcf, 0xf7, 0x0, 0x9f, 0x50, 0x2f, 0xf1, 0x5e,
    0xf7, 0xb, 0xf8, 0x0, 0x33, 0x0, 0x0,

    /* U+002D "-" */
    0x3, 0x33, 0x33, 0x10, 0xff, 0xff, 0xf7, 0xf,
    0xff, 0xff, 0x70,

    /* U+002E "." */
    0x0, 0x0, 0x1, 0xdf, 0x70, 0x8f, 0xff, 0x7,
    0xff, 0xf0, 0x1c, 0xf6, 0x0,

    /* U+002F "/" */
    0x0, 0x0, 0xd, 0xf1, 0x0, 0x0, 0x1f, 0xd0,
    0x0, 0x0, 0x5f, 0x90, 0x0, 0x0, 0x9f, 0x50,
    0x0, 0x0, 0xdf, 0x10, 0x0, 0x1, 0xfd, 0x0,
    0x0, 0x5, 0xfa, 0x0, 0x0, 0x9, 0xf6, 0x0,
    0x0, 0xc, 0xf2, 0x0, 0x0, 0xf, 0xe0, 0x0,
    0x0, 0x4f, 0xa0, 0x0, 0x0, 0x8f, 0x60, 0x0,
    0x0, 0xcf, 0x20, 0x0, 0x0, 0xfe, 0x0, 0x0,
    0x4, 0xfb, 0x0, 0x0, 0x8, 0xf7, 0x0, 0x0,
    0xc, 0xf3, 0x0, 0x0, 0xf, 0xf0, 0x0, 0x0,
    0x3f, 0xb0, 0x0, 0x0, 0x7f, 0x70, 0x0, 0x0,
    0x58, 0x20, 0x0, 0x0,

    /* U+0030 "0" */
    0x0, 0x4, 0xcf, 0xfb, 0x30, 0x0, 0x7, 0xff,
    0xff, 0xff, 0x40, 0x2, 0xff, 0xe7, 0x8f, 0xfe,
    0x0, 0x8f, 0xf4, 0x0, 0x7f, 0xf5, 0xd, 0xfe,
    0x0, 0x2, 0xff, 0xa0, 0xff, 0xc0, 0x0, 0xf,
    0xfc, 0x1f, 0xfa, 0x0, 0x0, 0xef, 0xe1, 0xff,
    0xa0, 0x0, 0xe, 0xfe, 0x1f, 0xfb, 0x0, 0x0,
    0xef, 0xe0, 0xff, 0xc0, 0x0, 0xf, 0xfc, 0xc,
    0xff, 0x0, 0x2, 0xff, 0x90, 0x8f, 0xf5, 0x0,
    0x8f, 0xf5, 0x1, 0xff, 0xf7, 0x8f, 0xfd, 0x0,
    0x6, 0xff, 0xff, 0xff, 0x30, 0x0, 0x4, 0xcf,
    0xfb, 0x20, 0x0,

    /* U+0031 "1" */
    0x0, 0x16, 0xef, 0xc0, 0x0, 0xb, 0xff, 0xff,
    0xc0, 0x0, 0xd, 0xff, 0xff, 0xc0, 0x0, 0x1,
    0x13, 0xff, 0xc0, 0x0, 0x0, 0x2, 0xff, 0xc0,
    0x0, 0x0, 0x2, 0xff, 0xc0, 0x0, 0x0, 0x2,
    0xff, 0xc0, 0x0, 0x0, 0x2, 0xff, 0xc0, 0x0,
    0x0, 0x2, 0xff, 0xc0, 0x0, 0x0, 0x2, 0xff,
    0xc0, 0x0, 0x0, 0x2, 0xff, 0xc0, 0x0, 0x0,
    0x2, 0xff, 0xc0, 0x0, 0x28, 0x89, 0xff, 0xe8,
    0x84, 0x5f, 0xff, 0xff, 0xff, 0xf8, 0x5f, 0xff,
    0xff, 0xff, 0xf8,

    /* U+0032 "2" */
    0x0, 0x3b, 0xef, 0xe9, 0x10, 0x0, 0x7f, 0xff,
    0xff, 0xfe, 0x10, 0x1e, 0xfe, 0x87, 0xdf, 0xfa,
    0x0, 0x2a, 0x0, 0x1, 0xff, 0xf0, 0x0, 0x0,
    0x0, 0xc, 0xff, 0x10, 0x0, 0x0, 0x0, 0xdf,
    0xf0, 0x0, 0x0, 0x0, 0x2f, 0xfa, 0x0, 0x0,
    0x0, 0xb, 0xff, 0x30, 0x0, 0x0, 0x7, 0xff,
    0xa0, 0x0, 0x0, 0x4, 0xff, 0xd1, 0x0, 0x0,
    0x4, 0xff, 0xf2, 0x0, 0x0, 0x4, 0xff, 0xf4,
    0x0, 0x0, 0x5, 0xff, 0xfb, 0x89, 0x99, 0x71,
    0xff, 0xff, 0xff, 0xff, 0xfc, 0x2f, 0xff, 0xff,
    0xff, 0xff, 0xc0,

    /* U+0033 "3" */
    0x0, 0x3a, 0xef, 0xeb, 0x40, 0x0, 0x8f, 0xff,
    0xff, 0xff, 0x70, 0x7, 0xfd, 0x87, 0xbf, 0xff,
    0x0, 0x4, 0x0, 0x0, 0xdf, 0xf3, 0x0, 0x0,
    0x0, 0xe, 0xff, 0x10, 0x0, 0x14, 0x6c, 0xff,
    0x80, 0x0, 0x5, 0xff, 0xff, 0x50, 0x0, 0x0,
    0x5f, 0xff, 0xfd, 0x30, 0x0, 0x0, 0x2, 0x7f,
    0xff, 0x20, 0x0, 0x0, 0x0, 0x7f, 0xf8, 0x0,
    0x0, 0x0, 0x4, 0xff, 0xa0, 0x89, 0x0, 0x0,
    0x9f, 0xf9, 0x3f, 0xfe, 0x98, 0xcf, 0xff, 0x30,
    0xbf, 0xff, 0xff, 0xff, 0x70, 0x0, 0x5b, 0xff,
    0xea, 0x40, 0x0,

    /* U+0034 "4" */
    0x0, 0x0, 0x6, 0xff, 0xf7, 0x0, 0x0, 0x0,
    0x1e, 0xff, 0xf7, 0x0, 0x0, 0x0, 0x9f, 0xef,
    0xf7, 0x0, 0x0, 0x3, 0xff, 0x8f, 0xf7, 0x0,
    0x0, 0xd, 0xfd, 0x4f, 0xf7, 0x0, 0x0, 0x7f,
    0xf4, 0x4f, 0xf7, 0x0, 0x2, 0xff, 0xa0, 0x4f,
    0xf7, 0x0, 0xb, 0xfe, 0x10, 0x4f, 0xf7, 0x0,
    0x5f, 0xfa, 0x55, 0x8f, 0xfa, 0x51, 0x9f, 0xff,
    0xff, 0xff, 0xff, 0xf3, 0x9f, 0xff, 0xff, 0xff,
    0xff, 0xf3, 0x0, 0x0, 0x0, 0x4f, 0xf7, 0x0,
    0x0, 0x0, 0x0, 0x4f, 0xf7, 0x0, 0x0, 0x0,
    0x0, 0x4f, 0xf7, 0x0, 0x0, 0x0, 0x0, 0x4f,
    0xf7, 0x0,

    /* U+0035 "5" */
    0x0, 0xef, 0xff, 0xff, 0xff, 0x0, 0xf, 0xff,
    0xff, 0xff, 0xf0, 0x0, 0xff, 0xd9, 0x99, 0x99,
    0x0, 0x1f, 0xf8, 0x0, 0x0, 0x0, 0x2, 0xff,
    0x71, 0x20, 0x0, 0x0, 0x3f, 0xfe, 0xff, 0xf9,
    0x0, 0x4, 0xff, 0xff, 0xff, 0xfc, 0x0, 0x6,
    0x81, 0x5, 0xff, 0xf5, 0x0, 0x0, 0x0, 0x7,
    0xff, 0x90, 0x0, 0x0, 0x0, 0x4f, 0xfb, 0x0,
    0x0, 0x0, 0x5, 0xff, 0xa0, 0x88, 0x0, 0x0,
    0xcf, 0xf6, 0x3f, 0xfd, 0x98, 0xdf, 0xfe, 0x0,
    0xbf, 0xff, 0xff, 0xff, 0x30, 0x0, 0x4b, 0xef,
    0xe9, 0x20, 0x0,

    /* U+0036 "6" */
    0x0, 0x8, 0xdf, 0xfb, 0x40, 0x1, 0xdf, 0xff,
    0xff, 0xf6, 0xb, 0xff, 0xd8, 0x8d, 0xd1, 0x4f,
    0xfb, 0x0, 0x0, 0x10, 0x9f, 0xf2, 0x0, 0x0,
    0x0, 0xdf, 0xe2, 0xbf, 0xea, 0x20, 0xff, 0xef,
    0xff, 0xff, 0xe1, 0xff, 0xfd, 0x43, 0xaf, 0xf9,
    0xff, 0xe1, 0x0, 0xe, 0xfd, 0xef, 0xc0, 0x0,
    0xb, 0xff, 0xbf, 0xf0, 0x0, 0xc, 0xfe, 0x6f,
    0xf6, 0x0, 0x1f, 0xfb, 0xd, 0xff, 0x86, 0xdf,
    0xf5, 0x3, 0xff, 0xff, 0xff, 0xa0, 0x0, 0x2a,
    0xef, 0xd6, 0x0,

    /* U+0037 "7" */
    0xff, 0xff, 0xff, 0xff, 0xfd, 0xff, 0xff, 0xff,
    0xff, 0xfd, 0x99, 0x99, 0x99, 0xcf, 0xf5, 0x0,
    0x0, 0x1, 0xef, 0xa0, 0x0, 0x0, 0x9, 0xfe,
    0x10, 0x0, 0x0, 0x2f, 0xf7, 0x0, 0x0, 0x0,
    0x9f, 0xf1, 0x0, 0x0, 0x0, 0xff, 0xa0, 0x0,
    0x0, 0x4, 0xff, 0x60, 0x0, 0x0, 0x9, 0xff,
    0x30, 0x0, 0x0, 0xc, 0xff, 0x0, 0x0, 0x0,
    0xf, 0xfe, 0x0, 0x0, 0x0, 0x1f, 0xfd, 0x0,
    0x0, 0x0, 0x2f, 0xfc, 0x0, 0x0, 0x0, 0x4f,
    0xfb, 0x0, 0x0,

    /* U+0038 "8" */
    0x0, 0x6, 0xcf, 0xfc, 0x50, 0x0, 0xa, 0xff,
    0xff, 0xff, 0x70, 0x3, 0xff, 0xc3, 0x4d, 0xff,
    0x10, 0x7f, 0xf3, 0x0, 0x4f, 0xf4, 0x6, 0xff,
    0x20, 0x2, 0xff, 0x30, 0x1f, 0xfa, 0x0, 0x5f,
    0xd0, 0x0, 0x5f, 0xfc, 0x4d, 0xe2, 0x0, 0x1,
    0xcf, 0xff, 0xfb, 0x10, 0x1, 0xef, 0x76, 0xdf,
    0xfd, 0x10, 0xbf, 0xc0, 0x0, 0x8f, 0xf8, 0xf,
    0xf8, 0x0, 0x0, 0xef, 0xd0, 0xff, 0xa0, 0x0,
    0xf, 0xfd, 0xc, 0xff, 0x93, 0x3b, 0xff, 0x90,
    0x2e, 0xff, 0xff, 0xff, 0xd1, 0x0, 0x18, 0xdf,
    0xfc, 0x70, 0x0,

    /* U+0039 "9" */
    0x0, 0x19, 0xef, 0xe8, 0x10, 0x0, 0x2e, 0xff,
    0xff, 0xfd, 0x10, 0xb, 0xff, 0x95, 0x9f, 0xfb,
    0x1, 0xff, 0xb0, 0x0, 0xaf, 0xf3, 0x3f, 0xf8,
    0x0, 0x3, 0xff, 0x72, 0xff, 0xa0, 0x0, 0x2f,
    0xfa, 0xe, 0xff, 0x73, 0x6e, 0xff, 0xc0, 0x5f,
    0xff, 0xff, 0xdf, 0xfc, 0x0, 0x4c, 0xfe, 0x91,
    0xff, 0xb0, 0x0, 0x0, 0x0, 0x1f, 0xf9, 0x0,
    0x0, 0x0, 0x6, 0xff, 0x50, 0x5, 0x0, 0x1,
    0xef, 0xf1, 0x5, 0xfe, 0x99, 0xef, 0xf7, 0x0,
    0x9f, 0xff, 0xff, 0xfa, 0x0, 0x0, 0x5c, 0xff,
    0xc6, 0x0, 0x0,

    /* U+003A ":" */
    0x1c, 0xf7, 0x8, 0xff, 0xf0, 0x8f, 0xff, 0x1,
    0xcf, 0x60, 0x0, 0x0, 0x0, 0x0, 0x0, 0x0,
    0x0, 0x0, 0x0, 0x0, 0x1d, 0xf7, 0x8, 0xff,
    0xf0, 0x7f, 0xff, 0x1, 0xcf, 0x60,

    /* U+003B ";" */
    0x1c, 0xf7, 0x8, 0xff, 0xf0, 0x8f, 0xff, 0x1,
    0xcf, 0x60, 0x0, 0x0, 0x0, 0x0, 0x0, 0x0,
    0x0, 0x0, 0x0, 0x0, 0x6, 0x93, 0x6, 0xff,
    0xf1, 0x8f, 0xff, 0x61, 0xcf, 0xf7, 0x0, 0x9f,
    0x50, 0x2f, 0xf1, 0x5e, 0xf7, 0xb, 0xf8, 0x0,
    0x33, 0x0, 0x0,

    /* U+003C "<" */
    0x0, 0x0, 0x0, 0x0, 0x0, 0x0, 0x0, 0x0,
    0x0, 0x0, 0x17, 0xe0, 0x0, 0x0, 0x0, 0x4b,
    0xff, 0xf0, 0x0, 0x1, 0x7d, 0xff, 0xff, 0xa0,
    0x4, 0xaf, 0xff, 0xfb, 0x50, 0x0, 0x3f, 0xff,
    0xc6, 0x10, 0x0, 0x0, 0x3f, 0xff, 0x92, 0x0,
    0x0, 0x0, 0x7, 0xef, 0xff, 0xc7, 0x10, 0x0,
    0x0, 0x4, 0xbf, 0xff, 0xfb, 0x50, 0x0, 0x0,
    0x2, 0x8e, 0xff, 0xf0, 0x0, 0x0, 0x0, 0x0,
    0x5b, 0xf0, 0x0, 0x0, 0x0, 0x0, 0x0, 0x20,

    /* U+003D "=" */
    0x3f, 0xff, 0xff, 0xff, 0xff, 0xf0, 0x3f, 0xff,
    0xff, 0xff, 0xff, 0xf0, 0x2, 0x22, 0x22, 0x22,
    0x22, 0x20, 0x0, 0x0, 0x0, 0x0, 0x0, 0x0,
    0x0, 0x0, 0x0, 0x0, 0x0, 0x0, 0x3f, 0xff,
    0xff, 0xff, 0xff, 0xf0, 0x3f, 0xff, 0xff, 0xff,
    0xff, 0xf0, 0x3, 0x33, 0x33, 0x33, 0x33, 0x30,

    /* U+003E ">" */
    0x0, 0x0, 0x0, 0x0, 0x0, 0x0, 0x3d, 0x60,
    0x0, 0x0, 0x0, 0x0, 0x3f, 0xff, 0x93, 0x0,
    0x0, 0x0, 0x1b, 0xff, 0xff, 0xc6, 0x0, 0x0,
    0x0, 0x16, 0xcf, 0xff, 0xf9, 0x20, 0x0, 0x0,
    0x2, 0x8d, 0xff, 0xf0, 0x0, 0x0, 0x0, 0x4a,
    0xff, 0xf0, 0x0, 0x2, 0x8d, 0xff, 0xfd, 0x60,
    0x7, 0xcf, 0xff, 0xfa, 0x30, 0x0, 0x3f, 0xff,
    0xd7, 0x10, 0x0, 0x0, 0x3f, 0xa4, 0x0, 0x0,
    0x0, 0x0, 0x11, 0x0, 0x0, 0x0, 0x0, 0x0,

    /* U+003F "?" */
    0x0, 0x4b, 0xff, 0xd7, 0x0, 0x7, 0xff, 0xff,
    0xff, 0xa0, 0x9, 0xfc, 0x8a, 0xff, 0xf2, 0x0,
    0x40, 0x0, 0xaf, 0xf4, 0x0, 0x0, 0x0, 0xaf,
    0xf2, 0x0, 0x0, 0x5, 0xff, 0x90, 0x0, 0x0,
    0x4f, 0xfa, 0x0, 0x0, 0x1, 0xff, 0xc0, 0x0,
    0x0, 0x6, 0xff, 0x30, 0x0, 0x0, 0x5, 0xaa,
    0x0, 0x0, 0x0, 0x0, 0x0, 0x0, 0x0, 0x0,
    0x6, 0xfd, 0x20, 0x0, 0x0, 0xe, 0xff, 0x90,
    0x0, 0x0, 0xe, 0xff, 0x90, 0x0, 0x0, 0x5,
    0xfd, 0x20, 0x0,

    /* U+0040 "@" */
    0x0, 0x0, 0x0, 0x4a, 0xdf, 0xfe, 0xb5, 0x0,
    0x0, 0x0, 0x0, 0x3c, 0xff, 0xfe, 0xef, 0xff,
    0xc1, 0x0, 0x0, 0x5, 0xff, 0xc5, 0x0, 0x0,
    0x5d, 0xfe, 0x10, 0x0, 0x5f, 0xf7, 0x0, 0x0,
    0x0, 0x0, 0xaf, 0xb0, 0x1, 0xff, 0x70, 0x0,
    0x0, 0x0, 0x0, 0xd, 0xf3, 0xa, 0xfa, 0x0,
    0x7, 0xef, 0x8b, 0xf2, 0x6, 0xf9, 0x1f, 0xf2,
    0x0, 0x9f, 0xff, 0xff, 0xf0, 0x1, 0xfd, 0x7f,
    0xa0, 0x4, 0xff, 0x50, 0xbf, 0xc0, 0x0, 0xef,
    0xaf, 0x60, 0xb, 0xf9, 0x0, 0x8f, 0x90, 0x0,
    0xdf, 0xdf, 0x30, 0xf, 0xf3, 0x0, 0xbf, 0x60,
    0x0, 0xee, 0xef, 0x20, 0x2f, 0xf0, 0x0, 0xdf,
    0x30, 0x2, 0xfc, 0xef, 0x20, 0x3f, 0xf0, 0x0,
    0xff, 0x20, 0x9, 0xf7, 0xdf, 0x40, 0x1f, 0xf6,
    0xa, 0xff, 0x60, 0x7f, 0xe0, 0xaf, 0x70, 0xa,
    0xff, 0xff, 0x9f, 0xff, 0xff, 0x30, 0x5f, 0xd0,
    0x0, 0x9e, 0xb3, 0x8, 0xde, 0x92, 0x0, 0xe,
    0xf7, 0x0, 0x0, 0x0, 0x0, 0x0, 0x0, 0x0,
    0x5, 0xff, 0x70, 0x0, 0x0, 0x0, 0x0, 0x0,
    0x0, 0x0, 0x8f, 0xfc, 0x51, 0x0, 0x39, 0x70,
    0x0, 0x0, 0x0, 0x6, 0xef, 0xff, 0xff, 0xff,
    0xc0, 0x0, 0x0, 0x0, 0x0, 0x6, 0xad, 0xed,
    0xb6, 0x0, 0x0, 0x0,

    /* U+0041 "A" */
    0x0, 0x0, 0x8, 0xff, 0xf5, 0x0, 0x0, 0x0,
    0x0, 0xd, 0xff, 0xfa, 0x0, 0x0, 0x0, 0x0,
    0x2f, 0xfc, 0xfe, 0x0, 0x0, 0x0, 0x0, 0x7f,
    0xf5, 0xff, 0x40, 0x0, 0x0, 0x0, 0xcf, 0xb0,
    0xff, 0x90, 0x0, 0x0, 0x1, 0xff, 0x70, 0xcf,
    0xe0, 0x0, 0x0, 0x6, 0xff, 0x30, 0x7f, 0xf3,
    0x0, 0x0, 0xb, 0xff, 0x0, 0x3f, 0xf8, 0x0,
    0x0, 0xf, 0xfd, 0x66, 0x6f, 0xfd, 0x0, 0x0,
    0x5f, 0xff, 0xff, 0xff, 0xff, 0x20, 0x0, 0xaf,
    0xff, 0xff, 0xff, 0xff, 0x70, 0x0, 0xff, 0xd0,
    0x0, 0x2, 0xff, 0xc0, 0x4, 0xff, 0x90, 0x0,
    0x0, 0xef, 0xf1, 0x9, 0xff, 0x50, 0x0, 0x0,
    0x9f, 0xf6, 0xe, 0xff, 0x10, 0x0, 0x0, 0x5f,
    0xfb,

    /* U+0042 "B" */
    0x3f, 0xff, 0xff, 0xfd, 0xa3, 0x0, 0x3f, 0xff,
    0xff, 0xff, 0xff, 0x60, 0x3f, 0xfd, 0x66, 0x7c,
    0xff, 0xe0, 0x3f, 0xfc, 0x0, 0x0, 0xef, 0xf0,
    0x3f, 0xfc, 0x0, 0x0, 0xef, 0xe0, 0x3f, 0xfd,
    0x44, 0x5b, 0xff, 0x60, 0x3f, 0xff, 0xff, 0xff,
    0xf8, 0x0, 0x3f, 0xff, 0xff, 0xff, 0xff, 0x90,
    0x3f, 0xfc, 0x0, 0x3, 0xcf, 0xf6, 0x3f, 0xfc,
    0x0, 0x0, 0x2f, 0xfb, 0x3f, 0xfc, 0x0, 0x0,
    0x1f, 0xfc, 0x3f, 0xfc, 0x0, 0x0, 0x6f, 0xfa,
    0x3f, 0xfd, 0x66, 0x6a, 0xff, 0xf5, 0x3f, 0xff,
    0xff, 0xff, 0xff, 0x90, 0x3f, 0xff, 0xff, 0xfe,
    0xa4, 0x0,

    /* U+0043 "C" */
    0x0, 0x2, 0x8d, 0xff, 0xc6, 0x0, 0x0, 0x5f,
    0xff, 0xff, 0xff, 0xb0, 0x5, 0xff, 0xfe, 0xba,
    0xef, 0xc0, 0xe, 0xff, 0xa0, 0x0, 0x8, 0x10,
    0x6f, 0xfd, 0x0, 0x0, 0x0, 0x0, 0xbf, 0xf6,
    0x0, 0x0, 0x0, 0x0, 0xdf, 0xf3, 0x0, 0x0,
    0x0, 0x0, 0xef, 0xf2, 0x0, 0x0, 0x0, 0x0,
    0xdf, 0xf3, 0x0, 0x0, 0x0, 0x0, 0xbf, 0xf6,
    0x0, 0x0, 0x0, 0x0, 0x7f, 0xfd, 0x0, 0x0,
    0x0, 0x0, 0x1f, 0xff, 0xa0, 0x0, 0x9, 0x70,
    0x6, 0xff, 0xfe, 0xbb, 0xff, 0xf5, 0x0, 0x7f,
    0xff, 0xff, 0xff, 0xb0, 0x0, 0x2, 0x9e, 0xff,
    0xc6, 0x0,

    /* U+0044 "D" */
    0x3f, 0xff, 0xff, 0xda, 0x40, 0x0, 0x3, 0xff,
    0xff, 0xff, 0xff, 0xb1, 0x0, 0x3f, 0xfe, 0x78,
    0xcf, 0xff, 0xc0, 0x3, 0xff, 0xc0, 0x0, 0x4f,
    0xff, 0x60, 0x3f, 0xfc, 0x0, 0x0, 0x6f, 0xfc,
    0x3, 0xff, 0xc0, 0x0, 0x0, 0xff, 0xf0, 0x3f,
    0xfc, 0x0, 0x0, 0xd, 0xff, 0x23, 0xff, 0xc0,
    0x0, 0x0, 0xdf, 0xf3, 0x3f, 0xfc, 0x0, 0x0,
    0xe, 0xff, 0x23, 0xff, 0xc0, 0x0, 0x1, 0xff,
    0xf0, 0x3f, 0xfc, 0x0, 0x0, 0x7f, 0xfc, 0x3,
    0xff, 0xc0, 0x0, 0x4f, 0xff, 0x50, 0x3f, 0xfe,
    0x88, 0xcf, 0xff, 0xb0, 0x3, 0xff, 0xff, 0xff,
    0xff, 0xb0, 0x0, 0x3f, 0xff, 0xff, 0xea, 0x40,
    0x0, 0x0,

    /* U+0045 "E" */
    0x3f, 0xff, 0xff, 0xff, 0xfe, 0x3, 0xff, 0xff,
    0xff, 0xff, 0xe0, 0x3f, 0xfe, 0x99, 0x99, 0x98,
    0x3, 0xff, 0xc0, 0x0, 0x0, 0x0, 0x3f, 0xfc,
    0x0, 0x0, 0x0, 0x3, 0xff, 0xe9, 0x99, 0x99,
    0x0, 0x3f, 0xff, 0xff, 0xff, 0xf0, 0x3, 0xff,
    0xff, 0xff, 0xff, 0x0, 0x3f, 0xfc, 0x0, 0x0,
    0x0, 0x3, 0xff, 0xc0, 0x0, 0x0, 0x0, 0x3f,
    0xfc, 0x0, 0x0, 0x0, 0x3, 0xff, 0xc0, 0x0,
    0x0, 0x0, 0x3f, 0xfe, 0x99, 0x99, 0x99, 0x13,
    0xff, 0xff, 0xff, 0xff, 0xf2, 0x3f, 0xff, 0xff,
    0xff, 0xff, 0x20,

    /* U+0046 "F" */
    0x3f, 0xff, 0xff, 0xff, 0xff, 0x3f, 0xff, 0xff,
    0xff, 0xff, 0x3f, 0xfe, 0x99, 0x99, 0x98, 0x3f,
    0xfc, 0x0, 0x0, 0x0, 0x3f, 0xfc, 0x0, 0x0,
    0x0, 0x3f, 0xfc, 0x0, 0x0, 0x0, 0x3f, 0xff,
    0xff, 0xff, 0xf0, 0x3f, 0xff, 0xff, 0xff, 0xf0,
    0x3f, 0xfe, 0x99, 0x99, 0x90, 0x3f, 0xfc, 0x0,
    0x0, 0x0, 0x3f, 0xfc, 0x0, 0x0, 0x0, 0x3f,
    0xfc, 0x0, 0x0, 0x0, 0x3f, 0xfc, 0x0, 0x0,
    0x0, 0x3f, 0xfc, 0x0, 0x0, 0x0, 0x3f, 0xfc,
    0x0, 0x0, 0x0,

    /* U+0047 "G" */
    0x0, 0x1, 0x8d, 0xff, 0xd9, 0x10, 0x0, 0x5f,
    0xff, 0xff, 0xff, 0xf4, 0x4, 0xff, 0xff, 0xba,
    0xcf, 0xf4, 0xe, 0xff, 0xb1, 0x0, 0x3, 0x40,
    0x6f, 0xfd, 0x0, 0x0, 0x0, 0x0, 0xbf, 0xf6,
    0x0, 0x0, 0x0, 0x0, 0xdf, 0xf3, 0x0, 0x4f,
    0xff, 0xff, 0xef, 0xf2, 0x0, 0x4f, 0xff, 0xff,
    0xdf, 0xf3, 0x0, 0x28, 0x8d, 0xff, 0xbf, 0xf6,
    0x0, 0x0, 0xa, 0xff, 0x7f, 0xfd, 0x0, 0x0,
    0xa, 0xff, 0x1f, 0xff, 0xb1, 0x0, 0xb, 0xff,
    0x5, 0xff, 0xff, 0xcb, 0xdf, 0xff, 0x0, 0x6f,
    0xff, 0xff, 0xff, 0xf8, 0x0, 0x1, 0x8d, 0xff,
    0xe9, 0x30,

    /* U+0048 "H" */
    0x3f, 0xfc, 0x0, 0x0, 0xa, 0xff, 0x53, 0xff,
    0xc0, 0x0, 0x0, 0xaf, 0xf5, 0x3f, 0xfc, 0x0,
    0x0, 0xa, 0xff, 0x53, 0xff, 0xc0, 0x0, 0x0,
    0xaf, 0xf5, 0x3f, 0xfc, 0x0, 0x0, 0xa, 0xff,
    0x53, 0xff, 0xea, 0xaa, 0xaa, 0xef, 0xf5, 0x3f,
    0xff, 0xff, 0xff, 0xff, 0xff, 0x53, 0xff, 0xff,
    0xff, 0xff, 0xff, 0xf5, 0x3f, 0xfc, 0x0, 0x0,
    0xa, 0xff, 0x53, 0xff, 0xc0, 0x0, 0x0, 0xaf,
    0xf5, 0x3f, 0xfc, 0x0, 0x0, 0xa, 0xff, 0x53,
    0xff, 0xc0, 0x0, 0x0, 0xaf, 0xf5, 0x3f, 0xfc,
    0x0, 0x0, 0xa, 0xff, 0x53, 0xff, 0xc0, 0x0,
    0x0, 0xaf, 0xf5, 0x3f, 0xfc, 0x0, 0x0, 0xa,
    0xff, 0x50,

    /* U+0049 "I" */
    0x3f, 0xfc, 0x3f, 0xfc, 0x3f, 0xfc, 0x3f, 0xfc,
    0x3f, 0xfc, 0x3f, 0xfc, 0x3f, 0xfc, 0x3f, 0xfc,
    0x3f, 0xfc, 0x3f, 0xfc, 0x3f, 0xfc, 0x3f, 0xfc,
    0x3f, 0xfc, 0x3f, 0xfc, 0x3f, 0xfc,

    /* U+004A "J" */
    0x0, 0x0, 0x0, 0x5f, 0xfa, 0x0, 0x0, 0x0,
    0x5f, 0xfa, 0x0, 0x0, 0x0, 0x5f, 0xfa, 0x0,
    0x0, 0x0, 0x5f, 0xfa, 0x0, 0x0, 0x0, 0x5f,
    0xfa, 0x0, 0x0, 0x0, 0x5f, 0xfa, 0x0, 0x0,
    0x0, 0x5f, 0xfa, 0x0, 0x0, 0x0, 0x5f, 0xfa,
    0x0, 0x0, 0x0, 0x5f, 0xfa, 0x0, 0x0, 0x0,
    0x5f, 0xfa, 0x0, 0x0, 0x0, 0x6f, 0xf9, 0x7,
    0xd1, 0x0, 0xbf, 0xf7, 0x5f, 0xff, 0xbd, 0xff,
    0xf2, 0xa, 0xff, 0xff, 0xff, 0x80, 0x0, 0x6c,
    0xff, 0xd6, 0x0,

    /* U+004B "K" */
    0x3f, 0xfc, 0x0, 0x0, 0xaf, 0xf9, 0x3, 0xff,
    0xc0, 0x0, 0x6f, 0xfd, 0x0, 0x3f, 0xfc, 0x0,
    0x2f, 0xff, 0x20, 0x3, 0xff, 0xc0, 0xd, 0xff,
    0x50, 0x0, 0x3f, 0xfc, 0xa, 0xff, 0x80, 0x0,
    0x3, 0xff, 0xc6, 0xff, 0xc0, 0x0, 0x0, 0x3f,
    0xfe, 0xff, 0xfd, 0x0, 0x0, 0x3, 0xff, 0xff,
    0xff, 0xf6, 0x0, 0x0, 0x3f, 0xff, 0xfa, 0xff,
    0xe1, 0x0, 0x3, 0xff, 0xfc, 0x9, 0xff, 0x90,
    0x0, 0x3f, 0xfe, 0x10, 0x1e, 0xff, 0x20, 0x3,
    0xff, 0xc0, 0x0, 0x6f, 0xfc, 0x0, 0x3f, 0xfc,
    0x0, 0x0, 0xdf, 0xf5, 0x3, 0xff, 0xc0, 0x0,
    0x4, 0xff, 0xe0, 0x3f, 0xfc, 0x0, 0x0, 0xb,
    0xff, 0x80,

    /* U+004C "L" */
    0x3f, 0xfc, 0x0, 0x0, 0x0, 0x3f, 0xfc, 0x0,
    0x0, 0x0, 0x3f, 0xfc, 0x0, 0x0, 0x0, 0x3f,
    0xfc, 0x0, 0x0, 0x0, 0x3f, 0xfc, 0x0, 0x0,
    0x0, 0x3f, 0xfc, 0x0, 0x0, 0x0, 0x3f, 0xfc,
    0x0, 0x0, 0x0, 0x3f, 0xfc, 0x0, 0x0, 0x0,
    0x3f, 0xfc, 0x0, 0x0, 0x0, 0x3f, 0xfc, 0x0,
    0x0, 0x0, 0x3f, 0xfc, 0x0, 0x0, 0x0, 0x3f,
    0xfc, 0x0, 0x0, 0x0, 0x3f, 0xfe, 0x99, 0x99,
    0x97, 0x3f, 0xff, 0xff, 0xff, 0xfc, 0x3f, 0xff,
    0xff, 0xff, 0xfc,

    /* U+004D "M" */
    0x3f, 0xff, 0x40, 0x0, 0x0, 0x3f, 0xff, 0x43,
    0xff, 0xfa, 0x0, 0x0, 0x8, 0xff, 0xf4, 0x3f,
    0xff, 0xf0, 0x0, 0x0, 0xef, 0xff, 0x43, 0xff,
    0xff, 0x50, 0x0, 0x4f, 0xff, 0xf4, 0x3f, 0xfc,
    0xfb, 0x0, 0x9, 0xfc, 0xff, 0x43, 0xff, 0x8f,
    0xf1, 0x0, 0xef, 0x8f, 0xf4, 0x3f, 0xf5, 0xef,
    0x60, 0x5f, 0xe5, 0xff, 0x43, 0xff, 0x69, 0xfc,
    0xa, 0xf9, 0x6f, 0xf4, 0x3f, 0xf7, 0x3f, 0xf1,
    0xef, 0x36, 0xff, 0x43, 0xff, 0x70, 0xdf, 0xaf,
    0xd0, 0x7f, 0xf4, 0x3f, 0xf7, 0x7, 0xff, 0xf7,
    0x7, 0xff, 0x43, 0xff, 0x70, 0x2f, 0xff, 0x20,
    0x7f, 0xf4, 0x3f, 0xf7, 0x0, 0xcf, 0xc0, 0x7,
    0xff, 0x43, 0xff, 0x70, 0x4, 0xa4, 0x0, 0x7f,
    0xf4, 0x3f, 0xf7, 0x0, 0x0, 0x0, 0x7, 0xff,
    0x40,

    /* U+004E "N" */
    0x3f, 0xff, 0x20, 0x0, 0xa, 0xff, 0x23, 0xff,
    0xfa, 0x0, 0x0, 0xaf, 0xf2, 0x3f, 0xff, 0xf3,
    0x0, 0xa, 0xff, 0x23, 0xff, 0xff, 0xb0, 0x0,
    0xaf, 0xf2, 0x3f, 0xfa, 0xff, 0x40, 0xa, 0xff,
    0x23, 0xff, 0x6d, 0xfc, 0x0, 0xaf, 0xf2, 0x3f,
    0xf8, 0x5f, 0xf5, 0xa, 0xff, 0x23, 0xff, 0x90,
    0xdf, 0xd0, 0x9f, 0xf2, 0x3f, 0xfa, 0x5, 0xff,
    0x68, 0xff, 0x23, 0xff, 0xa0, 0xc, 0xfd, 0x7f,
    0xf2, 0x3f, 0xfa, 0x0, 0x4f, 0xfa, 0xff, 0x23,
    0xff, 0xa0, 0x0, 0xbf, 0xff, 0xf2, 0x3f, 0xfa,
    0x0, 0x3, 0xff, 0xff, 0x23, 0xff, 0xa0, 0x0,
    0xa, 0xff, 0xf2, 0x3f, 0xfa, 0x0, 0x0, 0x2f,
    0xff, 0x20,

    /* U+004F "O" */
    0x0, 0x3, 0xae, 0xff, 0xc6, 0x0, 0x0, 0x0,
    0x9f, 0xff, 0xff, 0xff, 0xd2, 0x0, 0x8, 0xff,
    0xfd, 0xab, 0xff, 0xfd, 0x0, 0x2f, 0xff, 0x80,
    0x0, 0x3e, 0xff, 0x80, 0x8f, 0xfb, 0x0, 0x0,
    0x5, 0xff, 0xe0, 0xcf, 0xf5, 0x0, 0x0, 0x0,
    0xef, 0xf2, 0xef, 0xf2, 0x0, 0x0, 0x0, 0xcf,
    0xf4, 0xef, 0xf2, 0x0, 0x0, 0x0, 0xbf, 0xf4,
    0xdf, 0xf3, 0x0, 0x0, 0x0, 0xcf, 0xf4, 0xbf,
    0xf6, 0x0, 0x0, 0x0, 0xff, 0xf1, 0x7f, 0xfc,
    0x0, 0x0, 0x6, 0xff, 0xd0, 0x1f, 0xff, 0x90,
    0x0, 0x3f, 0xff, 0x70, 0x6, 0xff, 0xfe, 0xbc,
    0xff, 0xfd, 0x0, 0x0, 0x8f, 0xff, 0xff, 0xff,
    0xd1, 0x0, 0x0, 0x3, 0xae, 0xff, 0xc6, 0x0,
    0x0,

    /* U+0050 "P" */
    0x3f, 0xff, 0xff, 0xfd, 0x92, 0x0, 0x3f, 0xff,
    0xff, 0xff, 0xff, 0x50, 0x3f, 0xfe, 0x77, 0x8d,
    0xff, 0xf1, 0x3f, 0xfc, 0x0, 0x0, 0xbf, 0xf6,
    0x3f, 0xfc, 0x0, 0x0, 0x7f, 0xf7, 0x3f, 0xfc,
    0x0, 0x0, 0x9f, 0xf6, 0x3f, 0xfc, 0x0, 0x16,
    0xff, 0xf2, 0x3f, 0xff, 0xff, 0xff, 0xff, 0x90,
    0x3f, 0xff, 0xff, 0xff, 0xf7, 0x0, 0x3f, 0xfe,
    0x77, 0x64, 0x0, 0x0, 0x3f, 0xfc, 0x0, 0x0,
    0x0, 0x0, 0x3f, 0xfc, 0x0, 0x0, 0x0, 0x0,
    0x3f, 0xfc, 0x0, 0x0, 0x0, 0x0, 0x3f, 0xfc,
    0x0, 0x0, 0x0, 0x0, 0x3f, 0xfc, 0x0, 0x0,
    0x0, 0x0,

    /* U+0051 "Q" */
    0x0, 0x3, 0xae, 0xff, 0xc6, 0x0, 0x0, 0x0,
    0x9f, 0xff, 0xff, 0xff, 0xd2, 0x0, 0x8, 0xff,
    0xfd, 0xab, 0xff, 0xfd, 0x0, 0x2f, 0xff, 0x80,
    0x0, 0x3e, 0xff, 0x80, 0x8f, 0xfb, 0x0, 0x0,
    0x5, 0xff, 0xe0, 0xcf, 0xf5, 0x0, 0x0, 0x0,
    0xef, 0xf2, 0xef, 0xf2, 0x0, 0x0, 0x0, 0xcf,
    0xf4, 0xef, 0xf2, 0x0, 0x0, 0x0, 0xbf, 0xf4,
    0xdf, 0xf3, 0x0, 0x0, 0x0, 0xcf, 0xf4, 0xbf,
    0xf5, 0x0, 0x0, 0x0, 0xff, 0xf1, 0x7f, 0xfb,
    0x0, 0x0, 0x5, 0xff, 0xd0, 0x1f, 0xff, 0x60,
    0x0, 0x2e, 0xff, 0x70, 0x6, 0xff, 0xfc, 0x8a,
    0xff, 0xfd, 0x0, 0x0, 0x8f, 0xff, 0xff, 0xff,
    0xd1, 0x0, 0x0, 0x3, 0xaf, 0xff, 0xd6, 0x0,
    0x0, 0x0, 0x0, 0x5, 0xff, 0xe2, 0x0, 0x0,
    0x0, 0x0, 0x0, 0xbf, 0xff, 0xa7, 0x85, 0x0,
    0x0, 0x0, 0xb, 0xff, 0xff, 0xfb, 0x0, 0x0,
    0x0, 0x0, 0x5b, 0xef, 0xea,

    /* U+0052 "R" */
    0x3f, 0xff, 0xff, 0xfe, 0xa4, 0x0, 0x3, 0xff,
    0xff, 0xff, 0xff, 0xf8, 0x0, 0x3f, 0xfe, 0x77,
    0x8b, 0xff, 0xf3, 0x3, 0xff, 0xc0, 0x0, 0x9,
    0xff, 0x70, 0x3f, 0xfc, 0x0, 0x0, 0x6f, 0xf8,
    0x3, 0xff, 0xc0, 0x0, 0xa, 0xff, 0x60, 0x3f,
    0xfe, 0x77, 0x8c, 0xff, 0xf1, 0x3, 0xff, 0xff,
    0xff, 0xff, 0xf5, 0x0, 0x3f, 0xff, 0xff, 0xff,
    0xe2, 0x0, 0x3, 0xff, 0xc0, 0xe, 0xff, 0x30,
    0x0, 0x3f, 0xfc, 0x0, 0x6f, 0xfc, 0x0, 0x3,
    0xff, 0xc0, 0x0, 0xef, 0xf4, 0x0, 0x3f, 0xfc,
    0x0, 0x6, 0xff, 0xd0, 0x3, 0xff, 0xc0, 0x0,
    0xe, 0xff, 0x60, 0x3f, 0xfc, 0x0, 0x0, 0x6f,
    0xfe, 0x0,

    /* U+0053 "S" */
    0x0, 0x3, 0xae, 0xfe, 0xb4, 0x0, 0x0, 0x6f,
    0xff, 0xff, 0xff, 0xa0, 0x2, 0xff, 0xfd, 0xab,
    0xff, 0xc0, 0x7, 0xff, 0xa0, 0x0, 0x19, 0x10,
    0x8, 0xff, 0x80, 0x0, 0x0, 0x0, 0x4, 0xff,
    0xf8, 0x10, 0x0, 0x0, 0x0, 0xaf, 0xff, 0xfa,
    0x40, 0x0, 0x0, 0x7, 0xef, 0xff, 0xfc, 0x20,
    0x0, 0x0, 0x5, 0xcf, 0xff, 0xe1, 0x0, 0x0,
    0x0, 0x3, 0xdf, 0xf8, 0x0, 0x0, 0x0, 0x0,
    0x6f, 0xfa, 0x2, 0xe8, 0x10, 0x0, 0xaf, 0xf9,
    0xd, 0xff, 0xfc, 0xbd, 0xff, 0xf3, 0x5, 0xef,
    0xff, 0xff, 0xff, 0x60, 0x0, 0x17, 0xcf, 0xfe,
    0xa3, 0x0,

    /* U+0054 "T" */
    0x6f, 0xff, 0xff, 0xff, 0xff, 0xfe, 0x6f, 0xff,
    0xff, 0xff, 0xff, 0xfe, 0x39, 0x99, 0xbf, 0xfe,
    0x99, 0x98, 0x0, 0x0, 0x3f, 0xfb, 0x0, 0x0,
    0x0, 0x0, 0x3f, 0xfb, 0x0, 0x0, 0x0, 0x0,
    0x3f, 0xfb, 0x0, 0x0, 0x0, 0x0, 0x3f, 0xfb,
    0x0, 0x0, 0x0, 0x0, 0x3f, 0xfb, 0x0, 0x0,
    0x0, 0x0, 0x3f, 0xfb, 0x0, 0x0, 0x0, 0x0,
    0x3f, 0xfb, 0x0, 0x0, 0x0, 0x0, 0x3f, 0xfb,
    0x0, 0x0, 0x0, 0x0, 0x3f, 0xfb, 0x0, 0x0,
    0x0, 0x0, 0x3f, 0xfb, 0x0, 0x0, 0x0, 0x0,
    0x3f, 0xfb, 0x0, 0x0, 0x0, 0x0, 0x3f, 0xfb,
    0x0, 0x0,

    /* U+0055 "U" */
    0x3f, 0xfb, 0x0, 0x0, 0xa, 0xff, 0x33, 0xff,
    0xb0, 0x0, 0x0, 0xaf, 0xf3, 0x3f, 0xfb, 0x0,
    0x0, 0xa, 0xff, 0x33, 0xff, 0xb0, 0x0, 0x0,
    0xaf, 0xf3, 0x3f, 0xfb, 0x0, 0x0, 0xa, 0xff,
    0x33, 0xff, 0xb0, 0x0, 0x0, 0xaf, 0xf3, 0x3f,
    0xfb, 0x0, 0x0, 0xa, 0xff, 0x33, 0xff, 0xb0,
    0x0, 0x0, 0xaf, 0xf3, 0x3f, 0xfb, 0x0, 0x0,
    0xa, 0xff, 0x32, 0xff, 0xc0, 0x0, 0x0, 0xbf,
    0xf2, 0xf, 0xff, 0x0, 0x0, 0xe, 0xff, 0x0,
    0xcf, 0xf8, 0x0, 0x8, 0xff, 0xb0, 0x5, 0xff,
    0xfd, 0xad, 0xff, 0xf4, 0x0, 0x9, 0xff, 0xff,
    0xff, 0xf9, 0x0, 0x0, 0x5, 0xbe, 0xff, 0xb5,
    0x0, 0x0,

    /* U+0056 "V" */
    0xe, 0xff, 0x20, 0x0, 0x0, 0xaf, 0xf5, 0xa,
    0xff, 0x60, 0x0, 0x0, 0xef, 0xf0, 0x5, 0xff,
    0xa0, 0x0, 0x2, 0xff, 0xb0, 0x1, 0xff, 0xe0,
    0x0, 0x7, 0xff, 0x60, 0x0, 0xbf, 0xf3, 0x0,
    0xb, 0xff, 0x20, 0x0, 0x7f, 0xf7, 0x0, 0xf,
    0xfd, 0x0, 0x0, 0x2f, 0xfb, 0x0, 0x3f, 0xf8,
    0x0, 0x0, 0xd, 0xff, 0x0, 0x7f, 0xf3, 0x0,
    0x0, 0x8, 0xff, 0x40, 0xcf, 0xe0, 0x0, 0x0,
    0x3, 0xff, 0x80, 0xff, 0x90, 0x0, 0x0, 0x0,
    0xef, 0xc4, 0xff, 0x50, 0x0, 0x0, 0x0, 0xaf,
    0xf9, 0xff, 0x0, 0x0, 0x0, 0x0, 0x5f, 0xff,
    0xfb, 0x0, 0x0, 0x0, 0x0, 0xf, 0xff, 0xf6,
    0x0, 0x0, 0x0, 0x0, 0xb, 0xff, 0xf1, 0x0,
    0x0,

    /* U+0057 "W" */
    0x8f, 0xf7, 0x0, 0x2, 0xff, 0x90, 0x0, 0xf,
    0xfd, 0x5f, 0xfa, 0x0, 0x6, 0xff, 0xd0, 0x0,
    0x2f, 0xfa, 0x2f, 0xfc, 0x0, 0x9, 0xff, 0xf1,
    0x0, 0x4f, 0xf7, 0xf, 0xff, 0x0, 0xd, 0xff,
    0xf5, 0x0, 0x7f, 0xf4, 0xc, 0xff, 0x10, 0x1f,
    0xfc, 0xf8, 0x0, 0xaf, 0xf1, 0x9, 0xff, 0x40,
    0x5f, 0xd9, 0xfc, 0x0, 0xcf, 0xe0, 0x6, 0xff,
    0x60, 0x8f, 0xa6, 0xff, 0x0, 0xff, 0xb0, 0x3,
    0xff, 0x90, 0xcf, 0x73, 0xff, 0x41, 0xff, 0x80,
    0x0, 0xff, 0xb0, 0xff, 0x40, 0xff, 0x73, 0xff,
    0x50, 0x0, 0xdf, 0xe2, 0xff, 0x0, 0xcf, 0xa6,
    0xff, 0x20, 0x0, 0xaf, 0xf6, 0xfd, 0x0, 0x8f,
    0xd8, 0xff, 0x0, 0x0, 0x7f, 0xfb, 0xf9, 0x0,
    0x4f, 0xfb, 0xfc, 0x0, 0x0, 0x4f, 0xff, 0xf6,
    0x0, 0x1f, 0xff, 0xf9, 0x0, 0x0, 0x1f, 0xff,
    0xf2, 0x0, 0xd, 0xff, 0xf6, 0x0, 0x0, 0xe,
    0xff, 0xf0, 0x0, 0xa, 0xff, 0xf3, 0x0,

    /* U+0058 "X" */
    0x3f, 0xff, 0x10, 0x0, 0x5f, 0xfb, 0x0, 0xaf,
    0xf8, 0x0, 0xc, 0xff, 0x30, 0x2, 0xff, 0xf0,
    0x3, 0xff, 0xa0, 0x0, 0x9, 0xff, 0x70, 0xbf,
    0xf2, 0x0, 0x0, 0x1f, 0xfe, 0x2f, 0xfa, 0x0,
    0x0, 0x0, 0x8f, 0xfd, 0xff, 0x20, 0x0, 0x0,
    0x0, 0xef, 0xff, 0x90, 0x0, 0x0, 0x0, 0xb,
    0xff, 0xf3, 0x0, 0x0, 0x0, 0x3, 0xff, 0xff,
    0xb0, 0x0, 0x0, 0x0, 0xcf, 0xeb, 0xff, 0x30,
    0x0, 0x0, 0x4f, 0xf8, 0x3f, 0xfc, 0x0, 0x0,
    0xd, 0xff, 0x10, 0xcf, 0xf5, 0x0, 0x5, 0xff,
    0x90, 0x4, 0xff, 0xd0, 0x0, 0xef, 0xf2, 0x0,
    0xc, 0xff, 0x70, 0x7f, 0xfa, 0x0, 0x0, 0x4f,
    0xfe, 0x10,

    /* U+0059 "Y" */
    0xe, 0xff, 0x30, 0x0, 0x8, 0xff, 0x80, 0x6f,
    0xfa, 0x0, 0x0, 0xef, 0xf1, 0x0, 0xef, 0xf1,
    0x0, 0x5f, 0xf9, 0x0, 0x7, 0xff, 0x60, 0xb,
    0xff, 0x10, 0x0, 0x1f, 0xfd, 0x2, 0xff, 0xa0,
    0x0, 0x0, 0x8f, 0xf3, 0x8f, 0xf2, 0x0, 0x0,
    0x1, 0xff, 0x9e, 0xfb, 0x0, 0x0, 0x0, 0x9,
    0xff, 0xff, 0x30, 0x0, 0x0, 0x0, 0x2f, 0xff,
    0xc0, 0x0, 0x0, 0x0, 0x0, 0xbf, 0xf5, 0x0,
    0x0, 0x0, 0x0, 0xa, 0xff, 0x40, 0x0, 0x0,
    0x0, 0x0, 0xaf, 0xf4, 0x0, 0x0, 0x0, 0x0,
    0xa, 0xff, 0x40, 0x0, 0x0, 0x0, 0x0, 0xaf,
    0xf4, 0x0, 0x0, 0x0, 0x0, 0xa, 0xff, 0x40,
    0x0, 0x0,

    /* U+005A "Z" */
    0x8, 0xff, 0xff, 0xff, 0xff, 0xf6, 0x8, 0xff,
    0xff, 0xff, 0xff, 0xf6, 0x4, 0x99, 0x99, 0x9b,
    0xff, 0xe1, 0x0, 0x0, 0x0, 0xc, 0xff, 0x50,
    0x0, 0x0, 0x0, 0x7f, 0xfa, 0x0, 0x0, 0x0,
    0x2, 0xff, 0xe1, 0x0, 0x0, 0x0, 0xc, 0xff,
    0x50, 0x0, 0x0, 0x0, 0x7f, 0xfb, 0x0, 0x0,
    0x0, 0x2, 0xff, 0xf1, 0x0, 0x0, 0x0, 0xc,
    0xff, 0x60, 0x0, 0x0, 0x0, 0x6f, 0xfb, 0x0,
    0x0, 0x0, 0x1, 0xff, 0xf2, 0x0, 0x0, 0x0,
    0xb, 0xff, 0xd9, 0x99, 0x99, 0x94, 0x2f, 0xff,
    0xff, 0xff, 0xff, 0xf7, 0x2f, 0xff, 0xff, 0xff,
    0xff, 0xf7,

    /* U+005B "[" */
    0xff, 0xff, 0x9f, 0xfb, 0xa6, 0xff, 0x30, 0xf,
    0xf3, 0x0, 0xff, 0x30, 0xf, 0xf3, 0x0, 0xff,
    0x30, 0xf, 0xf3, 0x0, 0xff, 0x30, 0xf, 0xf3,
    0x0, 0xff, 0x30, 0xf, 0xf3, 0x0, 0xff, 0x30,
    0xf, 0xf3, 0x0, 0xff, 0x30, 0xf, 0xf3, 0x0,
    0xff, 0x30, 0xf, 0xf3, 0x0, 0xff, 0x30, 0xf,
    0xff, 0xf9, 0x9a, 0xaa, 0x50,

    /* U+005C "\\" */
    0x5f, 0xa0, 0x0, 0x0, 0x1f, 0xd0, 0x0, 0x0,
    0xd, 0xf1, 0x0, 0x0, 0x9, 0xf5, 0x0, 0x0,
    0x5, 0xf9, 0x0, 0x0, 0x1, 0xfd, 0x0, 0x0,
    0x0, 0xdf, 0x10, 0x0, 0x0, 0xaf, 0x50, 0x0,
    0x0, 0x6f, 0x90, 0x0, 0x0, 0x2f, 0xd0, 0x0,
    0x0, 0xe, 0xf0, 0x0, 0x0, 0xa, 0xf4, 0x0,
    0x0, 0x6, 0xf8, 0x0, 0x0, 0x2, 0xfc, 0x0,
    0x0, 0x0, 0xef, 0x0, 0x0, 0x0, 0xbf, 0x40,
    0x0, 0x0, 0x7f, 0x80, 0x0, 0x0, 0x3f, 0xc0,
    0x0, 0x0, 0xf, 0xf0, 0x0, 0x0, 0xb, 0xf3,
    0x0, 0x0, 0x4, 0x83,

    /* U+005D "]" */
    0xf, 0xff, 0xf8, 0xa, 0xae, 0xf8, 0x0, 0xa,
    0xf8, 0x0, 0xa, 0xf8, 0x0, 0xa, 0xf8, 0x0,
    0xa, 0xf8, 0x0, 0xa, 0xf8, 0x0, 0xa, 0xf8,
    0x0, 0xa, 0xf8, 0x0, 0xa, 0xf8, 0x0, 0xa,
    0xf8, 0x0, 0xa, 0xf8, 0x0, 0xa, 0xf8, 0x0,
    0xa, 0xf8, 0x0, 0xa, 0xf8, 0x0, 0xa, 0xf8,
    0x0, 0xa, 0xf8, 0x0, 0xa, 0xf8, 0x0, 0xa,
    0xf8, 0xf, 0xff, 0xf8, 0xa, 0xaa, 0xa5,

    /* U+005E "^" */
    0x0, 0x3, 0x88, 0x10, 0x0, 0x0, 0xa, 0xff,
    0x70, 0x0, 0x0, 0x1f, 0xff, 0xd0, 0x0, 0x0,
    0x6f, 0xdf, 0xf3, 0x0, 0x0, 0xcf, 0x7a, 0xf9,
    0x0, 0x2, 0xff, 0x25, 0xfe, 0x0, 0x8, 0xfd,
    0x0, 0xff, 0x40, 0xd, 0xf7, 0x0, 0xbf, 0xa0,
    0x4f, 0xf2, 0x0, 0x5f, 0xf1, 0x9f, 0xd0, 0x0,
    0xf, 0xf6,

    /* U+005F "_" */
    0x8c, 0xcc, 0xcc, 0xcc, 0xcc, 0xc0, 0xbf, 0xff,
    0xff, 0xff, 0xff, 0xf1,

    /* U+0060 "`" */
    0x0, 0x10, 0x0, 0x9, 0xd0, 0x0, 0x7f, 0xfa,
    0x0, 0x1d, 0xff, 0x70, 0x1, 0xcf, 0xf4, 0x0,
    0xb, 0xe2, 0x0, 0x0, 0x20,

    /* U+0061 "a" */
    0x1, 0x7c, 0xff, 0xd6, 0x0, 0x4f, 0xff, 0xff,
    0xff, 0x70, 0x1f, 0xf9, 0x7a, 0xff, 0xf0, 0x4,
    0x10, 0x0, 0xcf, 0xf4, 0x0, 0x0, 0x47, 0xcf,
    0xf6, 0x2, 0xbf, 0xff, 0xff, 0xf6, 0x4f, 0xff,
    0xa6, 0xaf, 0xf6, 0xcf, 0xf2, 0x0, 0x8f, 0xf6,
    0xff, 0xd0, 0x0, 0xbf, 0xf6, 0xdf, 0xf9, 0x7c,
    0xff, 0xf6, 0x7f, 0xff, 0xff, 0xdf, 0xf6, 0x7,
    0xef, 0xd6, 0x1f, 0xf6,

    /* U+0062 "b" */
    0x6f, 0xf8, 0x0, 0x0, 0x0, 0x6, 0xff, 0x80,
    0x0, 0x0, 0x0, 0x6f, 0xf8, 0x0, 0x0, 0x0,
    0x6, 0xff, 0x80, 0x0, 0x0, 0x0, 0x6f, 0xf8,
    0x0, 0x0, 0x0, 0x6, 0xff, 0x76, 0xdf, 0xe8,
    0x0, 0x6f, 0xfe, 0xff, 0xff, 0xfb, 0x6, 0xff,
    0xfe, 0x9a, 0xff, 0xf4, 0x6f, 0xfb, 0x0, 0x9,
    0xff, 0xa6, 0xff, 0x80, 0x0, 0x3f, 0xfd, 0x6f,
    0xf8, 0x0, 0x1, 0xff, 0xf6, 0xff, 0x80, 0x0,
    0x1f, 0xfe, 0x6f, 0xf8, 0x0, 0x4, 0xff, 0xc6,
    0xff, 0x90, 0x0, 0xbf, 0xf8, 0x6f, 0xff, 0xc8,
    0xcf, 0xff, 0x16, 0xff, 0xdf, 0xff, 0xff, 0x50,
    0x6f, 0xf0, 0x8e, 0xfc, 0x40, 0x0,

    /* U+0063 "c" */
    0x0, 0x2, 0x9e, 0xfe, 0x91, 0x0, 0x5f, 0xff,
    0xff, 0xfa, 0x2, 0xff, 0xfd, 0x8a, 0xe1, 0xa,
    0xff, 0xa0, 0x0, 0x0, 0xf, 0xff, 0x20, 0x0,
    0x0, 0x1f, 0xfe, 0x0, 0x0, 0x0, 0x1f, 0xfe,
    0x0, 0x0, 0x0, 0xf, 0xff, 0x20, 0x0, 0x0,
    0xb, 0xff, 0xa0, 0x0, 0x20, 0x3, 0xff, 0xfc,
    0x8a, 0xf6, 0x0, 0x6f, 0xff, 0xff, 0xfc, 0x0,
    0x3, 0xbe, 0xfd, 0x81,

    /* U+0064 "d" */
    0x0, 0x0, 0x0, 0x0, 0xaf, 0xf5, 0x0, 0x0,
    0x0, 0x0, 0xaf, 0xf5, 0x0, 0x0, 0x0, 0x0,
    0xaf, 0xf5, 0x0, 0x0, 0x0, 0x0, 0xaf, 0xf5,
    0x0, 0x0, 0x0, 0x0, 0x9f, 0xf5, 0x0, 0x5,
    0xcf, 0xe7, 0x9f, 0xf5, 0x0, 0x7f, 0xff, 0xff,
    0xff, 0xf5, 0x3, 0xff, 0xfb, 0x9d, 0xff, 0xf5,
    0xa, 0xff, 0x90, 0x0, 0xbf, 0xf5, 0xe, 0xff,
    0x20, 0x0, 0xaf, 0xf5, 0xf, 0xff, 0x0, 0x0,
    0xaf, 0xf5, 0xf, 0xff, 0x0, 0x0, 0xaf, 0xf5,
    0xf, 0xff, 0x20, 0x0, 0xaf, 0xf5, 0xb, 0xff,
    0x80, 0x0, 0xcf, 0xf5, 0x5, 0xff, 0xfb, 0x9d,
    0xff, 0xf5, 0x0, 0xbf, 0xff, 0xff, 0xef, 0xf5,
    0x0, 0x8, 0xef, 0xd6, 0x2f, 0xf5,

    /* U+0065 "e" */
    0x0, 0x3, 0xbf, 0xfc, 0x50, 0x0, 0x6, 0xff,
    0xff, 0xff, 0x70, 0x3, 0xff, 0xe8, 0x6d, 0xff,
    0x20, 0xaf, 0xf3, 0x0, 0x1f, 0xf8, 0xf, 0xfc,
    0x11, 0x11, 0xcf, 0xb1, 0xff, 0xff, 0xff, 0xff,
    0xfc, 0x1f, 0xff, 0xff, 0xff, 0xff, 0xb0, 0xff,
    0xd0, 0x0, 0x0, 0x0, 0xb, 0xff, 0x50, 0x0,
    0x0, 0x0, 0x3f, 0xff, 0xa6, 0x7b, 0xb0, 0x0,
    0x6f, 0xff, 0xff, 0xff, 0x20, 0x0, 0x3a, 0xef,
    0xea, 0x30,

    /* U+0066 "f" */
    0x0, 0x4, 0xcf, 0xfc, 0x0, 0x3, 0xff, 0xff,
    0xd0, 0x0, 0xaf, 0xfc, 0x76, 0x0, 0xd, 0xff,
    0x10, 0x0, 0x0, 0xef, 0xf0, 0x0, 0x6, 0xff,
    0xff, 0xff, 0x20, 0x7f, 0xff, 0xff, 0xf2, 0x2,
    0x6f, 0xff, 0x66, 0x0, 0x0, 0xef, 0xf0, 0x0,
    0x0, 0xe, 0xff, 0x0, 0x0, 0x0, 0xef, 0xf0,
    0x0, 0x0, 0xe, 0xff, 0x0, 0x0, 0x0, 0xef,
    0xf0, 0x0, 0x0, 0xe, 0xff, 0x0, 0x0, 0x0,
    0xef, 0xf0, 0x0, 0x0, 0xe, 0xff, 0x0, 0x0,
    0x0, 0xef, 0xf0, 0x0, 0x0,

    /* U+0067 "g" */
    0x0, 0x19, 0xef, 0xff, 0xff, 0xf6, 0x2, 0xef,
    0xff, 0xff, 0xff, 0xf6, 0xa, 0xff, 0x82, 0x4e,
    0xfc, 0x41, 0xc, 0xff, 0x0, 0x9, 0xff, 0x0,
    0x9, 0xff, 0x50, 0x1d, 0xfe, 0x0, 0x1, 0xdf,
    0xfe, 0xff, 0xf6, 0x0, 0x0, 0xaf, 0xdf, 0xfc,
    0x50, 0x0, 0x4, 0xfd, 0x0, 0x0, 0x0, 0x0,
    0x8, 0xfd, 0x0, 0x0, 0x0, 0x0, 0x7, 0xff,
    0x96, 0x65, 0x42, 0x0, 0x2, 0xff, 0xff, 0xff,
    0xff, 0xb1, 0x2, 0xdf, 0xef, 0xff, 0xff, 0xf8,
    0xe, 0xf7, 0x0, 0x0, 0x6f, 0xf9, 0x1f, 0xfa,
    0x20, 0x2, 0xaf, 0xf4, 0xc, 0xff, 0xff, 0xff,
    0xff, 0x80, 0x0, 0x7c, 0xff, 0xfd, 0x92, 0x0,

    /* U+0068 "h" */
    0x6f, 0xf8, 0x0, 0x0, 0x0, 0x6, 0xff, 0x80,
    0x0, 0x0, 0x0, 0x6f, 0xf8, 0x0, 0x0, 0x0,
    0x6, 0xff, 0x80, 0x0, 0x0, 0x0, 0x6f, 0xf8,
    0x0, 0x0, 0x0, 0x6, 0xff, 0x73, 0xbf, 0xfa,
    0x10, 0x6f, 0xfb, 0xff, 0xff, 0xfa, 0x6, 0xff,
    0xff, 0xac, 0xff, 0xf1, 0x6f, 0xfd, 0x20, 0xd,
    0xff, 0x46, 0xff, 0x80, 0x0, 0x9f, 0xf5, 0x6f,
    0xf8, 0x0, 0x9, 0xff, 0x56, 0xff, 0x80, 0x0,
    0x9f, 0xf5, 0x6f, 0xf8, 0x0, 0x9, 0xff, 0x56,
    0xff, 0x80, 0x0, 0x9f, 0xf5, 0x6f, 0xf8, 0x0,
    0x9, 0xff, 0x56, 0xff, 0x80, 0x0, 0x9f, 0xf5,
    0x6f, 0xf8, 0x0, 0x9, 0xff, 0x50,

    /* U+0069 "i" */
    0x3e, 0xe4, 0x9f, 0xfb, 0x6f, 0xf8, 0x3, 0x40,
    0x0, 0x0, 0x6f, 0xf8, 0x6f, 0xf8, 0x6f, 0xf8,
    0x6f, 0xf8, 0x6f, 0xf8, 0x6f, 0xf8, 0x6f, 0xf8,
    0x6f, 0xf8, 0x6f, 0xf8, 0x6f, 0xf8, 0x6f, 0xf8,
    0x6f, 0xf8,

    /* U+006A "j" */
    0x0, 0x3, 0xee, 0x40, 0x0, 0x9f, 0xfc, 0x0,
    0x6, 0xff, 0x80, 0x0, 0x3, 0x40, 0x0, 0x0,
    0x0, 0x0, 0x0, 0x6f, 0xf9, 0x0, 0x6, 0xff,
    0x90, 0x0, 0x6f, 0xf9, 0x0, 0x6, 0xff, 0x90,
    0x0, 0x6f, 0xf9, 0x0, 0x6, 0xff, 0x90, 0x0,
    0x6f, 0xf9, 0x0, 0x6, 0xff, 0x90, 0x0, 0x6f,
    0xf9, 0x0, 0x6, 0xff, 0x90, 0x0, 0x6f, 0xf9,
    0x0, 0x6, 0xff, 0x80, 0x0, 0x7f, 0xf8, 0x5,
    0x7e, 0xff, 0x40, 0xcf, 0xff, 0xd0, 0xd, 0xff,
    0xa1, 0x0,

    /* U+006B "k" */
    0x6f, 0xf7, 0x0, 0x0, 0x0, 0x6, 0xff, 0x70,
    0x0, 0x0, 0x0, 0x6f, 0xf7, 0x0, 0x0, 0x0,
    0x6, 0xff, 0x70, 0x0, 0x0, 0x0, 0x6f, 0xf7,
    0x0, 0x0, 0x0, 0x6, 0xff, 0x70, 0x1, 0xef,
    0xf3, 0x6f, 0xf7, 0x0, 0xbf, 0xf7, 0x6, 0xff,
    0x70, 0x7f, 0xfa, 0x0, 0x6f, 0xf7, 0x3f, 0xfd,
    0x0, 0x6, 0xff, 0x8e, 0xff, 0x20, 0x0, 0x6f,
    0xff, 0xff, 0xf2, 0x0, 0x6, 0xff, 0xff, 0xff,
    0xa0, 0x0, 0x6f, 0xff, 0xaa, 0xff, 0x40, 0x6,
    0xff, 0xc0, 0x2f, 0xfd, 0x0, 0x6f, 0xf7, 0x0,
    0x9f, 0xf7, 0x6, 0xff, 0x70, 0x1, 0xff, 0xf1,
    0x6f, 0xf7, 0x0, 0x8, 0xff, 0xa0,

    /* U+006C "l" */
    0x6f, 0xf8, 0x6, 0xff, 0x80, 0x6f, 0xf8, 0x6,
    0xff, 0x80, 0x6f, 0xf8, 0x6, 0xff, 0x80, 0x6f,
    0xf8, 0x6, 0xff, 0x80, 0x6f, 0xf8, 0x6, 0xff,
    0x80, 0x6f, 0xf8, 0x6, 0xff, 0x80, 0x6f, 0xf8,
    0x6, 0xff, 0x80, 0x5f, 0xfd, 0x41, 0xff, 0xfa,
    0x5, 0xef, 0xb0,

    /* U+006D "m" */
    0x6f, 0xf0, 0x4c, 0xfe, 0x80, 0x7, 0xef, 0xd4,
    0x6, 0xff, 0x9f, 0xff, 0xff, 0x8a, 0xff, 0xff,
    0xf2, 0x6f, 0xff, 0xfa, 0xdf, 0xff, 0xfd, 0xaf,
    0xff, 0x86, 0xff, 0xd2, 0x1, 0xff, 0xf9, 0x0,
    0x6f, 0xfb, 0x6f, 0xf8, 0x0, 0xd, 0xff, 0x20,
    0x2, 0xff, 0xc6, 0xff, 0x80, 0x0, 0xcf, 0xf2,
    0x0, 0x2f, 0xfc, 0x6f, 0xf8, 0x0, 0xc, 0xff,
    0x20, 0x2, 0xff, 0xc6, 0xff, 0x80, 0x0, 0xcf,
    0xf2, 0x0, 0x2f, 0xfc, 0x6f, 0xf8, 0x0, 0xc,
    0xff, 0x20, 0x2, 0xff, 0xc6, 0xff, 0x80, 0x0,
    0xcf, 0xf2, 0x0, 0x2f, 0xfc, 0x6f, 0xf8, 0x0,
    0xc, 0xff, 0x20, 0x2, 0xff, 0xc6, 0xff, 0x80,
    0x0, 0xcf, 0xf2, 0x0, 0x2f, 0xfc,

    /* U+006E "n" */
    0x6f, 0xf0, 0x3c, 0xff, 0xa1, 0x6, 0xff, 0x9f,
    0xff, 0xff, 0xa0, 0x6f, 0xff, 0xfa, 0xcf, 0xff,
    0x16, 0xff, 0xd2, 0x0, 0xdf, 0xf4, 0x6f, 0xf8,
    0x0, 0x9, 0xff, 0x56, 0xff, 0x80, 0x0, 0x9f,
    0xf5, 0x6f, 0xf8, 0x0, 0x9, 0xff, 0x56, 0xff,
    0x80, 0x0, 0x9f, 0xf5, 0x6f, 0xf8, 0x0, 0x9,
    0xff, 0x56, 0xff, 0x80, 0x0, 0x9f, 0xf5, 0x6f,
    0xf8, 0x0, 0x9, 0xff, 0x56, 0xff, 0x80, 0x0,
    0x9f, 0xf5,

    /* U+006F "o" */
    0x0, 0x3, 0xae, 0xfd, 0x70, 0x0, 0x0, 0x5f,
    0xff, 0xff, 0xfc, 0x10, 0x3, 0xff, 0xfa, 0x8e,
    0xff, 0xb0, 0xa, 0xff, 0x80, 0x1, 0xef, 0xf3,
    0xf, 0xff, 0x10, 0x0, 0x8f, 0xf7, 0x1f, 0xfe,
    0x0, 0x0, 0x6f, 0xf9, 0x1f, 0xfe, 0x0, 0x0,
    0x6f, 0xf9, 0xf, 0xff, 0x10, 0x0, 0x8f, 0xf7,
    0xa, 0xff, 0x80, 0x1, 0xef, 0xf3, 0x3, 0xff,
    0xfa, 0x8e, 0xff, 0xb0, 0x0, 0x5f, 0xff, 0xff,
    0xfc, 0x10, 0x0, 0x3, 0xae, 0xfd, 0x70, 0x0,

    /* U+0070 "p" */
    0x6f, 0xf1, 0x6d, 0xfe, 0x80, 0x6, 0xff, 0xdf,
    0xff, 0xff, 0xb0, 0x6f, 0xff, 0xe9, 0xaf, 0xff,
    0x46, 0xff, 0xb0, 0x0, 0x9f, 0xfa, 0x6f, 0xf8,
    0x0, 0x3, 0xff, 0xd6, 0xff, 0x80, 0x0, 0x1f,
    0xff, 0x6f, 0xf8, 0x0, 0x1, 0xff, 0xe6, 0xff,
    0x80, 0x0, 0x4f, 0xfc, 0x6f, 0xf9, 0x0, 0xb,
    0xff, 0x86, 0xff, 0xfc, 0x8c, 0xff, 0xf1, 0x6f,
    0xff, 0xff, 0xff, 0xf5, 0x6, 0xff, 0x78, 0xef,
    0xc4, 0x0, 0x6f, 0xf8, 0x0, 0x0, 0x0, 0x6,
    0xff, 0x80, 0x0, 0x0, 0x0, 0x6f, 0xf8, 0x0,
    0x0, 0x0, 0x6, 0xff, 0x80, 0x0, 0x0, 0x0,

    /* U+0071 "q" */
    0x0, 0x5, 0xcf, 0xe9, 0x2f, 0xf5, 0x0, 0x7f,
    0xff, 0xff, 0xef, 0xf5, 0x3, 0xff, 0xfb, 0x9d,
    0xff, 0xf5, 0xa, 0xff, 0x90, 0x0, 0xbf, 0xf5,
    0xe, 0xff, 0x20, 0x0, 0xaf, 0xf5, 0xf, 0xff,
    0x0, 0x0, 0xaf, 0xf5, 0xf, 0xff, 0x0, 0x0,
    0xaf, 0xf5, 0xf, 0xff, 0x20, 0x0, 0xaf, 0xf5,
    0xb, 0xff, 0x80, 0x0, 0xcf, 0xf5, 0x5, 0xff,
    0xfb, 0x9d, 0xff, 0xf5, 0x0, 0xbf, 0xff, 0xff,
    0xef, 0xf5, 0x0, 0x8, 0xef, 0xd5, 0x9f, 0xf5,
    0x0, 0x0, 0x0, 0x0, 0x9f, 0xf5, 0x0, 0x0,
    0x0, 0x0, 0xaf, 0xf5, 0x0, 0x0, 0x0, 0x0,
    0xaf, 0xf5, 0x0, 0x0, 0x0, 0x0, 0xaf, 0xf5,

    /* U+0072 "r" */
    0x6f, 0xf0, 0x3c, 0xfa, 0x6f, 0xf5, 0xff, 0xf7,
    0x6f, 0xff, 0xfd, 0xc4, 0x6f, 0xff, 0x70, 0x0,
    0x6f, 0xfc, 0x0, 0x0, 0x6f, 0xf8, 0x0, 0x0,
    0x6f, 0xf8, 0x0, 0x0, 0x6f, 0xf8, 0x0, 0x0,
    0x6f, 0xf8, 0x0, 0x0, 0x6f, 0xf8, 0x0, 0x0,
    0x6f, 0xf8, 0x0, 0x0, 0x6f, 0xf8, 0x0, 0x0,

    /* U+0073 "s" */
    0x0, 0x3b, 0xff, 0xe8, 0x10, 0x3, 0xff, 0xff,
    0xff, 0xd0, 0xb, 0xff, 0x85, 0x8f, 0x50, 0xd,
    0xff, 0x0, 0x1, 0x0, 0xa, 0xff, 0xb4, 0x0,
    0x0, 0x1, 0xdf, 0xff, 0xd6, 0x0, 0x0, 0x8,
    0xef, 0xff, 0x90, 0x0, 0x0, 0x6, 0xff, 0xf1,
    0x2, 0x20, 0x0, 0x9f, 0xf3, 0xd, 0xf9, 0x56,
    0xef, 0xf1, 0x3f, 0xff, 0xff, 0xff, 0x80, 0x1,
    0x8d, 0xff, 0xc5, 0x0,

    /* U+0074 "t" */
    0x0, 0x8f, 0xe0, 0x0, 0x0, 0xa, 0xfe, 0x0,
    0x0, 0x0, 0xcf, 0xe0, 0x0, 0x8, 0xff, 0xff,
    0xff, 0xb0, 0x9f, 0xff, 0xff, 0xfb, 0x3, 0x6f,
    0xff, 0x66, 0x40, 0x0, 0xff, 0xe0, 0x0, 0x0,
    0xf, 0xfe, 0x0, 0x0, 0x0, 0xff, 0xe0, 0x0,
    0x0, 0xf, 0xfe, 0x0, 0x0, 0x0, 0xff, 0xe0,
    0x0, 0x0, 0xf, 0xff, 0x10, 0x0, 0x0, 0xcf,
    0xfc, 0x76, 0x0, 0x5, 0xff, 0xff, 0xd0, 0x0,
    0x6, 0xdf, 0xeb, 0x0,

    /* U+0075 "u" */
    0x8f, 0xf6, 0x0, 0xc, 0xff, 0x38, 0xff, 0x60,
    0x0, 0xcf, 0xf3, 0x8f, 0xf6, 0x0, 0xc, 0xff,
    0x38, 0xff, 0x60, 0x0, 0xcf, 0xf3, 0x8f, 0xf6,
    0x0, 0xc, 0xff, 0x38, 0xff, 0x60, 0x0, 0xcf,
    0xf3, 0x8f, 0xf6, 0x0, 0xc, 0xff, 0x38, 0xff,
    0x60, 0x0, 0xcf, 0xf3, 0x7f, 0xfa, 0x0, 0x4f,
    0xff, 0x34, 0xff, 0xfb, 0xbf, 0xff, 0xf3, 0xd,
    0xff, 0xff, 0xe9, 0xff, 0x30, 0x2b, 0xff, 0xa2,
    0x4f, 0xf3,

    /* U+0076 "v" */
    0x8f, 0xf5, 0x0, 0x0, 0xbf, 0xf1, 0x3f, 0xfa,
    0x0, 0x0, 0xff, 0xc0, 0xe, 0xfe, 0x0, 0x4,
    0xff, 0x70, 0x9, 0xff, 0x30, 0x8, 0xff, 0x20,
    0x4, 0xff, 0x70, 0xd, 0xfd, 0x0, 0x0, 0xff,
    0xb0, 0x1f, 0xf8, 0x0, 0x0, 0xaf, 0xf0, 0x5f,
    0xf3, 0x0, 0x0, 0x5f, 0xf4, 0x9f, 0xe0, 0x0,
    0x0, 0xf, 0xf8, 0xdf, 0x90, 0x0, 0x0, 0xb,
    0xfd, 0xff, 0x40, 0x0, 0x0, 0x6, 0xff, 0xff,
    0x0, 0x0, 0x0, 0x1, 0xff, 0xfa, 0x0, 0x0,

    /* U+0077 "w" */
    0x5f, 0xf9, 0x0, 0xb, 0xff, 0x10, 0x2, 0xff,
    0x91, 0xff, 0xc0, 0x0, 0xef, 0xf5, 0x0, 0x5f,
    0xf5, 0xd, 0xff, 0x0, 0x2f, 0xff, 0x90, 0x8,
    0xff, 0x20, 0x9f, 0xf3, 0x6, 0xfd, 0xfd, 0x0,
    0xbf, 0xe0, 0x5, 0xff, 0x60, 0xaf, 0x7f, 0xf1,
    0xf, 0xfa, 0x0, 0x1f, 0xfa, 0xd, 0xf3, 0xff,
    0x42, 0xff, 0x60, 0x0, 0xef, 0xc1, 0xff, 0xc,
    0xf8, 0x5f, 0xf3, 0x0, 0xa, 0xff, 0x4f, 0xc0,
    0x8f, 0xb7, 0xff, 0x0, 0x0, 0x6f, 0xf9, 0xf9,
    0x5, 0xfe, 0xaf, 0xb0, 0x0, 0x2, 0xff, 0xef,
    0x50, 0x1f, 0xfe, 0xf8, 0x0, 0x0, 0xe, 0xff,
    0xf2, 0x0, 0xdf, 0xff, 0x40, 0x0, 0x0, 0xaf,
    0xfe, 0x0, 0xa, 0xff, 0xf1, 0x0,

    /* U+0078 "x" */
    0x2f, 0xfe, 0x0, 0x8, 0xff, 0x70, 0x9f, 0xf7,
    0x0, 0xff, 0xe0, 0x1, 0xff, 0xf0, 0x6f, 0xf5,
    0x0, 0x7, 0xff, 0x7d, 0xfd, 0x0, 0x0, 0xd,
    0xff, 0xff, 0x40, 0x0, 0x0, 0x5f, 0xff, 0xc0,
    0x0, 0x0, 0x9, 0xff, 0xfa, 0x0, 0x0, 0x2,
    0xff, 0xef, 0xf4, 0x0, 0x0, 0xbf, 0xe3, 0xff,
    0xd0, 0x0, 0x4f, 0xf8, 0xa, 0xff, 0x60, 0xd,
    0xff, 0x10, 0x1f, 0xff, 0x16, 0xff, 0x90, 0x0,
    0x8f, 0xfa,

    /* U+0079 "y" */
    0x8f, 0xf6, 0x0, 0x0, 0xbf, 0xf1, 0x2f, 0xfb,
    0x0, 0x0, 0xff, 0xb0, 0xb, 0xff, 0x10, 0x5,
    0xff, 0x60, 0x5, 0xff, 0x60, 0x9, 0xff, 0x0,
    0x0, 0xef, 0xc0, 0xe, 0xfb, 0x0, 0x0, 0x9f,
    0xf1, 0x3f, 0xf5, 0x0, 0x0, 0x2f, 0xf6, 0x7f,
    0xf0, 0x0, 0x0, 0xc, 0xfa, 0xbf, 0xa0, 0x0,
    0x0, 0x6, 0xff, 0xff, 0x50, 0x0, 0x0, 0x0,
    0xff, 0xff, 0x0, 0x0, 0x0, 0x0, 0x9f, 0xfa,
    0x0, 0x0, 0x0, 0x0, 0x7f, 0xf5, 0x0, 0x0,
    0x0, 0x0, 0xdf, 0xe0, 0x0, 0x0, 0x4, 0x7c,
    0xff, 0x70, 0x0, 0x0, 0xb, 0xff, 0xfc, 0x0,
    0x0, 0x0, 0xc, 0xfe, 0x90, 0x0, 0x0, 0x0,

    /* U+007A "z" */
    0xa, 0xff, 0xff, 0xff, 0xf8, 0xa, 0xff, 0xff,
    0xff, 0xf7, 0x4, 0x66, 0x69, 0xff, 0xe1, 0x0,
    0x0, 0xd, 0xff, 0x50, 0x0, 0x0, 0x7f, 0xfb,
    0x0, 0x0, 0x2, 0xff, 0xf1, 0x0, 0x0, 0xb,
    0xff, 0x60, 0x0, 0x0, 0x5f, 0xfc, 0x0, 0x0,
    0x1, 0xef, 0xf3, 0x0, 0x0, 0xa, 0xff, 0xc6,
    0x66, 0x64, 0x2f, 0xff, 0xff, 0xff, 0xfb, 0x3f,
    0xff, 0xff, 0xff, 0xfb,

    /* U+007B "{" */
    0x0, 0x8, 0xef, 0x90, 0x4, 0xff, 0xc6, 0x0,
    0x8f, 0xe0, 0x0, 0x8, 0xfd, 0x0, 0x0, 0x8f,
    0xd0, 0x0, 0x6, 0xfe, 0x0, 0x0, 0x5f, 0xe0,
    0x0, 0x5, 0xfe, 0x0, 0x0, 0xbf, 0xc0, 0x3,
    0xff, 0xe4, 0x0, 0x4f, 0xfd, 0x20, 0x0, 0x2c,
    0xfb, 0x0, 0x0, 0x6f, 0xe0, 0x0, 0x5, 0xfe,
    0x0, 0x0, 0x6f, 0xe0, 0x0, 0x7, 0xfe, 0x0,
    0x0, 0x8f, 0xd0, 0x0, 0x8, 0xfd, 0x0, 0x0,
    0x7f, 0xf2, 0x0, 0x2, 0xff, 0xf9, 0x0, 0x3,
    0x8a, 0x50,

    /* U+007C "|" */
    0xba, 0xfe, 0xfe, 0xfe, 0xfe, 0xfe, 0xfe, 0xfe,
    0xfe, 0xfe, 0xfe, 0xfe, 0xfe, 0xfe, 0xfe, 0xfe,
    0xfe, 0xfe, 0xfe, 0xfe, 0xfe, 0xfe, 0xfe, 0xfe,

    /* U+007D "}" */
    0xf, 0xfc, 0x30, 0x0, 0xae, 0xfd, 0x0, 0x0,
    0x6f, 0xf0, 0x0, 0x4, 0xff, 0x10, 0x0, 0x4f,
    0xf0, 0x0, 0x5, 0xff, 0x0, 0x0, 0x5f, 0xe0,
    0x0, 0x5, 0xfe, 0x0, 0x0, 0x4f, 0xf4, 0x0,
    0x0, 0xaf, 0xfc, 0x0, 0x7, 0xff, 0xd0, 0x2,
    0xff, 0x70, 0x0, 0x5f, 0xf0, 0x0, 0x5, 0xfe,
    0x0, 0x0, 0x5f, 0xf0, 0x0, 0x5, 0xff, 0x0,
    0x0, 0x4f, 0xf1, 0x0, 0x4, 0xff, 0x10, 0x0,
    0x9f, 0xf0, 0x0, 0xff, 0xfa, 0x0, 0xa, 0x96,
    0x0, 0x0,

    /* U+007E "~" */
    0x0, 0x8f, 0xe8, 0x0, 0x4, 0x0, 0xa, 0xff,
    0xff, 0xd4, 0x6f, 0xc0, 0x1e, 0xe4, 0x5e, 0xff,
    0xff, 0x70, 0x1, 0x30, 0x1, 0xaf, 0xe6, 0x0,

    /* U+3001 "、" */
    0x0, 0x85, 0x0, 0x0, 0xa, 0xff, 0x60, 0x0,
    0x9, 0xff, 0xf6, 0x0, 0x0, 0x8f, 0xff, 0x50,
    0x0, 0x9, 0xff, 0xe0, 0x0, 0x0, 0xae, 0x30,
    0x0, 0x0, 0x1, 0x0,

    /* U+518D "再" */
    0xc, 0xff, 0xff, 0xff, 0xff, 0xff, 0xff, 0xff,
    0xff, 0x60, 0xcf, 0xff, 0xff, 0xff, 0xff, 0xff,
    0xff, 0xff, 0xf6, 0x6, 0x77, 0x77, 0x77, 0xbf,
    0xf7, 0x77, 0x77, 0x77, 0x30, 0x1, 0x33, 0x33,
    0x39, 0xff, 0x33, 0x33, 0x32, 0x0, 0x0, 0x5f,
    0xff, 0xff, 0xff, 0xff, 0xff, 0xff, 0xb0, 0x0,
    0x5, 0xff, 0xff, 0xff, 0xff, 0xff, 0xff, 0xfb,
    0x0, 0x0, 0x5f, 0xf0, 0x0, 0x7f, 0xe0, 0x0,
    0xbf, 0xb0, 0x0, 0x5, 0xff, 0xee, 0xef, 0xff,
    0xee, 0xef, 0xfb, 0x0, 0x0, 0x5f, 0xff, 0xff,
    0xff, 0xff, 0xff, 0xff, 0xb0, 0x0, 0x5, 0xff,
    0x32, 0x28, 0xff, 0x22, 0x2c, 0xfb, 0x0, 0x0,
    0x5f, 0xf0, 0x0, 0x7f, 0xe0, 0x0, 0xbf, 0xb0,
    0xa, 0xff, 0xff, 0xff, 0xff, 0xff, 0xff, 0xff,
    0xff, 0xff, 0xaf, 0xff, 0xff, 0xff, 0xff, 0xff,
    0xff, 0xff, 0xff, 0xf2, 0x37, 0xff, 0x43, 0x33,
    0x33, 0x33, 0x3c, 0xfc, 0x33, 0x0, 0x5f, 0xf0,
    0x0, 0x0, 0x0, 0x0, 0xbf, 0xb0, 0x0, 0x5,
    0xff, 0x0, 0x0, 0x0, 0x22, 0x2c, 0xfa, 0x0,
    0x0, 0x5f, 0xf0, 0x0, 0x0, 0x7, 0xff, 0xff,
    0x80, 0x0, 0x5, 0xff, 0x0, 0x0, 0x0, 0x1f,
    0xff, 0xb1, 0x0, 0x0, 0x0, 0x0, 0x0, 0x0,
    0x0, 0x0, 0x0, 0x0, 0x0,

    /* U+51FB "击" */
    0x0, 0x0, 0x0, 0x0, 0x7f, 0xf1, 0x0, 0x0,
    0x0, 0x0, 0x0, 0x0, 0x0, 0x7, 0xff, 0x10,
    0x0, 0x0, 0x0, 0x0, 0x23, 0x33, 0x33, 0x9f,
    0xf4, 0x33, 0x33, 0x31, 0x0, 0xe, 0xff, 0xff,
    0xff, 0xff, 0xff, 0xff, 0xff, 0x60, 0x0, 0xef,
    0xff, 0xff, 0xff, 0xff, 0xff, 0xff, 0xf6, 0x0,
    0x2, 0x22, 0x22, 0x29, 0xff, 0x32, 0x22, 0x22,
    0x10, 0x0, 0x0, 0x0, 0x0, 0x7f, 0xf1, 0x0,
    0x0, 0x0, 0x2, 0x77, 0x77, 0x77, 0x7b, 0xff,
    0x77, 0x77, 0x77, 0x75, 0x5f, 0xff, 0xff, 0xff,
    0xff, 0xff, 0xff, 0xff, 0xff, 0xb5, 0xff, 0xff,
    0xff, 0xff, 0xff, 0xff, 0xff, 0xff, 0xfa, 0x0,
    0x0, 0x0, 0x0, 0x7f, 0xf1, 0x0, 0x0, 0x0,
    0x0, 0x7, 0xff, 0x10, 0x7, 0xff, 0x10, 0x1,
    0xff, 0x60, 0x0, 0x7f, 0xf1, 0x0, 0x7f, 0xf1,
    0x0, 0x1f, 0xf6, 0x0, 0x7, 0xff, 0x10, 0x7,
    0xff, 0x10, 0x1, 0xff, 0x60, 0x0, 0x7f, 0xf1,
    0x0, 0x7f, 0xf1, 0x0, 0x1f, 0xf6, 0x0, 0x7,
    0xff, 0x87, 0x7b, 0xff, 0x87, 0x78, 0xff, 0x60,
    0x0, 0x7f, 0xff, 0xff, 0xff, 0xff, 0xff, 0xff,
    0xf6, 0x0, 0x6, 0xdd, 0xdd, 0xdd, 0xdd, 0xdd,
    0xdd, 0xff, 0x60, 0x0, 0x0, 0x0, 0x0, 0x0,
    0x0, 0x0, 0x1f, 0xf6, 0x0,

    /* U+5230 "到" */
    0x0, 0x0, 0x0, 0x0, 0x0, 0x0, 0x0, 0x0,
    0xef, 0x60, 0xef, 0xff, 0xff, 0xff, 0xff, 0x81,
    0x20, 0xe, 0xf6, 0xe, 0xff, 0xff, 0xff, 0xff,
    0xf8, 0xef, 0x40, 0xef, 0x60, 0x11, 0xaf, 0xe2,
    0x4d, 0x21, 0xe, 0xf4, 0xe, 0xf6, 0x0, 0x1f,
    0xf7, 0xb, 0xfb, 0x0, 0xef, 0x40, 0xef, 0x60,
    0x9, 0xfd, 0x0, 0x3f, 0xf5, 0xe, 0xf4, 0xe,
    0xf6, 0x4, 0xff, 0xff, 0xff, 0xff, 0xe0, 0xef,
    0x40, 0xef, 0x60, 0x1f, 0xff, 0xff, 0xec, 0xef,
    0x4e, 0xf4, 0xe, 0xf6, 0x0, 0x63, 0x26, 0x63,
    0x4, 0x30, 0xef, 0x40, 0xef, 0x60, 0x0, 0x0,
    0xef, 0x70, 0x0, 0xe, 0xf4, 0xe, 0xf6, 0x3,
    0xaa, 0xaf, 0xfc, 0xaa, 0xa2, 0xef, 0x40, 0xef,
    0x60, 0x4f, 0xff, 0xff, 0xff, 0xff, 0x3e, 0xf4,
    0xe, 0xf6, 0x2, 0x77, 0x7f, 0xfb, 0x77, 0x71,
    0xef, 0x40, 0xef, 0x60, 0x0, 0x0, 0xef, 0x70,
    0x0, 0xe, 0xf4, 0xe, 0xf6, 0x0, 0x0, 0xe,
    0xf9, 0x58, 0xb4, 0x0, 0x0, 0xef, 0x60, 0x14,
    0x69, 0xff, 0xff, 0xff, 0x60, 0x0, 0xe, 0xf6,
    0xe, 0xff, 0xff, 0xff, 0xff, 0xd5, 0x4, 0x44,
    0xff, 0x60, 0xbf, 0xfe, 0xc9, 0x63, 0x0, 0x0,
    0xaf, 0xff, 0xf3, 0x3, 0x41, 0x0, 0x0, 0x0,
    0x0, 0x5, 0xff, 0xc7, 0x0,

    /* U+52A8 "动" */
    0x0, 0x0, 0x0, 0x0, 0x0, 0x0, 0xbf, 0xa0,
    0x0, 0x0, 0x1, 0x33, 0x33, 0x33, 0x31, 0x0,
    0xbf, 0xa0, 0x0, 0x0, 0x6, 0xff, 0xff, 0xff,
    0xf7, 0x0, 0xbf, 0xa0, 0x0, 0x0, 0x5, 0xee,
    0xee, 0xee, 0xe6, 0x0, 0xbf, 0xa0, 0x0, 0x0,
    0x0, 0x0, 0x0, 0x0, 0x0, 0x88, 0xef, 0xd8,
    0x89, 0x80, 0x0, 0x0, 0x0, 0x0, 0x0, 0xff,
    0xff, 0xff, 0xff, 0xf0, 0xf, 0xff, 0xff, 0xff,
    0xfc, 0x78, 0xef, 0xc8, 0xaf, 0xf0, 0xf, 0xff,
    0xff, 0xff, 0xfd, 0x0, 0xef, 0x70, 0x5f, 0xf0,
    0x3, 0x3b, 0xfd, 0x33, 0x32, 0x0, 0xff, 0x60,
    0x6f, 0xf0, 0x0, 0xe, 0xf8, 0x1, 0x30, 0x0,
    0xff, 0x50, 0x6f, 0xe0, 0x0, 0x2f, 0xf3, 0x2f,
    0xf0, 0x3, 0xff, 0x20, 0x7f, 0xe0, 0x0, 0x7f,
    0xe0, 0xd, 0xf5, 0x5, 0xff, 0x0, 0x8f, 0xd0,
    0x0, 0xcf, 0x80, 0x8, 0xfa, 0x9, 0xfd, 0x0,
    0x8f, 0xc0, 0x3, 0xff, 0x7a, 0xef, 0xff, 0xd,
    0xf9, 0x0, 0xaf, 0xb0, 0xc, 0xff, 0xff, 0xff,
    0xff, 0x7f, 0xf4, 0x0, 0xbf, 0xa0, 0x8, 0xff,
    0xfc, 0x72, 0x9a, 0xef, 0xe0, 0x0, 0xef, 0x80,
    0x4, 0xb5, 0x10, 0x0, 0x5, 0xff, 0x85, 0x47,
    0xff, 0x60, 0x0, 0x0, 0x0, 0x0, 0xd, 0xfe,
    0xd, 0xff, 0xff, 0x10, 0x0, 0x0, 0x0, 0x0,
    0x1, 0xd3, 0x8, 0xff, 0xd5, 0x0, 0x0, 0x0,
    0x0, 0x0, 0x0, 0x0, 0x0, 0x0, 0x0, 0x0,

    /* U+5373 "即" */
    0x6, 0xff, 0xff, 0xff, 0xff, 0x5c, 0xdd, 0xdd,
    0xfe, 0x50, 0x6f, 0xff, 0xff, 0xff, 0xf5, 0xef,
    0xff, 0xff, 0xf6, 0x6, 0xff, 0x32, 0x23, 0xff,
    0x5e, 0xfa, 0x55, 0xff, 0x60, 0x6f, 0xf3, 0x22,
    0x4f, 0xf5, 0xef, 0x70, 0xf, 0xf6, 0x6, 0xff,
    0xff, 0xff, 0xff, 0x5e, 0xf7, 0x0, 0xff, 0x60,
    0x6f, 0xff, 0xff, 0xff, 0xf5, 0xef, 0x70, 0xf,
    0xf6, 0x6, 0xff, 0x10, 0x1, 0xff, 0x5e, 0xf7,
    0x0, 0xff, 0x60, 0x6f, 0xf4, 0x33, 0x4f, 0xf5,
    0xef, 0x70, 0xf, 0xf6, 0x6, 0xff, 0xff, 0xff,
    0xff, 0x5e, 0xf7, 0x0, 0xff, 0x60, 0x6f, 0xff,
    0xff, 0xff, 0xf4, 0xef, 0x70, 0xf, 0xf6, 0x6,
    0xff, 0x10, 0x4, 0x20, 0xe, 0xf7, 0x0, 0xff,
    0x60, 0x6f, 0xf1, 0xa, 0xfa, 0x0, 0xef, 0x70,
    0xf, 0xf6, 0x6, 0xff, 0x10, 0x6f, 0xf3, 0xe,
    0xf7, 0xdf, 0xff, 0x50, 0x6f, 0xf3, 0x7c, 0xff,
    0xb0, 0xef, 0x79, 0xff, 0xd1, 0xc, 0xff, 0xff,
    0xff, 0xff, 0x2e, 0xf7, 0x13, 0x20, 0x1, 0xff,
    0xff, 0xea, 0x5e, 0xf8, 0xef, 0x70, 0x0, 0x0,
    0xa, 0xe9, 0x40, 0x0, 0x88, 0xe, 0xf7, 0x0,
    0x0, 0x0, 0x20, 0x0, 0x0, 0x0, 0x0, 0xef,
    0x70, 0x0, 0x0,

    /* U+53D7 "受" */
    0x0, 0x0, 0x0, 0x0, 0x0, 0x0, 0x0, 0x1,
    0x0, 0x0, 0x0, 0x0, 0x2, 0x34, 0x57, 0x8a,
    0xcf, 0xfa, 0x0, 0x8, 0xef, 0xff, 0xff, 0xff,
    0xff, 0xff, 0xff, 0xe5, 0x0, 0x4f, 0xff, 0xff,
    0xed, 0xdd, 0x97, 0x55, 0x30, 0x0, 0x0, 0x27,
    0xda, 0x0, 0x4f, 0xf0, 0x0, 0x8f, 0xc0, 0x0,
    0x0, 0x4f, 0xf2, 0x0, 0xff, 0x50, 0xe, 0xf6,
    0x0, 0x1, 0x22, 0xff, 0x62, 0x2d, 0xe6, 0x25,
    0xff, 0x22, 0x0, 0xef, 0xff, 0xff, 0xff, 0xff,
    0xff, 0xff, 0xff, 0xf6, 0xe, 0xff, 0xff, 0xff,
    0xff, 0xff, 0xff, 0xff, 0xff, 0x60, 0xef, 0x50,
    0x0, 0x0, 0x0, 0x0, 0x0, 0xe, 0xf6, 0xe,
    0xf5, 0xad, 0xdd, 0xdd, 0xdd, 0xde, 0xe3, 0xef,
    0x60, 0x34, 0x1c, 0xff, 0xff, 0xff, 0xff, 0xff,
    0xd3, 0x41, 0x0, 0x0, 0x7f, 0xf8, 0x55, 0x55,
    0x9f, 0xf6, 0x0, 0x0, 0x0, 0x0, 0xcf, 0xe4,
    0x0, 0x4f, 0xfb, 0x0, 0x0, 0x0, 0x0, 0x1,
    0xdf, 0xf9, 0x8f, 0xfc, 0x0, 0x0, 0x0, 0x0,
    0x0, 0x1, 0xcf, 0xff, 0xfc, 0x0, 0x0, 0x0,
    0x0, 0x2, 0x59, 0xdf, 0xff, 0xff, 0xfe, 0x96,
    0x31, 0x1, 0xdf, 0xff, 0xff, 0xfd, 0x68, 0xef,
    0xff, 0xff, 0xf6, 0x7, 0xff, 0xfb, 0x72, 0x0,
    0x0, 0x49, 0xdf, 0xfc, 0x0, 0x4, 0x20, 0x0,
    0x0, 0x0, 0x0, 0x0, 0x3, 0x20,

    /* U+53EF "可" */
    0x2a, 0xaa, 0xaa, 0xaa, 0xaa, 0xaa, 0xaa, 0xaa,
    0xaa, 0x93, 0xff, 0xff, 0xff, 0xff, 0xff, 0xff,
    0xff, 0xff, 0xfe, 0x2c, 0xcc, 0xcc, 0xcc, 0xcc,
    0xcc, 0xcc, 0xff, 0xec, 0xb0, 0x0, 0x0, 0x0,
    0x0, 0x0, 0x0, 0xe, 0xf9, 0x0, 0x0, 0x0,
    0x0, 0x0, 0x0, 0x0, 0x0, 0xef, 0x90, 0x0,
    0x2, 0xff, 0xff, 0xff, 0xff, 0x50, 0xe, 0xf9,
    0x0, 0x0, 0x3f, 0xff, 0xff, 0xff, 0xf5, 0x0,
    0xef, 0x90, 0x0, 0x3, 0xff, 0x64, 0x44, 0xff,
    0x50, 0xe, 0xf9, 0x0, 0x0, 0x3f, 0xf2, 0x0,
    0xf, 0xf5, 0x0, 0xef, 0x90, 0x0, 0x3, 0xff,
    0x20, 0x0, 0xff, 0x50, 0xe, 0xf9, 0x0, 0x0,
    0x3f, 0xf7, 0x55, 0x5f, 0xf5, 0x0, 0xef, 0x90,
    0x0, 0x3, 0xff, 0xff, 0xff, 0xff, 0x50, 0xe,
    0xf9, 0x0, 0x0, 0x3f, 0xff, 0xff, 0xff, 0xf5,
    0x0, 0xef, 0x90, 0x0, 0x3, 0xff, 0x20, 0x0,
    0x0, 0x0, 0xe, 0xf9, 0x0, 0x0, 0x18, 0x81,
    0x0, 0x0, 0x0, 0x0, 0xef, 0x90, 0x0, 0x0,
    0x0, 0x0, 0x0, 0x6, 0x76, 0x7f, 0xf9, 0x0,
    0x0, 0x0, 0x0, 0x0, 0x0, 0x8f, 0xff, 0xff,
    0x60, 0x0, 0x0, 0x0, 0x0, 0x0, 0x3, 0xff,
    0xfd, 0x80, 0x0, 0x0, 0x0, 0x0, 0x0, 0x0,
    0x1, 0x0, 0x0, 0x0, 0x0,

    /* U+53F3 "右" */
    0x0, 0x0, 0x0, 0x5, 0xa7, 0x0, 0x0, 0x0,
    0x0, 0x0, 0x0, 0x0, 0x0, 0xaf, 0xf0, 0x0,
    0x0, 0x0, 0x0, 0x0, 0x0, 0x0, 0xe, 0xfb,
    0x0, 0x0, 0x0, 0x0, 0x0, 0x56, 0x66, 0x67,
    0xff, 0xb6, 0x66, 0x66, 0x66, 0x65, 0xd, 0xff,
    0xff, 0xff, 0xff, 0xff, 0xff, 0xff, 0xff, 0xe0,
    0xcf, 0xff, 0xff, 0xff, 0xff, 0xff, 0xff, 0xff,
    0xfe, 0x0, 0x0, 0x4, 0xff, 0x50, 0x0, 0x0,
    0x0, 0x0, 0x0, 0x0, 0x0, 0xcf, 0xe0, 0x0,
    0x0, 0x0, 0x0, 0x0, 0x0, 0x0, 0x5f, 0xf7,
    0x0, 0x0, 0x0, 0x0, 0x0, 0x0, 0x0, 0x1e,
    0xff, 0xff, 0xff, 0xff, 0xff, 0xff, 0x80, 0x0,
    0xb, 0xff, 0xff, 0xff, 0xff, 0xff, 0xff, 0xf8,
    0x0, 0x9, 0xff, 0xff, 0xb5, 0x55, 0x55, 0x55,
    0xff, 0x80, 0xa, 0xff, 0xde, 0xf8, 0x0, 0x0,
    0x0, 0xf, 0xf8, 0x3, 0xff, 0xd1, 0xdf, 0x80,
    0x0, 0x0, 0x0, 0xff, 0x80, 0x6, 0xc1, 0xd,
    0xf8, 0x0, 0x0, 0x0, 0xf, 0xf8, 0x0, 0x0,
    0x0, 0xdf, 0xb6, 0x66, 0x66, 0x66, 0xff, 0x80,
    0x0, 0x0, 0xd, 0xff, 0xff, 0xff, 0xff, 0xff,
    0xf8, 0x0, 0x0, 0x0, 0xdf, 0xfe, 0xee, 0xee,
    0xee, 0xff, 0x80, 0x0, 0x0, 0xd, 0xf8, 0x0,
    0x0, 0x0, 0xf, 0xf8, 0x0, 0x0, 0x0, 0x11,
    0x0, 0x0, 0x0, 0x0, 0x0, 0x0,

    /* U+5426 "否" */
    0xa, 0xff, 0xff, 0xff, 0xff, 0xff, 0xff, 0xff,
    0xff, 0xf0, 0xa, 0xff, 0xff, 0xff, 0xff, 0xff,
    0xff, 0xff, 0xff, 0xf0, 0x2, 0x33, 0x33, 0x33,
    0x6f, 0xff, 0x63, 0x33, 0x33, 0x30, 0x0, 0x0,
    0x0, 0x6, 0xff, 0xf8, 0x3, 0x0, 0x0, 0x0,
    0x0, 0x0, 0x2, 0xbf, 0xff, 0xf5, 0x9f, 0xd5,
    0x0, 0x0, 0x0, 0x2, 0x9f, 0xff, 0xef, 0xf7,
    0xaf, 0xff, 0xd4, 0x0, 0x16, 0xcf, 0xff, 0xf8,
    0x2f, 0xf5, 0x2, 0xbf, 0xff, 0xb1, 0x1d, 0xff,
    0xfa, 0x20, 0x1f, 0xf5, 0x0, 0x5, 0xef, 0xf3,
    0x2, 0xe9, 0x20, 0x0, 0x1f, 0xf5, 0x0, 0x0,
    0x9, 0x30, 0x0, 0x1, 0x22, 0x22, 0x26, 0x63,
    0x22, 0x22, 0x10, 0x0, 0x0, 0x9, 0xff, 0xff,
    0xff, 0xff, 0xff, 0xff, 0xd0, 0x0, 0x0, 0x9,
    0xff, 0xff, 0xff, 0xff, 0xff, 0xff, 0xd0, 0x0,
    0x0, 0x9, 0xfe, 0x0, 0x0, 0x0, 0x0, 0xcf,
    0xd0, 0x0, 0x0, 0x9, 0xfe, 0x0, 0x0, 0x0,
    0x0, 0xcf, 0xd0, 0x0, 0x0, 0x9, 0xfe, 0x0,
    0x0, 0x0, 0x0, 0xcf, 0xd0, 0x0, 0x0, 0x9,
    0xff, 0xff, 0xff, 0xff, 0xff, 0xff, 0xd0, 0x0,
    0x0, 0x9, 0xff, 0xff, 0xff, 0xff, 0xff, 0xff,
    0xd0, 0x0, 0x0, 0x9, 0xfe, 0x0, 0x0, 0x0,
    0x0, 0xcf, 0xd0, 0x0, 0x0, 0x0, 0x0, 0x0,
    0x0, 0x0, 0x0, 0x0, 0x0, 0x0,

    /* U+542C "听" */
    0x0, 0x0, 0x0, 0x0, 0x0, 0x0, 0x2, 0x8b,
    0x10, 0x34, 0x44, 0x44, 0x10, 0x1, 0x59, 0xdf,
    0xff, 0xc1, 0xef, 0xff, 0xff, 0x60, 0xdf, 0xff,
    0xff, 0xfb, 0x60, 0xef, 0xff, 0xff, 0x60, 0xdf,
    0xfb, 0x73, 0x0, 0x0, 0xef, 0x61, 0xff, 0x60,
    0xdf, 0xa0, 0x0, 0x0, 0x0, 0xef, 0x60, 0xff,
    0x60, 0xdf, 0xa0, 0x0, 0x0, 0x0, 0xef, 0x60,
    0xff, 0x60, 0xdf, 0xeb, 0xbb, 0xbb, 0xba, 0xef,
    0x60, 0xff, 0x60, 0xdf, 0xff, 0xff, 0xff, 0xff,
    0xef, 0x60, 0xff, 0x60, 0xdf, 0xeb, 0xbe, 0xff,
    0xba, 0xef, 0x60, 0xff, 0x60, 0xef, 0x90, 0x9,
    0xfe, 0x0, 0xef, 0x60, 0xff, 0x60, 0xff, 0x80,
    0x9, 0xfe, 0x0, 0xef, 0xa6, 0xff, 0x60, 0xff,
    0x70, 0x9, 0xfe, 0x0, 0xef, 0xff, 0xff, 0x63,
    0xff, 0x50, 0x9, 0xfe, 0x0, 0xef, 0xff, 0xff,
    0x56, 0xff, 0x20, 0x9, 0xfe, 0x0, 0xef, 0x60,
    0x0, 0xa, 0xff, 0x0, 0x9, 0xfe, 0x0, 0x88,
    0x30, 0x0, 0xf, 0xfa, 0x0, 0x9, 0xfe, 0x0,
    0x0, 0x0, 0x0, 0x7f, 0xf5, 0x0, 0x9, 0xfe,
    0x0, 0x0, 0x0, 0x0, 0xdf, 0xe0, 0x0, 0x9,
    0xfe, 0x0, 0x0, 0x0, 0x0, 0x1c, 0x60, 0x0,
    0x9, 0xfe, 0x0, 0x0, 0x0, 0x0, 0x0, 0x0,
    0x0, 0x0, 0x0, 0x0,

    /* U+5757 "块" */
    0x0, 0xe, 0xf4, 0x0, 0x0, 0xf, 0xf4, 0x0,
    0x0, 0x0, 0x0, 0xf, 0xf4, 0x0, 0x0, 0xf,
    0xf4, 0x0, 0x0, 0x0, 0x0, 0xf, 0xf4, 0x0,
    0x0, 0xf, 0xf4, 0x0, 0x0, 0x0, 0x0, 0xf,
    0xf4, 0x0, 0xde, 0xef, 0xfe, 0xee, 0xec, 0x0,
    0x5, 0x5f, 0xf8, 0x51, 0xff, 0xff, 0xff, 0xff,
    0xfe, 0x0, 0x2f, 0xff, 0xff, 0xf3, 0x77, 0x7f,
    0xf9, 0x7a, 0xfe, 0x0, 0x1f, 0xff, 0xff, 0xf3,
    0x0, 0xf, 0xf4, 0x5, 0xfe, 0x0, 0x0, 0xf,
    0xf4, 0x0, 0x0, 0xf, 0xf4, 0x5, 0xfe, 0x0,
    0x0, 0xf, 0xf4, 0x0, 0x0, 0x1f, 0xf3, 0x5,
    0xfe, 0x0, 0x0, 0xf, 0xf4, 0x7, 0xff, 0xff,
    0xff, 0xff, 0xff, 0xf2, 0x0, 0xf, 0xf4, 0x28,
    0xff, 0xff, 0xff, 0xff, 0xff, 0xf2, 0x0, 0xf,
    0xfd, 0xf6, 0x44, 0xbf, 0xff, 0xd4, 0x44, 0x40,
    0x2, 0x8f, 0xff, 0xf7, 0x0, 0xef, 0xdf, 0xf2,
    0x0, 0x0, 0x5f, 0xff, 0xfc, 0x40, 0x6, 0xff,
    0x5d, 0xfb, 0x0, 0x0, 0xf, 0xfb, 0x30, 0x0,
    0x2f, 0xfd, 0x5, 0xff, 0x70, 0x0, 0x5, 0x30,
    0x0, 0x3, 0xef, 0xf3, 0x0, 0xbf, 0xf8, 0x0,
    0x0, 0x0, 0x1, 0x8f, 0xff, 0x60, 0x0, 0x1e,
    0xff, 0xc2, 0x0, 0x0, 0x2, 0xef, 0xf5, 0x0,
    0x0, 0x2, 0xef, 0xd0, 0x0, 0x0, 0x0, 0x49,
    0x10, 0x0, 0x0, 0x0, 0x1a, 0x20,

    /* U+5883 "境" */
    0x0, 0x0, 0x0, 0x0, 0x0, 0x0, 0x25, 0x0,
    0x0, 0x0, 0x0, 0x3f, 0xf1, 0x0, 0x0, 0x1,
    0xff, 0x50, 0x0, 0x0, 0x0, 0x3f, 0xf1, 0x0,
    0xef, 0xff, 0xff, 0xff, 0xff, 0x60, 0x0, 0x3f,
    0xf1, 0x0, 0xdf, 0xff, 0xff, 0xff, 0xff, 0x60,
    0x0, 0x3f, 0xf1, 0x0, 0x4, 0xda, 0x0, 0x3d,
    0xa0, 0x0, 0x2, 0x5f, 0xf3, 0x10, 0x3, 0xff,
    0x10, 0x8f, 0xa0, 0x0, 0x3f, 0xff, 0xff, 0xc8,
    0xff, 0xff, 0xff, 0xff, 0xff, 0xe0, 0x3f, 0xff,
    0xff, 0xc7, 0xff, 0xff, 0xff, 0xff, 0xff, 0xd0,
    0x2, 0x5f, 0xf3, 0x10, 0x46, 0x66, 0x66, 0x66,
    0x66, 0x0, 0x0, 0x3f, 0xf1, 0x0, 0xbf, 0xff,
    0xff, 0xff, 0xff, 0x0, 0x0, 0x3f, 0xf1, 0x0,
    0xbf, 0x93, 0x33, 0x37, 0xff, 0x0, 0x0, 0x3f,
    0xf1, 0x0, 0xbf, 0xff, 0xff, 0xff, 0xff, 0x0,
    0x0, 0x3f, 0xf1, 0x10, 0xbf, 0xa4, 0x44, 0x48,
    0xff, 0x0, 0x0, 0x3f, 0xfb, 0xf2, 0xbf, 0xfe,
    0xee, 0xef, 0xff, 0x0, 0x2, 0x9f, 0xff, 0xf7,
    0x6a, 0xff, 0xab, 0xff, 0x98, 0x0, 0x6f, 0xff,
    0xfe, 0x71, 0x3, 0xff, 0x15, 0xfe, 0x0, 0x0,
    0x3f, 0xfd, 0x60, 0x0, 0xa, 0xfd, 0x5, 0xfe,
    0x6, 0x70, 0xa, 0x50, 0x0, 0x1, 0x9f, 0xf6,
    0x5, 0xfe, 0x7, 0xf6, 0x0, 0x0, 0x0, 0xbf,
    0xff, 0x90, 0x3, 0xff, 0xdf, 0xf4, 0x0, 0x0,
    0x0, 0x8f, 0xd5, 0x0, 0x0, 0xaf, 0xff, 0xa0,
    0x0, 0x0, 0x0, 0x2, 0x0, 0x0, 0x0, 0x0,
    0x0, 0x0,

    /* U+5931 "失" */
    0x0, 0x0, 0xb7, 0x30, 0x5f, 0xf2, 0x0, 0x0,
    0x0, 0x0, 0x0, 0x4, 0xff, 0x60, 0x5f, 0xf2,
    0x0, 0x0, 0x0, 0x0, 0x0, 0xa, 0xff, 0x10,
    0x5f, 0xf2, 0x0, 0x0, 0x0, 0x0, 0x0, 0x1f,
    0xff, 0xff, 0xff, 0xff, 0xff, 0xff, 0xf4, 0x0,
    0x0, 0x8f, 0xff, 0xff, 0xff, 0xff, 0xff, 0xff,
    0xf5, 0x0, 0x2, 0xff, 0xd7, 0x77, 0xaf, 0xf9,
    0x77, 0x77, 0x72, 0x0, 0xc, 0xff, 0x40, 0x0,
    0x5f, 0xf2, 0x0, 0x0, 0x0, 0x0, 0x3, 0xca,
    0x0, 0x0, 0x6f, 0xf2, 0x0, 0x0, 0x0, 0x0,
    0x3, 0x34, 0x33, 0x33, 0x9f, 0xf4, 0x33, 0x33,
    0x33, 0x30, 0xf, 0xff, 0xff, 0xff, 0xff, 0xff,
    0xff, 0xff, 0xff, 0xf0, 0xf, 0xff, 0xff, 0xff,
    0xff, 0xff, 0xff, 0xff, 0xff, 0xf0, 0x3, 0x33,
    0x33, 0x38, 0xff, 0xff, 0x63, 0x33, 0x33, 0x30,
    0x0, 0x0, 0x0, 0xd, 0xff, 0xef, 0xd0, 0x0,
    0x0, 0x0, 0x0, 0x0, 0x0, 0xbf, 0xf9, 0x5f,
    0xfb, 0x0, 0x0, 0x0, 0x0, 0x0, 0x1c, 0xff,
    0xd0, 0xa, 0xff, 0xc1, 0x0, 0x0, 0x0, 0x17,
    0xff, 0xfd, 0x20, 0x0, 0xcf, 0xff, 0x81, 0x0,
    0x1a, 0xff, 0xff, 0xb1, 0x0, 0x0, 0xb, 0xff,
    0xff, 0xc4, 0xb, 0xff, 0xd5, 0x0, 0x0, 0x0,
    0x0, 0x5d, 0xff, 0xc0, 0x1, 0x94, 0x0, 0x0,
    0x0, 0x0, 0x0, 0x0, 0x5a, 0x30,

    /* U+5B8C "完" */
    0x0, 0x0, 0x0, 0x0, 0x0, 0x10, 0x0, 0x0,
    0x0, 0x0, 0x0, 0x0, 0x0, 0x0, 0x7e, 0xd0,
    0x0, 0x0, 0x0, 0x0, 0x0, 0x0, 0x0, 0x0,
    0x6f, 0xf5, 0x0, 0x0, 0x0, 0x0, 0x7, 0xff,
    0xff, 0xff, 0xff, 0xff, 0xff, 0xff, 0xff, 0x80,
    0x7, 0xff, 0xff, 0xff, 0xff, 0xff, 0xff, 0xff,
    0xff, 0x90, 0x7, 0xff, 0x55, 0x55, 0x55, 0x55,
    0x55, 0x55, 0xff, 0x90, 0x7, 0xfe, 0x3, 0x33,
    0x33, 0x33, 0x33, 0x30, 0xef, 0x90, 0x7, 0xfe,
    0x2f, 0xff, 0xff, 0xff, 0xff, 0xf1, 0xef, 0x90,
    0x0, 0x0, 0x2f, 0xff, 0xff, 0xff, 0xff, 0xf1,
    0x0, 0x0, 0x0, 0x0, 0x0, 0x0, 0x0, 0x0,
    0x0, 0x0, 0x0, 0x0, 0x6, 0x88, 0x88, 0x88,
    0x88, 0x88, 0x88, 0x88, 0x88, 0x70, 0xd, 0xff,
    0xff, 0xff, 0xff, 0xff, 0xff, 0xff, 0xff, 0xe0,
    0xa, 0xcc, 0xcc, 0xff, 0xec, 0xcf, 0xfe, 0xcc,
    0xcc, 0xa0, 0x0, 0x0, 0x0, 0xff, 0x80, 0xe,
    0xf8, 0x0, 0x0, 0x0, 0x0, 0x0, 0x1, 0xff,
    0x60, 0xe, 0xf8, 0x0, 0x0, 0x0, 0x0, 0x0,
    0x6, 0xff, 0x30, 0xe, 0xf8, 0x0, 0x7, 0x20,
    0x0, 0x0, 0x2e, 0xfd, 0x0, 0xe, 0xf8, 0x0,
    0xd, 0xf3, 0x0, 0x28, 0xff, 0xf5, 0x0, 0xe,
    0xfa, 0x33, 0x4f, 0xf1, 0xc, 0xff, 0xff, 0x60,
    0x0, 0xb, 0xff, 0xff, 0xff, 0xd0, 0x4, 0xfe,
    0x92, 0x0, 0x0, 0x3, 0xdf, 0xff, 0xfd, 0x30,
    0x0, 0x20, 0x0, 0x0, 0x0, 0x0, 0x0, 0x0,
    0x0, 0x0,

    /* U+5C06 "将" */
    0x0, 0x0, 0xef, 0x60, 0x0, 0x4, 0xc8, 0x20,
    0x0, 0x0, 0x0, 0x0, 0xef, 0x60, 0x0, 0x3e,
    0xfe, 0x43, 0x33, 0x0, 0x0, 0x0, 0xef, 0x60,
    0x5, 0xff, 0xff, 0xff, 0xff, 0xd0, 0x8, 0xb0,
    0xef, 0x62, 0xaf, 0xfc, 0xaa, 0xac, 0xff, 0x90,
    0x2f, 0xfa, 0xef, 0x6b, 0xff, 0x88, 0x0, 0x2e,
    0xfd, 0x0, 0x5, 0xff, 0xff, 0x60, 0x72, 0xcf,
    0xc7, 0xff, 0xe2, 0x0, 0x0, 0x8d, 0xff, 0x60,
    0x0, 0x2f, 0xff, 0xfc, 0x10, 0x0, 0x0, 0x1,
    0xef, 0x62, 0x5a, 0xff, 0xff, 0x83, 0x30, 0x0,
    0x0, 0x0, 0xef, 0x69, 0xff, 0xfd, 0x71, 0x5f,
    0xf0, 0x0, 0x0, 0x0, 0xff, 0x64, 0xfc, 0x74,
    0x44, 0x8f, 0xf4, 0x40, 0x0, 0x1c, 0xff, 0x6f,
    0xff, 0xff, 0xff, 0xff, 0xff, 0xf3, 0x4, 0xef,
    0xff, 0x6e, 0xff, 0xff, 0xff, 0xff, 0xff, 0xf3,
    0x3f, 0xfe, 0xff, 0x60, 0x3c, 0x90, 0x0, 0x5f,
    0xf0, 0x0, 0xd, 0xd2, 0xef, 0x60, 0x7f, 0xf5,
    0x0, 0x5f, 0xf0, 0x0, 0x3, 0x10, 0xef, 0x60,
    0xc, 0xfe, 0x10, 0x5f, 0xf0, 0x0, 0x0, 0x0,
    0xef, 0x60, 0x2, 0xff, 0x40, 0x5f, 0xf0, 0x0,
    0x0, 0x0, 0xef, 0x60, 0x0, 0x73, 0x22, 0x7f,
    0xf0, 0x0, 0x0, 0x0, 0xef, 0x60, 0x0, 0x0,
    0xff, 0xff, 0xe0, 0x0, 0x0, 0x0, 0xef, 0x60,
    0x0, 0x0, 0xaf, 0xfd, 0x40, 0x0, 0x0, 0x0,
    0x0, 0x0, 0x0, 0x0, 0x0, 0x0, 0x0, 0x0,

    /* U+5E76 "并" */
    0x0, 0x0, 0x2, 0x0, 0x0, 0x0, 0x21, 0x0,
    0x0, 0x0, 0x0, 0x7e, 0xe1, 0x0, 0x0, 0xa,
    0xfd, 0x30, 0x0, 0x0, 0x4, 0xff, 0xa0, 0x0,
    0x0, 0xff, 0xe0, 0x0, 0x0, 0x0, 0xa, 0xff,
    0x30, 0x0, 0x6f, 0xf6, 0x0, 0x0, 0x13, 0x33,
    0x6f, 0xa4, 0x33, 0x3d, 0xfe, 0x33, 0x32, 0x5,
    0xff, 0xff, 0xff, 0xff, 0xff, 0xff, 0xff, 0xff,
    0xb0, 0x5f, 0xff, 0xff, 0xff, 0xff, 0xff, 0xff,
    0xff, 0xfb, 0x0, 0x11, 0x1a, 0xff, 0x11, 0x11,
    0xaf, 0xf1, 0x11, 0x10, 0x0, 0x0, 0xaf, 0xe0,
    0x0, 0xa, 0xfe, 0x0, 0x0, 0x0, 0x0, 0xa,
    0xfe, 0x0, 0x0, 0xaf, 0xe0, 0x0, 0x0, 0x33,
    0x33, 0xbf, 0xf3, 0x33, 0x3b, 0xff, 0x33, 0x33,
    0xf, 0xff, 0xff, 0xff, 0xff, 0xff, 0xff, 0xff,
    0xff, 0xf4, 0xff, 0xff, 0xff, 0xff, 0xff, 0xff,
    0xff, 0xff, 0xff, 0x42, 0x22, 0x2f, 0xfb, 0x22,
    0x22, 0xbf, 0xf2, 0x22, 0x20, 0x0, 0x5, 0xff,
    0x70, 0x0, 0xa, 0xfe, 0x0, 0x0, 0x0, 0x0,
    0xdf, 0xf2, 0x0, 0x0, 0xaf, 0xe0, 0x0, 0x0,
    0x0, 0xaf, 0xfa, 0x0, 0x0, 0xa, 0xfe, 0x0,
    0x0, 0x2, 0xcf, 0xfe, 0x10, 0x0, 0x0, 0xaf,
    0xe0, 0x0, 0x0, 0x8f, 0xfe, 0x30, 0x0, 0x0,
    0xa, 0xfe, 0x0, 0x0, 0x0, 0xac, 0x20, 0x0,
    0x0, 0x0, 0xaf, 0xe0, 0x0, 0x0, 0x0, 0x0,
    0x0, 0x0, 0x0, 0x0, 0x0, 0x0, 0x0, 0x0,

    /* U+5F85 "待" */
    0x0, 0x0, 0x0, 0x0, 0x0, 0x0, 0x0, 0x0,
    0x0, 0x0, 0x0, 0x0, 0xcb, 0x40, 0x0, 0x7,
    0xff, 0x0, 0x0, 0x0, 0x0, 0xb, 0xff, 0x50,
    0x0, 0x7, 0xff, 0x0, 0x0, 0x0, 0x1, 0xcf,
    0xf7, 0x8, 0xff, 0xff, 0xff, 0xff, 0xff, 0x40,
    0x4e, 0xff, 0x70, 0x8, 0xff, 0xff, 0xff, 0xff,
    0xff, 0x40, 0x3f, 0xf6, 0x28, 0x22, 0x33, 0x39,
    0xff, 0x33, 0x33, 0x10, 0x8, 0x30, 0xcf, 0xe0,
    0x0, 0x7, 0xff, 0x0, 0x0, 0x0, 0x0, 0x9,
    0xff, 0xde, 0xee, 0xef, 0xff, 0xee, 0xee, 0xe6,
    0x0, 0x7f, 0xf9, 0xaf, 0xff, 0xff, 0xff, 0xff,
    0xff, 0xf7, 0x8, 0xff, 0xf6, 0x46, 0x66, 0x66,
    0x66, 0xdf, 0xd6, 0x62, 0x9f, 0xff, 0xf6, 0x0,
    0x0, 0x0, 0x0, 0xbf, 0xb0, 0x0, 0x6f, 0xdf,
    0xf6, 0x4f, 0xff, 0xff, 0xff, 0xff, 0xff, 0xf4,
    0xb, 0x1e, 0xf6, 0x4f, 0xff, 0xff, 0xff, 0xff,
    0xff, 0xf4, 0x0, 0xe, 0xf6, 0x2, 0x4a, 0x22,
    0x22, 0xcf, 0xc2, 0x20, 0x0, 0xe, 0xf6, 0x2,
    0xff, 0x80, 0x0, 0xbf, 0xb0, 0x0, 0x0, 0xe,
    0xf6, 0x0, 0x9f, 0xf3, 0x0, 0xbf, 0xb0, 0x0,
    0x0, 0xe, 0xf6, 0x0, 0xe, 0xfc, 0x0, 0xbf,
    0xb0, 0x0, 0x0, 0xe, 0xf6, 0x0, 0x6, 0xb4,
    0x22, 0xcf, 0xb0, 0x0, 0x0, 0xe, 0xf6, 0x0,
    0x0, 0x3, 0xff, 0xff, 0x90, 0x0, 0x0, 0xe,
    0xf6, 0x0, 0x0, 0x0, 0xef, 0xfb, 0x10, 0x0,
    0x0, 0x0, 0x0, 0x0, 0x0, 0x0, 0x0, 0x0,
    0x0, 0x0,

    /* U+611F "感" */
    0x0, 0x0, 0x0, 0x0, 0x0, 0x0, 0x0, 0x0,
    0x0, 0x0, 0x0, 0x0, 0x0, 0x0, 0x0, 0xc,
    0xf7, 0x5e, 0x50, 0x0, 0x0, 0x1, 0x0, 0x0,
    0x0, 0xc, 0xf8, 0x5f, 0xf4, 0x0, 0x0, 0xff,
    0xff, 0xff, 0xff, 0xff, 0xff, 0xff, 0xff, 0xd0,
    0x0, 0xff, 0xee, 0xee, 0xee, 0xef, 0xff, 0xee,
    0xee, 0xb0, 0x0, 0xff, 0x44, 0x44, 0x44, 0x38,
    0xfb, 0x0, 0x84, 0x0, 0x0, 0xff, 0x8f, 0xff,
    0xff, 0xe6, 0xfd, 0x6, 0xfe, 0x0, 0x0, 0xff,
    0x44, 0x44, 0x44, 0x33, 0xff, 0x1e, 0xf7, 0x0,
    0x1, 0xff, 0x5f, 0xff, 0xff, 0xa0, 0xff, 0xcf,
    0xe0, 0x0, 0x4, 0xff, 0x4f, 0xea, 0xbf, 0xb0,
    0xcf, 0xff, 0x56, 0x20, 0x8, 0xfd, 0x3f, 0xa0,
    0x2f, 0xb0, 0x9f, 0xf9, 0xb, 0xf2, 0xd, 0xf9,
    0x3f, 0xeb, 0xcf, 0xca, 0xff, 0xfc, 0x5f, 0xf0,
    0x6f, 0xf4, 0x3e, 0xee, 0xee, 0xbd, 0xfb, 0xff,
    0xff, 0xb0, 0x1c, 0xd0, 0x0, 0x0, 0x18, 0x31,
    0x50, 0x3b, 0xdb, 0x20, 0x1, 0x30, 0x15, 0x51,
    0xaf, 0xe1, 0x0, 0x1, 0x60, 0x0, 0x0, 0xda,
    0x5f, 0xf4, 0xd, 0xfc, 0x0, 0xf, 0xf8, 0x0,
    0x5, 0xff, 0x5f, 0xf4, 0x2, 0xfe, 0x3b, 0xab,
    0xff, 0x10, 0xd, 0xfb, 0x2f, 0xf4, 0x0, 0x30,
    0xe, 0xf6, 0xef, 0x90, 0x4f, 0xf4, 0x1f, 0xff,
    0xdd, 0xdd, 0xef, 0xf1, 0x8e, 0x90, 0x0, 0x50,
    0x6, 0xdf, 0xff, 0xff, 0xfd, 0x50, 0x0, 0x0,

    /* U+6210 "成" */
    0x0, 0x0, 0x0, 0x0, 0x0, 0x0, 0x0, 0x0,
    0x0, 0x0, 0x0, 0x0, 0x0, 0x0, 0x0, 0x7f,
    0xf0, 0xae, 0x50, 0x0, 0x0, 0x0, 0x0, 0x0,
    0x0, 0x7f, 0xf2, 0xcf, 0xfa, 0x0, 0x0, 0x0,
    0x0, 0x0, 0x0, 0x7f, 0xf0, 0x8, 0xfc, 0x0,
    0x0, 0xaf, 0xff, 0xff, 0xff, 0xff, 0xff, 0xff,
    0xff, 0xf6, 0x0, 0xaf, 0xff, 0xff, 0xff, 0xff,
    0xff, 0xff, 0xff, 0xf6, 0x0, 0xaf, 0xf5, 0x55,
    0x55, 0x8f, 0xf8, 0x55, 0x55, 0x52, 0x0, 0xaf,
    0xe0, 0x0, 0x0, 0x2f, 0xf4, 0x1, 0x40, 0x0,
    0x0, 0xaf, 0xe3, 0x33, 0x32, 0x1f, 0xf6, 0x7,
    0xff, 0x20, 0x0, 0xaf, 0xff, 0xff, 0xfa, 0xf,
    0xf8, 0xc, 0xfd, 0x0, 0x0, 0xaf, 0xff, 0xff,
    0xfa, 0xc, 0xfb, 0x3f, 0xf7, 0x0, 0x0, 0xaf,
    0xd0, 0xb, 0xf9, 0xa, 0xfe, 0xcf, 0xf1, 0x0,
    0x0, 0xbf, 0xd0, 0xb, 0xf9, 0x7, 0xff, 0xff,
    0x70, 0x0, 0x0, 0xcf, 0xb0, 0xc, 0xf8, 0x3,
    0xff, 0xfe, 0x0, 0x0, 0x0, 0xef, 0xa4, 0x4f,
    0xf7, 0x0, 0xff, 0xf4, 0x7, 0x91, 0x1, 0xff,
    0x7d, 0xff, 0xf4, 0xb, 0xff, 0xf0, 0x8, 0xf8,
    0x5, 0xff, 0x48, 0xed, 0x81, 0xcf, 0xff, 0xf8,
    0xb, 0xf6, 0xa, 0xff, 0x0, 0x0, 0x5e, 0xff,
    0xbc, 0xff, 0x9f, 0xf3, 0x1f, 0xfb, 0x0, 0x0,
    0xcf, 0xfa, 0x2, 0xff, 0xff, 0xe0, 0x4, 0xe4,
    0x0, 0x0, 0x1c, 0x60, 0x0, 0x3c, 0xfd, 0x30,
    0x0, 0x10, 0x0, 0x0, 0x0, 0x0, 0x0, 0x0,
    0x0, 0x0,

    /* U+62D6 "拖" */
    0x0, 0x0, 0x0, 0x0, 0x0, 0x0, 0x0, 0x0,
    0x0, 0x0, 0x0, 0x2f, 0xf3, 0x0, 0x5, 0xea,
    0x10, 0x0, 0x0, 0x0, 0x0, 0x2f, 0xf3, 0x0,
    0xa, 0xfe, 0x0, 0x0, 0x0, 0x0, 0x0, 0x2f,
    0xf3, 0x0, 0x1f, 0xfc, 0x88, 0x88, 0x88, 0x81,
    0x14, 0x5f, 0xf6, 0x30, 0x9f, 0xff, 0xff, 0xff,
    0xff, 0xf2, 0x4f, 0xff, 0xff, 0xd3, 0xff, 0xca,
    0xaa, 0xaa, 0xaa, 0xa1, 0x4f, 0xff, 0xff, 0xdd,
    0xfe, 0x10, 0x4f, 0xb0, 0x0, 0x0, 0x2, 0x4f,
    0xf5, 0x8f, 0xf5, 0x0, 0x4f, 0xc0, 0x10, 0x0,
    0x0, 0x2f, 0xf3, 0x5, 0xbf, 0xf0, 0x4f, 0xd9,
    0xff, 0x20, 0x0, 0x2f, 0xf3, 0x0, 0x2f, 0xf2,
    0xaf, 0xff, 0xff, 0x20, 0x0, 0x2f, 0xfd, 0xc0,
    0x3f, 0xff, 0xff, 0xf9, 0xff, 0x20, 0x4b, 0xff,
    0xff, 0xfb, 0xff, 0xff, 0xcf, 0xc0, 0xef, 0x20,
    0x4f, 0xff, 0xf8, 0x2c, 0xff, 0xf0, 0x4f, 0xc0,
    0xef, 0x20, 0x18, 0x6f, 0xf3, 0x3, 0x4f, 0xf0,
    0x4f, 0xc3, 0xff, 0x20, 0x0, 0x2f, 0xf3, 0x0,
    0x2f, 0xf0, 0x4f, 0xcc, 0xff, 0x0, 0x0, 0x2f,
    0xf3, 0x0, 0x2f, 0xf0, 0x4f, 0xc6, 0xa6, 0x0,
    0x0, 0x2f, 0xf3, 0x0, 0x2f, 0xf0, 0x3, 0x20,
    0xb, 0xe3, 0x5, 0x6f, 0xf3, 0x0, 0x2f, 0xf3,
    0x11, 0x11, 0x2f, 0xf3, 0xc, 0xff, 0xf1, 0x0,
    0xe, 0xff, 0xff, 0xff, 0xff, 0xe0, 0x8, 0xfd,
    0x50, 0x0, 0x4, 0xce, 0xff, 0xff, 0xec, 0x30,

    /* U+632F "振" */
    0x0, 0x1f, 0xf3, 0x0, 0x0, 0x0, 0x0, 0x0,
    0x0, 0x0, 0x0, 0x1f, 0xf3, 0x3, 0xff, 0xff,
    0xff, 0xff, 0xff, 0xf0, 0x0, 0x1f, 0xf3, 0x3,
    0xff, 0xff, 0xff, 0xff, 0xff, 0xf0, 0x2, 0x4f,
    0xf5, 0x23, 0xff, 0x43, 0x33, 0x33, 0x33, 0x20,
    0x2f, 0xff, 0xff, 0xf3, 0xff, 0x2f, 0xff, 0xff,
    0xff, 0x40, 0x1f, 0xff, 0xff, 0xe3, 0xff, 0x2f,
    0xff, 0xff, 0xff, 0x40, 0x0, 0x1f, 0xf3, 0x3,
    0xff, 0x11, 0x11, 0x11, 0x11, 0x0, 0x0, 0x1f,
    0xf3, 0x3, 0xff, 0x87, 0x77, 0x77, 0x77, 0x71,
    0x0, 0x1f, 0xf3, 0x13, 0xff, 0xff, 0xff, 0xff,
    0xff, 0xf2, 0x0, 0x2f, 0xfe, 0xf4, 0xff, 0xaf,
    0xfb, 0xfd, 0x99, 0x91, 0x4d, 0xff, 0xff, 0xf6,
    0xff, 0x2f, 0xf2, 0xfc, 0x9, 0x30, 0x4f, 0xff,
    0xf9, 0x34, 0xff, 0x1f, 0xf1, 0xdf, 0xaf, 0xf1,
    0x1a, 0x7f, 0xf3, 0x5, 0xff, 0x1f, 0xf1, 0x8f,
    0xfe, 0x40, 0x0, 0x1f, 0xf3, 0x6, 0xfe, 0x1f,
    0xf1, 0x3f, 0xf1, 0x0, 0x0, 0x1f, 0xf3, 0x8,
    0xfc, 0x1f, 0xf1, 0xd, 0xf6, 0x0, 0x0, 0x1f,
    0xf3, 0xb, 0xf9, 0x1f, 0xf5, 0xa8, 0xff, 0x20,
    0x2, 0x4f, 0xf3, 0xf, 0xf6, 0x4f, 0xff, 0xf4,
    0xdf, 0xe2, 0x8, 0xff, 0xf1, 0x7f, 0xf1, 0xcf,
    0xfe, 0x81, 0x3f, 0xd0, 0x4, 0xfe, 0x70, 0x1b,
    0xb0, 0x4e, 0x60, 0x0, 0x4, 0x20, 0x0, 0x0,
    0x0, 0x0, 0x10, 0x0, 0x0, 0x0, 0x0, 0x0,

    /* U+63D0 "提" */
    0x0, 0x3f, 0xf0, 0x0, 0x0, 0x0, 0x0, 0x0,
    0x0, 0x0, 0x0, 0x3f, 0xf0, 0x0, 0xef, 0xff,
    0xff, 0xff, 0xff, 0x10, 0x0, 0x3f, 0xf0, 0x0,
    0xef, 0xcb, 0xbb, 0xbc, 0xff, 0x10, 0x1, 0x4f,
    0xf2, 0x10, 0xef, 0xb9, 0x99, 0x9b, 0xff, 0x10,
    0x5f, 0xff, 0xff, 0xf0, 0xef, 0xff, 0xff, 0xff,
    0xff, 0x10, 0x5f, 0xff, 0xff, 0xf0, 0xef, 0x40,
    0x0, 0x4, 0xff, 0x10, 0x1, 0x4f, 0xf1, 0x10,
    0xef, 0xff, 0xff, 0xff, 0xff, 0x10, 0x0, 0x3f,
    0xf0, 0x0, 0x9a, 0xaa, 0xaa, 0xaa, 0xaa, 0x0,
    0x0, 0x3f, 0xf5, 0x8b, 0xbb, 0xbb, 0xbb, 0xbb,
    0xbb, 0xa0, 0x3, 0x9f, 0xff, 0xef, 0xff, 0xff,
    0xff, 0xff, 0xff, 0xe0, 0x7f, 0xff, 0xff, 0xa3,
    0x33, 0x36, 0xff, 0x33, 0x33, 0x30, 0x3f, 0xff,
    0xf0, 0x0, 0xce, 0x54, 0xff, 0x0, 0x0, 0x0,
    0x4, 0x3f, 0xf0, 0x0, 0xef, 0x34, 0xff, 0xdd,
    0xdd, 0x0, 0x0, 0x3f, 0xf0, 0x2, 0xff, 0x24,
    0xff, 0xff, 0xff, 0x0, 0x0, 0x3f, 0xf0, 0x6,
    0xff, 0x94, 0xff, 0x0, 0x0, 0x0, 0x0, 0x3f,
    0xf0, 0xc, 0xff, 0xf8, 0xff, 0x0, 0x0, 0x0,
    0x2, 0x5f, 0xf0, 0x5f, 0xf5, 0xff, 0xff, 0x11,
    0x11, 0x10, 0xe, 0xff, 0xe2, 0xff, 0x80, 0x6f,
    0xff, 0xff, 0xff, 0xf3, 0xa, 0xfd, 0x40, 0x9c,
    0x0, 0x3, 0xad, 0xff, 0xff, 0xe0, 0x0, 0x0,
    0x0, 0x0, 0x0, 0x0, 0x0, 0x0, 0x0, 0x0,

    /* U+6574 "整" */
    0x0, 0x0, 0x5f, 0xc0, 0x0, 0x0, 0xab, 0x40,
    0x0, 0x0, 0xf, 0xff, 0xff, 0xff, 0xff, 0x41,
    0xff, 0x40, 0x0, 0x0, 0xa, 0xbb, 0xcf, 0xfb,
    0xbb, 0x38, 0xff, 0xee, 0xee, 0xe1, 0x5, 0x77,
    0xaf, 0xe7, 0x76, 0x2f, 0xff, 0xff, 0xff, 0xf1,
    0xb, 0xff, 0xff, 0xff, 0xff, 0xdf, 0xf9, 0x2c,
    0xfa, 0x20, 0xb, 0xf5, 0x7f, 0xd5, 0xfe, 0xbe,
    0xef, 0x5f, 0xf3, 0x0, 0xb, 0xff, 0xff, 0xff,
    0xfe, 0x2, 0x5f, 0xff, 0x90, 0x0, 0x1, 0x2b,
    0xff, 0xef, 0xb2, 0x0, 0x4f, 0xff, 0x70, 0x0,
    0x5, 0xdf, 0xdf, 0xd9, 0xfa, 0x5b, 0xff, 0xdf,
    0xfe, 0x81, 0x1c, 0xf7, 0x5f, 0xc0, 0x52, 0x9f,
    0xd5, 0x3, 0xcf, 0xc0, 0x1, 0xa9, 0xac, 0xc9,
    0x99, 0x9d, 0x99, 0x99, 0x9c, 0x20, 0x0, 0xff,
    0xff, 0xff, 0xff, 0xff, 0xff, 0xff, 0xfe, 0x0,
    0x0, 0x55, 0x55, 0x55, 0x8f, 0xf7, 0x55, 0x55,
    0x55, 0x0, 0x0, 0x4, 0xdd, 0x10, 0x3f, 0xfa,
    0x99, 0x99, 0x20, 0x0, 0x0, 0x5, 0xff, 0x20,
    0x3f, 0xff, 0xff, 0xff, 0x40, 0x0, 0x0, 0x5,
    0xff, 0x20, 0x3f, 0xf4, 0x22, 0x22, 0x0, 0x0,
    0x1d, 0xde, 0xff, 0xdd, 0xdf, 0xfd, 0xdd, 0xdd,
    0xdd, 0xd2, 0x2f, 0xff, 0xff, 0xff, 0xff, 0xff,
    0xff, 0xff, 0xff, 0xf2, 0x2f, 0xff, 0xff, 0xff,
    0xff, 0xff, 0xff, 0xff, 0xff, 0xf2,

    /* U+65E0 "无" */
    0x0, 0xce, 0xee, 0xee, 0xee, 0xee, 0xee, 0xee,
    0xee, 0x10, 0x0, 0xef, 0xff, 0xff, 0xff, 0xff,
    0xff, 0xff, 0xff, 0x10, 0x0, 0x56, 0x66, 0x66,
    0xcf, 0xe6, 0x66, 0x66, 0x66, 0x0, 0x0, 0x0,
    0x0, 0x0, 0xaf, 0xc0, 0x0, 0x0, 0x0, 0x0,
    0x0, 0x0, 0x0, 0x0, 0xbf, 0xb0, 0x0, 0x0,
    0x0, 0x0, 0x0, 0x0, 0x0, 0x0, 0xcf, 0xa0,
    0x0, 0x0, 0x0, 0x0, 0x1f, 0xff, 0xff, 0xff,
    0xff, 0xff, 0xff, 0xff, 0xff, 0xf3, 0x1f, 0xff,
    0xff, 0xff, 0xff, 0xff, 0xff, 0xff, 0xff, 0xf3,
    0x6, 0x66, 0x66, 0x69, 0xff, 0xff, 0xc6, 0x66,
    0x66, 0x61, 0x0, 0x0, 0x0, 0x9, 0xff, 0xff,
    0x90, 0x0, 0x0, 0x0, 0x0, 0x0, 0x0, 0xe,
    0xfb, 0xff, 0x90, 0x0, 0x0, 0x0, 0x0, 0x0,
    0x0, 0x7f, 0xf5, 0xff, 0x90, 0x0, 0x0, 0x0,
    0x0, 0x0, 0x2, 0xff, 0xd0, 0xff, 0x90, 0x0,
    0x4, 0x0, 0x0, 0x0, 0x1d, 0xff, 0x40, 0xff,
    0x90, 0x0, 0xf, 0xd3, 0x0, 0x2, 0xdf, 0xf9,
    0x0, 0xff, 0x90, 0x0, 0xf, 0xf4, 0x0, 0x7f,
    0xff, 0xa0, 0x0, 0xef, 0xd5, 0x55, 0x9f, 0xf2,
    0x1e, 0xff, 0xf8, 0x0, 0x0, 0xaf, 0xff, 0xff,
    0xff, 0xd0, 0x7, 0xfd, 0x40, 0x0, 0x0, 0x2b,
    0xff, 0xff, 0xfc, 0x30, 0x0, 0x40, 0x0, 0x0,
    0x0, 0x0, 0x0, 0x0, 0x0, 0x0,

    /* U+662F "是" */
    0x0, 0xf, 0xff, 0xff, 0xff, 0xff, 0xff, 0xff,
    0xf0, 0x0, 0x0, 0xf, 0xfd, 0xbb, 0xbb, 0xbb,
    0xbb, 0xdf, 0xf0, 0x0, 0x0, 0xf, 0xfc, 0xaa,
    0xaa, 0xaa, 0xaa, 0xcf, 0xf0, 0x0, 0x0, 0xf,
    0xff, 0xff, 0xff, 0xff, 0xff, 0xff, 0xf0, 0x0,
    0x0, 0xf, 0xf6, 0x0, 0x0, 0x0, 0x0, 0x8f,
    0xf0, 0x0, 0x0, 0xf, 0xff, 0xff, 0xff, 0xff,
    0xff, 0xff, 0xf0, 0x0, 0x0, 0xa, 0xaa, 0xaa,
    0xaa, 0xaa, 0xaa, 0xaa, 0xa0, 0x0, 0x3, 0x33,
    0x33, 0x33, 0x33, 0x33, 0x33, 0x33, 0x33, 0x20,
    0xe, 0xff, 0xff, 0xff, 0xff, 0xff, 0xff, 0xff,
    0xff, 0xd0, 0xc, 0xee, 0xee, 0xee, 0xef, 0xff,
    0xee, 0xee, 0xee, 0xb0, 0x0, 0x0, 0xca, 0x40,
    0xf, 0xf6, 0x0, 0x0, 0x0, 0x0, 0x0, 0x3,
    0xff, 0x50, 0xf, 0xff, 0xff, 0xff, 0xf8, 0x0,
    0x0, 0x8, 0xff, 0x50, 0xf, 0xff, 0xff, 0xff,
    0xf8, 0x0, 0x0, 0x1f, 0xff, 0xe2, 0xf, 0xf7,
    0x22, 0x22, 0x21, 0x0, 0x0, 0xbf, 0xff, 0xff,
    0x8f, 0xf6, 0x0, 0x0, 0x0, 0x0, 0xb, 0xff,
    0xb6, 0xff, 0xff, 0xfe, 0xdd, 0xdd, 0xdd, 0xd3,
    0x3f, 0xfe, 0x10, 0x6f, 0xff, 0xff, 0xff, 0xff,
    0xff, 0xe0, 0x6, 0xf3, 0x0, 0x1, 0x7b, 0xdf,
    0xff, 0xff, 0xff, 0xa0, 0x0, 0x10, 0x0, 0x0,
    0x0, 0x0, 0x0, 0x0, 0x0, 0x0,

    /* U+6670 "晰" */
    0x0, 0x0, 0x0, 0x4, 0xfc, 0x0, 0x0, 0x8,
    0x80, 0xa, 0xdc, 0xcb, 0x0, 0x4f, 0xc0, 0x2,
    0x8e, 0xff, 0x90, 0xdf, 0xff, 0xf0, 0x4, 0xfc,
    0x1, 0xff, 0xfd, 0x70, 0xd, 0xf4, 0xff, 0x0,
    0x4f, 0xc0, 0x1f, 0xf3, 0x0, 0x0, 0xdf, 0xe,
    0xf1, 0xef, 0xff, 0xe6, 0xff, 0x0, 0x0, 0xd,
    0xf0, 0xef, 0x1f, 0xff, 0xff, 0x7f, 0xf0, 0x0,
    0x0, 0xdf, 0xe, 0xf0, 0x19, 0xfc, 0x12, 0xff,
    0xbb, 0xbb, 0x3d, 0xff, 0xff, 0x0, 0xcf, 0xe1,
    0x1f, 0xff, 0xff, 0xf5, 0xdf, 0xff, 0xf0, 0x1f,
    0xff, 0xb2, 0xff, 0x7f, 0xf6, 0x2d, 0xf1, 0xff,
    0x7, 0xff, 0xff, 0x9f, 0xe1, 0xff, 0x0, 0xdf,
    0xe, 0xf0, 0xef, 0xfd, 0xf9, 0xfd, 0x1f, 0xf0,
    0xd, 0xf0, 0xef, 0x6f, 0xff, 0xc4, 0x4f, 0xc1,
    0xff, 0x0, 0xdf, 0xe, 0xfe, 0xfa, 0xfc, 0x5,
    0xfb, 0x1f, 0xf0, 0xd, 0xff, 0xff, 0xff, 0x5f,
    0xc0, 0x7f, 0x91, 0xff, 0x0, 0xdf, 0xff, 0xf2,
    0x64, 0xfc, 0xa, 0xf7, 0x1f, 0xf0, 0xd, 0xf1,
    0x11, 0x0, 0x4f, 0xc0, 0xef, 0x31, 0xff, 0x0,
    0x79, 0x0, 0x0, 0x4, 0xfc, 0x2f, 0xf0, 0x1f,
    0xf0, 0x0, 0x0, 0x0, 0x0, 0x4f, 0xc8, 0xfb,
    0x1, 0xff, 0x0, 0x0, 0x0, 0x0, 0x4, 0xfc,
    0x9, 0x50, 0x1f, 0xf0, 0x0, 0x0, 0x0, 0x0,
    0x0, 0x0, 0x0, 0x0, 0x0, 0x0,

    /* U+6700 "最" */
    0x0, 0xe, 0xff, 0xff, 0xff, 0xff, 0xff, 0xff,
    0x70, 0x0, 0x0, 0xe, 0xfb, 0x99, 0x99, 0x99,
    0x99, 0xff, 0x70, 0x0, 0x0, 0xe, 0xfd, 0xbb,
    0xbb, 0xbb, 0xbb, 0xff, 0x70, 0x0, 0x0, 0xe,
    0xfc, 0xaa, 0xaa, 0xaa, 0xaa, 0xff, 0x70, 0x0,
    0x0, 0xe, 0xfc, 0x99, 0x99, 0x99, 0x99, 0xff,
    0x70, 0x0, 0x0, 0xd, 0xff, 0xff, 0xff, 0xff,
    0xff, 0xff, 0x60, 0x0, 0x39, 0x99, 0x99, 0x99,
    0x99, 0x99, 0x99, 0x99, 0x99, 0x60, 0x5f, 0xff,
    0xff, 0xff, 0xff, 0xff, 0xff, 0xff, 0xff, 0xb0,
    0x15, 0xbf, 0xb5, 0x5f, 0xf9, 0x55, 0x55, 0x55,
    0x55, 0x30, 0x0, 0x9f, 0xec, 0xcf, 0xf5, 0x8d,
    0xdd, 0xdd, 0xec, 0x30, 0x0, 0x9f, 0xff, 0xff,
    0xf5, 0xaf, 0xff, 0xff, 0xff, 0x30, 0x0, 0x9f,
    0xa1, 0x1f, 0xf5, 0x5f, 0xd3, 0x38, 0xfc, 0x0,
    0x0, 0x9f, 0xff, 0xff, 0xf5, 0xe, 0xf6, 0x1e,
    0xf5, 0x0, 0x0, 0x9f, 0xda, 0xaf, 0xf5, 0x5,
    0xff, 0xdf, 0xb0, 0x0, 0x1, 0xaf, 0xc7, 0x8f,
    0xfe, 0x40, 0x9f, 0xff, 0x10, 0x0, 0x5f, 0xff,
    0xff, 0xff, 0xff, 0x57, 0xef, 0xff, 0xe8, 0x20,
    0x3f, 0xdc, 0xa8, 0x6f, 0xf6, 0xbf, 0xfa, 0x6e,
    0xff, 0xb0, 0x0, 0x0, 0x0, 0xe, 0xf5, 0x3b,
    0x30, 0x0, 0x7c, 0x10,

    /* U+672C "本" */
    0x0, 0x0, 0x0, 0x0, 0x7f, 0xf1, 0x0, 0x0,
    0x0, 0x0, 0x0, 0x0, 0x0, 0x0, 0x7f, 0xf1,
    0x0, 0x0, 0x0, 0x0, 0x0, 0x0, 0x0, 0x0,
    0x7f, 0xf1, 0x0, 0x0, 0x0, 0x0, 0x1, 0x11,
    0x11, 0x11, 0x8f, 0xf2, 0x11, 0x11, 0x11, 0x10,
    0xf, 0xff, 0xff, 0xff, 0xff, 0xff, 0xff, 0xff,
    0xff, 0xa0, 0xf, 0xff, 0xff, 0xff, 0xff, 0xff,
    0xff, 0xff, 0xff, 0xa0, 0x5, 0x55, 0x57, 0xff,
    0xdf, 0xfe, 0xfd, 0x55, 0x55, 0x30, 0x0, 0x0,
    0x9, 0xfe, 0x7f, 0xf7, 0xff, 0x20, 0x0, 0x0,
    0x0, 0x0, 0x2f, 0xf8, 0x7f, 0xf1, 0xef, 0xb0,
    0x0, 0x0, 0x0, 0x0, 0xbf, 0xf1, 0x7f, 0xf1,
    0x7f, 0xf5, 0x0, 0x0, 0x0, 0x6, 0xff, 0x70,
    0x7f, 0xf1, 0xe, 0xfe, 0x10, 0x0, 0x0, 0x3f,
    0xfd, 0x0, 0x7f, 0xf1, 0x5, 0xff, 0xd0, 0x0,
    0x2, 0xef, 0xf4, 0x0, 0x8f, 0xf2, 0x0, 0xbf,
    0xfc, 0x10, 0x4f, 0xff, 0xff, 0xff, 0xff, 0xff,
    0xff, 0xff, 0xff, 0xd0, 0x2e, 0xf8, 0xbf, 0xff,
    0xff, 0xff, 0xff, 0xf5, 0xef, 0x50, 0x3, 0x70,
    0x46, 0x66, 0xbf, 0xf7, 0x66, 0x61, 0x16, 0x0,
    0x0, 0x0, 0x0, 0x0, 0x7f, 0xf1, 0x0, 0x0,
    0x0, 0x0, 0x0, 0x0, 0x0, 0x0, 0x7f, 0xf1,
    0x0, 0x0, 0x0, 0x0, 0x0, 0x0, 0x0, 0x0,
    0x7f, 0xf1, 0x0, 0x0, 0x0, 0x0,

    /* U+67E5 "查" */
    0x0, 0x0, 0x0, 0x0, 0x4f, 0xf2, 0x0, 0x0,
    0x0, 0x0, 0x0, 0x0, 0x0, 0x0, 0x4f, 0xf2,
    0x0, 0x0, 0x0, 0x0, 0xe, 0xff, 0xff, 0xff,
    0xff, 0xff, 0xff, 0xff, 0xff, 0xf0, 0xf, 0xff,
    0xff, 0xff, 0xff, 0xff, 0xff, 0xff, 0xff, 0xf0,
    0x1, 0x22, 0x24, 0xef, 0xff, 0xff, 0xfd, 0x32,
    0x22, 0x20, 0x0, 0x0, 0x4e, 0xfe, 0x6f, 0xf5,
    0xff, 0xe4, 0x0, 0x0, 0x0, 0x2a, 0xff, 0xe2,
    0x4f, 0xf2, 0x3e, 0xff, 0xb3, 0x0, 0x2a, 0xff,
    0xfc, 0x10, 0x2b, 0xb1, 0x1, 0xcf, 0xff, 0xd2,
    0xc, 0xff, 0xfa, 0xaa, 0xaa, 0xaa, 0xaa, 0xad,
    0xef, 0xa0, 0x2, 0x81, 0xef, 0xff, 0xff, 0xff,
    0xff, 0xfc, 0x6, 0x0, 0x0, 0x0, 0xef, 0x70,
    0x0, 0x0, 0xc, 0xfc, 0x0, 0x0, 0x0, 0x0,
    0xef, 0xff, 0xff, 0xff, 0xff, 0xfc, 0x0, 0x0,
    0x0, 0x0, 0xef, 0xc9, 0x99, 0x99, 0x9e, 0xfc,
    0x0, 0x0, 0x0, 0x0, 0xef, 0xb6, 0x66, 0x66,
    0x6d, 0xfc, 0x0, 0x0, 0x0, 0x0, 0xef, 0xff,
    0xff, 0xff, 0xff, 0xfc, 0x0, 0x0, 0x0, 0x0,
    0x22, 0x22, 0x22, 0x22, 0x22, 0x21, 0x0, 0x0,
    0xb, 0xff, 0xff, 0xff, 0xff, 0xff, 0xff, 0xff,
    0xff, 0xc0, 0xc, 0xff, 0xff, 0xff, 0xff, 0xff,
    0xff, 0xff, 0xff, 0xc0, 0x1, 0x22, 0x22, 0x22,
    0x22, 0x22, 0x22, 0x22, 0x22, 0x10,

    /* U+6807 "标" */
    0x0, 0x7, 0xfe, 0x0, 0x0, 0x0, 0x0, 0x0,
    0x0, 0x0, 0x0, 0x7, 0xfe, 0x0, 0x7, 0xff,
    0xff, 0xff, 0xff, 0x40, 0x0, 0x7, 0xfe, 0x0,
    0x8, 0xff, 0xff, 0xff, 0xff, 0x40, 0x3, 0x39,
    0xff, 0x33, 0x2, 0x44, 0x44, 0x44, 0x44, 0x10,
    0x3f, 0xff, 0xff, 0xff, 0x40, 0x0, 0x0, 0x0,
    0x0, 0x0, 0x3f, 0xff, 0xff, 0xff, 0x41, 0x11,
    0x11, 0x11, 0x11, 0x10, 0x1, 0x1f, 0xff, 0x21,
    0x7f, 0xff, 0xff, 0xff, 0xff, 0xf6, 0x0, 0x4f,
    0xff, 0xc0, 0x7f, 0xff, 0xff, 0xff, 0xff, 0xf6,
    0x0, 0x9f, 0xff, 0xf9, 0x12, 0x22, 0x9f, 0xf2,
    0x22, 0x21, 0x0, 0xff, 0xff, 0xef, 0x50, 0x0,
    0x8f, 0xe0, 0x0, 0x0, 0x6, 0xff, 0xfe, 0x6f,
    0x29, 0xa4, 0x8f, 0xe1, 0x9b, 0x0, 0xe, 0xfb,
    0xfe, 0x5, 0xe, 0xf6, 0x8f, 0xe1, 0xff, 0x20,
    0x6f, 0xe7, 0xfe, 0x0, 0x3f, 0xf1, 0x8f, 0xe0,
    0xcf, 0x80, 0x1f, 0x77, 0xfe, 0x0, 0x9f, 0xc0,
    0x8f, 0xe0, 0x7f, 0xd0, 0x8, 0x7, 0xfe, 0x1,
    0xff, 0x50, 0x8f, 0xe0, 0x2f, 0xf2, 0x0, 0x7,
    0xfe, 0x9, 0xfe, 0x0, 0x8f, 0xe0, 0xe, 0xf6,
    0x0, 0x7, 0xfe, 0x4, 0xd7, 0x47, 0xcf, 0xe0,
    0xa, 0xf6, 0x0, 0x7, 0xfe, 0x0, 0x0, 0x6f,
    0xff, 0xc0, 0x2, 0x0, 0x0, 0x7, 0xfe, 0x0,
    0x0, 0x2f, 0xfb, 0x20, 0x0, 0x0, 0x0, 0x0,
    0x11, 0x0, 0x0, 0x0, 0x0, 0x0, 0x0, 0x0,

    /* U+68C0 "检" */
    0x0, 0x0, 0x0, 0x0, 0x0, 0x0, 0x10, 0x0,
    0x0, 0x0, 0x0, 0xe, 0xf4, 0x0, 0x0, 0x4,
    0xfb, 0x10, 0x0, 0x0, 0x0, 0xe, 0xf4, 0x0,
    0x0, 0x1d, 0xff, 0x30, 0x0, 0x0, 0x0, 0xe,
    0xf4, 0x0, 0x0, 0xbf, 0xff, 0xf3, 0x0, 0x0,
    0x16, 0x6f, 0xf9, 0x50, 0xa, 0xff, 0x5c, 0xff,
    0x60, 0x0, 0x4f, 0xff, 0xff, 0xd0, 0xbf, 0xf6,
    0x1, 0xcf, 0xfa, 0x10, 0x3c, 0xcf, 0xfd, 0xdd,
    0xff, 0x70, 0x0, 0xa, 0xff, 0xf5, 0x0, 0x4f,
    0xf6, 0xdf, 0xfe, 0xff, 0xff, 0xff, 0xdf, 0xf2,
    0x0, 0x8f, 0xff, 0x4e, 0x5a, 0xff, 0xff, 0xff,
    0x73, 0x80, 0x0, 0xdf, 0xff, 0xb0, 0x0, 0x11,
    0x11, 0x11, 0x0, 0x0, 0x3, 0xff, 0xfe, 0xf6,
    0x25, 0x2, 0xb8, 0x0, 0x8a, 0x30, 0xa, 0xff,
    0xf7, 0xe2, 0xff, 0x1, 0xfd, 0x0, 0xef, 0x30,
    0x2f, 0xef, 0xf4, 0x20, 0xbf, 0x40, 0xef, 0x4,
    0xfc, 0x0, 0x5f, 0x9e, 0xf4, 0x0, 0x7f, 0x80,
    0xcf, 0x3a, 0xf6, 0x0, 0xd, 0x2e, 0xf4, 0x0,
    0x4f, 0xc0, 0xaf, 0x6f, 0xe0, 0x0, 0x2, 0xe,
    0xf4, 0x0, 0x1b, 0x60, 0x10, 0x8f, 0x70, 0x0,
    0x0, 0xe, 0xf4, 0x2, 0x22, 0x22, 0x22, 0xef,
    0x22, 0x10, 0x0, 0xe, 0xf4, 0x1f, 0xff, 0xff,
    0xff, 0xff, 0xff, 0xd0, 0x0, 0xe, 0xf4, 0x1f,
    0xff, 0xff, 0xff, 0xff, 0xff, 0xd0, 0x0, 0xe,
    0xf4, 0x0, 0x0, 0x0, 0x0, 0x0, 0x0, 0x0,

    /* U+6E05 "清" */
    0x0, 0x43, 0x0, 0x0, 0x0, 0xe, 0xf7, 0x0,
    0x0, 0x0, 0x3, 0xff, 0xa1, 0x6a, 0xaa, 0xaf,
    0xfd, 0xaa, 0xaa, 0x30, 0x2, 0xbf, 0xfc, 0xaf,
    0xff, 0xff, 0xff, 0xff, 0xff, 0x40, 0x0, 0x7,
    0xf3, 0x2, 0x22, 0x2f, 0xf9, 0x22, 0x22, 0x0,
    0x0, 0x0, 0x10, 0xf, 0xff, 0xff, 0xff, 0xff,
    0xfc, 0x0, 0x2, 0x20, 0x0, 0x7, 0x88, 0x8f,
    0xfb, 0x88, 0x86, 0x0, 0x1e, 0xf8, 0x3, 0xaa,
    0xaa, 0xaf, 0xfd, 0xaa, 0xaa, 0xa1, 0x3e, 0xff,
    0xe7, 0xff, 0xff, 0xff, 0xff, 0xff, 0xff, 0xf2,
    0x0, 0x9f, 0xa0, 0x11, 0x11, 0x11, 0x11, 0x12,
    0x11, 0x10, 0x0, 0x5, 0x10, 0xc, 0xff, 0xff,
    0xff, 0xff, 0xfb, 0x0, 0x0, 0x0, 0x0, 0xc,
    0xfd, 0xbb, 0xbb, 0xbe, 0xfb, 0x0, 0x0, 0x4,
    0xe4, 0xc, 0xfb, 0x66, 0x66, 0x6b, 0xfb, 0x0,
    0x0, 0xb, 0xfc, 0xc, 0xff, 0xff, 0xff, 0xff,
    0xfb, 0x0, 0x0, 0x2f, 0xf6, 0xc, 0xf8, 0x11,
    0x11, 0x19, 0xfb, 0x0, 0x0, 0x9f, 0xf1, 0xc,
    0xff, 0xff, 0xff, 0xff, 0xfb, 0x0, 0x1, 0xff,
    0x90, 0xc, 0xfd, 0xbb, 0xbb, 0xbe, 0xfb, 0x0,
    0x9, 0xff, 0x30, 0xc, 0xf7, 0x0, 0x0, 0x9,
    0xfb, 0x0, 0x6, 0xfc, 0x0, 0xc, 0xf7, 0x0,
    0xd, 0xff, 0xfa, 0x0, 0x0, 0x13, 0x0, 0xc,
    0xf7, 0x0, 0x8, 0xfe, 0xb2, 0x0,

    /* U+6ED1 "滑" */
    0x0, 0x3, 0x0, 0x0, 0x0, 0x0, 0x0, 0x0,
    0x0, 0x0, 0x0, 0x9f, 0x90, 0x6, 0xff, 0xff,
    0xff, 0xff, 0xf1, 0x0, 0x0, 0x9f, 0xfd, 0x36,
    0xff, 0xdd, 0xdd, 0xdf, 0xf1, 0x0, 0x0, 0x5,
    0xef, 0x36, 0xff, 0x88, 0x86, 0x2f, 0xf1, 0x0,
    0x0, 0x0, 0x23, 0x6, 0xff, 0xff, 0xfc, 0x2f,
    0xf1, 0x0, 0x0, 0x0, 0x0, 0x6, 0xfe, 0x2,
    0xfc, 0x2f, 0xf1, 0x0, 0x6, 0xd5, 0x4, 0xff,
    0xff, 0xff, 0xff, 0xff, 0xff, 0xf1, 0x1f, 0xff,
    0xb6, 0xff, 0xee, 0xee, 0xee, 0xee, 0xef, 0xf2,
    0x2, 0xcf, 0xf7, 0xfe, 0x0, 0x0, 0x0, 0x1,
    0x3f, 0xf2, 0x0, 0x7, 0x54, 0xef, 0xff, 0xff,
    0xff, 0xff, 0xff, 0xe1, 0x0, 0x0, 0x0, 0x7,
    0xff, 0xcc, 0xcc, 0xdf, 0xf3, 0x0, 0x0, 0x0,
    0xa5, 0x7, 0xfe, 0x66, 0x66, 0x6f, 0xf3, 0x0,
    0x0, 0x3, 0xff, 0x47, 0xff, 0xff, 0xff, 0xff,
    0xf3, 0x0, 0x0, 0xa, 0xfe, 0x7, 0xfd, 0x22,
    0x22, 0x3f, 0xf3, 0x0, 0x0, 0x2f, 0xf7, 0x7,
    0xff, 0xff, 0xff, 0xff, 0xf3, 0x0, 0x0, 0xaf,
    0xf1, 0x7, 0xff, 0xaa, 0xaa, 0xbf, 0xf3, 0x0,
    0x3, 0xff, 0x90, 0x7, 0xfd, 0x0, 0x0, 0x1f,
    0xf3, 0x0, 0x3, 0xdf, 0x10, 0x7, 0xfd, 0x0,
    0xc, 0xdf, 0xf2, 0x0, 0x0, 0x5, 0x0, 0x7,
    0xfd, 0x0, 0xa, 0xfe, 0x80, 0x0, 0x0, 0x0,
    0x0, 0x0, 0x0, 0x0, 0x0, 0x0, 0x0, 0x0,

    /* U+70B9 "点" */
    0x0, 0x0, 0x0, 0x0, 0x5f, 0xf2, 0x0, 0x0,
    0x0, 0x0, 0x0, 0x0, 0x0, 0x0, 0x5f, 0xf5,
    0x33, 0x33, 0x33, 0x10, 0x0, 0x0, 0x0, 0x0,
    0x5f, 0xff, 0xff, 0xff, 0xff, 0x50, 0x0, 0x0,
    0x0, 0x0, 0x5f, 0xff, 0xff, 0xff, 0xff, 0x50,
    0x0, 0x0, 0x0, 0x0, 0x5f, 0xf2, 0x0, 0x0,
    0x0, 0x0, 0x0, 0x1, 0x11, 0x11, 0x6f, 0xf3,
    0x11, 0x11, 0x10, 0x0, 0x0, 0xf, 0xff, 0xff,
    0xff, 0xff, 0xff, 0xff, 0xf0, 0x0, 0x0, 0xf,
    0xff, 0xff, 0xff, 0xff, 0xff, 0xff, 0xf0, 0x0,
    0x0, 0xf, 0xf7, 0x22, 0x22, 0x22, 0x22, 0x8f,
    0xf0, 0x0, 0x0, 0xf, 0xf5, 0x0, 0x0, 0x0,
    0x0, 0x7f, 0xf0, 0x0, 0x0, 0xf, 0xf8, 0x44,
    0x44, 0x44, 0x44, 0x9f, 0xf0, 0x0, 0x0, 0xf,
    0xff, 0xff, 0xff, 0xff, 0xff, 0xff, 0xf0, 0x0,
    0x0, 0xe, 0xff, 0xff, 0xff, 0xff, 0xff, 0xff,
    0xf0, 0x0, 0x0, 0x2, 0x0, 0x0, 0x0, 0x0,
    0x0, 0x0, 0x40, 0x0, 0x0, 0x3f, 0xe3, 0x5a,
    0x80, 0x3b, 0xd0, 0x2e, 0xf6, 0x0, 0x0, 0xcf,
    0xe0, 0x7f, 0xe0, 0x1f, 0xf6, 0xa, 0xff, 0x10,
    0x6, 0xff, 0x60, 0x5f, 0xf1, 0xa, 0xfc, 0x1,
    0xff, 0xb0, 0x2f, 0xfc, 0x0, 0x4f, 0xf2, 0x6,
    0xff, 0x10, 0x8f, 0xf2, 0x2, 0x91, 0x0, 0x29,
    0x71, 0x1, 0x72, 0x0, 0x18, 0x20,

    /* U+70C1 "烁" */
    0x0, 0x0, 0x0, 0x0, 0x0, 0x0, 0x0, 0x0,
    0x0, 0x0, 0x0, 0xa, 0xf6, 0x0, 0x0, 0x12,
    0x45, 0x7a, 0xec, 0x0, 0x0, 0xa, 0xf6, 0x0,
    0x4f, 0xff, 0xff, 0xff, 0xff, 0x40, 0x0, 0xa,
    0xf6, 0x0, 0x4f, 0xfe, 0xdc, 0xa8, 0x52, 0x0,
    0x0, 0xa, 0xf6, 0x73, 0x5f, 0xd0, 0x2, 0x20,
    0x0, 0x0, 0xa, 0x8a, 0xf6, 0xee, 0x7f, 0xc0,
    0x6f, 0xf0, 0x0, 0x0, 0xd, 0xba, 0xf7, 0xf9,
    0x9f, 0x90, 0x6f, 0xf0, 0x0, 0x0, 0xf, 0xaa,
    0xfa, 0xf5, 0xcf, 0x70, 0x6f, 0xf0, 0x0, 0x0,
    0x1f, 0x8a, 0xfa, 0xe3, 0xff, 0xff, 0xff, 0xff,
    0xff, 0xf0, 0x5f, 0x5b, 0xf5, 0x0, 0xff, 0xff,
    0xff, 0xff, 0xff, 0xf0, 0x17, 0x1c, 0xf4, 0x0,
    0x54, 0x33, 0x8f, 0xf3, 0x33, 0x30, 0x0, 0xd,
    0xf3, 0x0, 0x0, 0x0, 0x6f, 0xf0, 0x0, 0x0,
    0x0, 0xf, 0xf7, 0x0, 0x6, 0xb5, 0x6f, 0xf3,
    0xcb, 0x0, 0x0, 0x3f, 0xff, 0x30, 0xc, 0xf8,
    0x6f, 0xf2, 0xff, 0x20, 0x0, 0x7f, 0xff, 0xe1,
    0x2f, 0xf2, 0x6f, 0xf0, 0xcf, 0x80, 0x0, 0xdf,
    0x7c, 0xf6, 0xaf, 0xb0, 0x6f, 0xf0, 0x6f, 0xe0,
    0x5, 0xff, 0x12, 0x95, 0xff, 0x30, 0x6f, 0xf0,
    0x1f, 0xf2, 0x1e, 0xf9, 0x0, 0x1, 0xea, 0x24,
    0x9f, 0xf0, 0xd, 0xd3, 0x1c, 0xe1, 0x0, 0x0,
    0x21, 0x5f, 0xff, 0xd0, 0x2, 0x0, 0x1, 0x30,
    0x0, 0x0, 0x0, 0xf, 0xfc, 0x40, 0x0, 0x0,

    /* U+73AF "环" */
    0x0, 0x0, 0x0, 0x0, 0x11, 0x11, 0x11, 0x11,
    0x11, 0x10, 0x5f, 0xff, 0xff, 0xf4, 0xff, 0xff,
    0xff, 0xff, 0xff, 0xf2, 0x5f, 0xff, 0xff, 0xf4,
    0xff, 0xff, 0xff, 0xff, 0xff, 0xf2, 0x2, 0x5f,
    0xf2, 0x20, 0x22, 0x22, 0xdf, 0xe2, 0x22, 0x20,
    0x0, 0x3f, 0xf0, 0x0, 0x0, 0x2, 0xff, 0x80,
    0x0, 0x0, 0x0, 0x3f, 0xf0, 0x0, 0x0, 0x9,
    0xff, 0x30, 0x0, 0x0, 0x1, 0x4f, 0xf1, 0x0,
    0x0, 0x2f, 0xff, 0x46, 0x0, 0x0, 0x1f, 0xff,
    0xff, 0x90, 0x0, 0xbf, 0xff, 0xff, 0x50, 0x0,
    0x1f, 0xff, 0xff, 0x90, 0x6, 0xff, 0xff, 0xdf,
    0xf2, 0x0, 0x2, 0x5f, 0xf2, 0x10, 0x2f, 0xff,
    0xff, 0x3e, 0xfd, 0x0, 0x0, 0x3f, 0xf0, 0x1,
    0xdf, 0xf9, 0xff, 0x15, 0xff, 0x90, 0x0, 0x3f,
    0xf0, 0xc, 0xff, 0x94, 0xff, 0x10, 0xaf, 0xf1,
    0x0, 0x3f, 0xf0, 0x33, 0xfb, 0x4, 0xff, 0x10,
    0x1e, 0x40, 0x0, 0x3f, 0xff, 0xe0, 0x30, 0x4,
    0xff, 0x10, 0x0, 0x0, 0x3b, 0xff, 0xff, 0xf1,
    0x0, 0x4, 0xff, 0x10, 0x0, 0x0, 0x4f, 0xff,
    0xb6, 0x10, 0x0, 0x4, 0xff, 0x10, 0x0, 0x0,
    0x1b, 0x61, 0x0, 0x0, 0x0, 0x4, 0xff, 0x10,
    0x0, 0x0, 0x0, 0x0, 0x0, 0x0, 0x0, 0x4,
    0xff, 0x10, 0x0, 0x0, 0x0, 0x0, 0x0, 0x0,
    0x0, 0x4, 0xff, 0x10, 0x0, 0x0,

    /* U+753B "画" */
    0x9f, 0xff, 0xff, 0xff, 0xff, 0xff, 0xff, 0xff,
    0xfe, 0x9f, 0xff, 0xff, 0xff, 0xff, 0xff, 0xff,
    0xff, 0xfe, 0x23, 0x33, 0x33, 0x33, 0x33, 0x33,
    0x33, 0x33, 0x33, 0x0, 0x0, 0x0, 0x0, 0x0,
    0x0, 0x0, 0x0, 0x0, 0x0, 0x0, 0xaf, 0xff,
    0xff, 0xff, 0xfb, 0x0, 0x0, 0x38, 0x80, 0xbf,
    0xff, 0xff, 0xff, 0xfc, 0x8, 0x94, 0x6f, 0xf1,
    0xbf, 0x40, 0xff, 0x4, 0xfc, 0xe, 0xf8, 0x6f,
    0xf1, 0xbf, 0x51, 0xff, 0x15, 0xfc, 0xe, 0xf8,
    0x6f, 0xf1, 0xbf, 0xff, 0xff, 0xff, 0xfc, 0xe,
    0xf8, 0x6f, 0xf1, 0xbf, 0xcb, 0xff, 0xbc, 0xfc,
    0xe, 0xf8, 0x6f, 0xf1, 0xbf, 0x40, 0xff, 0x4,
    0xfc, 0xe, 0xf8, 0x6f, 0xf1, 0xbf, 0xff, 0xff,
    0xff, 0xfc, 0xe, 0xf8, 0x6f, 0xf1, 0xbf, 0xff,
    0xff, 0xff, 0xfc, 0xe, 0xf8, 0x6f, 0xf1, 0x0,
    0x0, 0x0, 0x0, 0x0, 0xe, 0xf8, 0x6f, 0xf5,
    0x55, 0x55, 0x55, 0x55, 0x55, 0x5e, 0xf8, 0x6f,
    0xff, 0xff, 0xff, 0xff, 0xff, 0xff, 0xff, 0xf8,
    0x5f, 0xff, 0xff, 0xff, 0xff, 0xff, 0xff, 0xff,
    0xf8, 0x0, 0x0, 0x0, 0x0, 0x0, 0x0, 0x0,
    0xe, 0xf8,

    /* U+7684 "的" */
    0x0, 0x1, 0x10, 0x0, 0x0, 0x1, 0x0, 0x0,
    0x0, 0x0, 0x0, 0xaf, 0xd0, 0x0, 0x3, 0xfd,
    0x30, 0x0, 0x0, 0x0, 0xc, 0xf9, 0x0, 0x0,
    0x8f, 0xf1, 0x0, 0x0, 0x0, 0x0, 0xff, 0x40,
    0x0, 0xd, 0xfc, 0x22, 0x23, 0x20, 0x6f, 0xff,
    0xff, 0xff, 0x24, 0xff, 0xff, 0xff, 0xff, 0x36,
    0xff, 0xff, 0xff, 0xf2, 0xbf, 0xff, 0xff, 0xff,
    0xf3, 0x6f, 0xd2, 0x22, 0xff, 0x5f, 0xf9, 0x11,
    0x11, 0xff, 0x26, 0xfc, 0x0, 0xf, 0xfe, 0xff,
    0x10, 0x0, 0x1f, 0xf2, 0x6f, 0xc0, 0x0, 0xff,
    0xbf, 0x80, 0x0, 0x1, 0xff, 0x26, 0xfd, 0x33,
    0x3f, 0xf2, 0x54, 0xc5, 0x0, 0x2f, 0xf1, 0x6f,
    0xff, 0xff, 0xff, 0x20, 0x9f, 0xe1, 0x3, 0xff,
    0x6, 0xff, 0xee, 0xef, 0xf2, 0x1, 0xef, 0xa0,
    0x3f, 0xf0, 0x6f, 0xc0, 0x0, 0xff, 0x20, 0x6,
    0xff, 0x44, 0xff, 0x6, 0xfc, 0x0, 0xf, 0xf2,
    0x0, 0xc, 0xfa, 0x5f, 0xe0, 0x6f, 0xc0, 0x0,
    0xff, 0x20, 0x0, 0x36, 0x7, 0xfd, 0x6, 0xfd,
    0x22, 0x2f, 0xf2, 0x0, 0x0, 0x0, 0x8f, 0xb0,
    0x6f, 0xff, 0xff, 0xff, 0x20, 0x0, 0x0, 0xb,
    0xf9, 0x6, 0xff, 0xff, 0xff, 0xf2, 0x0, 0x44,
    0x45, 0xff, 0x60, 0x6f, 0xc0, 0x0, 0x0, 0x0,
    0x8, 0xff, 0xff, 0xf1, 0x2, 0x65, 0x0, 0x0,
    0x0, 0x0, 0x4f, 0xff, 0xc4, 0x0, 0x0, 0x0,
    0x0, 0x0, 0x0, 0x0, 0x0, 0x0, 0x0, 0x0,

    /* U+76EE "目" */
    0x6f, 0xff, 0xff, 0xff, 0xff, 0xff, 0xff, 0xa6,
    0xff, 0xff, 0xff, 0xff, 0xff, 0xff, 0xfa, 0x6f,
    0xf5, 0x55, 0x55, 0x55, 0x55, 0xef, 0xa6, 0xff,
    0x0, 0x0, 0x0, 0x0, 0xe, 0xfa, 0x6f, 0xf4,
    0x44, 0x44, 0x44, 0x44, 0xef, 0xa6, 0xff, 0xff,
    0xff, 0xff, 0xff, 0xff, 0xfa, 0x6f, 0xff, 0xff,
    0xff, 0xff, 0xff, 0xff, 0xa6, 0xff, 0x0, 0x0,
    0x0, 0x0, 0xe, 0xfa, 0x6f, 0xf0, 0x0, 0x0,
    0x0, 0x0, 0xef, 0xa6, 0xff, 0x66, 0x66, 0x66,
    0x66, 0x6f, 0xfa, 0x6f, 0xff, 0xff, 0xff, 0xff,
    0xff, 0xff, 0xa6, 0xff, 0xdd, 0xdd, 0xdd, 0xdd,
    0xdf, 0xfa, 0x6f, 0xf0, 0x0, 0x0, 0x0, 0x0,
    0xef, 0xa6, 0xff, 0x0, 0x0, 0x0, 0x0, 0xe,
    0xfa, 0x6f, 0xff, 0xff, 0xff, 0xff, 0xff, 0xff,
    0xa6, 0xff, 0xff, 0xff, 0xff, 0xff, 0xff, 0xfa,
    0x6f, 0xf5, 0x55, 0x55, 0x55, 0x55, 0xef, 0xa6,
    0xff, 0x0, 0x0, 0x0, 0x0, 0xe, 0xfa,

    /* U+793A "示" */
    0x0, 0x1e, 0xee, 0xee, 0xee, 0xee, 0xee, 0xee,
    0xe1, 0x0, 0x0, 0x1f, 0xff, 0xff, 0xff, 0xff,
    0xff, 0xff, 0xf1, 0x0, 0x0, 0x7, 0x77, 0x77,
    0x77, 0x77, 0x77, 0x77, 0x70, 0x0, 0x0, 0x0,
    0x0, 0x0, 0x0, 0x0, 0x0, 0x0, 0x0, 0x0,
    0x1, 0x11, 0x11, 0x11, 0x11, 0x11, 0x11, 0x11,
    0x11, 0x10, 0xe, 0xff, 0xff, 0xff, 0xff, 0xff,
    0xff, 0xff, 0xff, 0xf0, 0xe, 0xff, 0xff, 0xff,
    0xff, 0xff, 0xff, 0xff, 0xff, 0xf0, 0x4, 0x44,
    0x44, 0x44, 0x7f, 0xf8, 0x44, 0x44, 0x44, 0x40,
    0x0, 0x0, 0x0, 0x0, 0x3f, 0xf6, 0x0, 0x1,
    0x0, 0x0, 0x0, 0x4, 0xfb, 0x30, 0x3f, 0xf6,
    0x3, 0xbf, 0x20, 0x0, 0x0, 0xb, 0xff, 0x10,
    0x3f, 0xf6, 0x2, 0xff, 0xc0, 0x0, 0x0, 0x3f,
    0xfa, 0x0, 0x3f, 0xf6, 0x0, 0x9f, 0xf5, 0x0,
    0x0, 0xcf, 0xf2, 0x0, 0x3f, 0xf6, 0x0, 0x1f,
    0xfd, 0x0, 0x8, 0xff, 0x90, 0x0, 0x3f, 0xf6,
    0x0, 0x9, 0xff, 0x50, 0x4f, 0xfe, 0x10, 0x0,
    0x3f, 0xf6, 0x0, 0x2, 0xff, 0xc0, 0x5, 0xe4,
    0x4, 0x77, 0x9f, 0xf5, 0x0, 0x0, 0xbd, 0x60,
    0x0, 0x0, 0x4, 0xff, 0xff, 0xf2, 0x0, 0x0,
    0x10, 0x0, 0x0, 0x0, 0x0, 0xff, 0xfd, 0x60,
    0x0, 0x0, 0x0, 0x0, 0x0, 0x0, 0x0, 0x0,
    0x0, 0x0, 0x0, 0x0, 0x0, 0x0,

    /* U+7AEF "端" */
    0x0, 0x17, 0xa0, 0x0, 0x0, 0x0, 0xcf, 0x90,
    0x0, 0x0, 0x0, 0xf, 0xf4, 0x0, 0xcf, 0x60,
    0xcf, 0x90, 0x6f, 0xe0, 0x0, 0x9, 0xfb, 0x0,
    0xcf, 0x60, 0xcf, 0x90, 0x6f, 0xe0, 0x4, 0x47,
    0xfa, 0x42, 0xcf, 0x60, 0xcf, 0x90, 0x6f, 0xe0,
    0x1f, 0xff, 0xff, 0xfb, 0xcf, 0xdb, 0xef, 0xeb,
    0xdf, 0xe0, 0x1f, 0xff, 0xff, 0xfa, 0xcf, 0xff,
    0xff, 0xff, 0xff, 0xe0, 0x2, 0x51, 0x6, 0x61,
    0x34, 0x44, 0x44, 0x44, 0x44, 0x30, 0x8, 0xf4,
    0xe, 0xfa, 0xff, 0xff, 0xff, 0xff, 0xff, 0xf8,
    0x6, 0xf6, 0xf, 0xf8, 0xff, 0xff, 0xff, 0xff,
    0xff, 0xf8, 0x4, 0xf8, 0x1f, 0xd1, 0x22, 0x24,
    0xff, 0x92, 0x22, 0x21, 0x3, 0xfa, 0x3f, 0xa0,
    0xbb, 0xbc, 0xff, 0xcb, 0xbc, 0xb1, 0x1, 0xfb,
    0x5f, 0x70, 0xff, 0xff, 0xff, 0xff, 0xff, 0xf2,
    0x0, 0xfc, 0x7f, 0x50, 0xff, 0x5e, 0xf4, 0xff,
    0x4f, 0xf2, 0x0, 0x41, 0xaf, 0xc7, 0xff, 0x1e,
    0xe0, 0xff, 0xf, 0xf2, 0x17, 0xbf, 0xff, 0xfa,
    0xff, 0x1e, 0xe0, 0xff, 0xf, 0xf2, 0x2f, 0xff,
    0xff, 0xe8, 0xff, 0x1e, 0xe0, 0xff, 0xf, 0xf2,
    0xf, 0xfb, 0x72, 0x0, 0xff, 0x1e, 0xe0, 0xff,
    0xf, 0xf2, 0x3, 0x0, 0x0, 0x0, 0xff, 0x1e,
    0xe0, 0xff, 0xaf, 0xf2, 0x0, 0x0, 0x0, 0x0,
    0xff, 0x1e, 0xe0, 0xff, 0xaf, 0xc0, 0x0, 0x0,
    0x0, 0x0, 0x22, 0x0, 0x0, 0x0, 0x12, 0x0,

    /* U+7B49 "等" */
    0x0, 0x2, 0x20, 0x0, 0x0, 0x2, 0x20, 0x0,
    0x0, 0x0, 0x0, 0xc, 0xfc, 0x0, 0x0, 0xa,
    0xfb, 0x0, 0x0, 0x0, 0x0, 0x4f, 0xfe, 0xcc,
    0xcb, 0x2f, 0xfe, 0xcc, 0xcc, 0xc0, 0x0, 0xef,
    0xff, 0xff, 0xfe, 0xbf, 0xff, 0xff, 0xff, 0xf0,
    0xb, 0xff, 0x9f, 0xf4, 0x3b, 0xff, 0x7c, 0xfe,
    0x33, 0x30, 0x5f, 0xf8, 0xe, 0xf6, 0x8, 0xfa,
    0x2, 0xff, 0x40, 0x0, 0x3, 0x90, 0x6, 0x50,
    0x3f, 0xf3, 0x0, 0x84, 0x0, 0x0, 0x0, 0x2f,
    0xff, 0xff, 0xff, 0xff, 0xff, 0xff, 0xf4, 0x0,
    0x0, 0x1e, 0xee, 0xee, 0xef, 0xfe, 0xee, 0xee,
    0xe4, 0x0, 0x0, 0x0, 0x0, 0x0, 0x2f, 0xf2,
    0x0, 0x0, 0x0, 0x0, 0x2f, 0xff, 0xff, 0xff,
    0xff, 0xff, 0xff, 0xff, 0xff, 0xf1, 0x2e, 0xee,
    0xee, 0xee, 0xee, 0xee, 0xff, 0xfe, 0xee, 0xe1,
    0x0, 0x0, 0x0, 0x0, 0x0, 0x0, 0x6f, 0xf2,
    0x0, 0x0, 0x5, 0xff, 0xff, 0xff, 0xff, 0xff,
    0xff, 0xff, 0xff, 0x70, 0x6, 0xff, 0xff, 0xff,
    0xff, 0xff, 0xff, 0xff, 0xff, 0x80, 0x0, 0x11,
    0x3e, 0xf6, 0x11, 0x11, 0x6f, 0xf3, 0x11, 0x0,
    0x0, 0x0, 0x2d, 0xff, 0x40, 0x0, 0x6f, 0xf2,
    0x0, 0x0, 0x0, 0x0, 0x1, 0xdf, 0xf1, 0x22,
    0x7f, 0xf1, 0x0, 0x0, 0x0, 0x0, 0x0, 0x2e,
    0x50, 0xdf, 0xff, 0xf0, 0x0, 0x0, 0x0, 0x0,
    0x0, 0x0, 0x0, 0x8f, 0xfd, 0x50, 0x0, 0x0,
    0x0, 0x0, 0x0, 0x0, 0x0, 0x0, 0x0, 0x0,
    0x0, 0x0,

    /* U+7F6E "置" */
    0xf, 0xff, 0xff, 0xff, 0xff, 0xff, 0xff, 0xff,
    0xd0, 0x0, 0xff, 0xc9, 0xbf, 0xe9, 0x9f, 0xfb,
    0x9c, 0xfd, 0x0, 0xf, 0xfc, 0x9c, 0xfe, 0x99,
    0xff, 0xb9, 0xcf, 0xd0, 0x0, 0xff, 0xff, 0xff,
    0xff, 0xff, 0xff, 0xff, 0xfd, 0x0, 0x33, 0x33,
    0x33, 0x38, 0xff, 0x33, 0x33, 0x33, 0x30, 0xe,
    0xff, 0xff, 0xff, 0xff, 0xff, 0xff, 0xff, 0xff,
    0x30, 0x89, 0x99, 0x99, 0x9d, 0xfd, 0x99, 0x99,
    0x99, 0x92, 0x0, 0x6, 0xaa, 0xaa, 0xef, 0xda,
    0xaa, 0xaa, 0x60, 0x0, 0x0, 0xaf, 0xfd, 0xdd,
    0xdd, 0xdd, 0xdf, 0xf9, 0x0, 0x0, 0xa, 0xfc,
    0x66, 0x66, 0x66, 0x66, 0xdf, 0x90, 0x0, 0x0,
    0xaf, 0xff, 0xff, 0xff, 0xff, 0xff, 0xf9, 0x0,
    0x0, 0xa, 0xfb, 0x33, 0x33, 0x33, 0x33, 0xdf,
    0x90, 0x0, 0x0, 0xaf, 0xff, 0xff, 0xff, 0xff,
    0xff, 0xf9, 0x0, 0x0, 0xa, 0xfb, 0x33, 0x33,
    0x33, 0x33, 0xdf, 0x90, 0x0, 0x0, 0xaf, 0xff,
    0xff, 0xff, 0xff, 0xff, 0xf9, 0x0, 0x3, 0x3b,
    0xfb, 0x33, 0x33, 0x33, 0x33, 0xdf, 0xb3, 0x30,
    0xff, 0xff, 0xff, 0xff, 0xff, 0xff, 0xff, 0xff,
    0xff, 0x17, 0x77, 0x77, 0x77, 0x77, 0x77, 0x77,
    0x77, 0x77, 0x70,

    /* U+81EA "自" */
    0x0, 0x0, 0x0, 0xbd, 0xb0, 0x0, 0x0, 0x0,
    0x0, 0x0, 0x0, 0xff, 0xb0, 0x0, 0x0, 0x0,
    0x25, 0x55, 0x57, 0xff, 0x95, 0x55, 0x55, 0x50,
    0x5f, 0xff, 0xff, 0xff, 0xff, 0xff, 0xff, 0xf0,
    0x5f, 0xff, 0xff, 0xff, 0xff, 0xff, 0xff, 0xf0,
    0x5f, 0xf1, 0x0, 0x0, 0x0, 0x0, 0x8f, 0xf0,
    0x5f, 0xf2, 0x0, 0x0, 0x0, 0x0, 0x8f, 0xf0,
    0x5f, 0xff, 0xff, 0xff, 0xff, 0xff, 0xff, 0xf0,
    0x5f, 0xff, 0xff, 0xff, 0xff, 0xff, 0xff, 0xf0,
    0x5f, 0xf4, 0x33, 0x33, 0x33, 0x33, 0x9f, 0xf0,
    0x5f, 0xf1, 0x0, 0x0, 0x0, 0x0, 0x8f, 0xf0,
    0x5f, 0xff, 0xff, 0xff, 0xff, 0xff, 0xff, 0xf0,
    0x5f, 0xff, 0xff, 0xff, 0xff, 0xff, 0xff, 0xf0,
    0x5f, 0xf5, 0x44, 0x44, 0x44, 0x44, 0xaf, 0xf0,
    0x5f, 0xf1, 0x0, 0x0, 0x0, 0x0, 0x8f, 0xf0,
    0x5f, 0xf5, 0x44, 0x44, 0x44, 0x44, 0xaf, 0xf0,
    0x5f, 0xff, 0xff, 0xff, 0xff, 0xff, 0xff, 0xf0,
    0x5f, 0xff, 0xff, 0xff, 0xff, 0xff, 0xff, 0xf0,
    0x5f, 0xf1, 0x0, 0x0, 0x0, 0x0, 0x8f, 0xf0,
    0x0, 0x0, 0x0, 0x0, 0x0, 0x0, 0x0, 0x0,

    /* U+8BBE "设" */
    0x0, 0x2, 0x0, 0x0, 0x0, 0x0, 0x0, 0x0,
    0x0, 0x0, 0x0, 0x7f, 0x90, 0x0, 0xa, 0xff,
    0xff, 0xff, 0x50, 0x0, 0x0, 0x7f, 0xfa, 0x0,
    0xa, 0xff, 0xff, 0xff, 0x50, 0x0, 0x0, 0x6,
    0xff, 0x80, 0xa, 0xfa, 0x33, 0xff, 0x50, 0x0,
    0x0, 0x0, 0x7c, 0x10, 0xd, 0xf7, 0x0, 0xef,
    0x50, 0x0, 0x0, 0x0, 0x0, 0x0, 0x6f, 0xf3,
    0x0, 0xef, 0x50, 0x0, 0x3a, 0xac, 0xb4, 0x19,
    0xff, 0xa0, 0x0, 0xcf, 0xff, 0xd0, 0x5f, 0xff,
    0xf6, 0xb, 0xfb, 0x0, 0x0, 0x4d, 0xef, 0xd0,
    0x28, 0x8f, 0xf6, 0x2, 0x94, 0x44, 0x44, 0x44,
    0x50, 0x0, 0x0, 0xe, 0xf6, 0x6, 0xff, 0xff,
    0xff, 0xff, 0xfe, 0x0, 0x0, 0xe, 0xf6, 0x5,
    0xff, 0xff, 0xff, 0xff, 0xfa, 0x0, 0x0, 0xe,
    0xf6, 0x0, 0x8f, 0xb0, 0x0, 0x4f, 0xf4, 0x0,
    0x0, 0xe, 0xf6, 0x22, 0x1f, 0xf7, 0x1, 0xdf,
    0xb0, 0x0, 0x0, 0xe, 0xfa, 0xf9, 0x6, 0xff,
    0x7c, 0xff, 0x20, 0x0, 0x0, 0xe, 0xff, 0xfb,
    0x0, 0x9f, 0xff, 0xf4, 0x0, 0x0, 0x0, 0x2f,
    0xff, 0xa0, 0x3, 0xbf, 0xff, 0xf7, 0x10, 0x0,
    0x0, 0xbf, 0xf8, 0x49, 0xdf, 0xff, 0xdf, 0xff,
    0xfb, 0x70, 0x0, 0x3f, 0x50, 0x4f, 0xff, 0xc5,
    0x2, 0xaf, 0xff, 0xa0, 0x0, 0x3, 0x0, 0x9,
    0x72, 0x0, 0x0, 0x1, 0x7b, 0x10,

    /* U+8BD5 "试" */
    0x0, 0x3a, 0x0, 0x0, 0x0, 0x0, 0xf, 0xf6,
    0x87, 0x0, 0x1, 0xef, 0xc1, 0x0, 0x0, 0x0,
    0xf, 0xf8, 0xff, 0x40, 0x0, 0x4f, 0xfc, 0x10,
    0x0, 0x0, 0xf, 0xf6, 0x6f, 0xd0, 0x0, 0x4,
    0xfe, 0x34, 0x44, 0x44, 0x4f, 0xf9, 0x4d, 0x70,
    0x0, 0x0, 0x62, 0x3f, 0xff, 0xff, 0xff, 0xff,
    0xff, 0xf1, 0x0, 0x0, 0x0, 0x3f, 0xff, 0xff,
    0xff, 0xff, 0xff, 0xf1, 0x3f, 0xff, 0xf6, 0x0,
    0x0, 0x0, 0xe, 0xf7, 0x0, 0x0, 0x3f, 0xff,
    0xf6, 0x0, 0x0, 0x0, 0xd, 0xf8, 0x0, 0x0,
    0x15, 0x5e, 0xf6, 0x4, 0x77, 0x77, 0x5c, 0xf9,
    0x0, 0x0, 0x0, 0xe, 0xf6, 0x9, 0xff, 0xff,
    0xbb, 0xfa, 0x0, 0x0, 0x0, 0xe, 0xf6, 0x7,
    0xcf, 0xfd, 0x8a, 0xfc, 0x0, 0x0, 0x0, 0xe,
    0xf6, 0x0, 0xf, 0xf3, 0x8, 0xfd, 0x0, 0x0,
    0x0, 0xe, 0xf6, 0x0, 0xf, 0xf3, 0x6, 0xff,
    0x0, 0x0, 0x0, 0xe, 0xf6, 0x22, 0xf, 0xf3,
    0x4, 0xff, 0x27, 0x40, 0x0, 0xe, 0xfc, 0xf7,
    0xf, 0xf9, 0xb5, 0xff, 0x5a, 0xf3, 0x0, 0xf,
    0xff, 0xfd, 0xaf, 0xff, 0xf7, 0xdf, 0xbd, 0xf2,
    0x0, 0xaf, 0xff, 0x7b, 0xff, 0xfd, 0x93, 0x8f,
    0xff, 0xe0, 0x0, 0x6f, 0xc2, 0x6, 0xb7, 0x20,
    0x0, 0x2f, 0xff, 0x80, 0x0, 0x7, 0x0, 0x0,
    0x0, 0x0, 0x0, 0x5, 0xec, 0x10,

    /* U+8BF7 "请" */
    0x0, 0x25, 0x0, 0x0, 0x0, 0x2, 0xff, 0x30,
    0x0, 0x0, 0x2, 0xef, 0x80, 0x5, 0xaa, 0xab,
    0xff, 0xba, 0xaa, 0x70, 0x0, 0x9f, 0xf9, 0x8,
    0xff, 0xff, 0xff, 0xff, 0xff, 0xb0, 0x0, 0x8,
    0xfe, 0x10, 0x33, 0x35, 0xff, 0x63, 0x32, 0x0,
    0x0, 0x0, 0x83, 0x0, 0xff, 0xff, 0xff, 0xff,
    0xfe, 0x0, 0x0, 0x0, 0x0, 0x0, 0x66, 0x67,
    0xff, 0x86, 0x65, 0x0, 0x5f, 0xff, 0xf5, 0x1c,
    0xcc, 0xcd, 0xff, 0xdc, 0xcc, 0xc4, 0x5f, 0xff,
    0xf6, 0x1e, 0xee, 0xee, 0xee, 0xee, 0xee, 0xe4,
    0x25, 0x5f, 0xf6, 0x0, 0x34, 0x44, 0x44, 0x45,
    0x43, 0x0, 0x0, 0xe, 0xf6, 0x0, 0xcf, 0xff,
    0xff, 0xff, 0xfb, 0x0, 0x0, 0xe, 0xf6, 0x0,
    0xcf, 0xb7, 0x77, 0x7c, 0xfb, 0x0, 0x0, 0xe,
    0xf6, 0x0, 0xcf, 0xb8, 0x88, 0x8c, 0xfb, 0x0,
    0x0, 0xe, 0xf6, 0x11, 0xcf, 0xff, 0xff, 0xff,
    0xfb, 0x0, 0x0, 0xe, 0xf8, 0xd6, 0xcf, 0x70,
    0x0, 0x9, 0xfb, 0x0, 0x0, 0xe, 0xff, 0xfb,
    0xcf, 0xca, 0xaa, 0xad, 0xfb, 0x0, 0x0, 0x1f,
    0xff, 0xd2, 0xcf, 0xff, 0xff, 0xff, 0xfb, 0x0,
    0x0, 0x9f, 0xfb, 0x10, 0xcf, 0x70, 0x0, 0x9,
    0xfb, 0x0, 0x0, 0x6f, 0x80, 0x0, 0xcf, 0x70,
    0x7, 0xff, 0xfa, 0x0, 0x0, 0x7, 0x0, 0x0,
    0xcf, 0x70, 0x2, 0xff, 0xb2, 0x0,

    /* U+8D25 "败" */
    0x0, 0x0, 0x0, 0x0, 0x0, 0x0, 0x96, 0x10,
    0x0, 0x0, 0xb, 0xff, 0xff, 0xff, 0xf1, 0x3,
    0xff, 0x10, 0x0, 0x0, 0xb, 0xff, 0xff, 0xff,
    0xf1, 0x7, 0xfd, 0x0, 0x0, 0x0, 0xb, 0xf5,
    0x22, 0x2e, 0xf1, 0xc, 0xfa, 0x33, 0x33, 0x20,
    0xb, 0xf3, 0x9a, 0x1e, 0xf1, 0x1f, 0xff, 0xff,
    0xff, 0xe0, 0xb, 0xf3, 0xef, 0x2e, 0xf1, 0x8f,
    0xff, 0xff, 0xff, 0xd0, 0xb, 0xf3, 0xef, 0x2e,
    0xf2, 0xef, 0x70, 0x4, 0xfb, 0x0, 0xb, 0xf3,
    0xef, 0x2e, 0xf9, 0xff, 0x40, 0x7, 0xf9, 0x0,
    0xb, 0xf3, 0xef, 0x2e, 0xfe, 0xff, 0x90, 0xa,
    0xf6, 0x0, 0xb, 0xf3, 0xef, 0x2e, 0xf5, 0xef,
    0xe0, 0xd, 0xf3, 0x0, 0xb, 0xf3, 0xff, 0x1e,
    0xf1, 0x1d, 0xf5, 0x2f, 0xe0, 0x0, 0xb, 0xf3,
    0xff, 0xe, 0xf1, 0x6, 0xfd, 0x8f, 0x90, 0x0,
    0xb, 0xf6, 0xfe, 0xe, 0xf1, 0x0, 0xef, 0xff,
    0x30, 0x0, 0x3, 0x58, 0xfb, 0x4, 0x40, 0x0,
    0x6f, 0xfc, 0x0, 0x0, 0x0, 0xd, 0xf9, 0xda,
    0x0, 0x0, 0x5f, 0xfd, 0x10, 0x0, 0x0, 0x7f,
    0xe1, 0xef, 0x60, 0x4, 0xff, 0xff, 0xd2, 0x0,
    0x7, 0xff, 0x50, 0x5f, 0xf2, 0x8f, 0xfc, 0x4f,
    0xff, 0x60, 0x4f, 0xf8, 0x0, 0xb, 0xd5, 0xef,
    0xb0, 0x3, 0xef, 0xc0, 0x7, 0x50, 0x0, 0x1,
    0x0, 0x37, 0x0, 0x0, 0x19, 0x10,

    /* U+8D85 "超" */
    0x0, 0x0, 0xaf, 0x90, 0x0, 0x0, 0x0, 0x0,
    0x0, 0x0, 0x0, 0x0, 0xaf, 0x90, 0x3, 0xff,
    0xff, 0xff, 0xff, 0xa0, 0xb, 0xff, 0xff, 0xff,
    0xf8, 0xbc, 0xff, 0xbb, 0xef, 0x90, 0xc, 0xff,
    0xff, 0xff, 0xf6, 0x6, 0xfe, 0x0, 0xbf, 0x80,
    0x1, 0x22, 0xbf, 0xa2, 0x20, 0xc, 0xf9, 0x0,
    0xdf, 0x70, 0x2, 0x22, 0xbf, 0xa2, 0x21, 0x6f,
    0xf4, 0x67, 0xff, 0x50, 0x2f, 0xff, 0xff, 0xff,
    0xff, 0xff, 0x50, 0xff, 0xfe, 0x10, 0x1e, 0xee,
    0xef, 0xfe, 0xea, 0xb5, 0x0, 0x78, 0x61, 0x0,
    0x1, 0x10, 0x4f, 0xe0, 0x0, 0xbc, 0xcc, 0xcc,
    0xcc, 0x20, 0x9, 0xf8, 0x4f, 0xe0, 0x0, 0xef,
    0xff, 0xff, 0xff, 0x30, 0xa, 0xf7, 0x4f, 0xff,
    0xf8, 0xef, 0x62, 0x25, 0xff, 0x30, 0xa, 0xf7,
    0x4f, 0xff, 0xf8, 0xef, 0x50, 0x3, 0xff, 0x30,
    0xb, 0xfa, 0x4f, 0xf5, 0x53, 0xef, 0x50, 0x3,
    0xff, 0x30, 0xc, 0xff, 0x6f, 0xe0, 0x0, 0xef,
    0xff, 0xff, 0xff, 0x30, 0xe, 0xff, 0xff, 0xe0,
    0x0, 0xcd, 0xdd, 0xdd, 0xdd, 0x20, 0xf, 0xfe,
    0xff, 0xf4, 0x21, 0x0, 0x0, 0x0, 0x0, 0x10,
    0x4f, 0xd2, 0xef, 0xff, 0xff, 0xff, 0xff, 0xff,
    0xff, 0xf2, 0x8f, 0x90, 0x8, 0xdf, 0xff, 0xff,
    0xff, 0xff, 0xff, 0xc0, 0x5, 0x30, 0x0, 0x0,
    0x23, 0x44, 0x44, 0x44, 0x44, 0x20,

    /* U+8FC7 "过" */
    0x0, 0x30, 0x0, 0x0, 0x0, 0x0, 0x0, 0xff,
    0x70, 0x0, 0x7, 0xfc, 0x0, 0x0, 0x0, 0x0,
    0x0, 0xff, 0x70, 0x0, 0x6, 0xff, 0xb0, 0x0,
    0x0, 0x0, 0x0, 0xff, 0x70, 0x0, 0x0, 0x9f,
    0xf7, 0x25, 0x55, 0x55, 0x55, 0xff, 0xa5, 0x50,
    0x0, 0xc, 0xf8, 0x6f, 0xff, 0xff, 0xff, 0xff,
    0xff, 0xf0, 0x0, 0x2, 0x30, 0x6e, 0xee, 0xee,
    0xee, 0xff, 0xfe, 0xd0, 0x0, 0x0, 0x0, 0x0,
    0x0, 0x0, 0x0, 0xff, 0x70, 0x0, 0x15, 0x55,
    0x52, 0x5, 0xea, 0x0, 0x0, 0xff, 0x70, 0x0,
    0x4f, 0xff, 0xf7, 0x5, 0xff, 0x70, 0x0, 0xff,
    0x70, 0x0, 0x3e, 0xef, 0xf7, 0x0, 0x9f, 0xf3,
    0x0, 0xff, 0x70, 0x0, 0x0, 0xe, 0xf7, 0x0,
    0xd, 0xfb, 0x0, 0xff, 0x70, 0x0, 0x0, 0xe,
    0xf7, 0x0, 0x4, 0x70, 0x0, 0xff, 0x70, 0x0,
    0x0, 0xe, 0xf7, 0x0, 0x0, 0x12, 0x23, 0xff,
    0x70, 0x0, 0x0, 0xe, 0xf7, 0x0, 0x0, 0x5f,
    0xff, 0xff, 0x50, 0x0, 0x0, 0x8f, 0xfb, 0x10,
    0x0, 0xf, 0xff, 0xe9, 0x0, 0x0, 0x1d, 0xff,
    0xff, 0xe9, 0x53, 0x23, 0x32, 0x23, 0x45, 0x72,
    0x7f, 0xf8, 0x4d, 0xff, 0xff, 0xff, 0xff, 0xff,
    0xff, 0xf0, 0xc, 0xb0, 0x0, 0x5c, 0xff, 0xff,
    0xff, 0xff, 0xff, 0xc0, 0x2, 0x10, 0x0, 0x0,
    0x2, 0x34, 0x44, 0x33, 0x32, 0x10,

    /* U+91CD "重" */
    0x0, 0x0, 0x0, 0x0, 0x1, 0x23, 0x56, 0x8a,
    0x30, 0x0, 0x0, 0x4d, 0xde, 0xef, 0xff, 0xff,
    0xff, 0xff, 0xd0, 0x0, 0x0, 0x1f, 0xff, 0xed,
    0xdf, 0xfa, 0x87, 0x54, 0x10, 0x0, 0x5, 0x66,
    0x66, 0x66, 0x9f, 0xf7, 0x66, 0x66, 0x66, 0x60,
    0xf, 0xff, 0xff, 0xff, 0xff, 0xff, 0xff, 0xff,
    0xff, 0xf0, 0x5, 0x55, 0x55, 0x55, 0x8f, 0xf7,
    0x55, 0x55, 0x55, 0x50, 0x0, 0xe, 0xff, 0xff,
    0xff, 0xff, 0xff, 0xff, 0xf1, 0x0, 0x0, 0xf,
    0xfc, 0xaa, 0xbf, 0xfb, 0xaa, 0xcf, 0xf1, 0x0,
    0x0, 0xf, 0xfa, 0x77, 0xaf, 0xf8, 0x77, 0xaf,
    0xf1, 0x0, 0x0, 0xf, 0xff, 0xff, 0xff, 0xff,
    0xff, 0xff, 0xf1, 0x0, 0x0, 0xf, 0xf7, 0x11,
    0x5f, 0xf3, 0x11, 0x6f, 0xf1, 0x0, 0x0, 0xf,
    0xff, 0xff, 0xff, 0xff, 0xff, 0xff, 0xf1, 0x0,
    0x0, 0x8, 0x99, 0x99, 0xbf, 0xfa, 0x99, 0x99,
    0x90, 0x0, 0x0, 0x59, 0x99, 0x99, 0xbf, 0xfa,
    0x99, 0x99, 0x98, 0x0, 0x0, 0x9f, 0xff, 0xff,
    0xff, 0xff, 0xff, 0xff, 0xfd, 0x0, 0x0, 0x11,
    0x11, 0x11, 0x6f, 0xf3, 0x11, 0x11, 0x11, 0x0,
    0x1e, 0xee, 0xee, 0xee, 0xff, 0xfe, 0xee, 0xee,
    0xee, 0xe2, 0x1f, 0xff, 0xff, 0xff, 0xff, 0xff,
    0xff, 0xff, 0xff, 0xf2,

    /* U+95EA "闪" */
    0x0, 0x54, 0x0, 0x0, 0x0, 0x0, 0x0, 0x0,
    0x0, 0x7, 0xff, 0x30, 0x8f, 0xff, 0xff, 0xff,
    0xff, 0xfc, 0x0, 0xdf, 0xe2, 0x8f, 0xff, 0xff,
    0xff, 0xff, 0xfc, 0x0, 0x2e, 0xfd, 0x35, 0x55,
    0x55, 0x55, 0x5c, 0xfc, 0x24, 0x44, 0xf8, 0x0,
    0x45, 0x20, 0x0, 0xa, 0xfc, 0x7f, 0xe0, 0x20,
    0x0, 0xcf, 0x90, 0x0, 0xa, 0xfc, 0x7f, 0xe0,
    0x0, 0x1, 0xff, 0x60, 0x0, 0xa, 0xfc, 0x7f,
    0xe0, 0x0, 0x5, 0xff, 0x10, 0x0, 0xa, 0xfc,
    0x7f, 0xe0, 0x0, 0xb, 0xff, 0x40, 0x0, 0xa,
    0xfc, 0x7f, 0xe0, 0x0, 0x2f, 0xff, 0xf4, 0x0,
    0xa, 0xfc, 0x7f, 0xe0, 0x0, 0xbf, 0xee, 0xff,
    0x30, 0xa, 0xfc, 0x7f, 0xe0, 0x7, 0xff, 0x72,
    0xef, 0xe2, 0xa, 0xfc, 0x7f, 0xe0, 0x6f, 0xfd,
    0x0, 0x3f, 0xfd, 0xa, 0xfc, 0x7f, 0xe3, 0xff,
    0xf2, 0x0, 0x6, 0xff, 0x6a, 0xfc, 0x7f, 0xe0,
    0xbf, 0x30, 0x0, 0x0, 0xaa, 0xa, 0xfc, 0x7f,
    0xe0, 0x22, 0x0, 0x0, 0x0, 0x10, 0xa, 0xfc,
    0x7f, 0xe0, 0x0, 0x0, 0x0, 0x0, 0x66, 0x6d,
    0xfb, 0x7f, 0xe0, 0x0, 0x0, 0x0, 0x0, 0xcf,
    0xff, 0xf9, 0x7f, 0xe0, 0x0, 0x0, 0x0, 0x0,
    0x7f, 0xfd, 0x90,

    /* U+9762 "面" */
    0xff, 0xff, 0xff, 0xff, 0xff, 0xff, 0xff, 0xff,
    0xff, 0x2f, 0xff, 0xff, 0xff, 0xff, 0xff, 0xff,
    0xff, 0xff, 0xf2, 0x44, 0x44, 0x44, 0x4e, 0xfc,
    0x44, 0x44, 0x44, 0x44, 0x0, 0x0, 0x0, 0x0,
    0xff, 0x80, 0x0, 0x0, 0x0, 0x0, 0x29, 0x99,
    0x99, 0x9f, 0xfb, 0x99, 0x99, 0x99, 0x92, 0x5,
    0xff, 0xff, 0xff, 0xff, 0xff, 0xff, 0xff, 0xff,
    0x30, 0x5f, 0xfa, 0xaf, 0xfb, 0xaa, 0xff, 0xba,
    0xbf, 0xf3, 0x5, 0xff, 0x0, 0xff, 0x30, 0xe,
    0xf4, 0x3, 0xff, 0x30, 0x5f, 0xf0, 0xf, 0xff,
    0xff, 0xff, 0x40, 0x3f, 0xf3, 0x5, 0xff, 0x0,
    0xff, 0xed, 0xdf, 0xf4, 0x3, 0xff, 0x30, 0x5f,
    0xf0, 0xf, 0xf2, 0x0, 0xef, 0x40, 0x3f, 0xf3,
    0x5, 0xff, 0x0, 0xff, 0xdd, 0xdf, 0xf4, 0x3,
    0xff, 0x30, 0x5f, 0xf0, 0xf, 0xff, 0xff, 0xff,
    0x40, 0x3f, 0xf3, 0x5, 0xff, 0x0, 0xff, 0x30,
    0xe, 0xf4, 0x3, 0xff, 0x30, 0x5f, 0xf3, 0x3f,
    0xf5, 0x33, 0xef, 0x73, 0x6f, 0xf3, 0x5, 0xff,
    0xff, 0xff, 0xff, 0xff, 0xff, 0xff, 0xff, 0x30,
    0x5f, 0xff, 0xff, 0xff, 0xff, 0xff, 0xff, 0xff,
    0xf3, 0x5, 0xff, 0x0, 0x0, 0x0, 0x0, 0x0,
    0x3, 0xff, 0x30,

    /* U+97F3 "音" */
    0x0, 0x0, 0x0, 0x6, 0xce, 0x10, 0x0, 0x0,
    0x0, 0x0, 0x22, 0x22, 0x22, 0x6f, 0xf9, 0x22,
    0x22, 0x22, 0x0, 0xe, 0xff, 0xff, 0xff, 0xff,
    0xff, 0xff, 0xff, 0xf1, 0x0, 0xdf, 0xff, 0xff,
    0xff, 0xff, 0xff, 0xff, 0xff, 0x10, 0x0, 0x2,
    0xef, 0x50, 0x0, 0x2, 0xff, 0x70, 0x0, 0x0,
    0x0, 0xd, 0xfd, 0x0, 0x0, 0x9f, 0xf2, 0x0,
    0x0, 0xff, 0xff, 0xff, 0xff, 0xff, 0xff, 0xff,
    0xff, 0xff, 0xf, 0xff, 0xff, 0xff, 0xff, 0xff,
    0xff, 0xff, 0xff, 0xf0, 0x33, 0x33, 0x33, 0x33,
    0x33, 0x33, 0x33, 0x33, 0x33, 0x0, 0x1, 0x33,
    0x33, 0x33, 0x33, 0x33, 0x33, 0x20, 0x0, 0x0,
    0x8f, 0xff, 0xff, 0xff, 0xff, 0xff, 0xfb, 0x0,
    0x0, 0x8, 0xff, 0xcc, 0xcc, 0xcc, 0xcc, 0xff,
    0xb0, 0x0, 0x0, 0x8f, 0xe0, 0x0, 0x0, 0x0,
    0xc, 0xfb, 0x0, 0x0, 0x8, 0xff, 0xff, 0xff,
    0xff, 0xff, 0xff, 0xb0, 0x0, 0x0, 0x8f, 0xfc,
    0xcc, 0xcc, 0xcc, 0xcf, 0xfb, 0x0, 0x0, 0x8,
    0xfe, 0x0, 0x0, 0x0, 0x0, 0xcf, 0xb0, 0x0,
    0x0, 0x8f, 0xff, 0xff, 0xff, 0xff, 0xff, 0xfb,
    0x0, 0x0, 0x8, 0xff, 0xff, 0xff, 0xff, 0xff,
    0xff, 0xb0, 0x0, 0x0, 0x8f, 0xe0, 0x0, 0x0,
    0x0, 0xc, 0xfb, 0x0, 0x0, 0x0, 0x0, 0x0,
    0x0, 0x0, 0x0, 0x0, 0x0, 0x0,

    /* U+9879 "项" */
    0x0, 0x0, 0x0, 0x8, 0xff, 0xff, 0xff, 0xff,
    0xff, 0xf1, 0x3d, 0xdd, 0xdd, 0xde, 0xff, 0xff,
    0xff, 0xff, 0xff, 0xf1, 0x4f, 0xff, 0xff, 0xf7,
    0x22, 0x2c, 0xfe, 0x22, 0x22, 0x20, 0x2a, 0xaf,
    0xfc, 0xa4, 0x44, 0x5f, 0xfb, 0x44, 0x44, 0x0,
    0x0, 0xf, 0xf6, 0x0, 0xff, 0xff, 0xff, 0xff,
    0xff, 0x10, 0x0, 0xf, 0xf6, 0x0, 0xff, 0xec,
    0xcc, 0xce, 0xff, 0x10, 0x0, 0xf, 0xf6, 0x0,
    0xff, 0x61, 0x77, 0x16, 0xff, 0x10, 0x0, 0xf,
    0xf6, 0x0, 0xff, 0x63, 0xff, 0x36, 0xff, 0x10,
    0x0, 0xf, 0xf6, 0x0, 0xff, 0x63, 0xff, 0x36,
    0xff, 0x10, 0x0, 0xf, 0xf6, 0x0, 0xff, 0x63,
    0xff, 0x36, 0xff, 0x10, 0x0, 0xf, 0xfa, 0x85,
    0xff, 0x63, 0xff, 0x36, 0xff, 0x10, 0x3, 0x7f,
    0xff, 0xf8, 0xff, 0x64, 0xff, 0x26, 0xff, 0x10,
    0x8f, 0xff, 0xfe, 0x92, 0xff, 0x68, 0xff, 0x6,
    0xff, 0x10, 0x4f, 0xfa, 0x50, 0x0, 0x22, 0x2f,
    0xfa, 0x36, 0x11, 0x0, 0x16, 0x0, 0x0, 0x0,
    0x3, 0xdf, 0xf4, 0xff, 0xc2, 0x0, 0x0, 0x0,
    0x0, 0x3, 0xaf, 0xff, 0x40, 0x6f, 0xff, 0x60,
    0x0, 0x0, 0x0, 0xaf, 0xff, 0xc2, 0x0, 0x2,
    0xdf, 0xe1, 0x0, 0x0, 0x0, 0x1d, 0xb4, 0x0,
    0x0, 0x0, 0xa, 0x30, 0x0, 0x0, 0x0, 0x0,
    0x0, 0x0, 0x0, 0x0, 0x0, 0x0,

    /* U+FF0C "，" */
    0x7, 0xda, 0x13, 0xff, 0xf9, 0x2f, 0xff, 0xc0,
    0x6c, 0xfc, 0x0, 0x7f, 0x80, 0x7f, 0xe1, 0x9f,
    0xe3, 0x3, 0x81, 0x0,

    /* U+FF1F "？" */
    0x0, 0x0, 0x22, 0x0, 0x0, 0x0, 0x8f, 0xff,
    0xfa, 0x10, 0x1d, 0xff, 0xff, 0xff, 0xd0, 0xb,
    0xf8, 0x35, 0xef, 0xf4, 0x0, 0x30, 0x0, 0x7f,
    0xf6, 0x0, 0x0, 0x0, 0x8f, 0xf4, 0x0, 0x0,
    0x4, 0xff, 0xd0, 0x0, 0x0, 0x4f, 0xfd, 0x10,
    0x0, 0x1, 0xef, 0xd1, 0x0, 0x0, 0x7, 0xff,
    0x40, 0x0, 0x0, 0x7, 0xdd, 0x0, 0x0, 0x0,
    0x0, 0x0, 0x0, 0x0, 0x0, 0x0, 0x53, 0x0,
    0x0, 0x0, 0xb, 0xff, 0x40, 0x0, 0x0, 0xf,
    0xff, 0x80, 0x0, 0x0, 0x8, 0xfe, 0x20, 0x0,
    0x0, 0x0, 0x10, 0x0, 0x0
};


/*---------------------
 *  GLYPH DESCRIPTION
 *--------------------*/

static const lv_font_fmt_txt_glyph_dsc_t glyph_dsc[] = {
    {.bitmap_index = 0, .adv_w = 0, .box_w = 0, .box_h = 0, .ofs_x = 0, .ofs_y = 0} /* id = 0 reserved */,
    {.bitmap_index = 0, .adv_w = 73, .box_w = 0, .box_h = 0, .ofs_x = 0, .ofs_y = 0},
    {.bitmap_index = 0, .adv_w = 118, .box_w = 5, .box_h = 15, .ofs_x = 1, .ofs_y = 0},
    {.bitmap_index = 38, .adv_w = 184, .box_w = 9, .box_h = 8, .ofs_x = 1, .ofs_y = 9},
    {.bitmap_index = 74, .adv_w = 189, .box_w = 12, .box_h = 15, .ofs_x = 0, .ofs_y = 0},
    {.bitmap_index = 164, .adv_w = 189, .box_w = 11, .box_h = 21, .ofs_x = 0, .ofs_y = -3},
    {.bitmap_index = 280, .adv_w = 308, .box_w = 19, .box_h = 15, .ofs_x = 0, .ofs_y = 0},
    {.bitmap_index = 423, .adv_w = 237, .box_w = 15, .box_h = 15, .ofs_x = 0, .ofs_y = 0},
    {.bitmap_index = 536, .adv_w = 104, .box_w = 4, .box_h = 8, .ofs_x = 1, .ofs_y = 9},
    {.bitmap_index = 552, .adv_w = 121, .box_w = 6, .box_h = 23, .ofs_x = 1, .ofs_y = -5},
    {.bitmap_index = 621, .adv_w = 121, .box_w = 5, .box_h = 23, .ofs_x = 1, .ofs_y = -5},
    {.bitmap_index = 679, .adv_w = 162, .box_w = 9, .box_h = 9, .ofs_x = 1, .ofs_y = 8},
    {.bitmap_index = 720, .adv_w = 189, .box_w = 12, .box_h = 12, .ofs_x = 0, .ofs_y = 2},
    {.bitmap_index = 792, .adv_w = 104, .box_w = 5, .box_h = 9, .ofs_x = 1, .ofs_y = -5},
    {.bitmap_index = 815, .adv_w = 118, .box_w = 7, .box_h = 3, .ofs_x = 0, .ofs_y = 5},
    {.bitmap_index = 826, .adv_w = 104, .box_w = 5, .box_h = 5, .ofs_x = 1, .ofs_y = 0},
    {.bitmap_index = 839, .adv_w = 124, .box_w = 8, .box_h = 21, .ofs_x = 0, .ofs_y = -4},
    {.bitmap_index = 923, .adv_w = 189, .box_w = 11, .box_h = 15, .ofs_x = 0, .ofs_y = 0},
    {.bitmap_index = 1006, .adv_w = 189, .box_w = 10, .box_h = 15, .ofs_x = 1, .ofs_y = 0},
    {.bitmap_index = 1081, .adv_w = 189, .box_w = 11, .box_h = 15, .ofs_x = 0, .ofs_y = 0},
    {.bitmap_index = 1164, .adv_w = 189, .box_w = 11, .box_h = 15, .ofs_x = 0, .ofs_y = 0},
    {.bitmap_index = 1247, .adv_w = 189, .box_w = 12, .box_h = 15, .ofs_x = 0, .ofs_y = 0},
    {.bitmap_index = 1337, .adv_w = 189, .box_w = 11, .box_h = 15, .ofs_x = 0, .ofs_y = 0},
    {.bitmap_index = 1420, .adv_w = 189, .box_w = 10, .box_h = 15, .ofs_x = 1, .ofs_y = 0},
    {.bitmap_index = 1495, .adv_w = 189, .box_w = 10, .box_h = 15, .ofs_x = 1, .ofs_y = 0},
    {.bitmap_index = 1570, .adv_w = 189, .box_w = 11, .box_h = 15, .ofs_x = 0, .ofs_y = 0},
    {.bitmap_index = 1653, .adv_w = 189, .box_w = 11, .box_h = 15, .ofs_x = 0, .ofs_y = 0},
    {.bitmap_index = 1736, .adv_w = 104, .box_w = 5, .box_h = 12, .ofs_x = 1, .ofs_y = 0},
    {.bitmap_index = 1766, .adv_w = 104, .box_w = 5, .box_h = 17, .ofs_x = 1, .ofs_y = -5},
    {.bitmap_index = 1809, .adv_w = 189, .box_w = 12, .box_h = 12, .ofs_x = 0, .ofs_y = 2},
    {.bitmap_index = 1881, .adv_w = 189, .box_w = 12, .box_h = 8, .ofs_x = 0, .ofs_y = 4},
    {.bitmap_index = 1929, .adv_w = 189, .box_w = 12, .box_h = 12, .ofs_x = 0, .ofs_y = 2},
    {.bitmap_index = 2001, .adv_w = 164, .box_w = 10, .box_h = 15, .ofs_x = 0, .ofs_y = 0},
    {.bitmap_index = 2076, .adv_w = 322, .box_w = 18, .box_h = 20, .ofs_x = 1, .ofs_y = -5},
    {.bitmap_index = 2256, .adv_w = 205, .box_w = 14, .box_h = 15, .ofs_x = -1, .ofs_y = 0},
    {.bitmap_index = 2361, .adv_w = 218, .box_w = 12, .box_h = 15, .ofs_x = 1, .ofs_y = 0},
    {.bitmap_index = 2451, .adv_w = 210, .box_w = 12, .box_h = 15, .ofs_x = 1, .ofs_y = 0},
    {.bitmap_index = 2541, .adv_w = 228, .box_w = 13, .box_h = 15, .ofs_x = 1, .ofs_y = 0},
    {.bitmap_index = 2639, .adv_w = 197, .box_w = 11, .box_h = 15, .ofs_x = 1, .ofs_y = 0},
    {.bitmap_index = 2722, .adv_w = 187, .box_w = 10, .box_h = 15, .ofs_x = 1, .ofs_y = 0},
    {.bitmap_index = 2797, .adv_w = 229, .box_w = 12, .box_h = 15, .ofs_x = 1, .ofs_y = 0},
    {.bitmap_index = 2887, .adv_w = 242, .box_w = 13, .box_h = 15, .ofs_x = 1, .ofs_y = 0},
    {.bitmap_index = 2985, .adv_w = 106, .box_w = 4, .box_h = 15, .ofs_x = 1, .ofs_y = 0},
    {.bitmap_index = 3015, .adv_w = 182, .box_w = 10, .box_h = 15, .ofs_x = 0, .ofs_y = 0},
    {.bitmap_index = 3090, .adv_w = 220, .box_w = 13, .box_h = 15, .ofs_x = 1, .ofs_y = 0},
    {.bitmap_index = 3188, .adv_w = 185, .box_w = 10, .box_h = 15, .ofs_x = 1, .ofs_y = 0},
    {.bitmap_index = 3263, .adv_w = 273, .box_w = 15, .box_h = 15, .ofs_x = 1, .ofs_y = 0},
    {.bitmap_index = 3376, .adv_w = 240, .box_w = 13, .box_h = 15, .ofs_x = 1, .ofs_y = 0},
    {.bitmap_index = 3474, .adv_w = 246, .box_w = 14, .box_h = 15, .ofs_x = 1, .ofs_y = 0},
    {.bitmap_index = 3579, .adv_w = 213, .box_w = 12, .box_h = 15, .ofs_x = 1, .ofs_y = 0},
    {.bitmap_index = 3669, .adv_w = 246, .box_w = 14, .box_h = 19, .ofs_x = 1, .ofs_y = -4},
    {.bitmap_index = 3802, .adv_w = 218, .box_w = 13, .box_h = 15, .ofs_x = 1, .ofs_y = 0},
    {.bitmap_index = 3900, .adv_w = 200, .box_w = 12, .box_h = 15, .ofs_x = 0, .ofs_y = 0},
    {.bitmap_index = 3990, .adv_w = 200, .box_w = 12, .box_h = 15, .ofs_x = 0, .ofs_y = 0},
    {.bitmap_index = 4080, .adv_w = 239, .box_w = 13, .box_h = 15, .ofs_x = 1, .ofs_y = 0},
    {.bitmap_index = 4178, .adv_w = 198, .box_w = 14, .box_h = 15, .ofs_x = -1, .ofs_y = 0},
    {.bitmap_index = 4283, .adv_w = 293, .box_w = 18, .box_h = 15, .ofs_x = 0, .ofs_y = 0},
    {.bitmap_index = 4418, .adv_w = 201, .box_w = 13, .box_h = 15, .ofs_x = 0, .ofs_y = 0},
    {.bitmap_index = 4516, .adv_w = 186, .box_w = 13, .box_h = 15, .ofs_x = -1, .ofs_y = 0},
    {.bitmap_index = 4614, .adv_w = 196, .box_w = 12, .box_h = 15, .ofs_x = 0, .ofs_y = 0},
    {.bitmap_index = 4704, .adv_w = 121, .box_w = 5, .box_h = 21, .ofs_x = 2, .ofs_y = -4},
    {.bitmap_index = 4757, .adv_w = 124, .box_w = 8, .box_h = 21, .ofs_x = 0, .ofs_y = -4},
    {.bitmap_index = 4841, .adv_w = 121, .box_w = 6, .box_h = 21, .ofs_x = 0, .ofs_y = -4},
    {.bitmap_index = 4904, .adv_w = 189, .box_w = 10, .box_h = 10, .ofs_x = 1, .ofs_y = 7},
    {.bitmap_index = 4954, .adv_w = 181, .box_w = 12, .box_h = 2, .ofs_x = 0, .ofs_y = -3},
    {.bitmap_index = 4966, .adv_w = 200, .box_w = 6, .box_h = 7, .ofs_x = 2, .ofs_y = 13},
    {.bitmap_index = 4987, .adv_w = 189, .box_w = 10, .box_h = 12, .ofs_x = 1, .ofs_y = 0},
    {.bitmap_index = 5047, .adv_w = 206, .box_w = 11, .box_h = 17, .ofs_x = 1, .ofs_y = 0},
    {.bitmap_index = 5141, .adv_w = 169, .box_w = 10, .box_h = 12, .ofs_x = 0, .ofs_y = 0},
    {.bitmap_index = 5201, .adv_w = 206, .box_w = 12, .box_h = 17, .ofs_x = 0, .ofs_y = 0},
    {.bitmap_index = 5303, .adv_w = 186, .box_w = 11, .box_h = 12, .ofs_x = 0, .ofs_y = 0},
    {.bitmap_index = 5369, .adv_w = 119, .box_w = 9, .box_h = 17, .ofs_x = 0, .ofs_y = 0},
    {.bitmap_index = 5446, .adv_w = 191, .box_w = 12, .box_h = 16, .ofs_x = 0, .ofs_y = -4},
    {.bitmap_index = 5542, .adv_w = 205, .box_w = 11, .box_h = 17, .ofs_x = 1, .ofs_y = 0},
    {.bitmap_index = 5636, .adv_w = 97, .box_w = 4, .box_h = 17, .ofs_x = 1, .ofs_y = 0},
    {.bitmap_index = 5670, .adv_w = 98, .box_w = 7, .box_h = 21, .ofs_x = -2, .ofs_y = -4},
    {.bitmap_index = 5744, .adv_w = 193, .box_w = 11, .box_h = 17, .ofs_x = 1, .ofs_y = 0},
    {.bitmap_index = 5838, .adv_w = 101, .box_w = 5, .box_h = 17, .ofs_x = 1, .ofs_y = 0},
    {.bitmap_index = 5881, .adv_w = 308, .box_w = 17, .box_h = 12, .ofs_x = 1, .ofs_y = 0},
    {.bitmap_index = 5983, .adv_w = 205, .box_w = 11, .box_h = 12, .ofs_x = 1, .ofs_y = 0},
    {.bitmap_index = 6049, .adv_w = 200, .box_w = 12, .box_h = 12, .ofs_x = 0, .ofs_y = 0},
    {.bitmap_index = 6121, .adv_w = 206, .box_w = 11, .box_h = 16, .ofs_x = 1, .ofs_y = -4},
    {.bitmap_index = 6209, .adv_w = 206, .box_w = 12, .box_h = 16, .ofs_x = 0, .ofs_y = -4},
    {.bitmap_index = 6305, .adv_w = 140, .box_w = 8, .box_h = 12, .ofs_x = 1, .ofs_y = 0},
    {.bitmap_index = 6353, .adv_w = 158, .box_w = 10, .box_h = 12, .ofs_x = 0, .ofs_y = 0},
    {.bitmap_index = 6413, .adv_w = 135, .box_w = 9, .box_h = 15, .ofs_x = 0, .ofs_y = 0},
    {.bitmap_index = 6481, .adv_w = 204, .box_w = 11, .box_h = 12, .ofs_x = 1, .ofs_y = 0},
    {.bitmap_index = 6547, .adv_w = 184, .box_w = 12, .box_h = 12, .ofs_x = 0, .ofs_y = 0},
    {.bitmap_index = 6619, .adv_w = 276, .box_w = 17, .box_h = 12, .ofs_x = 0, .ofs_y = 0},
    {.bitmap_index = 6721, .adv_w = 180, .box_w = 11, .box_h = 12, .ofs_x = 0, .ofs_y = 0},
    {.bitmap_index = 6787, .adv_w = 184, .box_w = 12, .box_h = 16, .ofs_x = 0, .ofs_y = -4},
    {.bitmap_index = 6883, .adv_w = 164, .box_w = 10, .box_h = 12, .ofs_x = 0, .ofs_y = 0},
    {.bitmap_index = 6943, .adv_w = 121, .box_w = 7, .box_h = 21, .ofs_x = 0, .ofs_y = -4},
    {.bitmap_index = 7017, .adv_w = 95, .box_w = 2, .box_h = 24, .ofs_x = 2, .ofs_y = -6},
    {.bitmap_index = 7041, .adv_w = 121, .box_w = 7, .box_h = 21, .ofs_x = 0, .ofs_y = -4},
    {.bitmap_index = 7115, .adv_w = 189, .box_w = 12, .box_h = 4, .ofs_x = 0, .ofs_y = 6},
    {.bitmap_index = 7139, .adv_w = 320, .box_w = 8, .box_h = 7, .ofs_x = 0, .ofs_y = -2},
    {.bitmap_index = 7167, .adv_w = 320, .box_w = 19, .box_h = 19, .ofs_x = 0, .ofs_y = -3},
    {.bitmap_index = 7348, .adv_w = 320, .box_w = 19, .box_h = 19, .ofs_x = 0, .ofs_y = -2},
    {.bitmap_index = 7529, .adv_w = 320, .box_w = 19, .box_h = 19, .ofs_x = 0, .ofs_y = -2},
    {.bitmap_index = 7710, .adv_w = 320, .box_w = 20, .box_h = 20, .ofs_x = 0, .ofs_y = -3},
    {.bitmap_index = 7910, .adv_w = 320, .box_w = 19, .box_h = 18, .ofs_x = 0, .ofs_y = -2},
    {.bitmap_index = 8081, .adv_w = 320, .box_w = 19, .box_h = 20, .ofs_x = 0, .ofs_y = -2},
    {.bitmap_index = 8271, .adv_w = 320, .box_w = 19, .box_h = 19, .ofs_x = 0, .ofs_y = -3},
    {.bitmap_index = 8452, .adv_w = 320, .box_w = 19, .box_h = 20, .ofs_x = 0, .ofs_y = -3},
    {.bitmap_index = 8642, .adv_w = 320, .box_w = 20, .box_h = 19, .ofs_x = 0, .ofs_y = -3},
    {.bitmap_index = 8832, .adv_w = 320, .box_w = 18, .box_h = 20, .ofs_x = 1, .ofs_y = -3},
    {.bitmap_index = 9012, .adv_w = 320, .box_w = 20, .box_h = 19, .ofs_x = 0, .ofs_y = -2},
    {.bitmap_index = 9202, .adv_w = 320, .box_w = 20, .box_h = 21, .ofs_x = 0, .ofs_y = -3},
    {.bitmap_index = 9412, .adv_w = 320, .box_w = 20, .box_h = 19, .ofs_x = 0, .ofs_y = -2},
    {.bitmap_index = 9602, .adv_w = 320, .box_w = 20, .box_h = 21, .ofs_x = 0, .ofs_y = -3},
    {.bitmap_index = 9812, .adv_w = 320, .box_w = 20, .box_h = 20, .ofs_x = 0, .ofs_y = -3},
    {.bitmap_index = 10012, .adv_w = 320, .box_w = 19, .box_h = 21, .ofs_x = 1, .ofs_y = -3},
    {.bitmap_index = 10212, .adv_w = 320, .box_w = 20, .box_h = 21, .ofs_x = 0, .ofs_y = -3},
    {.bitmap_index = 10422, .adv_w = 320, .box_w = 20, .box_h = 20, .ofs_x = 0, .ofs_y = -2},
    {.bitmap_index = 10622, .adv_w = 320, .box_w = 20, .box_h = 21, .ofs_x = 0, .ofs_y = -3},
    {.bitmap_index = 10832, .adv_w = 320, .box_w = 20, .box_h = 20, .ofs_x = 0, .ofs_y = -2},
    {.bitmap_index = 11032, .adv_w = 320, .box_w = 20, .box_h = 20, .ofs_x = 0, .ofs_y = -3},
    {.bitmap_index = 11232, .adv_w = 320, .box_w = 20, .box_h = 20, .ofs_x = 0, .ofs_y = -3},
    {.bitmap_index = 11432, .adv_w = 320, .box_w = 20, .box_h = 19, .ofs_x = 0, .ofs_y = -2},
    {.bitmap_index = 11622, .adv_w = 320, .box_w = 20, .box_h = 19, .ofs_x = 0, .ofs_y = -3},
    {.bitmap_index = 11812, .adv_w = 320, .box_w = 20, .box_h = 19, .ofs_x = 0, .ofs_y = -3},
    {.bitmap_index = 12002, .adv_w = 320, .box_w = 19, .box_h = 20, .ofs_x = 1, .ofs_y = -3},
    {.bitmap_index = 12192, .adv_w = 320, .box_w = 20, .box_h = 18, .ofs_x = 0, .ofs_y = -2},
    {.bitmap_index = 12372, .adv_w = 320, .box_w = 20, .box_h = 19, .ofs_x = 0, .ofs_y = -2},
    {.bitmap_index = 12562, .adv_w = 320, .box_w = 20, .box_h = 19, .ofs_x = 0, .ofs_y = -2},
    {.bitmap_index = 12752, .adv_w = 320, .box_w = 20, .box_h = 20, .ofs_x = 0, .ofs_y = -3},
    {.bitmap_index = 12952, .adv_w = 320, .box_w = 20, .box_h = 20, .ofs_x = 0, .ofs_y = -2},
    {.bitmap_index = 13152, .adv_w = 320, .box_w = 20, .box_h = 19, .ofs_x = 0, .ofs_y = -2},
    {.bitmap_index = 13342, .adv_w = 320, .box_w = 20, .box_h = 20, .ofs_x = 0, .ofs_y = -3},
    {.bitmap_index = 13542, .adv_w = 320, .box_w = 20, .box_h = 19, .ofs_x = 0, .ofs_y = -2},
    {.bitmap_index = 13732, .adv_w = 320, .box_w = 20, .box_h = 20, .ofs_x = 0, .ofs_y = -2},
    {.bitmap_index = 13932, .adv_w = 320, .box_w = 20, .box_h = 19, .ofs_x = 0, .ofs_y = -2},
    {.bitmap_index = 14122, .adv_w = 320, .box_w = 18, .box_h = 18, .ofs_x = 1, .ofs_y = -2},
    {.bitmap_index = 14284, .adv_w = 320, .box_w = 19, .box_h = 21, .ofs_x = 1, .ofs_y = -3},
    {.bitmap_index = 14484, .adv_w = 320, .box_w = 15, .box_h = 18, .ofs_x = 2, .ofs_y = -2},
    {.bitmap_index = 14619, .adv_w = 320, .box_w = 20, .box_h = 19, .ofs_x = 0, .ofs_y = -3},
    {.bitmap_index = 14809, .adv_w = 320, .box_w = 20, .box_h = 20, .ofs_x = 0, .ofs_y = -3},
    {.bitmap_index = 15009, .adv_w = 320, .box_w = 20, .box_h = 21, .ofs_x = 0, .ofs_y = -3},
    {.bitmap_index = 15219, .adv_w = 320, .box_w = 19, .box_h = 18, .ofs_x = 1, .ofs_y = -2},
    {.bitmap_index = 15390, .adv_w = 320, .box_w = 16, .box_h = 20, .ofs_x = 2, .ofs_y = -3},
    {.bitmap_index = 15550, .adv_w = 320, .box_w = 20, .box_h = 19, .ofs_x = 0, .ofs_y = -2},
    {.bitmap_index = 15740, .adv_w = 320, .box_w = 20, .box_h = 19, .ofs_x = 0, .ofs_y = -2},
    {.bitmap_index = 15930, .adv_w = 320, .box_w = 20, .box_h = 19, .ofs_x = 0, .ofs_y = -2},
    {.bitmap_index = 16120, .adv_w = 320, .box_w = 20, .box_h = 19, .ofs_x = 0, .ofs_y = -2},
    {.bitmap_index = 16310, .adv_w = 320, .box_w = 20, .box_h = 19, .ofs_x = 0, .ofs_y = -2},
    {.bitmap_index = 16500, .adv_w = 320, .box_w = 20, .box_h = 19, .ofs_x = 0, .ofs_y = -2},
    {.bitmap_index = 16690, .adv_w = 320, .box_w = 20, .box_h = 18, .ofs_x = 0, .ofs_y = -1},
    {.bitmap_index = 16870, .adv_w = 320, .box_w = 18, .box_h = 19, .ofs_x = 1, .ofs_y = -2},
    {.bitmap_index = 17041, .adv_w = 320, .box_w = 19, .box_h = 18, .ofs_x = 1, .ofs_y = -2},
    {.bitmap_index = 17212, .adv_w = 320, .box_w = 19, .box_h = 20, .ofs_x = 1, .ofs_y = -3},
    {.bitmap_index = 17402, .adv_w = 320, .box_w = 20, .box_h = 19, .ofs_x = 0, .ofs_y = -3},
    {.bitmap_index = 17592, .adv_w = 320, .box_w = 5, .box_h = 8, .ofs_x = 3, .ofs_y = -3},
    {.bitmap_index = 17612, .adv_w = 320, .box_w = 10, .box_h = 17, .ofs_x = 0, .ofs_y = -1}
};

/*---------------------
 *  CHARACTER MAPPING
 *--------------------*/

static const uint16_t unicode_list_1[] = {
    0x0, 0x218c, 0x21fa, 0x222f, 0x22a7, 0x2372, 0x23d6, 0x23ee,
    0x23f2, 0x2425, 0x242b, 0x2756, 0x2882, 0x2930, 0x2b8b, 0x2c05,
    0x2e75, 0x2f84, 0x311e, 0x320f, 0x32d5, 0x332e, 0x33cf, 0x3573,
    0x35df, 0x362e, 0x366f, 0x36ff, 0x372b, 0x37e4, 0x3806, 0x38bf,
    0x3e04, 0x3ed0, 0x40b8, 0x40c0, 0x43ae, 0x453a, 0x4683, 0x46ed,
    0x4939, 0x4aee, 0x4b48, 0x4f6d, 0x51e9, 0x5bbd, 0x5bd4, 0x5bf6,
    0x5d24, 0x5d84, 0x5fc6, 0x61cc, 0x65e9, 0x6761, 0x67f2, 0x6878,
    0xcf0b, 0xcf1e
};

/*Collect the unicode lists and glyph_id offsets*/
static const lv_font_fmt_txt_cmap_t cmaps[] =
{
    {
        .range_start = 32, .range_length = 95, .glyph_id_start = 1,
        .unicode_list = NULL, .glyph_id_ofs_list = NULL, .list_length = 0, .type = LV_FONT_FMT_TXT_CMAP_FORMAT0_TINY
    },
    {
        .range_start = 12289, .range_length = 53023, .glyph_id_start = 96,
        .unicode_list = unicode_list_1, .glyph_id_ofs_list = NULL, .list_length = 58, .type = LV_FONT_FMT_TXT_CMAP_SPARSE_TINY
    }
};

/*-----------------
 *    KERNING
 *----------------*/


/*Map glyph_ids to kern left classes*/
static const uint8_t kern_left_class_mapping[] =
{
    0, 0, 0, 1, 0, 0, 0, 0,
    1, 2, 0, 0, 0, 3, 4, 3,
    5, 0, 0, 0, 0, 0, 0, 0,
    0, 0, 0, 6, 6, 0, 0, 0,
    0, 0, 7, 8, 9, 10, 11, 12,
    13, 0, 0, 14, 15, 16, 0, 0,
    10, 17, 10, 18, 19, 20, 21, 22,
    23, 24, 25, 26, 2, 27, 0, 0,
    0, 0, 28, 29, 30, 0, 31, 32,
    33, 34, 0, 0, 35, 36, 34, 34,
    29, 29, 37, 38, 39, 40, 37, 41,
    42, 43, 44, 45, 2, 0, 0, 0,
    0, 0, 0, 0, 0, 0, 0, 0,
    0, 0, 0, 0, 0, 0, 0, 0,
    0, 0, 0, 0, 0, 0, 0, 0,
    0, 0, 0, 0, 0, 0, 0, 0,
    0, 0, 0, 0, 0, 0, 0, 0,
    0, 0, 0, 0, 0, 0, 0, 0,
    0, 0, 0, 0, 0, 0, 0, 0,
    0, 0
};

/*Map glyph_ids to kern right classes*/
static const uint8_t kern_right_class_mapping[] =
{
    0, 0, 1, 2, 0, 0, 0, 0,
    2, 0, 3, 4, 0, 5, 6, 7,
    8, 0, 0, 0, 0, 0, 0, 0,
    0, 0, 0, 9, 10, 0, 0, 0,
    11, 0, 12, 0, 13, 0, 0, 0,
    13, 0, 0, 14, 0, 0, 0, 0,
    13, 0, 13, 0, 15, 16, 17, 18,
    19, 20, 21, 22, 0, 23, 3, 0,
    0, 0, 24, 0, 25, 25, 25, 26,
    27, 0, 28, 29, 0, 0, 30, 30,
    25, 30, 25, 30, 31, 32, 33, 34,
    35, 36, 37, 38, 0, 0, 3, 0,
    0, 0, 0, 0, 0, 0, 0, 0,
    0, 0, 0, 0, 0, 0, 0, 0,
    0, 0, 0, 0, 0, 0, 0, 0,
    0, 0, 0, 0, 0, 0, 0, 0,
    0, 0, 0, 0, 0, 0, 0, 0,
    0, 0, 0, 0, 0, 0, 0, 0,
    0, 0, 0, 0, 0, 0, 0, 0,
    0, 0
};

/*Kern values between classes*/
static const int8_t kern_class_values[] =
{
    0, 0, 0, 0, -48, 0, -48, 0,
    0, 0, 0, -26, 0, -41, -5, 0,
    0, 0, 0, -5, 0, 0, 0, 0,
    -9, 0, 0, 0, 0, 0, -9, 0,
    0, 0, 0, 0, 0, 0, 0, 0,
    0, 0, 0, 0, 0, 0, 0, 0,
    0, 0, 0, -9, 0, 0, 0, 0,
    0, 0, 0, 0, 0, 0, 0, 0,
    0, 0, 27, 0, 0, 0, 0, 0,
    0, 0, 0, 0, 0, -44, 0, -59,
    0, 0, 0, 0, 0, 0, 0, 0,
    0, 0, 0, -38, -11, -28, -15, 0,
    -40, 0, 0, 0, -6, 0, 0, 0,
    10, 0, 0, -23, 0, -20, -13, 0,
    -9, 0, 0, 0, 0, 0, 0, 0,
    0, 0, 0, 0, 0, 0, 0, -9,
    -11, -21, 0, -9, -5, -14, -28, -9,
    0, 0, 0, 0, 0, 0, 0, 0,
    0, -10, 0, -7, 0, -8, 0, 0,
    0, 0, 0, 0, 0, 0, 0, 0,
    0, 0, 0, -16, -5, -31, 0, 0,
    0, 0, 0, 0, 0, 0, 0, -12,
    -10, 0, -5, 3, 3, 0, 0, -2,
    -9, 0, 0, 0, 0, 0, 0, 0,
    0, -15, 0, 0, 0, 0, 0, 0,
    0, 0, 0, 0, 0, 0, 0, 0,
    0, 0, -14, 0, 0, 0, 0, 0,
    0, 0, 0, 0, 0, 0, 0, 0,
    0, 0, 0, 0, 0, -26, 0, -33,
    0, 0, 0, 0, 0, 0, -14, -3,
    -5, 0, 0, -26, -7, -8, 0, -3,
    -8, -3, -16, 4, 0, -5, 0, 0,
    0, 0, 4, -8, -3, -7, -4, -4,
    -7, 0, 0, 0, 0, -13, 0, 0,
    0, 0, 0, 0, 0, 0, 0, -8,
    -8, -12, 0, -6, -4, -4, -8, -4,
    0, 0, 0, 0, 0, 0, 0, 0,
    0, -5, 0, -8, -5, -5, -8, 0,
    0, 0, 0, 0, 0, -14, 0, 0,
    0, 0, 0, 0, -14, -5, -12, -7,
    -8, -4, -4, -4, -7, -5, 0, 0,
    0, 0, -9, 0, 0, 0, 0, -14,
    -5, -8, -5, 0, -8, 0, 0, 0,
    0, -12, 0, 0, 0, -7, 0, 0,
    0, -5, 0, -20, 0, -12, 0, -5,
    -3, -11, -9, -9, 0, 0, 0, 0,
    0, 0, 0, 0, 0, 0, 0, 0,
    0, -8, 0, -7, 0, 0, 0, 0,
    0, 0, 0, 0, 0, 0, 0, 0,
    0, 0, 0, 0, 0, 0, 0, 0,
    0, 0, 0, 0, -5, 0, 0, 0,
    0, 0, 0, -12, 0, -5, 0, -17,
    -5, 0, 0, 0, 0, 0, -33, 0,
    -33, -22, 0, 0, 0, -16, -5, -51,
    -11, 0, 0, -3, -3, -12, -5, -13,
    0, -15, -8, 0, -12, 0, 0, -9,
    -11, -5, -8, -13, -10, -14, -10, -18,
    0, 0, 0, -10, 0, 0, 0, 0,
    0, 0, 0, -4, 0, 0, 0, -9,
    0, -8, -4, 0, 0, 0, 0, 0,
    0, 0, 0, 0, 0, 0, 0, 0,
    0, 0, 0, 0, 0, 0, 0, 0,
    0, 0, -12, 0, -12, 0, 0, 0,
    0, 0, 0, -16, 0, 0, 0, 0,
    0, 0, 0, 0, 0, 0, 0, 0,
    0, 0, 0, 0, 0, 0, 0, 0,
    0, 0, 0, 0, 0, -13, 0, -16,
    0, -18, 0, 0, 0, 0, -7, -5,
    -11, 0, -8, -11, -8, -8, -5, 0,
    -10, 0, 0, 0, -7, 0, 0, 0,
    -5, 0, 0, -19, -6, -13, -10, -10,
    -13, -8, 0, -46, 0, -62, 0, -19,
    0, 0, 0, 0, -19, -3, -14, 0,
    -12, -45, -14, -30, -23, 0, -32, 0,
    -31, 0, -6, -8, -4, 0, 0, 0,
    0, -11, -5, -19, -15, 0, -19, 0,
    0, 0, 0, 0, -47, -11, -47, -24,
    0, 0, 0, -20, 0, -54, -5, -8,
    0, 0, 0, -12, -5, -25, 0, -15,
    -10, 0, -9, 0, 0, 0, -5, 0,
    0, 0, 0, -8, 0, -9, 0, 0,
    0, -5, 0, -11, 0, 0, 0, 0,
    0, -4, 0, -7, -7, -8, 0, -4,
    -1, -4, -6, -5, 0, -4, -5, 0,
    -4, 0, 0, 0, 0, 0, 0, 0,
    0, -7, 0, -7, 0, 0, 0, -6,
    0, 4, 0, 0, 0, 0, 0, 0,
    0, -8, -8, -9, 0, 0, 0, 0,
    -8, 0, 0, 0, 0, 0, 0, 0,
    0, 0, 0, -12, 0, 0, 0, 0,
    0, -6, 0, 0, 0, 0, -43, -26,
    -43, -29, -9, -9, 0, -16, -12, -47,
    -13, 0, 0, 0, 0, -9, -8, -19,
    0, -26, -28, -7, -26, 0, 0, -17,
    -23, -7, -17, -11, -12, -13, -11, -26,
    0, 0, 0, 0, -10, 0, -10, -10,
    0, 0, 0, -6, 0, -21, -5, 0,
    0, -4, 0, -5, -8, 0, 0, -4,
    0, 0, -5, 0, 0, 0, -4, 0,
    0, 0, 0, -7, 0, 0, 0, 0,
    0, 0, -28, -9, -28, -14, 0, 0,
    0, -8, -5, -26, -5, 0, -5, 2,
    0, 0, 0, -9, 0, -13, -8, 0,
    -9, 0, 0, -9, -8, 0, -13, -5,
    -5, -8, -5, -10, 0, 0, 0, 0,
    -15, -5, -15, -7, 0, 0, 0, 0,
    -3, -21, -3, 0, 0, 0, 0, 0,
    0, -3, 0, -6, 0, 0, -4, 0,
    0, 0, 0, 0, 0, 0, 0, 0,
    0, -5, 0, -5, 0, -5, 0, -14,
    0, 0, 0, 0, 0, -3, -11, -6,
    -8, -9, -5, 0, 0, 0, 0, 0,
    0, -5, -7, -10, 0, 0, 0, 0,
    0, -10, -5, -10, -8, -5, -10, -8,
    0, 0, 0, 0, -40, -28, -40, -21,
    -14, -14, -7, -8, -8, -38, -8, -8,
    -5, 0, 0, 0, 0, -10, 0, -28,
    -20, 0, -24, 0, 0, -16, -20, -18,
    -15, -8, -12, -15, -8, -21, 0, 0,
    0, 0, 0, -12, 0, 0, 0, 0,
    0, -3, -9, -11, -13, 0, -5, -3,
    -3, 0, -8, -6, 0, -6, -7, -9,
    -6, 0, 0, 0, 0, -8, -8, -6,
    -6, -12, -6, 0, 0, 0, 0, 0,
    0, 0, 0, 0, 0, 0, 0, 0,
    0, 0, 0, -28, -9, -18, -9, 0,
    -26, 0, 0, 0, 0, 0, 8, 0,
    22, 0, 0, 0, 0, -9, -5, 0,
    1, 0, 0, 0, 0, -19, 0, 0,
    0, 0, 0, 0, -11, 0, 0, 0,
    0, -12, 0, -10, -4, 0, -12, 0,
    0, 0, 0, 0, 0, 0, 0, 0,
    0, -8, 0, 0, 0, 0, 0, 0,
    0, -9, 0, -7, -5, -1, -5, 0,
    0, 0, -11, 0, 0, 0, 0, -23,
    0, -9, 0, -4, -21, 0, -14, -6,
    0, -3, 0, 0, 0, 0, -3, -11,
    0, -4, -4, -11, -4, -6, 0, 0,
    0, 0, 0, -13, 0, 0, 0, 0,
    0, 0, 0, 0, 0, -9, 0, -8,
    0, 0, -12, 0, 0, -5, -11, 0,
    -5, 0, 0, 0, 0, -5, 0, -1,
    -1, -2, -1, 0, 0, 0, 0, -12,
    0, 2, 0, 0, 0, 0, -7, 0,
    0, -9, -9, -12, 0, -10, -5, 0,
    -14, 0, -13, -6, 0, -3, -5, 0,
    0, 0, 0, -5, 0, -3, -3, -7,
    -3, -4, 1, 12, 12, 0, -24, -8,
    -24, -4, 0, 0, 7, 0, 0, 0,
    0, 14, 0, 21, 14, 8, 16, 0,
    13, -9, -5, 0, -6, 0, -5, 0,
    -4, 0, 0, 1, 0, -4, 0, -8,
    0, 0, 1, -11, 0, 0, 0, 11,
    0, 0, -17, 0, 0, 0, 0, -14,
    0, 0, 0, 0, -8, 0, 0, -8,
    -8, 0, 0, 0, 14, 0, 0, 0,
    0, -4, -4, 0, 1, -8, 0, 0,
    0, -12, 0, 0, 0, 0, 0, 0,
    -7, 0, 0, 0, 0, -12, 0, -5,
    0, 0, -10, 0, 0, 0, 0, 0,
    0, 0, 0, 0, 0, 0, 0, 0,
    0, 0, 0, 0, 0, 0, 0, -9,
    1, -27, 1, 0, 1, 1, -11, 0,
    0, 0, 0, -19, 0, 0, 0, 0,
    -7, 0, 0, -5, -11, 0, -5, 0,
    -5, 0, 0, -13, -8, 0, 0, -7,
    0, -7, 0, 0, 0, 0, 0, 0,
    0, 0, 0, 0, 0, 0, 0, 0,
    0, 0, 0, 0, 0, 0, 0, 0,
    0, 0, 0, 0, 0, 0, 2, 0,
    0, 0, 0, 0, 0, 0, 0, 0,
    0, 0, 0, -8, 0, 0, 0, 0,
    0, 0, 0, 0, 0, 0, 0, -9,
    0, -8, 0, 0, -13, 0, 0, 0,
    0, 0, 0, 0, 0, 0, 0, 0,
    0, 0, 0, 0, 0, 0, 0, 0,
    0, 0, -30, -12, -30, -12, 3, 3,
    0, -8, 0, -26, 0, 0, 0, 0,
    0, 0, 0, -5, 1, -12, -5, 0,
    -5, 0, 0, 0, -4, 0, 0, 3,
    2, 0, 3, -4, 0, 0, 0, -15,
    0, 2, 0, 0, 0, 0, -10, 0,
    0, 0, 0, -12, 0, -5, 0, 0,
    -9, 0, 0, 0, 0, 0, 0, 0,
    0, 0, 0, -9, 0, 0, 0, 0,
    0, 0, 0, 0, 0, 0, -4, -14,
    -4, -2, 1, 1, -14, 0, 0, 0,
    0, -8, 0, 0, 0, 0, -4, 0,
    0, -9, -8, 0, -5, 0, 0, 0,
    -5, -9, 0, 0, 0, -6, 0, 0,
    0, 0, 0, -6, -20, -7, -20, -9,
    0, 0, 0, -6, 0, -16, 0, -9,
    0, -5, 0, 0, -8, -5, 0, -9,
    -4, 0, 0, 0, -5, 0, 0, 0,
    0, 0, 0, 0, 0, -12, 0, 0,
    0, -6, -26, 0, -26, -3, 0, 0,
    0, -4, 0, -13, 0, -12, 0, -5,
    0, -8, -12, 0, 0, -5, -4, 0,
    0, 0, -5, 0, 0, 0, 0, 0,
    0, 0, 0, -11, -8, 0, 0, -10,
    3, -8, -7, 0, 0, 3, 0, 0,
    -5, 0, -4, -11, 0, -8, 0, -5,
    -15, 0, 0, -5, -11, 0, 0, 0,
    0, 0, 0, -12, 0, 0, 0, 0,
    -6, 0, 0, 0, 0, 0, -20, 0,
    -20, -4, 0, 0, 0, 0, 0, -16,
    0, -9, 0, -4, 0, -4, -7, 0,
    0, -9, -4, 0, 0, 0, -5, 0,
    0, 0, 0, 0, 0, -8, 0, -12,
    0, 0, 0, 0, 0, -10, 0, 0,
    0, 0, 0, 0, 0, 0, 0, -10,
    0, 0, 0, 0, -9, 0, 0, -8,
    -5, 0, -3, 0, 0, 0, 0, 0,
    -5, -4, 0, 0, -4, 0
};


/*Collect the kern class' data in one place*/
static const lv_font_fmt_txt_kern_classes_t kern_classes =
{
    .class_pair_values   = kern_class_values,
    .left_class_mapping  = kern_left_class_mapping,
    .right_class_mapping = kern_right_class_mapping,
    .left_class_cnt      = 45,
    .right_class_cnt     = 38,
};

/*--------------------
 *  ALL CUSTOM DATA
 *--------------------*/

#if LVGL_VERSION_MAJOR == 8
/*Store all the custom data of the font*/
static  lv_font_fmt_txt_glyph_cache_t cache;
#endif

#if LVGL_VERSION_MAJOR >= 8
static const lv_font_fmt_txt_dsc_t font_dsc = {
#else
static lv_font_fmt_txt_dsc_t font_dsc = {
#endif
    .glyph_bitmap = glyph_bitmap,
    .glyph_dsc = glyph_dsc,
    .cmaps = cmaps,
    .kern_dsc = &kern_classes,
    .kern_scale = 16,
    .cmap_num = 2,
    .bpp = 4,
    .kern_classes = 1,
    .bitmap_format = 0,
#if LVGL_VERSION_MAJOR == 8
    .cache = &cache
#endif
};



/*-----------------
 *  PUBLIC FONT
 *----------------*/

/*Initialize a public general font descriptor*/
#if LVGL_VERSION_MAJOR >= 8
const lv_font_t ui_font_ns700_20 = {
#else
lv_font_t ui_font_ns700_20 = {
#endif
    .get_glyph_dsc = lv_font_get_glyph_dsc_fmt_txt,    /*Function pointer to get glyph's data*/
    .get_glyph_bitmap = lv_font_get_bitmap_fmt_txt,    /*Function pointer to get glyph's bitmap*/
    .line_height = 26,          /*The maximum line height required by the font*/
    .base_line = 6,             /*Baseline measured from the bottom of the line*/
#if !(LVGL_VERSION_MAJOR == 6 && LVGL_VERSION_MINOR == 0)
    .subpx = LV_FONT_SUBPX_NONE,
#endif
#if LV_VERSION_CHECK(7, 4, 0) || LVGL_VERSION_MAJOR >= 8
    .underline_position = -2,
    .underline_thickness = 1,
#endif
    .dsc = &font_dsc,          /*The custom font data. Will be accessed by `get_glyph_bitmap/dsc` */
#if LV_VERSION_CHECK(8, 2, 0) || LVGL_VERSION_MAJOR >= 9
    .fallback = NULL,
#endif
    .user_data = NULL,
};



#endif /*#if UI_FONT_NS700_20*/

