/*******************************************************************************
 * Size: 22 px
 * Bpp: 4
 * Opts: --size 22 --bpp 4 --font lvgl-design/squareline_studio/assets/Fonts/NotoSansSC-700.ttf -r 0x20-0x7e --symbols 下人件位信停健准制单境备外失定小山工已息情护控整暂机极果查标检步环硬确碎类结维置自认设试详败身近重附限项骨骼 --no-compress --no-prefilter --format lvgl --lv-font-name ui_font_ns700_22 -o lvgl-design/squareline_studio/assets/Fonts/ui_font_ns700_22.c
 ******************************************************************************/

#ifdef LV_LVGL_H_INCLUDE_SIMPLE
#include "lvgl.h"
#else
#include "lvgl/lvgl.h"
#endif

#ifndef UI_FONT_NS700_22
#define UI_FONT_NS700_22 1
#endif

#if UI_FONT_NS700_22

/*-----------------
 *    BITMAPS
 *----------------*/

/*Store the image of the glyphs*/
static LV_ATTRIBUTE_LARGE_CONST const uint8_t glyph_bitmap[] = {
    /* U+0020 " " */

    /* U+0021 "!" */
    0x8f, 0xfb, 0x8, 0xff, 0xa0, 0x7f, 0xf9, 0x6,
    0xff, 0x90, 0x6f, 0xf8, 0x5, 0xff, 0x70, 0x4f,
    0xf6, 0x3, 0xff, 0x50, 0x2f, 0xf4, 0x1, 0xff,
    0x30, 0xf, 0xf2, 0x0, 0x88, 0x10, 0x3, 0x40,
    0x8, 0xff, 0xa0, 0xef, 0xff, 0xd, 0xff, 0xf0,
    0x4e, 0xe5, 0x0,

    /* U+0022 "\"" */
    0x1f, 0xff, 0x30, 0x9f, 0xfb, 0xf, 0xff, 0x20,
    0x8f, 0xfa, 0xf, 0xff, 0x20, 0x7f, 0xfa, 0xe,
    0xff, 0x10, 0x6f, 0xf9, 0xc, 0xfe, 0x0, 0x4f,
    0xf6, 0xa, 0xfc, 0x0, 0x2f, 0xf4, 0x8, 0xfa,
    0x0, 0xf, 0xf2, 0x6, 0xf8, 0x0, 0xe, 0xf0,
    0x0, 0x0, 0x0, 0x0, 0x0,

    /* U+0023 "#" */
    0x0, 0x0, 0xef, 0x0, 0x3f, 0xb0, 0x0, 0x0,
    0xf, 0xd0, 0x5, 0xf9, 0x0, 0x0, 0x2, 0xfb,
    0x0, 0x7f, 0x70, 0x0, 0x0, 0x5f, 0x90, 0x9,
    0xf5, 0x0, 0xa, 0xff, 0xff, 0xff, 0xff, 0xff,
    0x30, 0xaf, 0xff, 0xff, 0xff, 0xff, 0xf3, 0x1,
    0x2b, 0xf5, 0x22, 0xff, 0x22, 0x0, 0x0, 0xcf,
    0x20, 0x1f, 0xd0, 0x0, 0x0, 0xe, 0xf0, 0x3,
    0xfb, 0x0, 0x0, 0x22, 0xff, 0x22, 0x6f, 0xb2,
    0x20, 0x2f, 0xff, 0xff, 0xff, 0xff, 0xfb, 0x2,
    0xff, 0xff, 0xff, 0xff, 0xff, 0xb0, 0x0, 0x5f,
    0x90, 0xa, 0xf4, 0x0, 0x0, 0x6, 0xf7, 0x0,
    0xbf, 0x20, 0x0, 0x0, 0x8f, 0x60, 0xd, 0xf1,
    0x0, 0x0, 0xa, 0xf4, 0x0, 0xff, 0x0, 0x0,
    0x0, 0xcf, 0x20, 0x1f, 0xd0, 0x0, 0x0,

    /* U+0024 "$" */
    0x0, 0x0, 0x48, 0x40, 0x0, 0x0, 0x0, 0x9,
    0xf9, 0x0, 0x0, 0x0, 0x0, 0x9f, 0x90, 0x0,
    0x0, 0x1, 0x9f, 0xff, 0xb4, 0x0, 0x3, 0xef,
    0xff, 0xff, 0xf9, 0x0, 0xdf, 0xff, 0xcc, 0xff,
    0xd0, 0x2f, 0xff, 0x20, 0x2, 0xc2, 0x4, 0xff,
    0xc0, 0x0, 0x0, 0x0, 0x3f, 0xff, 0x20, 0x0,
    0x0, 0x0, 0xef, 0xfe, 0x50, 0x0, 0x0, 0x4,
    0xff, 0xff, 0xd5, 0x0, 0x0, 0x3, 0xdf, 0xff,
    0xfb, 0x0, 0x0, 0x0, 0x6e, 0xff, 0xfb, 0x0,
    0x0, 0x0, 0xa, 0xff, 0xf3, 0x0, 0x0, 0x0,
    0xd, 0xff, 0x60, 0x10, 0x0, 0x0, 0xaf, 0xf7,
    0x1e, 0x81, 0x0, 0x1e, 0xff, 0x4a, 0xff, 0xfc,
    0xcf, 0xff, 0xe0, 0x5e, 0xff, 0xff, 0xff, 0xf3,
    0x0, 0x17, 0xcf, 0xff, 0x92, 0x0, 0x0, 0x0,
    0x9f, 0x90, 0x0, 0x0, 0x0, 0x9, 0xf9, 0x0,
    0x0, 0x0, 0x0, 0x48, 0x40, 0x0, 0x0,

    /* U+0025 "%" */
    0x0, 0x5d, 0xfe, 0x80, 0x0, 0x0, 0x3, 0xfb,
    0x0, 0x0, 0x0, 0x5f, 0xfe, 0xff, 0xa0, 0x0,
    0x0, 0xbf, 0x30, 0x0, 0x0, 0xd, 0xf9, 0x4,
    0xff, 0x30, 0x0, 0x3f, 0xa0, 0x0, 0x0, 0x2,
    0xff, 0x10, 0xc, 0xf8, 0x0, 0xc, 0xf2, 0x0,
    0x0, 0x0, 0x4f, 0xf0, 0x0, 0xaf, 0x90, 0x4,
    0xfa, 0x0, 0x0, 0x0, 0x4, 0xff, 0x0, 0xa,
    0xf9, 0x0, 0xcf, 0x20, 0x0, 0x0, 0x0, 0x2f,
    0xf2, 0x0, 0xcf, 0x70, 0x5f, 0x90, 0x4b, 0xec,
    0x40, 0x0, 0xdf, 0x90, 0x4f, 0xf3, 0xd, 0xf1,
    0x4f, 0xff, 0xff, 0x50, 0x4, 0xff, 0xff, 0xfa,
    0x6, 0xf8, 0xe, 0xf9, 0x9, 0xfe, 0x0, 0x4,
    0xdf, 0xe8, 0x0, 0xdf, 0x13, 0xff, 0x0, 0xf,
    0xf4, 0x0, 0x0, 0x0, 0x0, 0x6f, 0x80, 0x6f,
    0xd0, 0x0, 0xdf, 0x60, 0x0, 0x0, 0x0, 0xe,
    0xe0, 0x7, 0xfd, 0x0, 0xd, 0xf7, 0x0, 0x0,
    0x0, 0x7, 0xf7, 0x0, 0x6f, 0xd0, 0x0, 0xdf,
    0x60, 0x0, 0x0, 0x0, 0xee, 0x0, 0x3, 0xff,
    0x0, 0xf, 0xf4, 0x0, 0x0, 0x0, 0x8f, 0x60,
    0x0, 0xe, 0xf8, 0x7, 0xfe, 0x0, 0x0, 0x0,
    0x1f, 0xe0, 0x0, 0x0, 0x5f, 0xfe, 0xff, 0x60,
    0x0, 0x0, 0x8, 0xf6, 0x0, 0x0, 0x0, 0x5d,
    0xfd, 0x50, 0x0,

    /* U+0026 "&" */
    0x0, 0x0, 0x4c, 0xff, 0xb3, 0x0, 0x0, 0x0,
    0x0, 0x5, 0xff, 0xff, 0xff, 0x20, 0x0, 0x0,
    0x0, 0xe, 0xfe, 0x55, 0xff, 0x90, 0x0, 0x0,
    0x0, 0x3f, 0xf7, 0x0, 0xcf, 0xb0, 0x0, 0x0,
    0x0, 0x4f, 0xf6, 0x0, 0xef, 0x90, 0x0, 0x0,
    0x0, 0x1f, 0xfa, 0x1b, 0xff, 0x30, 0x0, 0x0,
    0x0, 0xd, 0xff, 0xef, 0xf6, 0x0, 0x0, 0x0,
    0x0, 0x7, 0xff, 0xff, 0x50, 0x0, 0x27, 0x74,
    0x0, 0x6f, 0xff, 0xf7, 0x0, 0x0, 0x9f, 0xf6,
    0x5, 0xff, 0xff, 0xff, 0x50, 0x0, 0xef, 0xf0,
    0xe, 0xff, 0x66, 0xff, 0xf5, 0x7, 0xff, 0x80,
    0x4f, 0xfd, 0x0, 0x8f, 0xff, 0x9f, 0xff, 0x10,
    0x5f, 0xfc, 0x0, 0x9, 0xff, 0xff, 0xf6, 0x0,
    0x3f, 0xff, 0x40, 0x0, 0xaf, 0xff, 0xf9, 0x10,
    0xc, 0xff, 0xfb, 0x9c, 0xff, 0xff, 0xff, 0xf9,
    0x2, 0xef, 0xff, 0xff, 0xff, 0x99, 0xff, 0xf7,
    0x0, 0x18, 0xdf, 0xfd, 0x93, 0x0, 0x28, 0xd3,

    /* U+0027 "'" */
    0x1f, 0xff, 0x30, 0xff, 0xf2, 0xf, 0xff, 0x20,
    0xef, 0xf1, 0xc, 0xfe, 0x0, 0xaf, 0xc0, 0x8,
    0xfa, 0x0, 0x6f, 0x80, 0x0, 0x0, 0x0,

    /* U+0028 "(" */
    0x0, 0x1, 0xb4, 0x0, 0x0, 0x9f, 0xe0, 0x0,
    0x1f, 0xf6, 0x0, 0x8, 0xff, 0x0, 0x0, 0xef,
    0xa0, 0x0, 0x3f, 0xf5, 0x0, 0x7, 0xff, 0x10,
    0x0, 0xbf, 0xe0, 0x0, 0xe, 0xfb, 0x0, 0x0,
    0xff, 0x90, 0x0, 0x1f, 0xf8, 0x0, 0x1, 0xff,
    0x70, 0x0, 0x1f, 0xf8, 0x0, 0x1, 0xff, 0x80,
    0x0, 0xf, 0xfa, 0x0, 0x0, 0xdf, 0xc0, 0x0,
    0xa, 0xff, 0x0, 0x0, 0x6f, 0xf2, 0x0, 0x2,
    0xff, 0x60, 0x0, 0xc, 0xfb, 0x0, 0x0, 0x6f,
    0xf2, 0x0, 0x0, 0xef, 0x90, 0x0, 0x6, 0xfe,
    0x0, 0x0, 0x6, 0x0,

    /* U+0029 ")" */
    0x29, 0x50, 0x0, 0x9f, 0xd0, 0x0, 0x2f, 0xf6,
    0x0, 0xb, 0xfd, 0x0, 0x5, 0xff, 0x30, 0x0,
    0xff, 0x80, 0x0, 0xcf, 0xd0, 0x0, 0x9f, 0xf0,
    0x0, 0x6f, 0xf3, 0x0, 0x4f, 0xf5, 0x0, 0x3f,
    0xf6, 0x0, 0x2f, 0xf7, 0x0, 0x3f, 0xf6, 0x0,
    0x3f, 0xf6, 0x0, 0x5f, 0xf4, 0x0, 0x7f, 0xf2,
    0x0, 0xaf, 0xf0, 0x0, 0xdf, 0xb0, 0x1, 0xff,
    0x70, 0x6, 0xff, 0x10, 0xc, 0xfb, 0x0, 0x4f,
    0xf3, 0x0, 0xaf, 0xb0, 0x0, 0x4, 0x20, 0x0,

    /* U+002A "*" */
    0x0, 0x5, 0xf7, 0x0, 0x0, 0x0, 0x7, 0xf9,
    0x0, 0x0, 0x47, 0x49, 0xfb, 0x37, 0x60, 0xbf,
    0xff, 0xff, 0xff, 0xe0, 0x3a, 0xff, 0xff, 0xfb,
    0x40, 0x0, 0x8f, 0xff, 0xa0, 0x0, 0x1, 0xff,
    0xdf, 0xf2, 0x0, 0x8, 0xfb, 0x9, 0xfb, 0x0,
    0x1, 0x91, 0x0, 0x92, 0x0,

    /* U+002B "+" */
    0x0, 0x0, 0x0, 0x0, 0x0, 0x0, 0x0, 0x0,
    0x0, 0xbf, 0xa0, 0x0, 0x0, 0x0, 0x0, 0xb,
    0xfa, 0x0, 0x0, 0x0, 0x0, 0x0, 0xbf, 0xa0,
    0x0, 0x0, 0x0, 0x0, 0xb, 0xfa, 0x0, 0x0,
    0x0, 0x0, 0x0, 0xbf, 0xa0, 0x0, 0x0, 0x2f,
    0xff, 0xff, 0xff, 0xff, 0xff, 0x22, 0xff, 0xff,
    0xff, 0xff, 0xff, 0xf2, 0x6, 0x66, 0x6d, 0xfc,
    0x66, 0x66, 0x0, 0x0, 0x0, 0xbf, 0xa0, 0x0,
    0x0, 0x0, 0x0, 0xb, 0xfa, 0x0, 0x0, 0x0,
    0x0, 0x0, 0xbf, 0xa0, 0x0, 0x0, 0x0, 0x0,
    0xb, 0xfa, 0x0, 0x0, 0x0,

    /* U+002C "," */
    0x9, 0xec, 0x15, 0xff, 0xfa, 0x5f, 0xff, 0xe0,
    0xaf, 0xff, 0x0, 0x4f, 0xe0, 0xb, 0xf9, 0x1a,
    0xff, 0x2a, 0xff, 0x40, 0x4a, 0x20, 0x0,

    /* U+002D "-" */
    0x56, 0x66, 0x66, 0xe, 0xff, 0xff, 0xf1, 0xef,
    0xff, 0xff, 0x10,

    /* U+002E "." */
    0x1, 0x52, 0x1, 0xef, 0xf3, 0x6f, 0xff, 0x85,
    0xff, 0xf7, 0xa, 0xfb, 0x0,

    /* U+002F "/" */
    0x0, 0x0, 0x5, 0xfc, 0x0, 0x0, 0x9, 0xf9,
    0x0, 0x0, 0xd, 0xf5, 0x0, 0x0, 0x1f, 0xf1,
    0x0, 0x0, 0x5f, 0xd0, 0x0, 0x0, 0x8f, 0x90,
    0x0, 0x0, 0xcf, 0x50, 0x0, 0x0, 0xff, 0x10,
    0x0, 0x4, 0xfd, 0x0, 0x0, 0x8, 0xf9, 0x0,
    0x0, 0xc, 0xf6, 0x0, 0x0, 0xf, 0xf2, 0x0,
    0x0, 0x4f, 0xe0, 0x0, 0x0, 0x8f, 0xa0, 0x0,
    0x0, 0xbf, 0x60, 0x0, 0x0, 0xff, 0x20, 0x0,
    0x3, 0xfe, 0x0, 0x0, 0x7, 0xfa, 0x0, 0x0,
    0xb, 0xf7, 0x0, 0x0, 0xf, 0xf3, 0x0, 0x0,
    0x3f, 0xf0, 0x0, 0x0, 0x7f, 0xb0, 0x0, 0x0,
    0x58, 0x40, 0x0, 0x0,

    /* U+0030 "0" */
    0x0, 0x1, 0x9e, 0xfe, 0x91, 0x0, 0x0, 0x1,
    0xef, 0xff, 0xff, 0xd1, 0x0, 0x0, 0xbf, 0xfd,
    0x9d, 0xff, 0xb0, 0x0, 0x3f, 0xfe, 0x0, 0xe,
    0xff, 0x30, 0x9, 0xff, 0x70, 0x0, 0x7f, 0xf8,
    0x0, 0xcf, 0xf3, 0x0, 0x4, 0xff, 0xc0, 0xe,
    0xff, 0x10, 0x0, 0x2f, 0xfe, 0x0, 0xff, 0xf0,
    0x0, 0x1, 0xff, 0xf0, 0xf, 0xff, 0x0, 0x0,
    0x1f, 0xff, 0x0, 0xff, 0xf0, 0x0, 0x1, 0xff,
    0xf0, 0xe, 0xff, 0x20, 0x0, 0x2f, 0xfe, 0x0,
    0xcf, 0xf4, 0x0, 0x4, 0xff, 0xb0, 0x8, 0xff,
    0x80, 0x0, 0x8f, 0xf8, 0x0, 0x3f, 0xfe, 0x10,
    0x1e, 0xff, 0x20, 0x0, 0xbf, 0xfe, 0xae, 0xff,
    0xa0, 0x0, 0x1, 0xdf, 0xff, 0xff, 0xd1, 0x0,
    0x0, 0x1, 0x8e, 0xfe, 0x81, 0x0, 0x0,

    /* U+0031 "1" */
    0x0, 0x2, 0xaf, 0xf8, 0x0, 0x0, 0x6d, 0xff,
    0xff, 0x80, 0x0, 0xa, 0xff, 0xff, 0xf8, 0x0,
    0x0, 0x58, 0x8d, 0xff, 0x80, 0x0, 0x0, 0x0,
    0xaf, 0xf8, 0x0, 0x0, 0x0, 0xa, 0xff, 0x80,
    0x0, 0x0, 0x0, 0xaf, 0xf8, 0x0, 0x0, 0x0,
    0xa, 0xff, 0x80, 0x0, 0x0, 0x0, 0xaf, 0xf8,
    0x0, 0x0, 0x0, 0xa, 0xff, 0x80, 0x0, 0x0,
    0x0, 0xaf, 0xf8, 0x0, 0x0, 0x0, 0xa, 0xff,
    0x80, 0x0, 0x0, 0x0, 0xaf, 0xf8, 0x0, 0x0,
    0x0, 0xa, 0xff, 0x80, 0x0, 0x2b, 0xbb, 0xef,
    0xfd, 0xbb, 0x63, 0xff, 0xff, 0xff, 0xff, 0xf9,
    0x3f, 0xff, 0xff, 0xff, 0xff, 0x90,

    /* U+0032 "2" */
    0x0, 0x18, 0xdf, 0xfc, 0x60, 0x0, 0x3, 0xef,
    0xff, 0xff, 0xfb, 0x0, 0xe, 0xff, 0xda, 0xcf,
    0xff, 0x70, 0x4, 0xf7, 0x0, 0x9, 0xff, 0xe0,
    0x0, 0x10, 0x0, 0x1, 0xff, 0xf0, 0x0, 0x0,
    0x0, 0x0, 0xff, 0xf1, 0x0, 0x0, 0x0, 0x3,
    0xff, 0xe0, 0x0, 0x0, 0x0, 0x9, 0xff, 0xa0,
    0x0, 0x0, 0x0, 0x2f, 0xff, 0x30, 0x0, 0x0,
    0x0, 0xcf, 0xfa, 0x0, 0x0, 0x0, 0x9, 0xff,
    0xe1, 0x0, 0x0, 0x0, 0x7f, 0xff, 0x40, 0x0,
    0x0, 0x6, 0xff, 0xf6, 0x0, 0x0, 0x0, 0x6f,
    0xff, 0x80, 0x0, 0x0, 0x6, 0xff, 0xff, 0xbc,
    0xdd, 0xdb, 0xf, 0xff, 0xff, 0xff, 0xff, 0xfd,
    0xf, 0xff, 0xff, 0xff, 0xff, 0xfd,

    /* U+0033 "3" */
    0x0, 0x18, 0xdf, 0xfd, 0x81, 0x0, 0x5, 0xef,
    0xff, 0xff, 0xfe, 0x30, 0x8, 0xff, 0xda, 0xbf,
    0xff, 0xd0, 0x0, 0xa6, 0x0, 0x5, 0xff, 0xf2,
    0x0, 0x0, 0x0, 0x0, 0xff, 0xf3, 0x0, 0x0,
    0x0, 0x3, 0xff, 0xf0, 0x0, 0x0, 0x1, 0x6e,
    0xff, 0x80, 0x0, 0x0, 0xff, 0xff, 0xf7, 0x0,
    0x0, 0x0, 0xff, 0xff, 0xe7, 0x0, 0x0, 0x0,
    0x67, 0xaf, 0xff, 0xb0, 0x0, 0x0, 0x0, 0x2,
    0xef, 0xf6, 0x0, 0x0, 0x0, 0x0, 0x9f, 0xfb,
    0x0, 0x20, 0x0, 0x0, 0x9f, 0xfb, 0x9, 0xe5,
    0x0, 0x2, 0xef, 0xf9, 0x3f, 0xff, 0xeb, 0xcf,
    0xff, 0xf2, 0x8, 0xff, 0xff, 0xff, 0xff, 0x50,
    0x0, 0x29, 0xdf, 0xfd, 0x92, 0x0,

    /* U+0034 "4" */
    0x0, 0x0, 0x0, 0xcf, 0xff, 0x60, 0x0, 0x0,
    0x0, 0x5f, 0xff, 0xf6, 0x0, 0x0, 0x0, 0xe,
    0xff, 0xff, 0x60, 0x0, 0x0, 0x8, 0xff, 0xbf,
    0xf6, 0x0, 0x0, 0x2, 0xff, 0xc8, 0xff, 0x60,
    0x0, 0x0, 0xbf, 0xf4, 0x9f, 0xf6, 0x0, 0x0,
    0x4f, 0xfb, 0x9, 0xff, 0x60, 0x0, 0xd, 0xff,
    0x20, 0x9f, 0xf6, 0x0, 0x7, 0xff, 0x80, 0x9,
    0xff, 0x60, 0x1, 0xff, 0xd0, 0x0, 0x9f, 0xf6,
    0x0, 0x8f, 0xff, 0xff, 0xff, 0xff, 0xff, 0x58,
    0xff, 0xff, 0xff, 0xff, 0xff, 0xf5, 0x48, 0x88,
    0x88, 0x8d, 0xff, 0xb8, 0x30, 0x0, 0x0, 0x0,
    0x9f, 0xf6, 0x0, 0x0, 0x0, 0x0, 0x9, 0xff,
    0x60, 0x0, 0x0, 0x0, 0x0, 0x9f, 0xf6, 0x0,
    0x0, 0x0, 0x0, 0x9, 0xff, 0x60, 0x0,

    /* U+0035 "5" */
    0x0, 0xbf, 0xff, 0xff, 0xff, 0xf0, 0x0, 0xcf,
    0xff, 0xff, 0xff, 0xf0, 0x0, 0xdf, 0xfd, 0xcc,
    0xcc, 0xc0, 0x0, 0xef, 0xf0, 0x0, 0x0, 0x0,
    0x0, 0xff, 0xf0, 0x0, 0x0, 0x0, 0x0, 0xff,
    0xd2, 0x54, 0x10, 0x0, 0x0, 0xff, 0xff, 0xff,
    0xfa, 0x10, 0x1, 0xff, 0xff, 0xff, 0xff, 0xc0,
    0x0, 0x5b, 0x40, 0x19, 0xff, 0xf5, 0x0, 0x0,
    0x0, 0x0, 0xcf, 0xf9, 0x0, 0x0, 0x0, 0x0,
    0x8f, 0xfb, 0x0, 0x0, 0x0, 0x0, 0x7f, 0xfb,
    0x0, 0x20, 0x0, 0x0, 0xbf, 0xf9, 0x9, 0xe5,
    0x0, 0x6, 0xff, 0xf5, 0x3f, 0xff, 0xeb, 0xdf,
    0xff, 0xc0, 0x7, 0xff, 0xff, 0xff, 0xfd, 0x10,
    0x0, 0x29, 0xdf, 0xfd, 0x70, 0x0,

    /* U+0036 "6" */
    0x0, 0x3, 0xae, 0xfe, 0xa2, 0x0, 0x0, 0x6f,
    0xff, 0xff, 0xff, 0x60, 0x4, 0xff, 0xfe, 0xbd,
    0xff, 0x40, 0xd, 0xff, 0x80, 0x0, 0x45, 0x0,
    0x4f, 0xfd, 0x0, 0x0, 0x0, 0x0, 0x9f, 0xf6,
    0x0, 0x0, 0x0, 0x0, 0xcf, 0xf3, 0x6d, 0xfe,
    0x81, 0x0, 0xdf, 0xfc, 0xff, 0xff, 0xfd, 0x0,
    0xef, 0xff, 0xb6, 0x7f, 0xff, 0x80, 0xef, 0xf9,
    0x0, 0x4, 0xff, 0xd0, 0xcf, 0xf2, 0x0, 0x0,
    0xff, 0xf0, 0xaf, 0xf4, 0x0, 0x0, 0xef, 0xf0,
    0x6f, 0xf9, 0x0, 0x0, 0xff, 0xf0, 0x1f, 0xff,
    0x20, 0x7, 0xff, 0xb0, 0x7, 0xff, 0xf9, 0xaf,
    0xff, 0x40, 0x0, 0xaf, 0xff, 0xff, 0xf7, 0x0,
    0x0, 0x6, 0xcf, 0xfb, 0x40, 0x0,

    /* U+0037 "7" */
    0xef, 0xff, 0xff, 0xff, 0xff, 0xee, 0xff, 0xff,
    0xff, 0xff, 0xfe, 0xbc, 0xcc, 0xcc, 0xce, 0xff,
    0x90, 0x0, 0x0, 0x1, 0xff, 0xd0, 0x0, 0x0,
    0x0, 0xaf, 0xf3, 0x0, 0x0, 0x0, 0x3f, 0xfa,
    0x0, 0x0, 0x0, 0xb, 0xff, 0x20, 0x0, 0x0,
    0x2, 0xff, 0xc0, 0x0, 0x0, 0x0, 0x8f, 0xf6,
    0x0, 0x0, 0x0, 0xc, 0xff, 0x20, 0x0, 0x0,
    0x1, 0xff, 0xf0, 0x0, 0x0, 0x0, 0x4f, 0xfc,
    0x0, 0x0, 0x0, 0x7, 0xff, 0xa0, 0x0, 0x0,
    0x0, 0x9f, 0xf9, 0x0, 0x0, 0x0, 0xb, 0xff,
    0x70, 0x0, 0x0, 0x0, 0xcf, 0xf6, 0x0, 0x0,
    0x0, 0xe, 0xff, 0x50, 0x0, 0x0,

    /* U+0038 "8" */
    0x0, 0x2a, 0xef, 0xeb, 0x30, 0x0, 0x4f, 0xff,
    0xff, 0xff, 0x40, 0xe, 0xff, 0xa5, 0x9f, 0xfe,
    0x3, 0xff, 0xb0, 0x0, 0x9f, 0xf3, 0x5f, 0xf8,
    0x0, 0x5, 0xff, 0x42, 0xff, 0xc0, 0x0, 0x6f,
    0xf2, 0xc, 0xff, 0xa1, 0xc, 0xfa, 0x0, 0x1e,
    0xff, 0xeb, 0xfd, 0x10, 0x0, 0x8f, 0xff, 0xff,
    0xa0, 0x0, 0xaf, 0xe5, 0xbf, 0xff, 0xc0, 0x7f,
    0xf4, 0x0, 0x4e, 0xff, 0x7d, 0xfe, 0x0, 0x0,
    0x4f, 0xfd, 0xff, 0xd0, 0x0, 0x1, 0xff, 0xfd,
    0xff, 0x30, 0x0, 0x4f, 0xfd, 0x7f, 0xff, 0x85,
    0x8f, 0xff, 0x70, 0xaf, 0xff, 0xff, 0xff, 0xa0,
    0x0, 0x5b, 0xef, 0xeb, 0x50, 0x0,

    /* U+0039 "9" */
    0x0, 0x5, 0xcf, 0xfc, 0x50, 0x0, 0x0, 0xaf,
    0xff, 0xff, 0xfa, 0x0, 0x6, 0xff, 0xf9, 0x9f,
    0xff, 0x70, 0xd, 0xff, 0x40, 0x2, 0xff, 0xf1,
    0xf, 0xfe, 0x0, 0x0, 0x9f, 0xf6, 0x1f, 0xfd,
    0x0, 0x0, 0x5f, 0xfa, 0xf, 0xff, 0x0, 0x0,
    0x5f, 0xfc, 0xc, 0xff, 0xa1, 0x6, 0xff, 0xfd,
    0x4, 0xff, 0xff, 0xff, 0xef, 0xfd, 0x0, 0x5e,
    0xff, 0xfb, 0x4f, 0xfc, 0x0, 0x0, 0x45, 0x30,
    0x4f, 0xfb, 0x0, 0x0, 0x0, 0x0, 0x7f, 0xf8,
    0x0, 0x0, 0x0, 0x0, 0xdf, 0xf3, 0x0, 0x86,
    0x0, 0x9, 0xff, 0xc0, 0x5, 0xff, 0xeb, 0xef,
    0xff, 0x30, 0x6, 0xff, 0xff, 0xff, 0xf5, 0x0,
    0x0, 0x2a, 0xef, 0xea, 0x20, 0x0,

    /* U+003A ":" */
    0xa, 0xfb, 0x5, 0xff, 0xf7, 0x6f, 0xff, 0x81,
    0xef, 0xf2, 0x1, 0x41, 0x0, 0x0, 0x0, 0x0,
    0x0, 0x0, 0x0, 0x0, 0x1, 0x52, 0x1, 0xef,
    0xf3, 0x6f, 0xff, 0x85, 0xff, 0xf7, 0xa, 0xfb,
    0x0,

    /* U+003B ";" */
    0xa, 0xfb, 0x5, 0xff, 0xf7, 0x6f, 0xff, 0x81,
    0xef, 0xf2, 0x1, 0x41, 0x0, 0x0, 0x0, 0x0,
    0x0, 0x0, 0x0, 0x0, 0x0, 0x0, 0x0, 0x9e,
    0xc1, 0x5f, 0xff, 0xa5, 0xff, 0xfe, 0xa, 0xff,
    0xf0, 0x4, 0xfe, 0x0, 0xbf, 0x91, 0xaf, 0xf2,
    0xaf, 0xf4, 0x4, 0xa2, 0x0,

    /* U+003C "<" */
    0x0, 0x0, 0x0, 0x0, 0x0, 0x0, 0x0, 0x0,
    0x0, 0x0, 0x0, 0x28, 0xe2, 0x0, 0x0, 0x0,
    0x5, 0xcf, 0xff, 0x20, 0x0, 0x2, 0x9e, 0xff,
    0xff, 0xc1, 0x0, 0x6c, 0xff, 0xff, 0xd7, 0x20,
    0x1, 0xff, 0xff, 0xe8, 0x20, 0x0, 0x0, 0x2f,
    0xff, 0xa0, 0x0, 0x0, 0x0, 0x1, 0xef, 0xff,
    0xf9, 0x40, 0x0, 0x0, 0x0, 0x4b, 0xff, 0xff,
    0xe8, 0x30, 0x0, 0x0, 0x1, 0x7e, 0xff, 0xff,
    0xd1, 0x0, 0x0, 0x0, 0x4, 0xbf, 0xff, 0x20,
    0x0, 0x0, 0x0, 0x0, 0x17, 0xe2, 0x0, 0x0,
    0x0, 0x0, 0x0, 0x0, 0x0,

    /* U+003D "=" */
    0x2f, 0xff, 0xff, 0xff, 0xff, 0xff, 0x22, 0xff,
    0xff, 0xff, 0xff, 0xff, 0xf2, 0x5, 0x55, 0x55,
    0x55, 0x55, 0x55, 0x0, 0x0, 0x0, 0x0, 0x0,
    0x0, 0x0, 0x0, 0x0, 0x0, 0x0, 0x0, 0x0,
    0x0, 0x0, 0x0, 0x0, 0x0, 0x0, 0x0, 0x2f,
    0xff, 0xff, 0xff, 0xff, 0xff, 0x22, 0xff, 0xff,
    0xff, 0xff, 0xff, 0xf2, 0x6, 0x66, 0x66, 0x66,
    0x66, 0x66, 0x0,

    /* U+003E ">" */
    0x0, 0x0, 0x0, 0x0, 0x0, 0x0, 0x2, 0xe8,
    0x20, 0x0, 0x0, 0x0, 0x0, 0x2f, 0xff, 0xc5,
    0x0, 0x0, 0x0, 0x1, 0xcf, 0xff, 0xfe, 0x82,
    0x0, 0x0, 0x0, 0x27, 0xdf, 0xff, 0xfc, 0x50,
    0x0, 0x0, 0x0, 0x28, 0xef, 0xff, 0xe1, 0x0,
    0x0, 0x0, 0x1, 0xaf, 0xff, 0x20, 0x0, 0x0,
    0x4a, 0xff, 0xff, 0xe1, 0x0, 0x38, 0xef, 0xff,
    0xfb, 0x40, 0x1, 0xdf, 0xff, 0xfe, 0x71, 0x0,
    0x0, 0x2f, 0xff, 0xb4, 0x0, 0x0, 0x0, 0x2,
    0xe7, 0x10, 0x0, 0x0, 0x0, 0x0, 0x0, 0x0,
    0x0, 0x0, 0x0, 0x0, 0x0,

    /* U+003F "?" */
    0x0, 0x19, 0xef, 0xfb, 0x40, 0x0, 0x4e, 0xff,
    0xff, 0xff, 0x60, 0xb, 0xff, 0xcb, 0xff, 0xff,
    0x0, 0x9, 0x40, 0x2, 0xff, 0xf3, 0x0, 0x0,
    0x0, 0xe, 0xff, 0x30, 0x0, 0x0, 0x4, 0xff,
    0xe0, 0x0, 0x0, 0x2, 0xef, 0xf4, 0x0, 0x0,
    0x1, 0xdf, 0xf7, 0x0, 0x0, 0x0, 0x9f, 0xf9,
    0x0, 0x0, 0x0, 0xf, 0xfe, 0x0, 0x0, 0x0,
    0x2, 0xff, 0xb0, 0x0, 0x0, 0x0, 0x1, 0x11,
    0x0, 0x0, 0x0, 0x0, 0x25, 0x0, 0x0, 0x0,
    0x0, 0x4f, 0xfd, 0x0, 0x0, 0x0, 0xa, 0xff,
    0xf4, 0x0, 0x0, 0x0, 0x9f, 0xff, 0x30, 0x0,
    0x0, 0x1, 0xcf, 0x80, 0x0, 0x0,

    /* U+0040 "@" */
    0x0, 0x0, 0x0, 0x5, 0xad, 0xff, 0xec, 0x71,
    0x0, 0x0, 0x0, 0x0, 0x5, 0xef, 0xff, 0xff,
    0xff, 0xff, 0x60, 0x0, 0x0, 0x0, 0xaf, 0xfd,
    0x73, 0x0, 0x26, 0xcf, 0xf8, 0x0, 0x0, 0xb,
    0xff, 0x70, 0x0, 0x0, 0x0, 0x7, 0xff, 0x50,
    0x0, 0x9f, 0xf4, 0x0, 0x0, 0x0, 0x0, 0x0,
    0x8f, 0xe0, 0x3, 0xff, 0x60, 0x0, 0x1, 0x20,
    0x12, 0x10, 0xe, 0xf5, 0xc, 0xfb, 0x0, 0x1,
    0xbf, 0xfc, 0x9f, 0x80, 0x8, 0xfa, 0x2f, 0xf3,
    0x0, 0x1e, 0xff, 0xff, 0xff, 0x50, 0x4, 0xfd,
    0x6f, 0xd0, 0x0, 0xaf, 0xf4, 0x9, 0xff, 0x20,
    0x2, 0xfe, 0xaf, 0xa0, 0x2, 0xff, 0x60, 0x6,
    0xfe, 0x0, 0x2, 0xfe, 0xbf, 0x70, 0x6, 0xff,
    0x0, 0x9, 0xfb, 0x0, 0x4, 0xfc, 0xcf, 0x70,
    0x9, 0xfd, 0x0, 0xc, 0xf8, 0x0, 0x8, 0xf9,
    0xcf, 0x70, 0x9, 0xfe, 0x0, 0x1f, 0xf6, 0x0,
    0x1f, 0xf3, 0xaf, 0xa0, 0x7, 0xff, 0x96, 0xdf,
    0xfb, 0x24, 0xdf, 0xa0, 0x7f, 0xe0, 0x1, 0xff,
    0xff, 0xf7, 0xff, 0xff, 0xfc, 0x10, 0x2f, 0xf5,
    0x0, 0x3d, 0xfc, 0x30, 0x6d, 0xfd, 0x70, 0x0,
    0xa, 0xfe, 0x10, 0x0, 0x0, 0x0, 0x0, 0x0,
    0x0, 0x0, 0x1, 0xef, 0xe3, 0x0, 0x0, 0x0,
    0x0, 0x0, 0x0, 0x0, 0x0, 0x3f, 0xff, 0xa4,
    0x10, 0x3, 0x7a, 0x0, 0x0, 0x0, 0x0, 0x2,
    0xcf, 0xff, 0xff, 0xff, 0xff, 0x20, 0x0, 0x0,
    0x0, 0x0, 0x4, 0xad, 0xff, 0xfd, 0x93, 0x0,
    0x0, 0x0, 0x0, 0x0, 0x0, 0x0, 0x0, 0x0,
    0x0, 0x0, 0x0, 0x0,

    /* U+0041 "A" */
    0x0, 0x0, 0x0, 0xff, 0xff, 0x10, 0x0, 0x0,
    0x0, 0x0, 0x5, 0xff, 0xff, 0x60, 0x0, 0x0,
    0x0, 0x0, 0xa, 0xff, 0xff, 0xb0, 0x0, 0x0,
    0x0, 0x0, 0xe, 0xfb, 0xbf, 0xf1, 0x0, 0x0,
    0x0, 0x0, 0x4f, 0xf7, 0x7f, 0xf5, 0x0, 0x0,
    0x0, 0x0, 0x9f, 0xf3, 0x3f, 0xfa, 0x0, 0x0,
    0x0, 0x0, 0xdf, 0xf0, 0xf, 0xff, 0x0, 0x0,
    0x0, 0x2, 0xff, 0xb0, 0xb, 0xff, 0x40, 0x0,
    0x0, 0x7, 0xff, 0x70, 0x7, 0xff, 0x90, 0x0,
    0x0, 0xc, 0xff, 0x30, 0x3, 0xff, 0xe0, 0x0,
    0x0, 0x1f, 0xff, 0xff, 0xff, 0xff, 0xf3, 0x0,
    0x0, 0x6f, 0xff, 0xff, 0xff, 0xff, 0xf7, 0x0,
    0x0, 0xbf, 0xfc, 0x99, 0x99, 0xcf, 0xfc, 0x0,
    0x0, 0xff, 0xf2, 0x0, 0x0, 0x2f, 0xff, 0x10,
    0x5, 0xff, 0xe0, 0x0, 0x0, 0xe, 0xff, 0x60,
    0xa, 0xff, 0x90, 0x0, 0x0, 0xa, 0xff, 0xb0,
    0xe, 0xff, 0x50, 0x0, 0x0, 0x5, 0xff, 0xf0,

    /* U+0042 "B" */
    0xff, 0xff, 0xff, 0xfc, 0x92, 0x0, 0xf, 0xff,
    0xff, 0xff, 0xff, 0xf4, 0x0, 0xff, 0xfb, 0x99,
    0xbf, 0xff, 0xe0, 0xf, 0xff, 0x40, 0x0, 0x3f,
    0xff, 0x30, 0xff, 0xf4, 0x0, 0x0, 0xef, 0xf4,
    0xf, 0xff, 0x40, 0x0, 0xf, 0xff, 0x10, 0xff,
    0xf4, 0x0, 0x2b, 0xff, 0xa0, 0xf, 0xff, 0xff,
    0xff, 0xff, 0xb1, 0x0, 0xff, 0xff, 0xff, 0xff,
    0xfc, 0x40, 0xf, 0xff, 0x97, 0x78, 0xcf, 0xff,
    0x50, 0xff, 0xf4, 0x0, 0x0, 0x7f, 0xfd, 0xf,
    0xff, 0x40, 0x0, 0x1, 0xff, 0xf1, 0xff, 0xf4,
    0x0, 0x0, 0x2f, 0xff, 0x1f, 0xff, 0x40, 0x0,
    0xa, 0xff, 0xe0, 0xff, 0xfb, 0x99, 0xae, 0xff,
    0xf7, 0xf, 0xff, 0xff, 0xff, 0xff, 0xf9, 0x0,
    0xff, 0xff, 0xff, 0xfd, 0xa4, 0x0, 0x0,

    /* U+0043 "C" */
    0x0, 0x0, 0x4a, 0xef, 0xfc, 0x50, 0x0, 0x0,
    0xaf, 0xff, 0xff, 0xff, 0xb1, 0x0, 0xcf, 0xff,
    0xfe, 0xff, 0xff, 0x30, 0x8f, 0xff, 0xa1, 0x0,
    0x4d, 0x70, 0x1f, 0xff, 0xa0, 0x0, 0x0, 0x0,
    0x6, 0xff, 0xf1, 0x0, 0x0, 0x0, 0x0, 0xaf,
    0xfc, 0x0, 0x0, 0x0, 0x0, 0xc, 0xff, 0x90,
    0x0, 0x0, 0x0, 0x0, 0xcf, 0xf8, 0x0, 0x0,
    0x0, 0x0, 0xc, 0xff, 0x90, 0x0, 0x0, 0x0,
    0x0, 0xaf, 0xfc, 0x0, 0x0, 0x0, 0x0, 0x6,
    0xff, 0xf1, 0x0, 0x0, 0x0, 0x0, 0x1f, 0xff,
    0x90, 0x0, 0x0, 0x12, 0x0, 0x9f, 0xff, 0x91,
    0x0, 0x4d, 0xd1, 0x0, 0xdf, 0xff, 0xfe, 0xff,
    0xff, 0x90, 0x1, 0xcf, 0xff, 0xff, 0xff, 0xc1,
    0x0, 0x0, 0x5b, 0xef, 0xfb, 0x60, 0x0,

    /* U+0044 "D" */
    0xff, 0xff, 0xff, 0xc9, 0x30, 0x0, 0xf, 0xff,
    0xff, 0xff, 0xff, 0x90, 0x0, 0xff, 0xfc, 0xbc,
    0xff, 0xff, 0xb0, 0xf, 0xff, 0x40, 0x1, 0xaf,
    0xff, 0x60, 0xff, 0xf4, 0x0, 0x0, 0xbf, 0xfd,
    0xf, 0xff, 0x40, 0x0, 0x3, 0xff, 0xf2, 0xff,
    0xf4, 0x0, 0x0, 0xf, 0xff, 0x5f, 0xff, 0x40,
    0x0, 0x0, 0xdf, 0xf7, 0xff, 0xf4, 0x0, 0x0,
    0xc, 0xff, 0x8f, 0xff, 0x40, 0x0, 0x0, 0xdf,
    0xf7, 0xff, 0xf4, 0x0, 0x0, 0xf, 0xff, 0x5f,
    0xff, 0x40, 0x0, 0x4, 0xff, 0xf2, 0xff, 0xf4,
    0x0, 0x0, 0xcf, 0xfd, 0xf, 0xff, 0x40, 0x2,
    0xbf, 0xff, 0x50, 0xff, 0xfc, 0xbd, 0xff, 0xff,
    0xa0, 0xf, 0xff, 0xff, 0xff, 0xff, 0x90, 0x0,
    0xff, 0xff, 0xff, 0xd9, 0x30, 0x0, 0x0,

    /* U+0045 "E" */
    0xff, 0xff, 0xff, 0xff, 0xff, 0xf, 0xff, 0xff,
    0xff, 0xff, 0xf0, 0xff, 0xfd, 0xcc, 0xcc, 0xcc,
    0xf, 0xff, 0x40, 0x0, 0x0, 0x0, 0xff, 0xf4,
    0x0, 0x0, 0x0, 0xf, 0xff, 0x40, 0x0, 0x0,
    0x0, 0xff, 0xf4, 0x0, 0x0, 0x0, 0xf, 0xff,
    0xff, 0xff, 0xff, 0x0, 0xff, 0xff, 0xff, 0xff,
    0xf0, 0xf, 0xff, 0xdd, 0xdd, 0xdc, 0x0, 0xff,
    0xf4, 0x0, 0x0, 0x0, 0xf, 0xff, 0x40, 0x0,
    0x0, 0x0, 0xff, 0xf4, 0x0, 0x0, 0x0, 0xf,
    0xff, 0x40, 0x0, 0x0, 0x0, 0xff, 0xfd, 0xdd,
    0xdd, 0xdd, 0x3f, 0xff, 0xff, 0xff, 0xff, 0xf3,
    0xff, 0xff, 0xff, 0xff, 0xff, 0x30,

    /* U+0046 "F" */
    0xff, 0xff, 0xff, 0xff, 0xff, 0xf, 0xff, 0xff,
    0xff, 0xff, 0xf0, 0xff, 0xfd, 0xcc, 0xcc, 0xcc,
    0xf, 0xff, 0x40, 0x0, 0x0, 0x0, 0xff, 0xf4,
    0x0, 0x0, 0x0, 0xf, 0xff, 0x40, 0x0, 0x0,
    0x0, 0xff, 0xf4, 0x0, 0x0, 0x0, 0xf, 0xff,
    0xdd, 0xdd, 0xdd, 0x0, 0xff, 0xff, 0xff, 0xff,
    0xf0, 0xf, 0xff, 0xff, 0xff, 0xff, 0x0, 0xff,
    0xf4, 0x0, 0x0, 0x0, 0xf, 0xff, 0x40, 0x0,
    0x0, 0x0, 0xff, 0xf4, 0x0, 0x0, 0x0, 0xf,
    0xff, 0x40, 0x0, 0x0, 0x0, 0xff, 0xf4, 0x0,
    0x0, 0x0, 0xf, 0xff, 0x40, 0x0, 0x0, 0x0,
    0xff, 0xf4, 0x0, 0x0, 0x0, 0x0,

    /* U+0047 "G" */
    0x0, 0x0, 0x39, 0xdf, 0xfd, 0x81, 0x0, 0x0,
    0x9, 0xff, 0xff, 0xff, 0xff, 0x50, 0x0, 0xbf,
    0xff, 0xfe, 0xef, 0xff, 0xb0, 0x7, 0xff, 0xfb,
    0x20, 0x1, 0x9c, 0x0, 0x1f, 0xff, 0xb0, 0x0,
    0x0, 0x0, 0x0, 0x6f, 0xff, 0x10, 0x0, 0x0,
    0x0, 0x0, 0xaf, 0xfc, 0x0, 0x0, 0x0, 0x0,
    0x0, 0xcf, 0xf9, 0x0, 0x6, 0xbb, 0xbb, 0xb3,
    0xcf, 0xf8, 0x0, 0x8, 0xff, 0xff, 0xf4, 0xcf,
    0xf9, 0x0, 0x8, 0xff, 0xff, 0xf4, 0xaf, 0xfc,
    0x0, 0x0, 0x0, 0xaf, 0xf4, 0x7f, 0xff, 0x10,
    0x0, 0x0, 0xaf, 0xf4, 0x1f, 0xff, 0xa0, 0x0,
    0x0, 0xaf, 0xf4, 0x9, 0xff, 0xfb, 0x30, 0x1,
    0xcf, 0xf4, 0x0, 0xcf, 0xff, 0xff, 0xef, 0xff,
    0xf4, 0x0, 0x1b, 0xff, 0xff, 0xff, 0xff, 0xa0,
    0x0, 0x0, 0x4a, 0xdf, 0xfd, 0x93, 0x0,

    /* U+0048 "H" */
    0xff, 0xf4, 0x0, 0x0, 0x9, 0xff, 0xaf, 0xff,
    0x40, 0x0, 0x0, 0x9f, 0xfa, 0xff, 0xf4, 0x0,
    0x0, 0x9, 0xff, 0xaf, 0xff, 0x40, 0x0, 0x0,
    0x9f, 0xfa, 0xff, 0xf4, 0x0, 0x0, 0x9, 0xff,
    0xaf, 0xff, 0x40, 0x0, 0x0, 0x9f, 0xfa, 0xff,
    0xf4, 0x0, 0x0, 0x9, 0xff, 0xaf, 0xff, 0xff,
    0xff, 0xff, 0xff, 0xfa, 0xff, 0xff, 0xff, 0xff,
    0xff, 0xff, 0xaf, 0xff, 0xee, 0xee, 0xee, 0xff,
    0xfa, 0xff, 0xf4, 0x0, 0x0, 0x9, 0xff, 0xaf,
    0xff, 0x40, 0x0, 0x0, 0x9f, 0xfa, 0xff, 0xf4,
    0x0, 0x0, 0x9, 0xff, 0xaf, 0xff, 0x40, 0x0,
    0x0, 0x9f, 0xfa, 0xff, 0xf4, 0x0, 0x0, 0x9,
    0xff, 0xaf, 0xff, 0x40, 0x0, 0x0, 0x9f, 0xfa,
    0xff, 0xf4, 0x0, 0x0, 0x9, 0xff, 0xa0,

    /* U+0049 "I" */
    0xff, 0xf4, 0xff, 0xf4, 0xff, 0xf4, 0xff, 0xf4,
    0xff, 0xf4, 0xff, 0xf4, 0xff, 0xf4, 0xff, 0xf4,
    0xff, 0xf4, 0xff, 0xf4, 0xff, 0xf4, 0xff, 0xf4,
    0xff, 0xf4, 0xff, 0xf4, 0xff, 0xf4, 0xff, 0xf4,
    0xff, 0xf4,

    /* U+004A "J" */
    0x0, 0x0, 0x0, 0xa, 0xff, 0x90, 0x0, 0x0,
    0x0, 0xaf, 0xf9, 0x0, 0x0, 0x0, 0xa, 0xff,
    0x90, 0x0, 0x0, 0x0, 0xaf, 0xf9, 0x0, 0x0,
    0x0, 0xa, 0xff, 0x90, 0x0, 0x0, 0x0, 0xaf,
    0xf9, 0x0, 0x0, 0x0, 0xa, 0xff, 0x90, 0x0,
    0x0, 0x0, 0xaf, 0xf9, 0x0, 0x0, 0x0, 0xa,
    0xff, 0x90, 0x0, 0x0, 0x0, 0xaf, 0xf9, 0x0,
    0x0, 0x0, 0xa, 0xff, 0x90, 0x0, 0x0, 0x0,
    0xbf, 0xf9, 0x0, 0x50, 0x0, 0xd, 0xff, 0x71,
    0xbf, 0x90, 0x5, 0xff, 0xf4, 0x3f, 0xff, 0xfe,
    0xff, 0xfe, 0x0, 0x6f, 0xff, 0xff, 0xff, 0x40,
    0x0, 0x3a, 0xef, 0xea, 0x30, 0x0,

    /* U+004B "K" */
    0xff, 0xf4, 0x0, 0x0, 0xaf, 0xfd, 0x0, 0xff,
    0xf4, 0x0, 0x6, 0xff, 0xf3, 0x0, 0xff, 0xf4,
    0x0, 0x2f, 0xff, 0x70, 0x0, 0xff, 0xf4, 0x0,
    0xcf, 0xfb, 0x0, 0x0, 0xff, 0xf4, 0x9, 0xff,
    0xe1, 0x0, 0x0, 0xff, 0xf4, 0x4f, 0xff, 0x30,
    0x0, 0x0, 0xff, 0xf5, 0xef, 0xf8, 0x0, 0x0,
    0x0, 0xff, 0xfe, 0xff, 0xfc, 0x0, 0x0, 0x0,
    0xff, 0xff, 0xff, 0xff, 0x50, 0x0, 0x0, 0xff,
    0xff, 0xfb, 0xff, 0xe0, 0x0, 0x0, 0xff, 0xff,
    0x80, 0xef, 0xf7, 0x0, 0x0, 0xff, 0xfc, 0x0,
    0x6f, 0xff, 0x10, 0x0, 0xff, 0xf4, 0x0, 0xd,
    0xff, 0xa0, 0x0, 0xff, 0xf4, 0x0, 0x5, 0xff,
    0xf3, 0x0, 0xff, 0xf4, 0x0, 0x0, 0xcf, 0xfc,
    0x0, 0xff, 0xf4, 0x0, 0x0, 0x3f, 0xff, 0x50,
    0xff, 0xf4, 0x0, 0x0, 0xa, 0xff, 0xd0,

    /* U+004C "L" */
    0xff, 0xf4, 0x0, 0x0, 0x0, 0xff, 0xf4, 0x0,
    0x0, 0x0, 0xff, 0xf4, 0x0, 0x0, 0x0, 0xff,
    0xf4, 0x0, 0x0, 0x0, 0xff, 0xf4, 0x0, 0x0,
    0x0, 0xff, 0xf4, 0x0, 0x0, 0x0, 0xff, 0xf4,
    0x0, 0x0, 0x0, 0xff, 0xf4, 0x0, 0x0, 0x0,
    0xff, 0xf4, 0x0, 0x0, 0x0, 0xff, 0xf4, 0x0,
    0x0, 0x0, 0xff, 0xf4, 0x0, 0x0, 0x0, 0xff,
    0xf4, 0x0, 0x0, 0x0, 0xff, 0xf4, 0x0, 0x0,
    0x0, 0xff, 0xf4, 0x0, 0x0, 0x0, 0xff, 0xfd,
    0xdd, 0xdd, 0xdb, 0xff, 0xff, 0xff, 0xff, 0xfe,
    0xff, 0xff, 0xff, 0xff, 0xfe,

    /* U+004D "M" */
    0xff, 0xfc, 0x0, 0x0, 0x0, 0xf, 0xff, 0xcf,
    0xff, 0xf2, 0x0, 0x0, 0x5, 0xff, 0xfc, 0xff,
    0xff, 0x70, 0x0, 0x0, 0xaf, 0xff, 0xcf, 0xff,
    0xfd, 0x0, 0x0, 0xf, 0xff, 0xfc, 0xff, 0xef,
    0xf2, 0x0, 0x5, 0xff, 0xef, 0xcf, 0xfb, 0xff,
    0x80, 0x0, 0xbf, 0xce, 0xfc, 0xff, 0xbb, 0xfd,
    0x0, 0x1f, 0xf6, 0xff, 0xcf, 0xfc, 0x6f, 0xf3,
    0x6, 0xff, 0x2f, 0xfc, 0xff, 0xd1, 0xff, 0x80,
    0xbf, 0xb2, 0xff, 0xcf, 0xfe, 0xb, 0xfd, 0xf,
    0xf6, 0x2f, 0xfc, 0xff, 0xe0, 0x5f, 0xf7, 0xff,
    0x13, 0xff, 0xcf, 0xfe, 0x0, 0xff, 0xff, 0xb0,
    0x3f, 0xfc, 0xff, 0xe0, 0xa, 0xff, 0xf5, 0x3,
    0xff, 0xcf, 0xfe, 0x0, 0x4f, 0xff, 0x0, 0x3f,
    0xfc, 0xff, 0xe0, 0x0, 0xef, 0xa0, 0x3, 0xff,
    0xcf, 0xfe, 0x0, 0x5, 0x72, 0x0, 0x3f, 0xfc,
    0xff, 0xe0, 0x0, 0x0, 0x0, 0x3, 0xff, 0xc0,

    /* U+004E "N" */
    0xff, 0xf9, 0x0, 0x0, 0xa, 0xff, 0x7f, 0xff,
    0xf2, 0x0, 0x0, 0xaf, 0xf7, 0xff, 0xff, 0xa0,
    0x0, 0xa, 0xff, 0x7f, 0xff, 0xff, 0x20, 0x0,
    0xaf, 0xf7, 0xff, 0xdf, 0xfa, 0x0, 0xa, 0xff,
    0x7f, 0xfc, 0xaf, 0xf3, 0x0, 0xaf, 0xf7, 0xff,
    0xe3, 0xff, 0xb0, 0xa, 0xff, 0x7f, 0xff, 0xb,
    0xff, 0x30, 0x9f, 0xf7, 0xff, 0xf0, 0x4f, 0xfc,
    0x9, 0xff, 0x7f, 0xff, 0x10, 0xbf, 0xf3, 0x7f,
    0xf7, 0xff, 0xf1, 0x3, 0xff, 0xb6, 0xff, 0x7f,
    0xff, 0x10, 0xb, 0xff, 0x7f, 0xf7, 0xff, 0xf1,
    0x0, 0x3f, 0xfd, 0xff, 0x7f, 0xff, 0x10, 0x0,
    0xaf, 0xff, 0xf7, 0xff, 0xf1, 0x0, 0x2, 0xff,
    0xff, 0x7f, 0xff, 0x10, 0x0, 0xa, 0xff, 0xf7,
    0xff, 0xf1, 0x0, 0x0, 0x2f, 0xff, 0x70,

    /* U+004F "O" */
    0x0, 0x0, 0x6b, 0xef, 0xeb, 0x60, 0x0, 0x0,
    0x2, 0xdf, 0xff, 0xff, 0xff, 0xc1, 0x0, 0x1,
    0xef, 0xff, 0xfe, 0xff, 0xff, 0xd1, 0x0, 0xaf,
    0xff, 0x70, 0x0, 0x8f, 0xff, 0x90, 0x2f, 0xff,
    0x80, 0x0, 0x0, 0x8f, 0xff, 0x17, 0xff, 0xf0,
    0x0, 0x0, 0x1, 0xff, 0xf6, 0xaf, 0xfb, 0x0,
    0x0, 0x0, 0xc, 0xff, 0x9c, 0xff, 0x90, 0x0,
    0x0, 0x0, 0x9f, 0xfb, 0xcf, 0xf8, 0x0, 0x0,
    0x0, 0x9, 0xff, 0xbc, 0xff, 0x90, 0x0, 0x0,
    0x0, 0xaf, 0xfb, 0xaf, 0xfc, 0x0, 0x0, 0x0,
    0xc, 0xff, 0x96, 0xff, 0xf1, 0x0, 0x0, 0x1,
    0xff, 0xf5, 0x1f, 0xff, 0x90, 0x0, 0x0, 0x9f,
    0xff, 0x10, 0x9f, 0xff, 0x80, 0x1, 0x9f, 0xff,
    0x80, 0x1, 0xdf, 0xff, 0xfe, 0xff, 0xff, 0xd0,
    0x0, 0x2, 0xdf, 0xff, 0xff, 0xff, 0xc1, 0x0,
    0x0, 0x0, 0x6b, 0xff, 0xeb, 0x60, 0x0, 0x0,

    /* U+0050 "P" */
    0xff, 0xff, 0xff, 0xec, 0x81, 0x0, 0xff, 0xff,
    0xff, 0xff, 0xff, 0x40, 0xff, 0xfc, 0xab, 0xdf,
    0xff, 0xf1, 0xff, 0xf4, 0x0, 0x3, 0xff, 0xf7,
    0xff, 0xf4, 0x0, 0x0, 0x9f, 0xfa, 0xff, 0xf4,
    0x0, 0x0, 0x7f, 0xfb, 0xff, 0xf4, 0x0, 0x0,
    0xaf, 0xfa, 0xff, 0xf4, 0x0, 0x4, 0xff, 0xf6,
    0xff, 0xfb, 0xaa, 0xdf, 0xff, 0xd0, 0xff, 0xff,
    0xff, 0xff, 0xfd, 0x20, 0xff, 0xff, 0xff, 0xec,
    0x60, 0x0, 0xff, 0xf4, 0x0, 0x0, 0x0, 0x0,
    0xff, 0xf4, 0x0, 0x0, 0x0, 0x0, 0xff, 0xf4,
    0x0, 0x0, 0x0, 0x0, 0xff, 0xf4, 0x0, 0x0,
    0x0, 0x0, 0xff, 0xf4, 0x0, 0x0, 0x0, 0x0,
    0xff, 0xf4, 0x0, 0x0, 0x0, 0x0,

    /* U+0051 "Q" */
    0x0, 0x0, 0x6b, 0xef, 0xeb, 0x60, 0x0, 0x0,
    0x0, 0x2d, 0xff, 0xff, 0xff, 0xfc, 0x10, 0x0,
    0x1, 0xef, 0xff, 0xfe, 0xff, 0xff, 0xd1, 0x0,
    0xa, 0xff, 0xf7, 0x0, 0x8, 0xff, 0xf9, 0x0,
    0x2f, 0xff, 0x80, 0x0, 0x0, 0x8f, 0xff, 0x10,
    0x7f, 0xff, 0x0, 0x0, 0x0, 0x1f, 0xff, 0x60,
    0xaf, 0xfb, 0x0, 0x0, 0x0, 0xc, 0xff, 0x90,
    0xcf, 0xf9, 0x0, 0x0, 0x0, 0x9, 0xff, 0xb0,
    0xcf, 0xf8, 0x0, 0x0, 0x0, 0x9, 0xff, 0xb0,
    0xcf, 0xf9, 0x0, 0x0, 0x0, 0x9, 0xff, 0xb0,
    0xaf, 0xfb, 0x0, 0x0, 0x0, 0xc, 0xff, 0x90,
    0x6f, 0xff, 0x0, 0x0, 0x0, 0x1f, 0xff, 0x50,
    0x1f, 0xff, 0x70, 0x0, 0x0, 0x8f, 0xff, 0x10,
    0x9, 0xff, 0xf6, 0x0, 0x6, 0xff, 0xf8, 0x0,
    0x1, 0xdf, 0xff, 0xec, 0xef, 0xff, 0xd0, 0x0,
    0x0, 0x2d, 0xff, 0xff, 0xff, 0xfc, 0x10, 0x0,
    0x0, 0x0, 0x6c, 0xff, 0xfd, 0x60, 0x0, 0x0,
    0x0, 0x0, 0x0, 0xcf, 0xfc, 0x0, 0x0, 0x0,
    0x0, 0x0, 0x0, 0x3f, 0xff, 0xa1, 0x0, 0x0,
    0x0, 0x0, 0x0, 0x8, 0xff, 0xff, 0xbb, 0xe0,
    0x0, 0x0, 0x0, 0x0, 0x8f, 0xff, 0xff, 0xf4,
    0x0, 0x0, 0x0, 0x0, 0x3, 0xae, 0xff, 0xc4,

    /* U+0052 "R" */
    0xff, 0xff, 0xff, 0xfd, 0x93, 0x0, 0xf, 0xff,
    0xff, 0xff, 0xff, 0xf7, 0x0, 0xff, 0xfc, 0xaa,
    0xcf, 0xff, 0xf3, 0xf, 0xff, 0x40, 0x0, 0x1d,
    0xff, 0x90, 0xff, 0xf4, 0x0, 0x0, 0x7f, 0xfc,
    0xf, 0xff, 0x40, 0x0, 0x6, 0xff, 0xc0, 0xff,
    0xf4, 0x0, 0x0, 0xaf, 0xfa, 0xf, 0xff, 0x40,
    0x2, 0x8f, 0xff, 0x60, 0xff, 0xff, 0xff, 0xff,
    0xff, 0xc0, 0xf, 0xff, 0xff, 0xff, 0xff, 0xb1,
    0x0, 0xff, 0xfb, 0xac, 0xff, 0xe0, 0x0, 0xf,
    0xff, 0x40, 0x1f, 0xff, 0x70, 0x0, 0xff, 0xf4,
    0x0, 0x8f, 0xfe, 0x10, 0xf, 0xff, 0x40, 0x1,
    0xef, 0xf9, 0x0, 0xff, 0xf4, 0x0, 0x7, 0xff,
    0xf2, 0xf, 0xff, 0x40, 0x0, 0xe, 0xff, 0xa0,
    0xff, 0xf4, 0x0, 0x0, 0x6f, 0xff, 0x30,

    /* U+0053 "S" */
    0x0, 0x0, 0x7c, 0xff, 0xe9, 0x30, 0x0, 0x1,
    0xdf, 0xff, 0xff, 0xff, 0x90, 0x0, 0xcf, 0xff,
    0xfe, 0xff, 0xfe, 0x10, 0x3f, 0xff, 0x60, 0x0,
    0x6e, 0x40, 0x6, 0xff, 0xe0, 0x0, 0x0, 0x0,
    0x0, 0x5f, 0xff, 0x40, 0x0, 0x0, 0x0, 0x1,
    0xff, 0xff, 0xa3, 0x0, 0x0, 0x0, 0x6, 0xff,
    0xff, 0xfc, 0x60, 0x0, 0x0, 0x4, 0xdf, 0xff,
    0xff, 0xe3, 0x0, 0x0, 0x0, 0x5c, 0xff, 0xff,
    0xf2, 0x0, 0x0, 0x0, 0x3, 0xbf, 0xff, 0x90,
    0x0, 0x0, 0x0, 0x0, 0xaf, 0xfc, 0x0, 0x52,
    0x0, 0x0, 0x8, 0xff, 0xd0, 0x3f, 0xf8, 0x20,
    0x3, 0xef, 0xf9, 0xd, 0xff, 0xff, 0xee, 0xff,
    0xff, 0x20, 0x2c, 0xff, 0xff, 0xff, 0xff, 0x40,
    0x0, 0x4, 0xae, 0xff, 0xd8, 0x10, 0x0,

    /* U+0054 "T" */
    0x5f, 0xff, 0xff, 0xff, 0xff, 0xff, 0xf1, 0x5f,
    0xff, 0xff, 0xff, 0xff, 0xff, 0xf1, 0x4c, 0xcc,
    0xcf, 0xff, 0xec, 0xcc, 0xc1, 0x0, 0x0, 0xc,
    0xff, 0x70, 0x0, 0x0, 0x0, 0x0, 0xc, 0xff,
    0x70, 0x0, 0x0, 0x0, 0x0, 0xc, 0xff, 0x70,
    0x0, 0x0, 0x0, 0x0, 0xc, 0xff, 0x70, 0x0,
    0x0, 0x0, 0x0, 0xc, 0xff, 0x70, 0x0, 0x0,
    0x0, 0x0, 0xc, 0xff, 0x70, 0x0, 0x0, 0x0,
    0x0, 0xc, 0xff, 0x70, 0x0, 0x0, 0x0, 0x0,
    0xc, 0xff, 0x70, 0x0, 0x0, 0x0, 0x0, 0xc,
    0xff, 0x70, 0x0, 0x0, 0x0, 0x0, 0xc, 0xff,
    0x70, 0x0, 0x0, 0x0, 0x0, 0xc, 0xff, 0x70,
    0x0, 0x0, 0x0, 0x0, 0xc, 0xff, 0x70, 0x0,
    0x0, 0x0, 0x0, 0xc, 0xff, 0x70, 0x0, 0x0,
    0x0, 0x0, 0xc, 0xff, 0x70, 0x0, 0x0,

    /* U+0055 "U" */
    0x1f, 0xff, 0x20, 0x0, 0x0, 0x9f, 0xf8, 0x1f,
    0xff, 0x20, 0x0, 0x0, 0x9f, 0xf8, 0x1f, 0xff,
    0x20, 0x0, 0x0, 0x9f, 0xf8, 0x1f, 0xff, 0x20,
    0x0, 0x0, 0x9f, 0xf8, 0x1f, 0xff, 0x20, 0x0,
    0x0, 0x9f, 0xf8, 0x1f, 0xff, 0x20, 0x0, 0x0,
    0x9f, 0xf8, 0x1f, 0xff, 0x20, 0x0, 0x0, 0x9f,
    0xf8, 0x1f, 0xff, 0x20, 0x0, 0x0, 0x9f, 0xf8,
    0x1f, 0xff, 0x20, 0x0, 0x0, 0x9f, 0xf8, 0xf,
    0xff, 0x20, 0x0, 0x0, 0x9f, 0xf8, 0xf, 0xff,
    0x30, 0x0, 0x0, 0xaf, 0xf7, 0xe, 0xff, 0x50,
    0x0, 0x0, 0xcf, 0xf6, 0xb, 0xff, 0xa0, 0x0,
    0x2, 0xff, 0xf2, 0x6, 0xff, 0xf7, 0x0, 0x2c,
    0xff, 0xd0, 0x0, 0xdf, 0xff, 0xfe, 0xff, 0xff,
    0x50, 0x0, 0x2e, 0xff, 0xff, 0xff, 0xf8, 0x0,
    0x0, 0x1, 0x8d, 0xff, 0xeb, 0x40, 0x0,

    /* U+0056 "V" */
    0xf, 0xff, 0x70, 0x0, 0x0, 0xb, 0xff, 0x90,
    0xaf, 0xfb, 0x0, 0x0, 0x0, 0xff, 0xf4, 0x6,
    0xff, 0xf0, 0x0, 0x0, 0x3f, 0xff, 0x0, 0x1f,
    0xff, 0x30, 0x0, 0x7, 0xff, 0xb0, 0x0, 0xcf,
    0xf7, 0x0, 0x0, 0xbf, 0xf6, 0x0, 0x8, 0xff,
    0xb0, 0x0, 0xf, 0xff, 0x10, 0x0, 0x3f, 0xff,
    0x0, 0x3, 0xff, 0xd0, 0x0, 0x0, 0xef, 0xf4,
    0x0, 0x7f, 0xf8, 0x0, 0x0, 0xa, 0xff, 0x80,
    0xb, 0xff, 0x30, 0x0, 0x0, 0x5f, 0xfc, 0x0,
    0xff, 0xe0, 0x0, 0x0, 0x1, 0xff, 0xf0, 0x4f,
    0xfa, 0x0, 0x0, 0x0, 0xc, 0xff, 0x47, 0xff,
    0x50, 0x0, 0x0, 0x0, 0x7f, 0xf8, 0xbf, 0xf1,
    0x0, 0x0, 0x0, 0x2, 0xff, 0xcf, 0xfc, 0x0,
    0x0, 0x0, 0x0, 0xd, 0xff, 0xff, 0x70, 0x0,
    0x0, 0x0, 0x0, 0x9f, 0xff, 0xf3, 0x0, 0x0,
    0x0, 0x0, 0x4, 0xff, 0xfe, 0x0, 0x0, 0x0,

    /* U+0057 "W" */
    0x7f, 0xfc, 0x0, 0x0, 0x5f, 0xfa, 0x0, 0x0,
    0x7f, 0xf9, 0x4f, 0xff, 0x0, 0x0, 0x9f, 0xfe,
    0x0, 0x0, 0xaf, 0xf6, 0x1f, 0xff, 0x10, 0x0,
    0xcf, 0xff, 0x10, 0x0, 0xcf, 0xf3, 0xe, 0xff,
    0x40, 0x0, 0xff, 0xff, 0x50, 0x0, 0xff, 0xf1,
    0xc, 0xff, 0x60, 0x4, 0xff, 0xff, 0x90, 0x1,
    0xff, 0xe0, 0x9, 0xff, 0x90, 0x7, 0xfe, 0xcf,
    0xc0, 0x4, 0xff, 0xb0, 0x6, 0xff, 0xb0, 0xb,
    0xfb, 0x9f, 0xf0, 0x6, 0xff, 0x80, 0x3, 0xff,
    0xe0, 0xe, 0xf8, 0x6f, 0xf4, 0x9, 0xff, 0x50,
    0x0, 0xff, 0xf0, 0x2f, 0xf5, 0x3f, 0xf7, 0xb,
    0xff, 0x20, 0x0, 0xdf, 0xf2, 0x5f, 0xf1, 0xf,
    0xfa, 0xd, 0xff, 0x0, 0x0, 0xaf, 0xf5, 0x8f,
    0xe0, 0xc, 0xfd, 0xf, 0xfd, 0x0, 0x0, 0x7f,
    0xf7, 0xbf, 0xb0, 0x9, 0xff, 0x2f, 0xfa, 0x0,
    0x0, 0x4f, 0xf9, 0xef, 0x70, 0x5, 0xff, 0x7f,
    0xf7, 0x0, 0x0, 0x1f, 0xfd, 0xff, 0x40, 0x2,
    0xff, 0xdf, 0xf4, 0x0, 0x0, 0xe, 0xff, 0xff,
    0x10, 0x0, 0xef, 0xff, 0xf1, 0x0, 0x0, 0xb,
    0xff, 0xfd, 0x0, 0x0, 0xbf, 0xff, 0xf0, 0x0,
    0x0, 0x8, 0xff, 0xfa, 0x0, 0x0, 0x7f, 0xff,
    0xc0, 0x0,

    /* U+0058 "X" */
    0x2f, 0xff, 0x60, 0x0, 0x7, 0xff, 0xe0, 0xa,
    0xff, 0xe0, 0x0, 0xd, 0xff, 0x70, 0x2, 0xff,
    0xf5, 0x0, 0x5f, 0xfe, 0x0, 0x0, 0x9f, 0xfd,
    0x0, 0xcf, 0xf6, 0x0, 0x0, 0x1f, 0xff, 0x43,
    0xff, 0xd0, 0x0, 0x0, 0x8, 0xff, 0xb9, 0xff,
    0x60, 0x0, 0x0, 0x1, 0xff, 0xff, 0xfd, 0x0,
    0x0, 0x0, 0x0, 0x8f, 0xff, 0xf5, 0x0, 0x0,
    0x0, 0x0, 0x4f, 0xff, 0xf0, 0x0, 0x0, 0x0,
    0x0, 0xcf, 0xff, 0xf7, 0x0, 0x0, 0x0, 0x4,
    0xff, 0xdf, 0xff, 0x10, 0x0, 0x0, 0xc, 0xff,
    0x4b, 0xff, 0x80, 0x0, 0x0, 0x5f, 0xfd, 0x4,
    0xff, 0xf1, 0x0, 0x0, 0xdf, 0xf6, 0x0, 0xdf,
    0xfa, 0x0, 0x5, 0xff, 0xe0, 0x0, 0x5f, 0xff,
    0x20, 0xd, 0xff, 0x70, 0x0, 0xd, 0xff, 0xb0,
    0x6f, 0xff, 0x0, 0x0, 0x5, 0xff, 0xf3,

    /* U+0059 "Y" */
    0xe, 0xff, 0x80, 0x0, 0x0, 0xaf, 0xfa, 0x7,
    0xff, 0xe0, 0x0, 0x1, 0xff, 0xf3, 0x0, 0xff,
    0xf4, 0x0, 0x7, 0xff, 0xc0, 0x0, 0x8f, 0xfb,
    0x0, 0xd, 0xff, 0x50, 0x0, 0x1f, 0xff, 0x10,
    0x3f, 0xfd, 0x0, 0x0, 0xa, 0xff, 0x70, 0x9f,
    0xf6, 0x0, 0x0, 0x2, 0xff, 0xd0, 0xff, 0xe0,
    0x0, 0x0, 0x0, 0xbf, 0xf9, 0xff, 0x80, 0x0,
    0x0, 0x0, 0x4f, 0xff, 0xff, 0x10, 0x0, 0x0,
    0x0, 0xc, 0xff, 0xf9, 0x0, 0x0, 0x0, 0x0,
    0x5, 0xff, 0xf2, 0x0, 0x0, 0x0, 0x0, 0x3,
    0xff, 0xf0, 0x0, 0x0, 0x0, 0x0, 0x3, 0xff,
    0xf0, 0x0, 0x0, 0x0, 0x0, 0x3, 0xff, 0xf0,
    0x0, 0x0, 0x0, 0x0, 0x3, 0xff, 0xf0, 0x0,
    0x0, 0x0, 0x0, 0x3, 0xff, 0xf0, 0x0, 0x0,
    0x0, 0x0, 0x3, 0xff, 0xf0, 0x0, 0x0,

    /* U+005A "Z" */
    0x5, 0xff, 0xff, 0xff, 0xff, 0xff, 0x80, 0x5f,
    0xff, 0xff, 0xff, 0xff, 0xf8, 0x4, 0xcc, 0xcc,
    0xcc, 0xef, 0xff, 0x30, 0x0, 0x0, 0x0, 0xd,
    0xff, 0x90, 0x0, 0x0, 0x0, 0x8, 0xff, 0xe1,
    0x0, 0x0, 0x0, 0x2, 0xff, 0xf5, 0x0, 0x0,
    0x0, 0x0, 0xcf, 0xfb, 0x0, 0x0, 0x0, 0x0,
    0x6f, 0xff, 0x20, 0x0, 0x0, 0x0, 0x1e, 0xff,
    0x80, 0x0, 0x0, 0x0, 0xa, 0xff, 0xd0, 0x0,
    0x0, 0x0, 0x4, 0xff, 0xf4, 0x0, 0x0, 0x0,
    0x0, 0xdf, 0xfa, 0x0, 0x0, 0x0, 0x0, 0x8f,
    0xfe, 0x10, 0x0, 0x0, 0x0, 0x2f, 0xff, 0x60,
    0x0, 0x0, 0x0, 0xb, 0xff, 0xfd, 0xdd, 0xdd,
    0xdd, 0x70, 0xff, 0xff, 0xff, 0xff, 0xff, 0xf9,
    0xf, 0xff, 0xff, 0xff, 0xff, 0xff, 0x90,

    /* U+005B "[" */
    0xcf, 0xff, 0xf4, 0xcf, 0xec, 0xc3, 0xcf, 0xa0,
    0x0, 0xcf, 0xa0, 0x0, 0xcf, 0xa0, 0x0, 0xcf,
    0xa0, 0x0, 0xcf, 0xa0, 0x0, 0xcf, 0xa0, 0x0,
    0xcf, 0xa0, 0x0, 0xcf, 0xa0, 0x0, 0xcf, 0xa0,
    0x0, 0xcf, 0xa0, 0x0, 0xcf, 0xa0, 0x0, 0xcf,
    0xa0, 0x0, 0xcf, 0xa0, 0x0, 0xcf, 0xa0, 0x0,
    0xcf, 0xa0, 0x0, 0xcf, 0xa0, 0x0, 0xcf, 0xa0,
    0x0, 0xcf, 0xa0, 0x0, 0xcf, 0xec, 0xc3, 0xcf,
    0xff, 0xf4,

    /* U+005C "\\" */
    0x4f, 0xe0, 0x0, 0x0, 0x0, 0xff, 0x10, 0x0,
    0x0, 0xc, 0xf5, 0x0, 0x0, 0x0, 0x8f, 0x90,
    0x0, 0x0, 0x4, 0xfd, 0x0, 0x0, 0x0, 0x1f,
    0xf1, 0x0, 0x0, 0x0, 0xdf, 0x50, 0x0, 0x0,
    0x9, 0xf9, 0x0, 0x0, 0x0, 0x5f, 0xd0, 0x0,
    0x0, 0x1, 0xff, 0x10, 0x0, 0x0, 0xd, 0xf5,
    0x0, 0x0, 0x0, 0x9f, 0x80, 0x0, 0x0, 0x5,
    0xfc, 0x0, 0x0, 0x0, 0x1f, 0xf0, 0x0, 0x0,
    0x0, 0xdf, 0x40, 0x0, 0x0, 0xa, 0xf8, 0x0,
    0x0, 0x0, 0x6f, 0xc0, 0x0, 0x0, 0x2, 0xff,
    0x0, 0x0, 0x0, 0xe, 0xf4, 0x0, 0x0, 0x0,
    0xaf, 0x80, 0x0, 0x0, 0x6, 0xfc, 0x0, 0x0,
    0x0, 0x2f, 0xf0, 0x0, 0x0, 0x0, 0x78, 0x10,

    /* U+005D "]" */
    0xff, 0xff, 0xf1, 0xbc, 0xdf, 0xf1, 0x0, 0x5f,
    0xf1, 0x0, 0x5f, 0xf1, 0x0, 0x5f, 0xf1, 0x0,
    0x5f, 0xf1, 0x0, 0x5f, 0xf1, 0x0, 0x5f, 0xf1,
    0x0, 0x5f, 0xf1, 0x0, 0x5f, 0xf1, 0x0, 0x5f,
    0xf1, 0x0, 0x5f, 0xf1, 0x0, 0x5f, 0xf1, 0x0,
    0x5f, 0xf1, 0x0, 0x5f, 0xf1, 0x0, 0x5f, 0xf1,
    0x0, 0x5f, 0xf1, 0x0, 0x5f, 0xf1, 0x0, 0x5f,
    0xf1, 0x0, 0x5f, 0xf1, 0xbc, 0xdf, 0xf1, 0xff,
    0xff, 0xf1,

    /* U+005E "^" */
    0x0, 0x0, 0xff, 0xf0, 0x0, 0x0, 0x0, 0x6f,
    0xff, 0x60, 0x0, 0x0, 0xc, 0xff, 0xfc, 0x0,
    0x0, 0x2, 0xff, 0x8f, 0xf2, 0x0, 0x0, 0x9f,
    0xe0, 0xef, 0x80, 0x0, 0xe, 0xf9, 0x9, 0xfe,
    0x0, 0x5, 0xff, 0x40, 0x4f, 0xf4, 0x0, 0xbf,
    0xe0, 0x0, 0xef, 0xb0, 0x1f, 0xf8, 0x0, 0x9,
    0xff, 0x17, 0xff, 0x20, 0x0, 0x3f, 0xf7,

    /* U+005F "_" */
    0xaf, 0xff, 0xff, 0xff, 0xff, 0xff, 0x2b, 0xff,
    0xff, 0xff, 0xff, 0xff, 0xf2,

    /* U+0060 "`" */
    0x0, 0xa1, 0x0, 0x0, 0xcf, 0xc0, 0x0, 0x4f,
    0xff, 0x90, 0x0, 0x4f, 0xff, 0x60, 0x0, 0x3e,
    0xff, 0x20, 0x0, 0x2e, 0x90, 0x0, 0x0, 0x10,
    0x0,

    /* U+0061 "a" */
    0x0, 0x5a, 0xef, 0xfb, 0x30, 0x2, 0xdf, 0xff,
    0xff, 0xff, 0x40, 0xe, 0xff, 0xbb, 0xff, 0xfe,
    0x0, 0x66, 0x0, 0x3, 0xff, 0xf3, 0x0, 0x0,
    0x0, 0x2e, 0xff, 0x50, 0x1, 0x7c, 0xff, 0xff,
    0xf6, 0x7, 0xff, 0xff, 0xdf, 0xff, 0x76, 0xff,
    0xf6, 0x10, 0xcf, 0xf7, 0xcf, 0xf5, 0x0, 0xc,
    0xff, 0x7d, 0xff, 0x40, 0x3, 0xff, 0xf7, 0xbf,
    0xff, 0xab, 0xff, 0xff, 0x73, 0xff, 0xff, 0xff,
    0xbf, 0xf7, 0x4, 0xcf, 0xea, 0x24, 0xff, 0x70,

    /* U+0062 "b" */
    0x4f, 0xff, 0x0, 0x0, 0x0, 0x0, 0x4, 0xff,
    0xf0, 0x0, 0x0, 0x0, 0x0, 0x4f, 0xff, 0x0,
    0x0, 0x0, 0x0, 0x4, 0xff, 0xf0, 0x0, 0x0,
    0x0, 0x0, 0x4f, 0xff, 0x0, 0x0, 0x0, 0x0,
    0x4, 0xff, 0xe1, 0x9e, 0xfd, 0x70, 0x0, 0x4f,
    0xff, 0xef, 0xff, 0xff, 0xa0, 0x4, 0xff, 0xff,
    0xec, 0xff, 0xff, 0x50, 0x4f, 0xff, 0x80, 0x1,
    0xdf, 0xfb, 0x4, 0xff, 0xf0, 0x0, 0x6, 0xff,
    0xf0, 0x4f, 0xff, 0x0, 0x0, 0x3f, 0xff, 0x14,
    0xff, 0xf0, 0x0, 0x2, 0xff, 0xf2, 0x4f, 0xff,
    0x0, 0x0, 0x4f, 0xff, 0x14, 0xff, 0xf0, 0x0,
    0x8, 0xff, 0xe0, 0x4f, 0xff, 0x40, 0x3, 0xff,
    0xf9, 0x4, 0xff, 0xff, 0xdc, 0xff, 0xff, 0x10,
    0x4f, 0xfc, 0xff, 0xff, 0xff, 0x40, 0x4, 0xff,
    0x53, 0xbf, 0xfb, 0x20, 0x0,

    /* U+0063 "c" */
    0x0, 0x0, 0x6c, 0xff, 0xd7, 0x0, 0x1, 0xcf,
    0xff, 0xff, 0xf9, 0x0, 0xcf, 0xff, 0xdb, 0xee,
    0x10, 0x6f, 0xff, 0x60, 0x0, 0x30, 0xc, 0xff,
    0xb0, 0x0, 0x0, 0x0, 0xff, 0xf6, 0x0, 0x0,
    0x0, 0xf, 0xff, 0x40, 0x0, 0x0, 0x0, 0xff,
    0xf6, 0x0, 0x0, 0x0, 0xc, 0xff, 0xb0, 0x0,
    0x0, 0x0, 0x7f, 0xff, 0x60, 0x0, 0x70, 0x0,
    0xdf, 0xff, 0xdb, 0xef, 0x60, 0x2, 0xef, 0xff,
    0xff, 0xfc, 0x0, 0x1, 0x8d, 0xff, 0xc6, 0x0,

    /* U+0064 "d" */
    0x0, 0x0, 0x0, 0x0, 0xcf, 0xf7, 0x0, 0x0,
    0x0, 0x0, 0xcf, 0xf7, 0x0, 0x0, 0x0, 0x0,
    0xcf, 0xf7, 0x0, 0x0, 0x0, 0x0, 0xcf, 0xf7,
    0x0, 0x0, 0x0, 0x0, 0xcf, 0xf7, 0x0, 0x1a,
    0xef, 0xc4, 0xbf, 0xf7, 0x3, 0xef, 0xff, 0xff,
    0xef, 0xf7, 0xd, 0xff, 0xfc, 0xdf, 0xff, 0xf7,
    0x6f, 0xff, 0x50, 0x2, 0xef, 0xf7, 0xbf, 0xfb,
    0x0, 0x0, 0xcf, 0xf7, 0xef, 0xf6, 0x0, 0x0,
    0xcf, 0xf7, 0xff, 0xf5, 0x0, 0x0, 0xcf, 0xf7,
    0xef, 0xf6, 0x0, 0x0, 0xcf, 0xf7, 0xcf, 0xfa,
    0x0, 0x0, 0xcf, 0xf7, 0x8f, 0xff, 0x30, 0x4,
    0xff, 0xf7, 0x1f, 0xff, 0xfc, 0xdf, 0xff, 0xf7,
    0x6, 0xff, 0xff, 0xff, 0xcf, 0xf7, 0x0, 0x4b,
    0xff, 0xb3, 0x4f, 0xf7,

    /* U+0065 "e" */
    0x0, 0x0, 0x7d, 0xff, 0xb4, 0x0, 0x0, 0x2d,
    0xff, 0xff, 0xff, 0x60, 0x0, 0xdf, 0xfd, 0x9a,
    0xff, 0xf2, 0x6, 0xff, 0xb0, 0x0, 0x5f, 0xf8,
    0xc, 0xff, 0x30, 0x0, 0xf, 0xfc, 0xf, 0xff,
    0xff, 0xff, 0xff, 0xfd, 0xf, 0xff, 0xff, 0xff,
    0xff, 0xfd, 0xf, 0xff, 0x64, 0x44, 0x44, 0x42,
    0xc, 0xff, 0x70, 0x0, 0x0, 0x0, 0x6, 0xff,
    0xf3, 0x0, 0x1, 0x20, 0x0, 0xdf, 0xff, 0xb9,
    0xbf, 0xc0, 0x0, 0x2d, 0xff, 0xff, 0xff, 0xf3,
    0x0, 0x0, 0x7c, 0xff, 0xd9, 0x20,

    /* U+0066 "f" */
    0x0, 0x1, 0x9e, 0xfe, 0x90, 0x0, 0xdf, 0xff,
    0xfa, 0x0, 0x5f, 0xff, 0xba, 0x50, 0xa, 0xff,
    0xb0, 0x0, 0x0, 0xbf, 0xf8, 0x0, 0x5, 0xef,
    0xff, 0xff, 0xd0, 0x6f, 0xff, 0xff, 0xfd, 0x3,
    0xae, 0xff, 0xda, 0x80, 0x0, 0xbf, 0xf8, 0x0,
    0x0, 0xb, 0xff, 0x80, 0x0, 0x0, 0xbf, 0xf8,
    0x0, 0x0, 0xb, 0xff, 0x80, 0x0, 0x0, 0xbf,
    0xf8, 0x0, 0x0, 0xb, 0xff, 0x80, 0x0, 0x0,
    0xbf, 0xf8, 0x0, 0x0, 0xb, 0xff, 0x80, 0x0,
    0x0, 0xbf, 0xf8, 0x0, 0x0, 0xb, 0xff, 0x80,
    0x0,

    /* U+0067 "g" */
    0x0, 0x6, 0xcf, 0xff, 0xff, 0xff, 0x90, 0xb,
    0xff, 0xff, 0xff, 0xff, 0xf9, 0x6, 0xff, 0xf7,
    0x5b, 0xff, 0xc7, 0x40, 0xaf, 0xf7, 0x0, 0xe,
    0xfe, 0x0, 0xa, 0xff, 0x60, 0x0, 0xdf, 0xf0,
    0x0, 0x5f, 0xfd, 0x20, 0x7f, 0xfc, 0x0, 0x0,
    0x9f, 0xff, 0xff, 0xff, 0x40, 0x0, 0x7, 0xfe,
    0xff, 0xfa, 0x30, 0x0, 0x2, 0xff, 0x40, 0x0,
    0x0, 0x0, 0x0, 0x6f, 0xf3, 0x0, 0x0, 0x0,
    0x0, 0x5, 0xff, 0xe9, 0x99, 0x97, 0x40, 0x0,
    0xc, 0xff, 0xff, 0xff, 0xff, 0xd1, 0x0, 0xbf,
    0xef, 0xff, 0xff, 0xff, 0x90, 0xaf, 0xd0, 0x0,
    0x1, 0x9f, 0xfc, 0xf, 0xfa, 0x0, 0x0, 0x6,
    0xff, 0xa0, 0xff, 0xf8, 0x32, 0x38, 0xff, 0xf3,
    0x6, 0xff, 0xff, 0xff, 0xff, 0xe4, 0x0, 0x4,
    0xae, 0xff, 0xeb, 0x71, 0x0,

    /* U+0068 "h" */
    0x4f, 0xff, 0x0, 0x0, 0x0, 0x0, 0x4f, 0xff,
    0x0, 0x0, 0x0, 0x0, 0x4f, 0xff, 0x0, 0x0,
    0x0, 0x0, 0x4f, 0xff, 0x0, 0x0, 0x0, 0x0,
    0x4f, 0xff, 0x0, 0x0, 0x0, 0x0, 0x4f, 0xfe,
    0x6, 0xdf, 0xe9, 0x0, 0x4f, 0xfe, 0xbf, 0xff,
    0xff, 0xa0, 0x4f, 0xff, 0xff, 0xdf, 0xff, 0xf2,
    0x4f, 0xff, 0xb1, 0x2, 0xff, 0xf6, 0x4f, 0xff,
    0x0, 0x0, 0xcf, 0xf7, 0x4f, 0xff, 0x0, 0x0,
    0xbf, 0xf8, 0x4f, 0xff, 0x0, 0x0, 0xbf, 0xf8,
    0x4f, 0xff, 0x0, 0x0, 0xbf, 0xf8, 0x4f, 0xff,
    0x0, 0x0, 0xbf, 0xf8, 0x4f, 0xff, 0x0, 0x0,
    0xbf, 0xf8, 0x4f, 0xff, 0x0, 0x0, 0xbf, 0xf8,
    0x4f, 0xff, 0x0, 0x0, 0xbf, 0xf8, 0x4f, 0xff,
    0x0, 0x0, 0xbf, 0xf8,

    /* U+0069 "i" */
    0x1c, 0xf9, 0x7, 0xff, 0xf3, 0x5f, 0xff, 0x10,
    0x69, 0x40, 0x0, 0x0, 0x4, 0xff, 0xf0, 0x4f,
    0xff, 0x4, 0xff, 0xf0, 0x4f, 0xff, 0x4, 0xff,
    0xf0, 0x4f, 0xff, 0x4, 0xff, 0xf0, 0x4f, 0xff,
    0x4, 0xff, 0xf0, 0x4f, 0xff, 0x4, 0xff, 0xf0,
    0x4f, 0xff, 0x4, 0xff, 0xf0,

    /* U+006A "j" */
    0x0, 0x1, 0xcf, 0xa0, 0x0, 0x7, 0xff, 0xf3,
    0x0, 0x5, 0xff, 0xf2, 0x0, 0x0, 0x69, 0x40,
    0x0, 0x0, 0x0, 0x0, 0x0, 0x3, 0xff, 0xf0,
    0x0, 0x3, 0xff, 0xf0, 0x0, 0x3, 0xff, 0xf0,
    0x0, 0x3, 0xff, 0xf0, 0x0, 0x3, 0xff, 0xf0,
    0x0, 0x3, 0xff, 0xf0, 0x0, 0x3, 0xff, 0xf0,
    0x0, 0x3, 0xff, 0xf0, 0x0, 0x3, 0xff, 0xf0,
    0x0, 0x3, 0xff, 0xf0, 0x0, 0x3, 0xff, 0xf0,
    0x0, 0x3, 0xff, 0xf0, 0x0, 0x3, 0xff, 0xf0,
    0x0, 0x4, 0xff, 0xf0, 0x0, 0x6, 0xff, 0xe0,
    0x8, 0xaf, 0xff, 0xa0, 0xe, 0xff, 0xff, 0x20,
    0x1d, 0xff, 0xb3, 0x0,

    /* U+006B "k" */
    0x4f, 0xfe, 0x0, 0x0, 0x0, 0x0, 0x4, 0xff,
    0xe0, 0x0, 0x0, 0x0, 0x0, 0x4f, 0xfe, 0x0,
    0x0, 0x0, 0x0, 0x4, 0xff, 0xe0, 0x0, 0x0,
    0x0, 0x0, 0x4f, 0xfe, 0x0, 0x0, 0x0, 0x0,
    0x4, 0xff, 0xe0, 0x0, 0x3f, 0xff, 0x50, 0x4f,
    0xfe, 0x0, 0xd, 0xff, 0x90, 0x4, 0xff, 0xe0,
    0xa, 0xff, 0xc0, 0x0, 0x4f, 0xfe, 0x6, 0xff,
    0xe1, 0x0, 0x4, 0xff, 0xe3, 0xff, 0xf3, 0x0,
    0x0, 0x4f, 0xff, 0xdf, 0xfb, 0x0, 0x0, 0x4,
    0xff, 0xff, 0xff, 0xf3, 0x0, 0x0, 0x4f, 0xff,
    0xfe, 0xff, 0xd0, 0x0, 0x4, 0xff, 0xfd, 0x1d,
    0xff, 0x60, 0x0, 0x4f, 0xff, 0x20, 0x4f, 0xff,
    0x10, 0x4, 0xff, 0xe0, 0x0, 0xbf, 0xfa, 0x0,
    0x4f, 0xfe, 0x0, 0x3, 0xff, 0xf4, 0x4, 0xff,
    0xe0, 0x0, 0xa, 0xff, 0xd0,

    /* U+006C "l" */
    0x4f, 0xff, 0x0, 0x4f, 0xff, 0x0, 0x4f, 0xff,
    0x0, 0x4f, 0xff, 0x0, 0x4f, 0xff, 0x0, 0x4f,
    0xff, 0x0, 0x4f, 0xff, 0x0, 0x4f, 0xff, 0x0,
    0x4f, 0xff, 0x0, 0x4f, 0xff, 0x0, 0x4f, 0xff,
    0x0, 0x4f, 0xff, 0x0, 0x4f, 0xff, 0x0, 0x4f,
    0xff, 0x0, 0x4f, 0xff, 0x0, 0x2f, 0xff, 0xc1,
    0xd, 0xff, 0xf4, 0x2, 0xcf, 0xf5,

    /* U+006D "m" */
    0x4f, 0xf7, 0x7, 0xef, 0xe7, 0x0, 0x4c, 0xff,
    0xa1, 0x4, 0xff, 0xac, 0xff, 0xff, 0xf7, 0x7f,
    0xff, 0xff, 0xb0, 0x4f, 0xff, 0xff, 0xef, 0xff,
    0xff, 0xfe, 0xff, 0xff, 0x34, 0xff, 0xfb, 0x10,
    0x6f, 0xff, 0xe3, 0x1, 0xff, 0xf7, 0x4f, 0xff,
    0x0, 0x0, 0xff, 0xf5, 0x0, 0xb, 0xff, 0x84,
    0xff, 0xf0, 0x0, 0xf, 0xff, 0x40, 0x0, 0xaf,
    0xf9, 0x4f, 0xff, 0x0, 0x0, 0xff, 0xf4, 0x0,
    0xa, 0xff, 0x94, 0xff, 0xf0, 0x0, 0xf, 0xff,
    0x40, 0x0, 0xaf, 0xf9, 0x4f, 0xff, 0x0, 0x0,
    0xff, 0xf4, 0x0, 0xa, 0xff, 0x94, 0xff, 0xf0,
    0x0, 0xf, 0xff, 0x40, 0x0, 0xaf, 0xf9, 0x4f,
    0xff, 0x0, 0x0, 0xff, 0xf4, 0x0, 0xa, 0xff,
    0x94, 0xff, 0xf0, 0x0, 0xf, 0xff, 0x40, 0x0,
    0xaf, 0xf9, 0x4f, 0xff, 0x0, 0x0, 0xff, 0xf4,
    0x0, 0xa, 0xff, 0x90,

    /* U+006E "n" */
    0x4f, 0xf7, 0x7, 0xdf, 0xe9, 0x0, 0x4f, 0xfa,
    0xcf, 0xff, 0xff, 0xa0, 0x4f, 0xff, 0xff, 0xdf,
    0xff, 0xf2, 0x4f, 0xff, 0xb1, 0x2, 0xff, 0xf6,
    0x4f, 0xff, 0x0, 0x0, 0xcf, 0xf7, 0x4f, 0xff,
    0x0, 0x0, 0xbf, 0xf8, 0x4f, 0xff, 0x0, 0x0,
    0xbf, 0xf8, 0x4f, 0xff, 0x0, 0x0, 0xbf, 0xf8,
    0x4f, 0xff, 0x0, 0x0, 0xbf, 0xf8, 0x4f, 0xff,
    0x0, 0x0, 0xbf, 0xf8, 0x4f, 0xff, 0x0, 0x0,
    0xbf, 0xf8, 0x4f, 0xff, 0x0, 0x0, 0xbf, 0xf8,
    0x4f, 0xff, 0x0, 0x0, 0xbf, 0xf8,

    /* U+006F "o" */
    0x0, 0x0, 0x7d, 0xff, 0xc5, 0x0, 0x0, 0x2,
    0xdf, 0xff, 0xff, 0xfb, 0x0, 0x0, 0xdf, 0xff,
    0xcd, 0xff, 0xfa, 0x0, 0x6f, 0xff, 0x30, 0x6,
    0xff, 0xf3, 0xc, 0xff, 0x90, 0x0, 0xd, 0xff,
    0x80, 0xff, 0xf5, 0x0, 0x0, 0x9f, 0xfb, 0xf,
    0xff, 0x40, 0x0, 0x8, 0xff, 0xc0, 0xff, 0xf5,
    0x0, 0x0, 0x9f, 0xfb, 0xc, 0xff, 0x90, 0x0,
    0xd, 0xff, 0x80, 0x6f, 0xff, 0x30, 0x6, 0xff,
    0xf3, 0x0, 0xdf, 0xff, 0xcd, 0xff, 0xfa, 0x0,
    0x2, 0xdf, 0xff, 0xff, 0xfb, 0x0, 0x0, 0x0,
    0x7d, 0xff, 0xc5, 0x0, 0x0,

    /* U+0070 "p" */
    0x4f, 0xf7, 0x19, 0xef, 0xd7, 0x0, 0x4, 0xff,
    0xdf, 0xff, 0xff, 0xfa, 0x0, 0x4f, 0xff, 0xfe,
    0xcf, 0xff, 0xf5, 0x4, 0xff, 0xf8, 0x0, 0x1d,
    0xff, 0xb0, 0x4f, 0xff, 0x0, 0x0, 0x6f, 0xff,
    0x4, 0xff, 0xf0, 0x0, 0x3, 0xff, 0xf1, 0x4f,
    0xff, 0x0, 0x0, 0x2f, 0xff, 0x24, 0xff, 0xf0,
    0x0, 0x4, 0xff, 0xf1, 0x4f, 0xff, 0x0, 0x0,
    0x8f, 0xfe, 0x4, 0xff, 0xf4, 0x0, 0x3f, 0xff,
    0x90, 0x4f, 0xff, 0xfd, 0xcf, 0xff, 0xf1, 0x4,
    0xff, 0xff, 0xff, 0xff, 0xf4, 0x0, 0x4f, 0xfe,
    0x2b, 0xff, 0xb2, 0x0, 0x4, 0xff, 0xf0, 0x0,
    0x0, 0x0, 0x0, 0x4f, 0xff, 0x0, 0x0, 0x0,
    0x0, 0x4, 0xff, 0xf0, 0x0, 0x0, 0x0, 0x0,
    0x4f, 0xff, 0x0, 0x0, 0x0, 0x0, 0x4, 0xff,
    0xf0, 0x0, 0x0, 0x0, 0x0,

    /* U+0071 "q" */
    0x0, 0x1a, 0xef, 0xd6, 0x3f, 0xf7, 0x3, 0xef,
    0xff, 0xff, 0xdf, 0xf7, 0xd, 0xff, 0xfc, 0xdf,
    0xff, 0xf7, 0x6f, 0xff, 0x50, 0x2, 0xef, 0xf7,
    0xbf, 0xfb, 0x0, 0x0, 0xcf, 0xf7, 0xef, 0xf6,
    0x0, 0x0, 0xcf, 0xf7, 0xff, 0xf5, 0x0, 0x0,
    0xcf, 0xf7, 0xef, 0xf6, 0x0, 0x0, 0xcf, 0xf7,
    0xcf, 0xfa, 0x0, 0x0, 0xcf, 0xf7, 0x8f, 0xff,
    0x30, 0x4, 0xff, 0xf7, 0x1f, 0xff, 0xfc, 0xdf,
    0xff, 0xf7, 0x6, 0xff, 0xff, 0xff, 0xef, 0xf7,
    0x0, 0x4b, 0xff, 0xb2, 0xbf, 0xf7, 0x0, 0x0,
    0x0, 0x0, 0xcf, 0xf7, 0x0, 0x0, 0x0, 0x0,
    0xcf, 0xf7, 0x0, 0x0, 0x0, 0x0, 0xcf, 0xf7,
    0x0, 0x0, 0x0, 0x0, 0xcf, 0xf7, 0x0, 0x0,
    0x0, 0x0, 0xcf, 0xf7,

    /* U+0072 "r" */
    0x4f, 0xf6, 0x7, 0xef, 0x84, 0xff, 0x89, 0xff,
    0xf5, 0x4f, 0xfe, 0xff, 0xff, 0x34, 0xff, 0xff,
    0x60, 0x0, 0x4f, 0xff, 0x70, 0x0, 0x4, 0xff,
    0xf0, 0x0, 0x0, 0x4f, 0xff, 0x0, 0x0, 0x4,
    0xff, 0xf0, 0x0, 0x0, 0x4f, 0xff, 0x0, 0x0,
    0x4, 0xff, 0xf0, 0x0, 0x0, 0x4f, 0xff, 0x0,
    0x0, 0x4, 0xff, 0xf0, 0x0, 0x0, 0x4f, 0xff,
    0x0, 0x0, 0x0,

    /* U+0073 "s" */
    0x0, 0x18, 0xdf, 0xfc, 0x60, 0x0, 0x1d, 0xff,
    0xff, 0xff, 0xb0, 0x8, 0xff, 0xe8, 0x8d, 0xf5,
    0x0, 0xbf, 0xf5, 0x0, 0x4, 0x0, 0xa, 0xff,
    0xb1, 0x0, 0x0, 0x0, 0x3f, 0xff, 0xfb, 0x40,
    0x0, 0x0, 0x3d, 0xff, 0xff, 0xc1, 0x0, 0x0,
    0x5, 0xcf, 0xff, 0xc0, 0x0, 0x0, 0x0, 0x4f,
    0xff, 0x10, 0x38, 0x0, 0x0, 0xef, 0xf2, 0xd,
    0xfe, 0x98, 0xcf, 0xfd, 0x2, 0xdf, 0xff, 0xff,
    0xff, 0x40, 0x0, 0x6b, 0xff, 0xea, 0x20, 0x0,

    /* U+0074 "t" */
    0x0, 0x28, 0x83, 0x0, 0x0, 0x5, 0xff, 0x60,
    0x0, 0x0, 0x7f, 0xf6, 0x0, 0x0, 0x9, 0xff,
    0x60, 0x0, 0x7e, 0xff, 0xff, 0xff, 0x78, 0xff,
    0xff, 0xff, 0xf7, 0x5a, 0xef, 0xfc, 0xaa, 0x40,
    0xc, 0xff, 0x60, 0x0, 0x0, 0xcf, 0xf6, 0x0,
    0x0, 0xc, 0xff, 0x60, 0x0, 0x0, 0xcf, 0xf6,
    0x0, 0x0, 0xc, 0xff, 0x60, 0x0, 0x0, 0xcf,
    0xf6, 0x0, 0x0, 0xb, 0xff, 0xa0, 0x0, 0x0,
    0x7f, 0xff, 0xca, 0x50, 0x1, 0xef, 0xff, 0xfa,
    0x0, 0x2, 0xbf, 0xfe, 0x80,

    /* U+0075 "u" */
    0x6f, 0xfd, 0x0, 0x0, 0xff, 0xf4, 0x6f, 0xfd,
    0x0, 0x0, 0xff, 0xf4, 0x6f, 0xfd, 0x0, 0x0,
    0xff, 0xf4, 0x6f, 0xfd, 0x0, 0x0, 0xff, 0xf4,
    0x6f, 0xfd, 0x0, 0x0, 0xff, 0xf4, 0x6f, 0xfd,
    0x0, 0x0, 0xff, 0xf4, 0x6f, 0xfd, 0x0, 0x0,
    0xff, 0xf4, 0x6f, 0xfd, 0x0, 0x0, 0xff, 0xf4,
    0x5f, 0xfe, 0x0, 0x0, 0xff, 0xf4, 0x4f, 0xff,
    0x40, 0x1b, 0xff, 0xf4, 0xf, 0xff, 0xfd, 0xff,
    0xff, 0xf4, 0x9, 0xff, 0xff, 0xfb, 0x8f, 0xf4,
    0x0, 0x8e, 0xfd, 0x70, 0x6f, 0xf4,

    /* U+0076 "v" */
    0x8f, 0xfb, 0x0, 0x0, 0xe, 0xff, 0x33, 0xff,
    0xf0, 0x0, 0x2, 0xff, 0xe0, 0xe, 0xff, 0x40,
    0x0, 0x6f, 0xf9, 0x0, 0x8f, 0xf8, 0x0, 0xb,
    0xff, 0x40, 0x3, 0xff, 0xc0, 0x0, 0xff, 0xe0,
    0x0, 0xe, 0xff, 0x10, 0x4f, 0xf9, 0x0, 0x0,
    0x9f, 0xf5, 0x8, 0xff, 0x40, 0x0, 0x4, 0xff,
    0x90, 0xcf, 0xf0, 0x0, 0x0, 0xe, 0xfe, 0x1f,
    0xfa, 0x0, 0x0, 0x0, 0x9f, 0xf6, 0xff, 0x50,
    0x0, 0x0, 0x4, 0xff, 0xef, 0xf1, 0x0, 0x0,
    0x0, 0xf, 0xff, 0xfb, 0x0, 0x0, 0x0, 0x0,
    0xaf, 0xff, 0x60, 0x0, 0x0,

    /* U+0077 "w" */
    0x4f, 0xfe, 0x0, 0x0, 0xff, 0xf2, 0x0, 0xb,
    0xff, 0x40, 0xff, 0xf2, 0x0, 0x3f, 0xff, 0x50,
    0x0, 0xff, 0xf0, 0xc, 0xff, 0x50, 0x7, 0xff,
    0xf9, 0x0, 0x2f, 0xfc, 0x0, 0x8f, 0xf9, 0x0,
    0xaf, 0xef, 0xd0, 0x5, 0xff, 0x80, 0x4, 0xff,
    0xc0, 0xe, 0xf9, 0xff, 0x10, 0x8f, 0xf5, 0x0,
    0xf, 0xff, 0x2, 0xff, 0x3f, 0xf5, 0xc, 0xff,
    0x10, 0x0, 0xcf, 0xf3, 0x6f, 0xe0, 0xef, 0x90,
    0xff, 0xd0, 0x0, 0x9, 0xff, 0x59, 0xfb, 0xb,
    0xfc, 0x2f, 0xf9, 0x0, 0x0, 0x5f, 0xf8, 0xcf,
    0x70, 0x8f, 0xf4, 0xff, 0x60, 0x0, 0x1, 0xff,
    0xaf, 0xf4, 0x4, 0xff, 0xaf, 0xf2, 0x0, 0x0,
    0xd, 0xff, 0xff, 0x0, 0xf, 0xff, 0xfe, 0x0,
    0x0, 0x0, 0x9f, 0xff, 0xd0, 0x0, 0xdf, 0xff,
    0xa0, 0x0, 0x0, 0x5, 0xff, 0xf9, 0x0, 0x9,
    0xff, 0xf7, 0x0, 0x0,

    /* U+0078 "x" */
    0x2f, 0xff, 0x50, 0x0, 0xcf, 0xf7, 0x0, 0x8f,
    0xfd, 0x0, 0x3f, 0xfe, 0x0, 0x0, 0xef, 0xf6,
    0xa, 0xff, 0x60, 0x0, 0x6, 0xff, 0xd2, 0xff,
    0xd0, 0x0, 0x0, 0xc, 0xff, 0xdf, 0xf5, 0x0,
    0x0, 0x0, 0x3f, 0xff, 0xfc, 0x0, 0x0, 0x0,
    0x0, 0xef, 0xff, 0x40, 0x0, 0x0, 0x0, 0x8f,
    0xff, 0xfb, 0x0, 0x0, 0x0, 0x1f, 0xfd, 0xef,
    0xf4, 0x0, 0x0, 0xa, 0xff, 0x56, 0xff, 0xd0,
    0x0, 0x3, 0xff, 0xe0, 0xd, 0xff, 0x80, 0x0,
    0xcf, 0xf6, 0x0, 0x5f, 0xff, 0x20, 0x5f, 0xfe,
    0x0, 0x0, 0xcf, 0xfb, 0x0,

    /* U+0079 "y" */
    0x8f, 0xfb, 0x0, 0x0, 0xe, 0xff, 0x22, 0xff,
    0xf1, 0x0, 0x3, 0xff, 0xd0, 0xb, 0xff, 0x60,
    0x0, 0x7f, 0xf8, 0x0, 0x5f, 0xfb, 0x0, 0xc,
    0xff, 0x30, 0x0, 0xff, 0xf0, 0x0, 0xff, 0xd0,
    0x0, 0x9, 0xff, 0x50, 0x5f, 0xf8, 0x0, 0x0,
    0x3f, 0xfa, 0x9, 0xff, 0x30, 0x0, 0x0, 0xdf,
    0xf0, 0xdf, 0xd0, 0x0, 0x0, 0x7, 0xff, 0x5f,
    0xf8, 0x0, 0x0, 0x0, 0x1f, 0xfd, 0xff, 0x30,
    0x0, 0x0, 0x0, 0xbf, 0xff, 0xd0, 0x0, 0x0,
    0x0, 0x5, 0xff, 0xf8, 0x0, 0x0, 0x0, 0x0,
    0xf, 0xff, 0x30, 0x0, 0x0, 0x0, 0x2, 0xff,
    0xd0, 0x0, 0x0, 0x0, 0x0, 0xaf, 0xf7, 0x0,
    0x0, 0x0, 0x4a, 0xdf, 0xfe, 0x0, 0x0, 0x0,
    0x9, 0xff, 0xff, 0x40, 0x0, 0x0, 0x0, 0xaf,
    0xfb, 0x30, 0x0, 0x0, 0x0,

    /* U+007A "z" */
    0x7, 0xff, 0xff, 0xff, 0xff, 0x70, 0x7f, 0xff,
    0xff, 0xff, 0xf7, 0x4, 0xaa, 0xaa, 0xef, 0xfe,
    0x10, 0x0, 0x0, 0x2f, 0xff, 0x50, 0x0, 0x0,
    0xc, 0xff, 0xb0, 0x0, 0x0, 0x6, 0xff, 0xf1,
    0x0, 0x0, 0x1, 0xff, 0xf6, 0x0, 0x0, 0x0,
    0xbf, 0xfc, 0x0, 0x0, 0x0, 0x5f, 0xff, 0x20,
    0x0, 0x0, 0x1e, 0xff, 0x70, 0x0, 0x0, 0xa,
    0xff, 0xfa, 0xaa, 0xaa, 0x61, 0xff, 0xff, 0xff,
    0xff, 0xfa, 0x1f, 0xff, 0xff, 0xff, 0xff, 0xa0,

    /* U+007B "{" */
    0x0, 0x4, 0xcf, 0xf4, 0x0, 0xf, 0xff, 0xd3,
    0x0, 0x3f, 0xf8, 0x0, 0x0, 0x4f, 0xf5, 0x0,
    0x0, 0x4f, 0xf5, 0x0, 0x0, 0x3f, 0xf5, 0x0,
    0x0, 0x2f, 0xf6, 0x0, 0x0, 0x1f, 0xf6, 0x0,
    0x0, 0x2f, 0xf6, 0x0, 0x1, 0xaf, 0xf3, 0x0,
    0x3f, 0xff, 0x80, 0x0, 0x3f, 0xff, 0x80, 0x0,
    0x1, 0xaf, 0xf3, 0x0, 0x0, 0x2f, 0xf6, 0x0,
    0x0, 0x1f, 0xf6, 0x0, 0x0, 0x2f, 0xf6, 0x0,
    0x0, 0x3f, 0xf5, 0x0, 0x0, 0x4f, 0xf5, 0x0,
    0x0, 0x4f, 0xf5, 0x0, 0x0, 0x3f, 0xf8, 0x0,
    0x0, 0xf, 0xff, 0xc3, 0x0, 0x4, 0xdf, 0xf4,

    /* U+007C "|" */
    0x9b, 0x3c, 0xf5, 0xcf, 0x5c, 0xf5, 0xcf, 0x5c,
    0xf5, 0xcf, 0x5c, 0xf5, 0xcf, 0x5c, 0xf5, 0xcf,
    0x5c, 0xf5, 0xcf, 0x5c, 0xf5, 0xcf, 0x5c, 0xf5,
    0xcf, 0x5c, 0xf5, 0xcf, 0x5c, 0xf5, 0xcf, 0x5c,
    0xf5, 0xcf, 0x5c, 0xf5, 0xcf, 0x5c, 0xf5,

    /* U+007D "}" */
    0xff, 0xe7, 0x0, 0xb, 0xff, 0xf4, 0x0, 0x3,
    0xff, 0x80, 0x0, 0xf, 0xf9, 0x0, 0x0, 0xff,
    0x90, 0x0, 0x1f, 0xf8, 0x0, 0x1, 0xff, 0x70,
    0x0, 0x1f, 0xf6, 0x0, 0x1, 0xff, 0x70, 0x0,
    0xe, 0xfd, 0x30, 0x0, 0x4e, 0xff, 0x80, 0x4,
    0xef, 0xf8, 0x0, 0xef, 0xd3, 0x0, 0x1f, 0xf7,
    0x0, 0x1, 0xff, 0x60, 0x0, 0x1f, 0xf7, 0x0,
    0x1, 0xff, 0x80, 0x0, 0xf, 0xf9, 0x0, 0x0,
    0xff, 0x90, 0x0, 0x3f, 0xf8, 0x0, 0xbf, 0xff,
    0x40, 0xf, 0xfe, 0x70, 0x0,

    /* U+007E "~" */
    0x0, 0x3, 0x52, 0x0, 0x0, 0x0, 0x0, 0xb,
    0xff, 0xf8, 0x0, 0x9, 0x20, 0xb, 0xff, 0xff,
    0xfc, 0x6a, 0xfe, 0x0, 0xbf, 0x40, 0x7f, 0xff,
    0xff, 0x60, 0x0, 0x30, 0x0, 0x3c, 0xfd, 0x50,
    0x0,

    /* U+4E0B "下" */
    0x11, 0x11, 0x11, 0x11, 0x11, 0x11, 0x11, 0x11,
    0x11, 0x11, 0xdf, 0xff, 0xff, 0xff, 0xff, 0xff,
    0xff, 0xff, 0xff, 0xfe, 0xdf, 0xff, 0xff, 0xff,
    0xff, 0xff, 0xff, 0xff, 0xff, 0xfe, 0x89, 0x99,
    0x99, 0x99, 0xff, 0xf9, 0x99, 0x99, 0x99, 0x98,
    0x0, 0x0, 0x0, 0x0, 0xef, 0xf0, 0x0, 0x0,
    0x0, 0x0, 0x0, 0x0, 0x0, 0x0, 0xef, 0xf0,
    0x0, 0x0, 0x0, 0x0, 0x0, 0x0, 0x0, 0x0,
    0xef, 0xf3, 0x0, 0x0, 0x0, 0x0, 0x0, 0x0,
    0x0, 0x0, 0xef, 0xff, 0xd5, 0x0, 0x0, 0x0,
    0x0, 0x0, 0x0, 0x0, 0xef, 0xff, 0xff, 0xc3,
    0x0, 0x0, 0x0, 0x0, 0x0, 0x0, 0xef, 0xfb,
    0xff, 0xff, 0x91, 0x0, 0x0, 0x0, 0x0, 0x0,
    0xef, 0xf0, 0x5e, 0xff, 0xfe, 0x40, 0x0, 0x0,
    0x0, 0x0, 0xef, 0xf0, 0x1, 0x9f, 0xff, 0x90,
    0x0, 0x0, 0x0, 0x0, 0xef, 0xf0, 0x0, 0x4,
    0xec, 0x0, 0x0, 0x0, 0x0, 0x0, 0xef, 0xf0,
    0x0, 0x0, 0x21, 0x0, 0x0, 0x0, 0x0, 0x0,
    0xef, 0xf0, 0x0, 0x0, 0x0, 0x0, 0x0, 0x0,
    0x0, 0x0, 0xef, 0xf0, 0x0, 0x0, 0x0, 0x0,
    0x0, 0x0, 0x0, 0x0, 0xef, 0xf0, 0x0, 0x0,
    0x0, 0x0, 0x0, 0x0, 0x0, 0x0, 0xef, 0xf0,
    0x0, 0x0, 0x0, 0x0, 0x0, 0x0, 0x0, 0x0,
    0xef, 0xf0, 0x0, 0x0, 0x0, 0x0, 0x0, 0x0,
    0x0, 0x0, 0xef, 0xf0, 0x0, 0x0, 0x0, 0x0,

    /* U+4EBA "人" */
    0x0, 0x0, 0x0, 0x0, 0x7, 0xaa, 0x20, 0x0,
    0x0, 0x0, 0x0, 0x0, 0x0, 0x0, 0x0, 0xc,
    0xff, 0x30, 0x0, 0x0, 0x0, 0x0, 0x0, 0x0,
    0x0, 0x0, 0xc, 0xff, 0x30, 0x0, 0x0, 0x0,
    0x0, 0x0, 0x0, 0x0, 0x0, 0xd, 0xff, 0x30,
    0x0, 0x0, 0x0, 0x0, 0x0, 0x0, 0x0, 0x0,
    0xe, 0xff, 0x40, 0x0, 0x0, 0x0, 0x0, 0x0,
    0x0, 0x0, 0x0, 0xf, 0xff, 0x50, 0x0, 0x0,
    0x0, 0x0, 0x0, 0x0, 0x0, 0x0, 0x2f, 0xff,
    0x90, 0x0, 0x0, 0x0, 0x0, 0x0, 0x0, 0x0,
    0x0, 0x5f, 0xff, 0xc0, 0x0, 0x0, 0x0, 0x0,
    0x0, 0x0, 0x0, 0x0, 0x8f, 0xff, 0xf1, 0x0,
    0x0, 0x0, 0x0, 0x0, 0x0, 0x0, 0x0, 0xdf,
    0xff, 0xf7, 0x0, 0x0, 0x0, 0x0, 0x0, 0x0,
    0x0, 0x2, 0xff, 0xef, 0xfd, 0x0, 0x0, 0x0,
    0x0, 0x0, 0x0, 0x0, 0x9, 0xff, 0x89, 0xff,
    0x40, 0x0, 0x0, 0x0, 0x0, 0x0, 0x0, 0x1f,
    0xff, 0x23, 0xff, 0xd0, 0x0, 0x0, 0x0, 0x0,
    0x0, 0x0, 0xaf, 0xfa, 0x0, 0xbf, 0xf7, 0x0,
    0x0, 0x0, 0x0, 0x0, 0x5, 0xff, 0xf2, 0x0,
    0x2f, 0xff, 0x40, 0x0, 0x0, 0x0, 0x0, 0x3f,
    0xff, 0x80, 0x0, 0x8, 0xff, 0xf3, 0x0, 0x0,
    0x0, 0x3, 0xef, 0xfc, 0x0, 0x0, 0x0, 0xcf,
    0xff, 0x40, 0x0, 0x0, 0x6f, 0xff, 0xe1, 0x0,
    0x0, 0x0, 0x1d, 0xff, 0xf9, 0x0, 0x1b, 0xff,
    0xfe, 0x20, 0x0, 0x0, 0x0, 0x1, 0xcf, 0xff,
    0xe2, 0x7, 0xff, 0xc1, 0x0, 0x0, 0x0, 0x0,
    0x0, 0x9, 0xff, 0x70, 0x0, 0x88, 0x0, 0x0,
    0x0, 0x0, 0x0, 0x0, 0x0, 0x39, 0x0,

    /* U+4EF6 "件" */
    0x0, 0x0, 0x8, 0x50, 0x0, 0x0, 0x8, 0x85,
    0x0, 0x0, 0x0, 0x0, 0x0, 0x2f, 0xfa, 0x6,
    0x41, 0x1f, 0xf9, 0x0, 0x0, 0x0, 0x0, 0x0,
    0x9f, 0xf4, 0xf, 0xf9, 0x1f, 0xf9, 0x0, 0x0,
    0x0, 0x0, 0x1, 0xff, 0xc0, 0x4f, 0xf6, 0x1f,
    0xf9, 0x0, 0x0, 0x0, 0x0, 0xa, 0xff, 0x50,
    0x8f, 0xfa, 0x9f, 0xfd, 0x88, 0x88, 0x20, 0x0,
    0x4f, 0xfd, 0x0, 0xef, 0xff, 0xff, 0xff, 0xff,
    0xff, 0x30, 0x0, 0xdf, 0xf9, 0x4, 0xff, 0xff,
    0xff, 0xff, 0xff, 0xff, 0x30, 0xa, 0xff, 0xf9,
    0xb, 0xff, 0x20, 0x2f, 0xfa, 0x0, 0x0, 0x0,
    0x7f, 0xff, 0xf9, 0x2f, 0xfa, 0x0, 0x1f, 0xf9,
    0x0, 0x0, 0x0, 0x2f, 0xff, 0xf9, 0x2, 0xb2,
    0x0, 0x1f, 0xf9, 0x0, 0x0, 0x0, 0xa, 0x8e,
    0xf9, 0x0, 0x0, 0x0, 0x1f, 0xfa, 0x0, 0x0,
    0x0, 0x1, 0xe, 0xf9, 0xf, 0xff, 0xff, 0xff,
    0xff, 0xff, 0xff, 0xf4, 0x0, 0xe, 0xf9, 0xf,
    0xff, 0xff, 0xff, 0xff, 0xff, 0xff, 0xf4, 0x0,
    0xe, 0xf9, 0x8, 0x88, 0x88, 0x9f, 0xfd, 0x88,
    0x88, 0x82, 0x0, 0xe, 0xf9, 0x0, 0x0, 0x0,
    0x1f, 0xf9, 0x0, 0x0, 0x0, 0x0, 0xe, 0xf9,
    0x0, 0x0, 0x0, 0x1f, 0xf9, 0x0, 0x0, 0x0,
    0x0, 0xe, 0xf9, 0x0, 0x0, 0x0, 0x1f, 0xf9,
    0x0, 0x0, 0x0, 0x0, 0xe, 0xf9, 0x0, 0x0,
    0x0, 0x1f, 0xf9, 0x0, 0x0, 0x0, 0x0, 0xe,
    0xf9, 0x0, 0x0, 0x0, 0x1f, 0xf9, 0x0, 0x0,
    0x0, 0x0, 0xe, 0xf9, 0x0, 0x0, 0x0, 0x1f,
    0xf9, 0x0, 0x0, 0x0, 0x0, 0xe, 0xf9, 0x0,
    0x0, 0x0, 0x1f, 0xf9, 0x0, 0x0, 0x0,

    /* U+4F4D "位" */
    0x0, 0x0, 0x0, 0x0, 0x0, 0x0, 0x0, 0x0,
    0x0, 0x0, 0x0, 0x0, 0x0, 0x45, 0x0, 0x0,
    0x6, 0xbc, 0x0, 0x0, 0x0, 0x0, 0x0, 0xc,
    0xfe, 0x0, 0x0, 0x9f, 0xf3, 0x0, 0x0, 0x0,
    0x0, 0x3, 0xff, 0x90, 0x0, 0x4, 0xff, 0x80,
    0x0, 0x0, 0x0, 0x0, 0xbf, 0xf2, 0x0, 0x0,
    0xe, 0xb5, 0x0, 0x0, 0x0, 0x0, 0x4f, 0xfa,
    0xf, 0xff, 0xff, 0xff, 0xff, 0xff, 0xf3, 0x0,
    0xd, 0xff, 0x30, 0xff, 0xff, 0xff, 0xff, 0xff,
    0xff, 0x40, 0x9, 0xff, 0xf1, 0x9, 0x99, 0x99,
    0x99, 0x99, 0x99, 0x92, 0x5, 0xff, 0xff, 0x10,
    0x3, 0x77, 0x0, 0x0, 0x5b, 0x82, 0x2, 0xff,
    0xff, 0xf1, 0x0, 0xaf, 0xe0, 0x0, 0x8, 0xff,
    0x30, 0xd, 0xff, 0xff, 0x10, 0x7, 0xff, 0x10,
    0x0, 0xaf, 0xf1, 0x0, 0x5c, 0x9f, 0xf1, 0x0,
    0x4f, 0xf4, 0x0, 0xc, 0xfe, 0x0, 0x0, 0x19,
    0xff, 0x10, 0x2, 0xff, 0x70, 0x0, 0xff, 0xa0,
    0x0, 0x0, 0x9f, 0xf1, 0x0, 0xf, 0xfa, 0x0,
    0x1f, 0xf7, 0x0, 0x0, 0x9, 0xff, 0x10, 0x0,
    0xdf, 0xc0, 0x4, 0xff, 0x40, 0x0, 0x0, 0x9f,
    0xf1, 0x0, 0xb, 0xff, 0x0, 0x7f, 0xf0, 0x0,
    0x0, 0x9, 0xff, 0x10, 0x0, 0x9f, 0xf1, 0xb,
    0xfc, 0x0, 0x0, 0x0, 0x9f, 0xf1, 0x0, 0x6,
    0x95, 0x0, 0xef, 0x80, 0x0, 0x0, 0x9, 0xff,
    0x16, 0x88, 0x88, 0x88, 0x8f, 0xfa, 0x88, 0x80,
    0x0, 0x9f, 0xf1, 0xdf, 0xff, 0xff, 0xff, 0xff,
    0xff, 0xff, 0x0, 0x9, 0xff, 0x1d, 0xff, 0xff,
    0xff, 0xff, 0xff, 0xff, 0xf0, 0x0, 0x9f, 0xf1,
    0x0, 0x0, 0x0, 0x0, 0x0, 0x0, 0x0,

    /* U+4FE1 "信" */
    0x0, 0x0, 0x6, 0x20, 0x0, 0x0, 0x5, 0x60,
    0x0, 0x0, 0x0, 0x0, 0x0, 0x3f, 0xf5, 0x0,
    0x0, 0xaf, 0xf2, 0x0, 0x0, 0x0, 0x0, 0x0,
    0x9f, 0xf1, 0x0, 0x0, 0x2f, 0xfa, 0x0, 0x0,
    0x0, 0x0, 0x1, 0xff, 0x93, 0x33, 0x33, 0x3b,
    0xfa, 0x33, 0x33, 0x30, 0x0, 0x9, 0xff, 0x3f,
    0xff, 0xff, 0xff, 0xff, 0xff, 0xff, 0xf2, 0x0,
    0x3f, 0xff, 0x1f, 0xff, 0xff, 0xff, 0xff, 0xff,
    0xff, 0xf2, 0x0, 0xcf, 0xff, 0x0, 0x0, 0x0,
    0x0, 0x0, 0x0, 0x0, 0x0, 0x8, 0xff, 0xff,
    0x0, 0x4f, 0xff, 0xff, 0xff, 0xff, 0xfb, 0x0,
    0x3f, 0xff, 0xff, 0x0, 0x4f, 0xff, 0xff, 0xff,
    0xff, 0xfc, 0x0, 0xd, 0xfa, 0xff, 0x0, 0x0,
    0x0, 0x0, 0x0, 0x0, 0x0, 0x0, 0x5, 0x57,
    0xff, 0x0, 0x4f, 0xff, 0xff, 0xff, 0xff, 0xfb,
    0x0, 0x0, 0x7, 0xff, 0x0, 0x5f, 0xff, 0xff,
    0xff, 0xff, 0xfc, 0x0, 0x0, 0x7, 0xff, 0x0,
    0x1, 0x11, 0x11, 0x11, 0x11, 0x11, 0x0, 0x0,
    0x7, 0xff, 0x0, 0x33, 0x33, 0x33, 0x33, 0x33,
    0x32, 0x0, 0x0, 0x7, 0xff, 0x0, 0xef, 0xff,
    0xff, 0xff, 0xff, 0xfc, 0x0, 0x0, 0x7, 0xff,
    0x0, 0xef, 0xfe, 0xee, 0xee, 0xee, 0xfc, 0x0,
    0x0, 0x7, 0xff, 0x0, 0xef, 0x90, 0x0, 0x0,
    0x4, 0xfc, 0x0, 0x0, 0x7, 0xff, 0x0, 0xef,
    0x90, 0x0, 0x0, 0x4, 0xfc, 0x0, 0x0, 0x7,
    0xff, 0x0, 0xef, 0xff, 0xff, 0xff, 0xff, 0xfc,
    0x0, 0x0, 0x7, 0xff, 0x0, 0xef, 0xff, 0xff,
    0xff, 0xff, 0xfc, 0x0, 0x0, 0x7, 0xff, 0x0,
    0xef, 0xa2, 0x22, 0x22, 0x26, 0xfc, 0x0, 0x0,
    0x1, 0x22, 0x0, 0x1, 0x0, 0x0, 0x0, 0x0,
    0x0, 0x0,

    /* U+505C "停" */
    0x0, 0x0, 0x7, 0x20, 0x0, 0x0, 0x38, 0xb0,
    0x0, 0x0, 0x0, 0x0, 0x0, 0x3f, 0xf6, 0x0,
    0x0, 0x6f, 0xf6, 0x0, 0x0, 0x0, 0x0, 0x0,
    0xaf, 0xfd, 0xff, 0xff, 0xff, 0xff, 0xff, 0xff,
    0xf0, 0x0, 0x2, 0xff, 0xac, 0xff, 0xff, 0xff,
    0xff, 0xff, 0xff, 0xf0, 0x0, 0xa, 0xff, 0x31,
    0x22, 0x22, 0x22, 0x22, 0x22, 0x22, 0x20, 0x0,
    0x3f, 0xfb, 0x0, 0x7f, 0xff, 0xff, 0xff, 0xff,
    0xf8, 0x0, 0x0, 0xcf, 0xf7, 0x0, 0x7f, 0xfc,
    0xcc, 0xcc, 0xcf, 0xf8, 0x0, 0x8, 0xff, 0xf6,
    0x0, 0x7f, 0xf0, 0x0, 0x0, 0xf, 0xf8, 0x0,
    0x4f, 0xff, 0xf6, 0x0, 0x7f, 0xff, 0xff, 0xff,
    0xff, 0xf8, 0x0, 0x1f, 0xff, 0xf6, 0x0, 0x5b,
    0xbb, 0xbb, 0xbb, 0xbb, 0xb6, 0x0, 0xa, 0xbf,
    0xf6, 0x3, 0x33, 0x33, 0x33, 0x33, 0x33, 0x33,
    0x30, 0x2, 0x1f, 0xf6, 0x4f, 0xff, 0xff, 0xff,
    0xff, 0xff, 0xff, 0xf4, 0x0, 0xf, 0xf6, 0x4f,
    0xfd, 0xdd, 0xdd, 0xdd, 0xdd, 0xef, 0xf4, 0x0,
    0xf, 0xf6, 0x4f, 0xf2, 0x22, 0x22, 0x22, 0x22,
    0x3f, 0xf4, 0x0, 0xf, 0xf6, 0x3c, 0xcf, 0xff,
    0xff, 0xff, 0xff, 0xfc, 0xc3, 0x0, 0xf, 0xf6,
    0x0, 0xf, 0xff, 0xff, 0xff, 0xff, 0xe0, 0x0,
    0x0, 0xf, 0xf6, 0x0, 0x0, 0x0, 0x3f, 0xf7,
    0x0, 0x0, 0x0, 0x0, 0xf, 0xf6, 0x0, 0x0,
    0x0, 0x3f, 0xf7, 0x0, 0x0, 0x0, 0x0, 0xf,
    0xf6, 0x0, 0x1, 0x33, 0x6f, 0xf6, 0x0, 0x0,
    0x0, 0x0, 0xf, 0xf6, 0x0, 0x0, 0xff, 0xff,
    0xf5, 0x0, 0x0, 0x0, 0x0, 0xf, 0xf6, 0x0,
    0x0, 0xbf, 0xfe, 0x90, 0x0, 0x0, 0x0, 0x0,
    0x1, 0x10, 0x0, 0x0, 0x0, 0x0, 0x0, 0x0,
    0x0, 0x0,

    /* U+5065 "健" */
    0x0, 0x1, 0x73, 0x0, 0x0, 0x0, 0x0, 0x68,
    0x20, 0x0, 0x0, 0x0, 0x6, 0xff, 0x54, 0x46,
    0x30, 0x0, 0xdf, 0x50, 0x0, 0x0, 0x0, 0xb,
    0xfd, 0xef, 0xff, 0xf6, 0xff, 0xff, 0xff, 0xff,
    0x0, 0x0, 0x1f, 0xf8, 0xef, 0xff, 0xe3, 0xcc,
    0xff, 0xdc, 0xff, 0x0, 0x0, 0x6f, 0xf2, 0x0,
    0xcf, 0x80, 0x0, 0xdf, 0x50, 0xff, 0x10, 0x0,
    0xdf, 0xf0, 0x2, 0xff, 0x3f, 0xff, 0xff, 0xff,
    0xff, 0xf6, 0x5, 0xff, 0xf0, 0xa, 0xfa, 0x1e,
    0xee, 0xff, 0xee, 0xff, 0xe5, 0xd, 0xff, 0xf0,
    0x2f, 0xf2, 0x0, 0x0, 0xdf, 0x50, 0xff, 0x0,
    0x6f, 0xff, 0xf1, 0xdf, 0xfd, 0xb5, 0xff, 0xff,
    0xff, 0xff, 0x0, 0x1f, 0xff, 0xf6, 0xff, 0xff,
    0xf5, 0xcc, 0xff, 0xdc, 0xcc, 0x0, 0xb, 0xaf,
    0xf0, 0x84, 0x4f, 0xf1, 0x0, 0xdf, 0x50, 0x0,
    0x0, 0x2, 0x5f, 0xf0, 0x0, 0x2f, 0xe5, 0xff,
    0xff, 0xff, 0xff, 0x20, 0x0, 0x5f, 0xf3, 0xd8,
    0x4f, 0xb5, 0xff, 0xff, 0xff, 0xff, 0x10, 0x0,
    0x5f, 0xf3, 0xfd, 0x8f, 0x81, 0x11, 0xdf, 0x61,
    0x11, 0x0, 0x0, 0x5f, 0xf0, 0xdf, 0xef, 0x4d,
    0xff, 0xff, 0xff, 0xff, 0x70, 0x0, 0x5f, 0xf0,
    0x7f, 0xff, 0xc, 0xff, 0xff, 0xff, 0xff, 0x70,
    0x0, 0x5f, 0xf0, 0xe, 0xfc, 0x0, 0x0, 0xdf,
    0x50, 0x0, 0x0, 0x0, 0x5f, 0xf0, 0x2f, 0xff,
    0xb1, 0x0, 0xdf, 0x40, 0x0, 0x0, 0x0, 0x5f,
    0xf0, 0xcf, 0xef, 0xff, 0xb7, 0x54, 0x33, 0x33,
    0x31, 0x0, 0x5f, 0xfb, 0xfe, 0x15, 0xef, 0xff,
    0xff, 0xff, 0xff, 0xe0, 0x0, 0x5f, 0xf3, 0xc2,
    0x0, 0x6, 0xad, 0xff, 0xff, 0xff, 0x90, 0x0,
    0x0, 0x0, 0x0, 0x0, 0x0, 0x0, 0x0, 0x0,
    0x0, 0x0,

    /* U+51C6 "准" */
    0x0, 0x0, 0x0, 0x0, 0x8, 0x73, 0x0, 0x78,
    0x0, 0x0, 0x0, 0x4, 0xc5, 0x0, 0x0, 0xf,
    0xf9, 0xa, 0xff, 0x40, 0x0, 0x0, 0x2f, 0xfe,
    0x0, 0x0, 0x6f, 0xf4, 0x2, 0xff, 0xc0, 0x0,
    0x0, 0x9, 0xff, 0x80, 0x0, 0xcf, 0xe1, 0x11,
    0xaf, 0xc2, 0x11, 0x10, 0x1, 0xff, 0xf1, 0x4,
    0xff, 0xff, 0xff, 0xff, 0xff, 0xff, 0xe0, 0x0,
    0x9f, 0xf8, 0xc, 0xff, 0xff, 0xff, 0xff, 0xff,
    0xff, 0xe0, 0x0, 0x2f, 0xf6, 0x6f, 0xff, 0x22,
    0x23, 0xff, 0x92, 0x22, 0x20, 0x0, 0x7, 0x11,
    0xef, 0xff, 0x0, 0x1, 0xff, 0x80, 0x0, 0x0,
    0x0, 0x0, 0xc, 0xff, 0xff, 0x55, 0x55, 0xff,
    0xa5, 0x55, 0x20, 0x0, 0x0, 0x9f, 0xff, 0xff,
    0xff, 0xff, 0xff, 0xff, 0xff, 0x70, 0x0, 0x0,
    0x1d, 0xd7, 0xff, 0xff, 0xff, 0xff, 0xff, 0xff,
    0x60, 0x0, 0x1, 0x51, 0x17, 0xff, 0x0, 0x1,
    0xff, 0x80, 0x0, 0x0, 0x0, 0x8, 0xfd, 0x27,
    0xff, 0x33, 0x34, 0xff, 0xa3, 0x33, 0x10, 0x0,
    0xe, 0xff, 0x7, 0xff, 0xff, 0xff, 0xff, 0xff,
    0xff, 0x70, 0x0, 0x5f, 0xf9, 0x7, 0xff, 0xff,
    0xff, 0xff, 0xff, 0xff, 0x70, 0x0, 0xcf, 0xf3,
    0x7, 0xff, 0x11, 0x12, 0xff, 0x91, 0x11, 0x0,
    0x3, 0xff, 0xd0, 0x7, 0xff, 0x0, 0x1, 0xff,
    0x80, 0x0, 0x0, 0xb, 0xff, 0x70, 0x7, 0xff,
    0xff, 0xff, 0xff, 0xff, 0xff, 0xf3, 0x2f, 0xff,
    0x10, 0x7, 0xff, 0xff, 0xff, 0xff, 0xff, 0xff,
    0xf3, 0x1, 0x78, 0x0, 0x7, 0xff, 0x66, 0x66,
    0x66, 0x66, 0x66, 0x61, 0x0, 0x0, 0x0, 0x7,
    0xff, 0x0, 0x0, 0x0, 0x0, 0x0, 0x0,

    /* U+5236 "制" */
    0x0, 0x21, 0x0, 0x88, 0x30, 0x0, 0x0, 0x0,
    0x0, 0x45, 0x30, 0x9, 0xfd, 0x1f, 0xf7, 0x0,
    0x0, 0x0, 0x0, 0xe, 0xf9, 0x0, 0xdf, 0xa1,
    0xff, 0x70, 0x0, 0x0, 0xef, 0x80, 0xef, 0x90,
    0x2f, 0xfe, 0xdf, 0xfe, 0xdd, 0xd5, 0xe, 0xf8,
    0xe, 0xf9, 0x8, 0xff, 0xff, 0xff, 0xff, 0xff,
    0x60, 0xef, 0x80, 0xef, 0x90, 0xef, 0xc8, 0x9f,
    0xfc, 0x88, 0x83, 0xe, 0xf8, 0xe, 0xf9, 0x2c,
    0xf3, 0x1, 0xff, 0x70, 0x0, 0x0, 0xef, 0x80,
    0xef, 0x91, 0xce, 0xcc, 0xdf, 0xfe, 0xcc, 0xcc,
    0x3e, 0xf8, 0xe, 0xf9, 0x1f, 0xff, 0xff, 0xff,
    0xff, 0xff, 0xf4, 0xef, 0x80, 0xef, 0x90, 0x99,
    0x99, 0xaf, 0xfc, 0x99, 0x99, 0x2e, 0xf8, 0xe,
    0xf9, 0x0, 0x0, 0x1, 0xff, 0x70, 0x0, 0x0,
    0xef, 0x80, 0xef, 0x90, 0x4d, 0xdd, 0xdf, 0xfe,
    0xde, 0xd6, 0xe, 0xf8, 0xe, 0xf9, 0x5, 0xff,
    0xff, 0xff, 0xff, 0xff, 0x70, 0xef, 0x80, 0xef,
    0x90, 0x5f, 0xf8, 0x9f, 0xfb, 0x8f, 0xf7, 0xe,
    0xf8, 0xe, 0xf9, 0x5, 0xff, 0x1, 0xff, 0x70,
    0xef, 0x70, 0x78, 0x40, 0xef, 0x90, 0x5f, 0xf0,
    0x1f, 0xf7, 0xe, 0xf7, 0x0, 0x0, 0xe, 0xf9,
    0x5, 0xff, 0x1, 0xff, 0x70, 0xef, 0x70, 0x0,
    0x0, 0xef, 0x90, 0x5f, 0xf0, 0x1f, 0xf9, 0xef,
    0xf6, 0x0, 0x0, 0xe, 0xf9, 0x5, 0xff, 0x1,
    0xff, 0x7e, 0xfe, 0x20, 0x9, 0xaa, 0xff, 0x90,
    0x13, 0x30, 0x1f, 0xf7, 0x34, 0x10, 0x0, 0xbf,
    0xff, 0xf5, 0x0, 0x0, 0x1, 0xff, 0x70, 0x0,
    0x0, 0x6, 0xff, 0xc7, 0x0, 0x0, 0x0, 0x0,
    0x0, 0x0, 0x0, 0x0, 0x0, 0x0, 0x0,

    /* U+5355 "单" */
    0x0, 0x0, 0x2, 0x93, 0x0, 0x0, 0x0, 0x48,
    0x40, 0x0, 0x0, 0x0, 0x1, 0xef, 0xe1, 0x0,
    0x0, 0xc, 0xff, 0x80, 0x0, 0x0, 0x0, 0x5,
    0xff, 0xa0, 0x0, 0x4, 0xff, 0xd0, 0x0, 0x0,
    0x0, 0x22, 0x2c, 0xfd, 0x22, 0x22, 0xdf, 0xf5,
    0x22, 0x0, 0x0, 0xf, 0xff, 0xff, 0xff, 0xff,
    0xff, 0xff, 0xff, 0xf1, 0x0, 0x0, 0xff, 0xff,
    0xff, 0xff, 0xff, 0xff, 0xff, 0xff, 0x10, 0x0,
    0xf, 0xf9, 0x0, 0xa, 0xff, 0x10, 0x0, 0xaf,
    0xf1, 0x0, 0x0, 0xff, 0x91, 0x11, 0xaf, 0xf2,
    0x11, 0x1a, 0xff, 0x10, 0x0, 0xf, 0xff, 0xff,
    0xff, 0xff, 0xff, 0xff, 0xff, 0xf1, 0x0, 0x0,
    0xff, 0xff, 0xff, 0xff, 0xff, 0xff, 0xff, 0xff,
    0x10, 0x0, 0xf, 0xf9, 0x0, 0xa, 0xff, 0x10,
    0x0, 0xaf, 0xf1, 0x0, 0x0, 0xff, 0xff, 0xff,
    0xff, 0xff, 0xff, 0xff, 0xff, 0x10, 0x0, 0xf,
    0xff, 0xff, 0xff, 0xff, 0xff, 0xff, 0xff, 0xf1,
    0x0, 0x0, 0x33, 0x33, 0x33, 0xbf, 0xf4, 0x33,
    0x33, 0x33, 0x0, 0x2, 0x22, 0x22, 0x22, 0x2b,
    0xff, 0x42, 0x22, 0x22, 0x22, 0x22, 0xff, 0xff,
    0xff, 0xff, 0xff, 0xff, 0xff, 0xff, 0xff, 0xfc,
    0x2f, 0xff, 0xff, 0xff, 0xff, 0xff, 0xff, 0xff,
    0xff, 0xff, 0xc0, 0x44, 0x44, 0x44, 0x44, 0xbf,
    0xf5, 0x44, 0x44, 0x44, 0x43, 0x0, 0x0, 0x0,
    0x0, 0xa, 0xff, 0x10, 0x0, 0x0, 0x0, 0x0,
    0x0, 0x0, 0x0, 0x0, 0xaf, 0xf1, 0x0, 0x0,
    0x0, 0x0, 0x0, 0x0, 0x0, 0x0, 0xa, 0xff,
    0x10, 0x0, 0x0, 0x0, 0x0,

    /* U+5883 "境" */
    0x0, 0x4, 0x42, 0x0, 0x0, 0x0, 0x16, 0xa4,
    0x0, 0x0, 0x0, 0x0, 0xf, 0xf9, 0x0, 0x3,
    0x33, 0x3f, 0xfb, 0x33, 0x33, 0x0, 0x0, 0xf,
    0xf9, 0x0, 0x4f, 0xff, 0xff, 0xff, 0xff, 0xff,
    0x10, 0x0, 0xf, 0xf9, 0x0, 0x4f, 0xff, 0xff,
    0xff, 0xff, 0xff, 0x0, 0x0, 0xf, 0xf9, 0x0,
    0x0, 0x6d, 0xa0, 0x0, 0xed, 0x50, 0x0, 0x5,
    0x5f, 0xfb, 0x52, 0x33, 0x7f, 0xf3, 0x36, 0xff,
    0x43, 0x20, 0x2f, 0xff, 0xff, 0xf7, 0xff, 0xff,
    0xff, 0xff, 0xff, 0xff, 0x90, 0x2f, 0xff, 0xff,
    0xf7, 0xef, 0xff, 0xff, 0xff, 0xff, 0xff, 0x90,
    0x2, 0x2f, 0xfa, 0x21, 0x5, 0x55, 0x55, 0x55,
    0x55, 0x53, 0x0, 0x0, 0xf, 0xf9, 0x0, 0xf,
    0xff, 0xff, 0xff, 0xff, 0xf8, 0x0, 0x0, 0xf,
    0xf9, 0x0, 0xf, 0xf7, 0x33, 0x33, 0x3f, 0xf8,
    0x0, 0x0, 0xf, 0xf9, 0x0, 0xf, 0xff, 0xff,
    0xff, 0xff, 0xf8, 0x0, 0x0, 0xf, 0xf9, 0x0,
    0xf, 0xfb, 0x99, 0x99, 0x9f, 0xf8, 0x0, 0x0,
    0xf, 0xfb, 0x79, 0xf, 0xfb, 0x99, 0x99, 0x9f,
    0xf8, 0x0, 0x0, 0xf, 0xff, 0xfe, 0xf, 0xff,
    0xff, 0xff, 0xff, 0xf8, 0x0, 0x29, 0xff, 0xff,
    0xfc, 0x0, 0x6f, 0xf3, 0x3f, 0xf4, 0x0, 0x0,
    0x4f, 0xff, 0xfb, 0x40, 0x0, 0x9f, 0xf0, 0x2f,
    0xf4, 0x2, 0x0, 0xf, 0xfa, 0x30, 0x0, 0x2,
    0xff, 0xb0, 0x2f, 0xf4, 0xd, 0x90, 0x6, 0x20,
    0x0, 0x0, 0x6f, 0xff, 0x30, 0x2f, 0xf5, 0x1f,
    0xf1, 0x0, 0x0, 0x0, 0x5f, 0xff, 0xf5, 0x0,
    0xf, 0xff, 0xff, 0xf0, 0x0, 0x0, 0x0, 0xd,
    0xfb, 0x20, 0x0, 0x6, 0xef, 0xfe, 0x60, 0x0,
    0x0, 0x0, 0x2, 0x10, 0x0, 0x0, 0x0, 0x0,
    0x0, 0x0,

    /* U+5907 "备" */
    0x0, 0x0, 0x0, 0x6, 0xa7, 0x20, 0x0, 0x0,
    0x0, 0x0, 0x0, 0x0, 0x0, 0x0, 0x4f, 0xfe,
    0x10, 0x0, 0x0, 0x0, 0x0, 0x0, 0x0, 0x0,
    0x4, 0xff, 0xff, 0xff, 0xff, 0xff, 0xfb, 0x20,
    0x0, 0x0, 0x0, 0x7f, 0xff, 0xff, 0xff, 0xff,
    0xff, 0xff, 0x40, 0x0, 0x0, 0x3c, 0xff, 0xfe,
    0x55, 0x55, 0x57, 0xff, 0xf7, 0x0, 0x0, 0x5,
    0xff, 0xff, 0xff, 0xd5, 0x0, 0x7f, 0xff, 0x80,
    0x0, 0x0, 0x0, 0x9f, 0x80, 0x9f, 0xff, 0xdd,
    0xff, 0xf6, 0x0, 0x0, 0x0, 0x0, 0x1, 0x0,
    0x19, 0xff, 0xff, 0xff, 0x93, 0x0, 0x0, 0x0,
    0x1, 0x36, 0x9c, 0xff, 0xff, 0xff, 0xff, 0xff,
    0xfc, 0xa7, 0x53, 0x5f, 0xff, 0xff, 0xff, 0xfa,
    0x43, 0x8d, 0xff, 0xff, 0xff, 0xf5, 0xd, 0xff,
    0xfc, 0x84, 0x0, 0x0, 0x0, 0x26, 0xad, 0xff,
    0xb0, 0x4, 0x5d, 0xee, 0xee, 0xee, 0xee, 0xee,
    0xee, 0xee, 0xa2, 0x10, 0x0, 0xc, 0xff, 0xff,
    0xff, 0xff, 0xff, 0xff, 0xff, 0xb0, 0x0, 0x0,
    0xc, 0xff, 0x66, 0x6c, 0xff, 0x76, 0x68, 0xff,
    0xb0, 0x0, 0x0, 0xc, 0xff, 0x22, 0x2b, 0xff,
    0x32, 0x24, 0xff, 0xb0, 0x0, 0x0, 0xc, 0xff,
    0xff, 0xff, 0xff, 0xff, 0xff, 0xff, 0xb0, 0x0,
    0x0, 0xc, 0xff, 0xee, 0xef, 0xff, 0xee, 0xee,
    0xff, 0xb0, 0x0, 0x0, 0xc, 0xff, 0x0, 0xa,
    0xff, 0x10, 0x3, 0xff, 0xb0, 0x0, 0x0, 0xc,
    0xff, 0xff, 0xff, 0xff, 0xff, 0xff, 0xff, 0xb0,
    0x0, 0x0, 0xc, 0xff, 0xff, 0xff, 0xff, 0xff,
    0xff, 0xff, 0xb0, 0x0, 0x0, 0xc, 0xff, 0x44,
    0x44, 0x44, 0x44, 0x47, 0xff, 0xb0, 0x0, 0x0,
    0x0, 0x0, 0x0, 0x0, 0x0, 0x0, 0x0, 0x0,
    0x0, 0x0,

    /* U+5916 "外" */
    0x0, 0x0, 0x77, 0x40, 0x0, 0x0, 0xa, 0xa7,
    0x0, 0x0, 0x0, 0x0, 0x0, 0xef, 0xd0, 0x0,
    0x0, 0x1f, 0xfb, 0x0, 0x0, 0x0, 0x0, 0x2,
    0xff, 0x90, 0x0, 0x0, 0x1f, 0xfb, 0x0, 0x0,
    0x0, 0x0, 0x6, 0xff, 0xb7, 0x78, 0x73, 0x1f,
    0xfb, 0x0, 0x0, 0x0, 0x0, 0xb, 0xff, 0xff,
    0xff, 0xff, 0x1f, 0xfb, 0x0, 0x0, 0x0, 0x0,
    0x1f, 0xff, 0xff, 0xff, 0xfd, 0x1f, 0xfb, 0x0,
    0x0, 0x0, 0x0, 0x7f, 0xf6, 0x0, 0x3f, 0xfa,
    0x1f, 0xfb, 0x0, 0x0, 0x0, 0x0, 0xef, 0xe0,
    0x0, 0x6f, 0xf7, 0x1f, 0xfd, 0xd4, 0x0, 0x0,
    0x8, 0xff, 0x80, 0x0, 0xaf, 0xf4, 0x1f, 0xff,
    0xff, 0x40, 0x0, 0x3f, 0xff, 0x48, 0x0, 0xef,
    0xf0, 0x1f, 0xff, 0xff, 0xf4, 0x0, 0x1b, 0xf9,
    0xef, 0xc6, 0xff, 0xa0, 0x1f, 0xfb, 0x7f, 0xff,
    0x40, 0x0, 0x51, 0xbf, 0xff, 0xff, 0x50, 0x1f,
    0xfb, 0x9, 0xff, 0xf2, 0x0, 0x0, 0x9, 0xff,
    0xfe, 0x0, 0x1f, 0xfb, 0x0, 0xbf, 0xc1, 0x0,
    0x0, 0x0, 0xdf, 0xf8, 0x0, 0x1f, 0xfb, 0x0,
    0x8, 0x0, 0x0, 0x0, 0x7, 0xff, 0xe1, 0x0,
    0x1f, 0xfb, 0x0, 0x0, 0x0, 0x0, 0x0, 0x5f,
    0xff, 0x60, 0x0, 0x1f, 0xfb, 0x0, 0x0, 0x0,
    0x0, 0x5, 0xff, 0xfb, 0x0, 0x0, 0x1f, 0xfb,
    0x0, 0x0, 0x0, 0x1, 0x9f, 0xff, 0xd1, 0x0,
    0x0, 0x1f, 0xfb, 0x0, 0x0, 0x0, 0x2e, 0xff,
    0xfc, 0x10, 0x0, 0x0, 0x1f, 0xfb, 0x0, 0x0,
    0x0, 0x6, 0xff, 0xa0, 0x0, 0x0, 0x0, 0x1f,
    0xfb, 0x0, 0x0, 0x0, 0x0, 0x64, 0x0, 0x0,
    0x0, 0x0, 0x1f, 0xfb, 0x0, 0x0, 0x0,

    /* U+5931 "失" */
    0x0, 0x0, 0x21, 0x0, 0x4, 0x88, 0x20, 0x0,
    0x0, 0x0, 0x0, 0x0, 0x0, 0xbf, 0xd2, 0x8,
    0xff, 0x40, 0x0, 0x0, 0x0, 0x0, 0x0, 0x1,
    0xff, 0xe0, 0x8, 0xff, 0x40, 0x0, 0x0, 0x0,
    0x0, 0x0, 0x6, 0xff, 0x90, 0x8, 0xff, 0x50,
    0x0, 0x0, 0x0, 0x0, 0x0, 0xd, 0xff, 0xff,
    0xff, 0xff, 0xff, 0xff, 0xff, 0xf0, 0x0, 0x0,
    0x5f, 0xff, 0xff, 0xff, 0xff, 0xff, 0xff, 0xff,
    0xf0, 0x0, 0x0, 0xdf, 0xfb, 0xaa, 0xad, 0xff,
    0xba, 0xaa, 0xaa, 0xa0, 0x0, 0xa, 0xff, 0xb0,
    0x0, 0x8, 0xff, 0x40, 0x0, 0x0, 0x0, 0x0,
    0x5, 0xdf, 0x20, 0x0, 0x8, 0xff, 0x40, 0x0,
    0x0, 0x0, 0x0, 0x0, 0x3, 0x0, 0x0, 0xa,
    0xff, 0x30, 0x0, 0x0, 0x0, 0x0, 0xf, 0xff,
    0xff, 0xff, 0xff, 0xff, 0xff, 0xff, 0xff, 0xff,
    0xf0, 0xf, 0xff, 0xff, 0xff, 0xff, 0xff, 0xff,
    0xff, 0xff, 0xff, 0xf0, 0x9, 0xaa, 0xaa, 0xaa,
    0xdf, 0xff, 0xfc, 0xaa, 0xaa, 0xaa, 0x90, 0x0,
    0x0, 0x0, 0x0, 0xdf, 0xff, 0xfc, 0x0, 0x0,
    0x0, 0x0, 0x0, 0x0, 0x0, 0x8, 0xff, 0xeb,
    0xff, 0x80, 0x0, 0x0, 0x0, 0x0, 0x0, 0x0,
    0x6f, 0xff, 0x51, 0xff, 0xf7, 0x0, 0x0, 0x0,
    0x0, 0x0, 0x1a, 0xff, 0xfa, 0x0, 0x5f, 0xff,
    0xa1, 0x0, 0x0, 0x0, 0x17, 0xef, 0xff, 0xa0,
    0x0, 0x7, 0xff, 0xff, 0x81, 0x0, 0x1a, 0xff,
    0xff, 0xf7, 0x0, 0x0, 0x0, 0x6f, 0xff, 0xff,
    0xc3, 0x9, 0xff, 0xfb, 0x20, 0x0, 0x0, 0x0,
    0x2, 0xbf, 0xff, 0xc0, 0x0, 0xc8, 0x20, 0x0,
    0x0, 0x0, 0x0, 0x0, 0x3, 0x9d, 0x20,

    /* U+5B9A "定" */
    0x0, 0x0, 0x0, 0x0, 0x0, 0x0, 0x0, 0x0,
    0x0, 0x0, 0x0, 0x0, 0x0, 0x0, 0x0, 0x7,
    0xbc, 0x0, 0x0, 0x0, 0x0, 0x0, 0x0, 0x0,
    0x0, 0x0, 0xb, 0xff, 0x40, 0x0, 0x0, 0x0,
    0x0, 0x3, 0x77, 0x77, 0x77, 0x7b, 0xff, 0xc7,
    0x77, 0x77, 0x77, 0x40, 0x8, 0xff, 0xff, 0xff,
    0xff, 0xff, 0xff, 0xff, 0xff, 0xff, 0x90, 0x8,
    0xff, 0xff, 0xff, 0xff, 0xff, 0xff, 0xff, 0xff,
    0xff, 0x90, 0x8, 0xff, 0x10, 0x0, 0x0, 0x0,
    0x0, 0x0, 0x2, 0xff, 0x90, 0x8, 0xff, 0x10,
    0x0, 0x0, 0x0, 0x0, 0x0, 0x1, 0xff, 0x90,
    0x8, 0xff, 0x3b, 0xbb, 0xbb, 0xbb, 0xbb, 0xbb,
    0xb1, 0xff, 0x90, 0x0, 0x11, 0x2f, 0xff, 0xff,
    0xff, 0xff, 0xff, 0xf0, 0x11, 0x0, 0x0, 0x0,
    0x2c, 0xcc, 0xce, 0xff, 0xdc, 0xcc, 0xc0, 0x0,
    0x0, 0x0, 0x0, 0x33, 0x20, 0x7, 0xff, 0x40,
    0x0, 0x0, 0x0, 0x0, 0x0, 0x0, 0xcf, 0xf0,
    0x7, 0xff, 0x40, 0x0, 0x0, 0x0, 0x0, 0x0,
    0x0, 0xef, 0xc0, 0x7, 0xff, 0xff, 0xff, 0xff,
    0x50, 0x0, 0x0, 0x1, 0xff, 0xb0, 0x7, 0xff,
    0xff, 0xff, 0xff, 0x50, 0x0, 0x0, 0x5, 0xff,
    0xf1, 0x7, 0xff, 0xa8, 0x88, 0x88, 0x20, 0x0,
    0x0, 0xa, 0xff, 0xfa, 0x7, 0xff, 0x40, 0x0,
    0x0, 0x0, 0x0, 0x0, 0x1f, 0xff, 0xff, 0x87,
    0xff, 0x40, 0x0, 0x0, 0x0, 0x0, 0x0, 0xaf,
    0xf6, 0xdf, 0xff, 0xff, 0x40, 0x0, 0x0, 0x0,
    0x0, 0x6, 0xff, 0xd0, 0x2e, 0xff, 0xff, 0xdb,
    0xaa, 0xaa, 0xaa, 0xa2, 0x3f, 0xff, 0x30, 0x2,
    0xbf, 0xff, 0xff, 0xff, 0xff, 0xff, 0xe0, 0x5,
    0xf7, 0x0, 0x0, 0x3, 0x8b, 0xdf, 0xff, 0xff,
    0xff, 0x90, 0x0, 0x10, 0x0, 0x0, 0x0, 0x0,
    0x0, 0x0, 0x0, 0x0, 0x0,

    /* U+5C0F "小" */
    0x0, 0x0, 0x0, 0x0, 0x0, 0x55, 0x40, 0x0,
    0x0, 0x0, 0x0, 0x0, 0x0, 0x0, 0x0, 0x2,
    0xff, 0xb0, 0x0, 0x0, 0x0, 0x0, 0x0, 0x0,
    0x0, 0x0, 0x2, 0xff, 0xb0, 0x0, 0x0, 0x0,
    0x0, 0x0, 0x0, 0x0, 0x0, 0x2, 0xff, 0xb0,
    0x0, 0x0, 0x0, 0x0, 0x0, 0x0, 0x0, 0x0,
    0x2, 0xff, 0xb0, 0x0, 0x0, 0x0, 0x0, 0x0,
    0x0, 0x30, 0x0, 0x2, 0xff, 0xb0, 0x0, 0x15,
    0x0, 0x0, 0x0, 0x0, 0xff, 0xd0, 0x2, 0xff,
    0xb0, 0x8, 0xff, 0x40, 0x0, 0x0, 0x4, 0xff,
    0xc0, 0x2, 0xff, 0xb0, 0x5, 0xff, 0xd0, 0x0,
    0x0, 0x8, 0xff, 0x80, 0x2, 0xff, 0xb0, 0x0,
    0xdf, 0xf5, 0x0, 0x0, 0xc, 0xff, 0x30, 0x2,
    0xff, 0xb0, 0x0, 0x5f, 0xfc, 0x0, 0x0, 0x2f,
    0xfe, 0x0, 0x2, 0xff, 0xb0, 0x0, 0xe, 0xff,
    0x30, 0x0, 0x8f, 0xf9, 0x0, 0x2, 0xff, 0xb0,
    0x0, 0x8, 0xff, 0xa0, 0x0, 0xef, 0xf3, 0x0,
    0x2, 0xff, 0xb0, 0x0, 0x2, 0xff, 0xf1, 0x7,
    0xff, 0xc0, 0x0, 0x2, 0xff, 0xb0, 0x0, 0x0,
    0xcf, 0xf6, 0x1e, 0xff, 0x40, 0x0, 0x2, 0xff,
    0xb0, 0x0, 0x0, 0x7f, 0xfb, 0x1, 0x9a, 0x0,
    0x0, 0x2, 0xff, 0xb0, 0x0, 0x0, 0x3f, 0xe7,
    0x0, 0x0, 0x0, 0x0, 0x2, 0xff, 0xb0, 0x0,
    0x0, 0x5, 0x0, 0x0, 0x0, 0x0, 0x0, 0x2,
    0xff, 0xb0, 0x0, 0x0, 0x0, 0x0, 0x0, 0x0,
    0x2, 0xbb, 0xbc, 0xff, 0xa0, 0x0, 0x0, 0x0,
    0x0, 0x0, 0x0, 0x0, 0xcf, 0xff, 0xff, 0x60,
    0x0, 0x0, 0x0, 0x0, 0x0, 0x0, 0x0, 0x6f,
    0xfe, 0xc6, 0x0, 0x0, 0x0, 0x0, 0x0,

    /* U+5C71 "山" */
    0x0, 0x0, 0x0, 0x4, 0x77, 0x10, 0x0, 0x0,
    0x0, 0x0, 0x0, 0x0, 0xa, 0xff, 0x20, 0x0,
    0x0, 0x0, 0x0, 0x0, 0x0, 0xa, 0xff, 0x20,
    0x0, 0x0, 0x0, 0x0, 0x0, 0x0, 0xa, 0xff,
    0x20, 0x0, 0x0, 0x0, 0x0, 0x0, 0x0, 0xa,
    0xff, 0x20, 0x0, 0x0, 0x0, 0xcd, 0xa0, 0x0,
    0xa, 0xff, 0x20, 0x0, 0xd, 0xec, 0xff, 0xc0,
    0x0, 0xa, 0xff, 0x20, 0x0, 0xe, 0xfd, 0xff,
    0xc0, 0x0, 0xa, 0xff, 0x20, 0x0, 0xe, 0xfd,
    0xff, 0xc0, 0x0, 0xa, 0xff, 0x20, 0x0, 0xe,
    0xfd, 0xff, 0xc0, 0x0, 0xa, 0xff, 0x20, 0x0,
    0xe, 0xfd, 0xff, 0xc0, 0x0, 0xa, 0xff, 0x20,
    0x0, 0xe, 0xfd, 0xff, 0xc0, 0x0, 0xa, 0xff,
    0x20, 0x0, 0xe, 0xfd, 0xff, 0xc0, 0x0, 0xa,
    0xff, 0x20, 0x0, 0xe, 0xfd, 0xff, 0xc0, 0x0,
    0xa, 0xff, 0x20, 0x0, 0xe, 0xfd, 0xff, 0xc0,
    0x0, 0xa, 0xff, 0x20, 0x0, 0xe, 0xfd, 0xff,
    0xc0, 0x0, 0xa, 0xff, 0x20, 0x0, 0xe, 0xfd,
    0xff, 0xd4, 0x44, 0x4b, 0xff, 0x54, 0x44, 0x4f,
    0xfd, 0xff, 0xff, 0xff, 0xff, 0xff, 0xff, 0xff,
    0xff, 0xfd, 0xff, 0xff, 0xff, 0xff, 0xff, 0xff,
    0xff, 0xff, 0xfd, 0x77, 0x77, 0x77, 0x77, 0x77,
    0x77, 0x77, 0x7f, 0xfd, 0x0, 0x0, 0x0, 0x0,
    0x0, 0x0, 0x0, 0xe, 0xfd,

    /* U+5DE5 "工" */
    0x0, 0x77, 0x77, 0x77, 0x77, 0x77, 0x77, 0x77,
    0x77, 0x74, 0x0, 0xf, 0xff, 0xff, 0xff, 0xff,
    0xff, 0xff, 0xff, 0xff, 0xa0, 0x0, 0xff, 0xff,
    0xff, 0xff, 0xff, 0xff, 0xff, 0xff, 0xfa, 0x0,
    0x4, 0x44, 0x44, 0x44, 0xdf, 0xf7, 0x44, 0x44,
    0x44, 0x30, 0x0, 0x0, 0x0, 0x0, 0xc, 0xff,
    0x30, 0x0, 0x0, 0x0, 0x0, 0x0, 0x0, 0x0,
    0x0, 0xcf, 0xf3, 0x0, 0x0, 0x0, 0x0, 0x0,
    0x0, 0x0, 0x0, 0xc, 0xff, 0x30, 0x0, 0x0,
    0x0, 0x0, 0x0, 0x0, 0x0, 0x0, 0xcf, 0xf3,
    0x0, 0x0, 0x0, 0x0, 0x0, 0x0, 0x0, 0x0,
    0xc, 0xff, 0x30, 0x0, 0x0, 0x0, 0x0, 0x0,
    0x0, 0x0, 0x0, 0xcf, 0xf3, 0x0, 0x0, 0x0,
    0x0, 0x0, 0x0, 0x0, 0x0, 0xc, 0xff, 0x30,
    0x0, 0x0, 0x0, 0x0, 0x0, 0x0, 0x0, 0x0,
    0xcf, 0xf3, 0x0, 0x0, 0x0, 0x0, 0x0, 0x0,
    0x0, 0x0, 0xc, 0xff, 0x30, 0x0, 0x0, 0x0,
    0x0, 0x0, 0x0, 0x0, 0x0, 0xcf, 0xf3, 0x0,
    0x0, 0x0, 0x0, 0x2, 0x22, 0x22, 0x22, 0x2d,
    0xff, 0x52, 0x22, 0x22, 0x22, 0x13, 0xff, 0xff,
    0xff, 0xff, 0xff, 0xff, 0xff, 0xff, 0xff, 0xfe,
    0x3f, 0xff, 0xff, 0xff, 0xff, 0xff, 0xff, 0xff,
    0xff, 0xff, 0xe2, 0x88, 0x88, 0x88, 0x88, 0x88,
    0x88, 0x88, 0x88, 0x88, 0x87,

    /* U+5DF2 "已" */
    0x79, 0x99, 0x99, 0x99, 0x99, 0x99, 0x99, 0x99,
    0x60, 0x0, 0xcf, 0xff, 0xff, 0xff, 0xff, 0xff,
    0xff, 0xff, 0xa0, 0x0, 0xcf, 0xff, 0xff, 0xff,
    0xff, 0xff, 0xff, 0xff, 0xa0, 0x0, 0x0, 0x0,
    0x0, 0x0, 0x0, 0x0, 0x1, 0xff, 0xa0, 0x0,
    0x0, 0x0, 0x0, 0x0, 0x0, 0x0, 0x1, 0xff,
    0xa0, 0x0, 0xe, 0xfd, 0x0, 0x0, 0x0, 0x0,
    0x1, 0xff, 0xa0, 0x0, 0xe, 0xfd, 0x0, 0x0,
    0x0, 0x0, 0x1, 0xff, 0xa0, 0x0, 0xe, 0xfd,
    0x0, 0x0, 0x0, 0x0, 0x2, 0xff, 0xa0, 0x0,
    0xe, 0xff, 0xff, 0xff, 0xff, 0xff, 0xff, 0xff,
    0xa0, 0x0, 0xe, 0xff, 0xff, 0xff, 0xff, 0xff,
    0xff, 0xff, 0xa0, 0x0, 0xe, 0xfe, 0x88, 0x88,
    0x88, 0x88, 0x89, 0xff, 0xa0, 0x0, 0xe, 0xfd,
    0x0, 0x0, 0x0, 0x0, 0x0, 0x99, 0x60, 0x0,
    0xe, 0xfd, 0x0, 0x0, 0x0, 0x0, 0x0, 0x0,
    0x0, 0x0, 0xe, 0xfd, 0x0, 0x0, 0x0, 0x0,
    0x0, 0x0, 0x29, 0x30, 0xe, 0xfd, 0x0, 0x0,
    0x0, 0x0, 0x0, 0x0, 0x4f, 0xf7, 0xe, 0xfd,
    0x0, 0x0, 0x0, 0x0, 0x0, 0x0, 0x8f, 0xf5,
    0xd, 0xff, 0x51, 0x11, 0x11, 0x11, 0x11, 0x14,
    0xef, 0xf1, 0x9, 0xff, 0xff, 0xff, 0xff, 0xff,
    0xff, 0xff, 0xff, 0xb0, 0x1, 0xdf, 0xff, 0xff,
    0xff, 0xff, 0xff, 0xff, 0xfd, 0x20, 0x0, 0x3,
    0x68, 0x89, 0x99, 0x99, 0x99, 0x87, 0x40, 0x0,

    /* U+606F "息" */
    0x0, 0x0, 0x0, 0x0, 0x0, 0x0, 0x0, 0x0,
    0x0, 0x0, 0x0, 0x0, 0x0, 0x0, 0x0, 0x7,
    0xec, 0x70, 0x0, 0x0, 0x0, 0x0, 0x0, 0x0,
    0x0, 0x0, 0xb, 0xff, 0x40, 0x0, 0x0, 0x0,
    0x0, 0x0, 0x0, 0xdd, 0xdd, 0xdf, 0xff, 0xdd,
    0xdd, 0xdc, 0x0, 0x0, 0x0, 0x0, 0xff, 0xff,
    0xff, 0xff, 0xff, 0xff, 0xff, 0x0, 0x0, 0x0,
    0x0, 0xff, 0x92, 0x22, 0x22, 0x22, 0x2c, 0xff,
    0x0, 0x0, 0x0, 0x0, 0xff, 0xed, 0xdd, 0xdd,
    0xdd, 0xdf, 0xff, 0x0, 0x0, 0x0, 0x0, 0xff,
    0xff, 0xff, 0xff, 0xff, 0xff, 0xff, 0x0, 0x0,
    0x0, 0x0, 0xff, 0x80, 0x0, 0x0, 0x0, 0xb,
    0xff, 0x0, 0x0, 0x0, 0x0, 0xff, 0xfe, 0xee,
    0xee, 0xee, 0xef, 0xff, 0x0, 0x0, 0x0, 0x0,
    0xff, 0xff, 0xff, 0xff, 0xff, 0xff, 0xff, 0x0,
    0x0, 0x0, 0x0, 0xff, 0x80, 0x0, 0x0, 0x0,
    0xb, 0xff, 0x0, 0x0, 0x0, 0x0, 0xff, 0xff,
    0xff, 0xff, 0xff, 0xff, 0xff, 0x0, 0x0, 0x0,
    0x0, 0xff, 0xff, 0xff, 0xff, 0xff, 0xff, 0xff,
    0x0, 0x0, 0x0, 0x0, 0x11, 0x11, 0x16, 0xfe,
    0x21, 0x11, 0x11, 0x0, 0x0, 0x0, 0x22, 0x0,
    0x22, 0x5, 0xff, 0xb0, 0x0, 0x3a, 0xf2, 0x0,
    0x0, 0x9f, 0xc7, 0xff, 0x30, 0x9f, 0xf5, 0x0,
    0x4f, 0xfa, 0x0, 0x0, 0xff, 0xb7, 0xff, 0x30,
    0xe, 0xf8, 0x26, 0xc, 0xff, 0x30, 0x7, 0xff,
    0x57, 0xff, 0x30, 0x4, 0x30, 0x5f, 0xf7, 0xff,
    0xa0, 0xe, 0xfe, 0x6, 0xff, 0x96, 0x66, 0x66,
    0xcf, 0xf0, 0xdf, 0xf0, 0x18, 0xf8, 0x3, 0xff,
    0xff, 0xff, 0xff, 0xff, 0xb0, 0x78, 0x10, 0x0,
    0x10, 0x0, 0x6d, 0xff, 0xff, 0xff, 0xfb, 0x20,
    0x0, 0x0,

    /* U+60C5 "情" */
    0x0, 0x8, 0xa4, 0x0, 0x0, 0x0, 0x5a, 0xa0,
    0x0, 0x0, 0x0, 0x0, 0xd, 0xf7, 0x0, 0x0,
    0x0, 0x8f, 0xf2, 0x0, 0x0, 0x0, 0x0, 0xd,
    0xf7, 0xb, 0xff, 0xff, 0xff, 0xff, 0xff, 0xff,
    0x60, 0x0, 0xd, 0xf8, 0x59, 0xdd, 0xdd, 0xef,
    0xfd, 0xdd, 0xdd, 0x50, 0x2, 0x1d, 0xff, 0xf3,
    0x44, 0x44, 0xaf, 0xf5, 0x44, 0x44, 0x0, 0xc,
    0xff, 0xfd, 0xfb, 0xff, 0xff, 0xff, 0xff, 0xff,
    0xff, 0x0, 0xe, 0xfe, 0xf7, 0xfc, 0x66, 0x66,
    0xbf, 0xf7, 0x66, 0x66, 0x0, 0xf, 0xed, 0xf7,
    0x6b, 0xbb, 0xbb, 0xef, 0xfb, 0xbb, 0xbb, 0xb1,
    0x2f, 0xcd, 0xf7, 0x6f, 0xff, 0xff, 0xff, 0xff,
    0xff, 0xff, 0xf1, 0x6f, 0xad, 0xf7, 0x12, 0x22,
    0x22, 0x22, 0x22, 0x22, 0x22, 0x20, 0x5d, 0x7d,
    0xf7, 0x0, 0xbf, 0xff, 0xff, 0xff, 0xff, 0xfc,
    0x0, 0x0, 0xd, 0xf7, 0x0, 0xcf, 0xff, 0xff,
    0xff, 0xff, 0xfc, 0x0, 0x0, 0xd, 0xf7, 0x0,
    0xcf, 0xb0, 0x0, 0x0, 0xb, 0xfc, 0x0, 0x0,
    0xd, 0xf7, 0x0, 0xcf, 0xff, 0xff, 0xff, 0xff,
    0xfc, 0x0, 0x0, 0xd, 0xf7, 0x0, 0xcf, 0xfd,
    0xdd, 0xdd, 0xdf, 0xfc, 0x0, 0x0, 0xd, 0xf7,
    0x0, 0xcf, 0xb0, 0x0, 0x0, 0xb, 0xfc, 0x0,
    0x0, 0xd, 0xf7, 0x0, 0xcf, 0xff, 0xff, 0xff,
    0xff, 0xfc, 0x0, 0x0, 0xd, 0xf7, 0x0, 0xcf,
    0xfd, 0xdd, 0xdd, 0xdf, 0xfc, 0x0, 0x0, 0xd,
    0xf7, 0x0, 0xcf, 0xb0, 0x0, 0x13, 0x3c, 0xfc,
    0x0, 0x0, 0xd, 0xf7, 0x0, 0xcf, 0xb0, 0x0,
    0x3f, 0xff, 0xfa, 0x0, 0x0, 0xd, 0xf7, 0x0,
    0xcf, 0xb0, 0x0, 0xe, 0xfe, 0xa2, 0x0,

    /* U+62A4 "护" */
    0x0, 0x5, 0xaa, 0x0, 0x0, 0x0, 0x0, 0x63,
    0x0, 0x0, 0x0, 0x0, 0x7f, 0xf1, 0x0, 0x0,
    0x1, 0xef, 0xe0, 0x0, 0x0, 0x0, 0x7, 0xff,
    0x10, 0x0, 0x0, 0x8, 0xff, 0x80, 0x0, 0x0,
    0x0, 0x7f, 0xf1, 0x0, 0x0, 0x0, 0xe, 0xf9,
    0x0, 0x0, 0x18, 0x8c, 0xff, 0x88, 0x29, 0xff,
    0xff, 0xff, 0xff, 0xff, 0x63, 0xff, 0xff, 0xff,
    0xf4, 0xaf, 0xff, 0xff, 0xff, 0xff, 0xf7, 0x3f,
    0xff, 0xff, 0xff, 0x4a, 0xff, 0x77, 0x77, 0x78,
    0xff, 0x70, 0x0, 0x7f, 0xf1, 0x0, 0xaf, 0xf0,
    0x0, 0x0, 0x2f, 0xf7, 0x0, 0x7, 0xff, 0x10,
    0xa, 0xff, 0x0, 0x0, 0x2, 0xff, 0x70, 0x0,
    0x7f, 0xf4, 0x71, 0xaf, 0xf7, 0x77, 0x77, 0x8f,
    0xf7, 0x0, 0x2a, 0xff, 0xff, 0x5a, 0xff, 0xff,
    0xff, 0xff, 0xff, 0x76, 0xef, 0xff, 0xff, 0xf6,
    0xbf, 0xff, 0xff, 0xff, 0xff, 0xf7, 0x5f, 0xff,
    0xff, 0x61, 0xc, 0xfe, 0x0, 0x0, 0x3, 0xff,
    0x71, 0xc8, 0xaf, 0xf1, 0x0, 0xef, 0xc0, 0x0,
    0x0, 0x3, 0x31, 0x0, 0x7, 0xff, 0x10, 0xf,
    0xfa, 0x0, 0x0, 0x0, 0x0, 0x0, 0x0, 0x7f,
    0xf1, 0x4, 0xff, 0x70, 0x0, 0x0, 0x0, 0x0,
    0x0, 0x7, 0xff, 0x10, 0x9f, 0xf3, 0x0, 0x0,
    0x0, 0x0, 0x0, 0x0, 0x7f, 0xf1, 0x1f, 0xfe,
    0x0, 0x0, 0x0, 0x0, 0x0, 0x5, 0x9d, 0xff,
    0xa, 0xff, 0x80, 0x0, 0x0, 0x0, 0x0, 0x0,
    0x5f, 0xff, 0xe1, 0xdf, 0xf1, 0x0, 0x0, 0x0,
    0x0, 0x0, 0x1, 0xff, 0xb3, 0x0, 0xc6, 0x0,
    0x0, 0x0, 0x0, 0x0, 0x0, 0x0, 0x0, 0x0,
    0x0, 0x0, 0x0, 0x0, 0x0, 0x0, 0x0,

    /* U+63A7 "控" */
    0x0, 0xd, 0xe7, 0x0, 0x0, 0x0, 0x3a, 0xd2,
    0x0, 0x0, 0x0, 0x0, 0xe, 0xf8, 0x0, 0x0,
    0x0, 0x3f, 0xf9, 0x0, 0x0, 0x0, 0x0, 0xe,
    0xf8, 0x0, 0x55, 0x55, 0x5f, 0xff, 0x55, 0x55,
    0x50, 0x0, 0xe, 0xf8, 0x1, 0xff, 0xff, 0xff,
    0xff, 0xff, 0xff, 0xf0, 0x2f, 0xff, 0xff, 0xf7,
    0xff, 0xee, 0xee, 0xee, 0xee, 0xff, 0xf0, 0x2f,
    0xff, 0xff, 0xf7, 0xff, 0x40, 0x0, 0x0, 0x10,
    0x7f, 0xf0, 0x17, 0x7f, 0xfb, 0x74, 0xbb, 0x3b,
    0xe8, 0x5, 0xf4, 0x4a, 0xa0, 0x0, 0xe, 0xf8,
    0x0, 0x0, 0xaf, 0xf8, 0xd, 0xff, 0x70, 0x0,
    0x0, 0xe, 0xf8, 0x0, 0x1c, 0xff, 0xa0, 0x1,
    0xdf, 0xf9, 0x0, 0x0, 0xe, 0xf8, 0x0, 0xdf,
    0xfb, 0x0, 0x0, 0x1c, 0xff, 0x70, 0x0, 0xe,
    0xfc, 0xc6, 0x4f, 0xb0, 0x0, 0x0, 0x0, 0xbc,
    0x0, 0x2, 0x7f, 0xff, 0xf8, 0x1d, 0x88, 0x88,
    0x88, 0x88, 0x97, 0x0, 0x5f, 0xff, 0xff, 0xd5,
    0x2f, 0xff, 0xff, 0xff, 0xff, 0xfc, 0x0, 0x2f,
    0xff, 0xf8, 0x0, 0x1c, 0xcc, 0xcf, 0xfe, 0xcc,
    0xc9, 0x0, 0x9, 0x3e, 0xf8, 0x0, 0x0, 0x0,
    0xf, 0xfa, 0x0, 0x0, 0x0, 0x0, 0xe, 0xf8,
    0x0, 0x0, 0x0, 0xf, 0xfa, 0x0, 0x0, 0x0,
    0x0, 0xe, 0xf8, 0x0, 0x0, 0x0, 0xf, 0xfa,
    0x0, 0x0, 0x0, 0x0, 0xe, 0xf8, 0x0, 0x11,
    0x11, 0x1f, 0xfa, 0x11, 0x11, 0x10, 0x6, 0x6f,
    0xf7, 0xd, 0xff, 0xff, 0xff, 0xff, 0xff, 0xff,
    0xf6, 0xc, 0xff, 0xf5, 0xd, 0xff, 0xff, 0xff,
    0xff, 0xff, 0xff, 0xf6, 0x8, 0xfe, 0x80, 0x3,
    0x44, 0x44, 0x44, 0x44, 0x44, 0x44, 0x41,

    /* U+6574 "整" */
    0x0, 0x0, 0x4, 0xba, 0x0, 0x0, 0x4, 0x74,
    0x0, 0x0, 0x0, 0x9, 0xaa, 0xad, 0xff, 0xaa,
    0xa7, 0xa, 0xfd, 0x0, 0x0, 0x0, 0xd, 0xff,
    0xff, 0xff, 0xff, 0xfb, 0x2f, 0xfc, 0x77, 0x77,
    0x70, 0x2, 0x44, 0x49, 0xfe, 0x44, 0x42, 0xaf,
    0xff, 0xff, 0xff, 0xf0, 0x2, 0xff, 0xff, 0xff,
    0xff, 0xf6, 0xff, 0xea, 0xaf, 0xfd, 0xa0, 0x2,
    0xff, 0x7b, 0xff, 0x7f, 0xff, 0xff, 0xf2, 0x4f,
    0xf4, 0x0, 0x2, 0xff, 0x8b, 0xff, 0x8f, 0xf6,
    0xeb, 0xfd, 0xcf, 0xd0, 0x0, 0x2, 0xff, 0xff,
    0xff, 0xff, 0xf0, 0x11, 0xef, 0xff, 0x40, 0x0,
    0x0, 0x4, 0xef, 0xff, 0xfc, 0x20, 0x2, 0xcf,
    0xff, 0x50, 0x0, 0x2, 0xaf, 0xfe, 0xfe, 0xaf,
    0xb3, 0xaf, 0xff, 0xff, 0xfc, 0x61, 0x1d, 0xff,
    0x76, 0xfe, 0x7, 0x3b, 0xff, 0xe5, 0x3d, 0xff,
    0xd0, 0x2, 0xb3, 0x3, 0x66, 0x0, 0x1, 0xc7,
    0x10, 0x0, 0x6d, 0x40, 0x0, 0xbf, 0xff, 0xff,
    0xff, 0xff, 0xff, 0xff, 0xff, 0xfb, 0x0, 0x0,
    0xbf, 0xff, 0xff, 0xff, 0xff, 0xff, 0xff, 0xff,
    0xfb, 0x0, 0x0, 0x11, 0x35, 0x52, 0x16, 0xff,
    0x51, 0x11, 0x11, 0x11, 0x0, 0x0, 0x0, 0x8f,
    0xf2, 0x5, 0xff, 0xff, 0xff, 0xfe, 0x0, 0x0,
    0x0, 0x0, 0x8f, 0xf2, 0x5, 0xff, 0xff, 0xff,
    0xff, 0x0, 0x0, 0x0, 0x0, 0x8f, 0xf2, 0x5,
    0xff, 0x40, 0x0, 0x0, 0x0, 0x0, 0xe, 0xee,
    0xff, 0xfe, 0xef, 0xff, 0xee, 0xee, 0xee, 0xee,
    0xe1, 0xf, 0xff, 0xff, 0xff, 0xff, 0xff, 0xff,
    0xff, 0xff, 0xff, 0xf1, 0x4, 0x44, 0x44, 0x44,
    0x44, 0x44, 0x44, 0x44, 0x44, 0x44, 0x40,

    /* U+6682 "暂" */
    0x0, 0x2, 0x40, 0x0, 0x0, 0x0, 0x0, 0x0,
    0x0, 0x20, 0x2, 0x22, 0xcf, 0xf4, 0x22, 0x21,
    0x13, 0x46, 0x9c, 0xff, 0x10, 0xef, 0xff, 0xff,
    0xff, 0xff, 0x7a, 0xff, 0xff, 0xff, 0xf7, 0xb,
    0xdf, 0xfe, 0xdd, 0xcc, 0xc6, 0xaf, 0xea, 0x86,
    0x30, 0x0, 0x1d, 0xfc, 0xe, 0xf7, 0x0, 0xa,
    0xfa, 0x0, 0x0, 0x0, 0xc, 0xff, 0xdc, 0xff,
    0xec, 0xc6, 0xaf, 0xff, 0xff, 0xff, 0xf0, 0x8f,
    0xff, 0xff, 0xff, 0xff, 0x8b, 0xff, 0xff, 0xff,
    0xff, 0x2, 0x54, 0x44, 0xef, 0xa4, 0x42, 0xdf,
    0x91, 0x8f, 0xf1, 0x10, 0x35, 0x67, 0x9f, 0xfe,
    0xde, 0x5f, 0xf5, 0x7, 0xfe, 0x0, 0xd, 0xff,
    0xff, 0xff, 0xff, 0xea, 0xff, 0x10, 0x7f, 0xe0,
    0x0, 0x9b, 0x97, 0x6f, 0xf8, 0x1, 0xef, 0xa0,
    0x7, 0xfe, 0x0, 0x0, 0x0, 0x0, 0xac, 0x50,
    0x2, 0xb2, 0x0, 0x6c, 0xb0, 0x0, 0x0, 0x5c,
    0xcc, 0xcc, 0xcc, 0xcc, 0xcc, 0xcc, 0xc8, 0x0,
    0x0, 0x7, 0xff, 0xff, 0xff, 0xff, 0xff, 0xff,
    0xff, 0xa0, 0x0, 0x0, 0x7f, 0xf3, 0x33, 0x33,
    0x33, 0x33, 0x3f, 0xfa, 0x0, 0x0, 0x7, 0xff,
    0xcc, 0xcc, 0xcc, 0xcc, 0xcc, 0xff, 0xa0, 0x0,
    0x0, 0x7f, 0xff, 0xff, 0xff, 0xff, 0xff, 0xff,
    0xfa, 0x0, 0x0, 0x7, 0xff, 0x0, 0x0, 0x0,
    0x0, 0x0, 0xff, 0xa0, 0x0, 0x0, 0x7f, 0xff,
    0xff, 0xff, 0xff, 0xff, 0xff, 0xfa, 0x0, 0x0,
    0x7, 0xff, 0xff, 0xff, 0xff, 0xff, 0xff, 0xff,
    0xa0, 0x0, 0x0, 0x7f, 0xf1, 0x0, 0x0, 0x0,
    0x0, 0xf, 0xfa, 0x0, 0x0, 0x0, 0x0, 0x0,
    0x0, 0x0, 0x0, 0x0, 0x0, 0x0, 0x0,

    /* U+673A "机" */
    0x0, 0x0, 0x6b, 0xa0, 0x0, 0x0, 0x0, 0x0,
    0x0, 0x0, 0x0, 0x0, 0x0, 0x9f, 0xe0, 0x0,
    0x26, 0x77, 0x66, 0x87, 0x40, 0x0, 0x0, 0x0,
    0x9f, 0xe0, 0x0, 0x5f, 0xff, 0xff, 0xff, 0xb0,
    0x0, 0x0, 0x0, 0x9f, 0xe0, 0x0, 0x5f, 0xff,
    0xff, 0xff, 0xb0, 0x0, 0x2, 0x22, 0xaf, 0xf2,
    0x21, 0x5f, 0xf4, 0x11, 0xff, 0xb0, 0x0, 0xe,
    0xff, 0xff, 0xff, 0xfc, 0x5f, 0xf3, 0x0, 0xef,
    0xb0, 0x0, 0xe, 0xff, 0xff, 0xff, 0xfc, 0x5f,
    0xf3, 0x0, 0xef, 0xb0, 0x0, 0x4, 0x55, 0xff,
    0xf5, 0x54, 0x5f, 0xf3, 0x0, 0xef, 0xb0, 0x0,
    0x0, 0x4, 0xff, 0xf0, 0x0, 0x5f, 0xf3, 0x0,
    0xef, 0xb0, 0x0, 0x0, 0x9, 0xff, 0xf9, 0x0,
    0x5f, 0xf3, 0x0, 0xef, 0xb0, 0x0, 0x0, 0xf,
    0xff, 0xff, 0x60, 0x6f, 0xf2, 0x0, 0xef, 0xb0,
    0x0, 0x0, 0x6f, 0xff, 0xff, 0xf3, 0x7f, 0xf1,
    0x0, 0xef, 0xb0, 0x0, 0x0, 0xef, 0xef, 0xea,
    0xfc, 0x8f, 0xf0, 0x0, 0xef, 0xb0, 0x0, 0x7,
    0xfe, 0xaf, 0xe1, 0xf5, 0xaf, 0xe0, 0x0, 0xef,
    0xb0, 0x0, 0x2f, 0xf8, 0x9f, 0xe0, 0x40, 0xdf,
    0xb0, 0x0, 0xef, 0xb0, 0x0, 0x1f, 0xf1, 0x9f,
    0xe0, 0x1, 0xff, 0x80, 0x0, 0xef, 0xb0, 0xe5,
    0x8, 0x70, 0x9f, 0xe0, 0x7, 0xff, 0x40, 0x0,
    0xef, 0xb0, 0xfd, 0x1, 0x0, 0x9f, 0xe0, 0xe,
    0xfe, 0x0, 0x0, 0xef, 0xb1, 0xfc, 0x0, 0x0,
    0x9f, 0xe0, 0x8f, 0xf7, 0x0, 0x0, 0xef, 0xd8,
    0xfb, 0x0, 0x0, 0x9f, 0xe1, 0xef, 0xe0, 0x0,
    0x0, 0xcf, 0xff, 0xf8, 0x0, 0x0, 0x9f, 0xe0,
    0x2d, 0x40, 0x0, 0x0, 0x3d, 0xff, 0xc1, 0x0,
    0x0, 0x23, 0x30, 0x0, 0x0, 0x0, 0x0, 0x0,
    0x0, 0x0,

    /* U+6781 "极" */
    0x0, 0x4, 0xbb, 0x0, 0x0, 0x0, 0x0, 0x0,
    0x0, 0x0, 0x0, 0x0, 0x6, 0xff, 0x0, 0x35,
    0x55, 0x55, 0x55, 0x65, 0x30, 0x0, 0x0, 0x6,
    0xff, 0x0, 0xaf, 0xff, 0xff, 0xff, 0xff, 0x60,
    0x0, 0x0, 0x6, 0xff, 0x0, 0xaf, 0xff, 0xff,
    0xff, 0xff, 0x20, 0x0, 0x9, 0x9c, 0xff, 0xa9,
    0x11, 0x9f, 0xe1, 0x19, 0xfe, 0x0, 0x0, 0xf,
    0xff, 0xff, 0xff, 0x0, 0x9f, 0xd0, 0xc, 0xfa,
    0x0, 0x0, 0x9, 0xad, 0xff, 0xaa, 0x0, 0xbf,
    0xc0, 0x1f, 0xf6, 0x0, 0x0, 0x0, 0xb, 0xff,
    0x60, 0x0, 0xcf, 0xa0, 0x5f, 0xfe, 0xfd, 0x50,
    0x0, 0xf, 0xff, 0xf1, 0x0, 0xef, 0x90, 0x9f,
    0xff, 0xff, 0x80, 0x0, 0x4f, 0xff, 0xfb, 0x0,
    0xff, 0xd0, 0x47, 0x68, 0xff, 0x40, 0x0, 0xaf,
    0xff, 0xef, 0x52, 0xff, 0xf4, 0x0, 0x8, 0xff,
    0x0, 0x1, 0xff, 0xff, 0x7f, 0x34, 0xff, 0xfc,
    0x0, 0xe, 0xfb, 0x0, 0x8, 0xff, 0xff, 0x15,
    0x8, 0xff, 0xff, 0x50, 0x5f, 0xf5, 0x0, 0x2f,
    0xfa, 0xff, 0x0, 0xc, 0xfc, 0xdf, 0xe1, 0xdf,
    0xe0, 0x0, 0x6f, 0xe6, 0xff, 0x0, 0x1f, 0xf7,
    0x4f, 0xfe, 0xff, 0x70, 0x0, 0xe, 0x76, 0xff,
    0x0, 0x6f, 0xf3, 0x9, 0xff, 0xfd, 0x0, 0x0,
    0x6, 0x6, 0xff, 0x0, 0xdf, 0xd0, 0x3, 0xff,
    0xfc, 0x10, 0x0, 0x0, 0x6, 0xff, 0x6, 0xff,
    0x70, 0x3e, 0xff, 0xff, 0xe4, 0x0, 0x0, 0x6,
    0xff, 0x2e, 0xfe, 0x18, 0xff, 0xfa, 0xdf, 0xff,
    0xb2, 0x0, 0x6, 0xff, 0x9f, 0xf6, 0xc, 0xff,
    0x90, 0xa, 0xff, 0xc0, 0x0, 0x6, 0xff, 0x6,
    0xa0, 0x1, 0xc5, 0x0, 0x0, 0x4c, 0x10, 0x0,
    0x0, 0x0, 0x0, 0x0, 0x0, 0x0, 0x0, 0x0,
    0x0, 0x0,

    /* U+679C "果" */
    0x0, 0x9, 0xdd, 0xdd, 0xdd, 0xdd, 0xdd, 0xdd,
    0xdd, 0xb0, 0x0, 0x0, 0xa, 0xff, 0xff, 0xff,
    0xff, 0xff, 0xff, 0xff, 0xd0, 0x0, 0x0, 0xa,
    0xff, 0x65, 0x57, 0xff, 0xc5, 0x56, 0xff, 0xd0,
    0x0, 0x0, 0xa, 0xff, 0x21, 0x13, 0xff, 0xb1,
    0x12, 0xff, 0xd0, 0x0, 0x0, 0xa, 0xff, 0xff,
    0xff, 0xff, 0xff, 0xff, 0xff, 0xd0, 0x0, 0x0,
    0xa, 0xff, 0xff, 0xff, 0xff, 0xff, 0xff, 0xff,
    0xd0, 0x0, 0x0, 0xa, 0xff, 0x10, 0x2, 0xff,
    0xa0, 0x1, 0xff, 0xd0, 0x0, 0x0, 0xa, 0xff,
    0xdd, 0xde, 0xff, 0xfd, 0xdd, 0xff, 0xd0, 0x0,
    0x0, 0xa, 0xff, 0xff, 0xff, 0xff, 0xff, 0xff,
    0xff, 0xd0, 0x0, 0x0, 0x3, 0x55, 0x55, 0x57,
    0xff, 0xc5, 0x55, 0x55, 0x40, 0x0, 0x1, 0x11,
    0x11, 0x11, 0x14, 0xff, 0xb1, 0x11, 0x11, 0x11,
    0x10, 0x9, 0xff, 0xff, 0xff, 0xff, 0xff, 0xff,
    0xff, 0xff, 0xff, 0xf1, 0x9, 0xff, 0xff, 0xff,
    0xff, 0xff, 0xff, 0xff, 0xff, 0xff, 0xf1, 0x2,
    0x44, 0x44, 0x4a, 0xff, 0xff, 0xff, 0xf6, 0x44,
    0x44, 0x40, 0x0, 0x0, 0x0, 0x9f, 0xff, 0xff,
    0xef, 0xfe, 0x50, 0x0, 0x0, 0x0, 0x0, 0x5e,
    0xff, 0xd4, 0xff, 0xa5, 0xff, 0xfc, 0x40, 0x0,
    0x1, 0x7d, 0xff, 0xfa, 0x2, 0xff, 0xa0, 0x3d,
    0xff, 0xfc, 0x61, 0xe, 0xff, 0xfe, 0x50, 0x2,
    0xff, 0xa0, 0x0, 0x9f, 0xff, 0xf4, 0x3, 0xfe,
    0x70, 0x0, 0x2, 0xff, 0xa0, 0x0, 0x2, 0xaf,
    0x50, 0x0, 0x30, 0x0, 0x0, 0x2, 0xff, 0xa0,
    0x0, 0x0, 0x1, 0x0,

    /* U+67E5 "查" */
    0x0, 0x0, 0x0, 0x0, 0x3, 0xbb, 0x30, 0x0,
    0x0, 0x0, 0x0, 0x0, 0x0, 0x0, 0x0, 0x5,
    0xff, 0x40, 0x0, 0x0, 0x0, 0x0, 0x2, 0x33,
    0x33, 0x33, 0x38, 0xff, 0x73, 0x33, 0x33, 0x33,
    0x30, 0xc, 0xff, 0xff, 0xff, 0xff, 0xff, 0xff,
    0xff, 0xff, 0xff, 0xe0, 0xc, 0xff, 0xff, 0xff,
    0xff, 0xff, 0xff, 0xff, 0xff, 0xff, 0xe0, 0x0,
    0x0, 0x0, 0x7f, 0xff, 0xff, 0xff, 0xf5, 0x0,
    0x0, 0x0, 0x0, 0x0, 0x9, 0xff, 0xd6, 0xff,
    0x5d, 0xff, 0x90, 0x0, 0x0, 0x0, 0x4, 0xdf,
    0xfc, 0x15, 0xff, 0x41, 0xcf, 0xfe, 0x60, 0x0,
    0x5, 0xcf, 0xff, 0xa0, 0x5, 0xff, 0x40, 0x9,
    0xff, 0xfe, 0x81, 0x1d, 0xff, 0xfb, 0x66, 0x66,
    0x66, 0x66, 0x66, 0xaf, 0xff, 0xb0, 0x2, 0xd7,
    0x7f, 0xff, 0xff, 0xff, 0xff, 0xff, 0xf6, 0x5b,
    0x10, 0x0, 0x0, 0x7f, 0xf6, 0x55, 0x55, 0x55,
    0x9f, 0xf6, 0x0, 0x0, 0x0, 0x0, 0x7f, 0xfb,
    0xaa, 0xaa, 0xaa, 0xcf, 0xf6, 0x0, 0x0, 0x0,
    0x0, 0x7f, 0xff, 0xff, 0xff, 0xff, 0xff, 0xf6,
    0x0, 0x0, 0x0, 0x0, 0x7f, 0xf3, 0x0, 0x0,
    0x0, 0x6f, 0xf6, 0x0, 0x0, 0x0, 0x0, 0x7f,
    0xfc, 0xbb, 0xbb, 0xbb, 0xdf, 0xf6, 0x0, 0x0,
    0x0, 0x0, 0x7f, 0xff, 0xff, 0xff, 0xff, 0xff,
    0xf6, 0x0, 0x0, 0x0, 0x0, 0x0, 0x0, 0x0,
    0x0, 0x0, 0x0, 0x0, 0x0, 0x0, 0x9, 0xff,
    0xff, 0xff, 0xff, 0xff, 0xff, 0xff, 0xff, 0xff,
    0xb0, 0x9, 0xff, 0xff, 0xff, 0xff, 0xff, 0xff,
    0xff, 0xff, 0xff, 0xb0, 0x3, 0x55, 0x55, 0x55,
    0x55, 0x55, 0x55, 0x55, 0x55, 0x55, 0x40,

    /* U+6807 "标" */
    0x0, 0x0, 0xbb, 0x60, 0x0, 0x0, 0x0, 0x0,
    0x0, 0x0, 0x0, 0x0, 0x1, 0xff, 0x80, 0x0,
    0x25, 0x55, 0x55, 0x55, 0x55, 0x10, 0x0, 0x1,
    0xff, 0x80, 0x0, 0x6f, 0xff, 0xff, 0xff, 0xff,
    0x40, 0x0, 0x1, 0xff, 0x80, 0x0, 0x6f, 0xff,
    0xff, 0xff, 0xff, 0x40, 0x5, 0x56, 0xff, 0xb5,
    0x50, 0x2, 0x22, 0x22, 0x22, 0x22, 0x0, 0x2f,
    0xff, 0xff, 0xff, 0xf1, 0x0, 0x0, 0x0, 0x0,
    0x0, 0x0, 0x2f, 0xff, 0xff, 0xff, 0xf3, 0x33,
    0x33, 0x33, 0x33, 0x33, 0x31, 0x0, 0xb, 0xff,
    0xb0, 0x6, 0xff, 0xff, 0xff, 0xff, 0xff, 0xf8,
    0x0, 0xf, 0xff, 0xf8, 0x6, 0xff, 0xff, 0xff,
    0xff, 0xff, 0xf8, 0x0, 0x4f, 0xff, 0xff, 0x61,
    0x44, 0x45, 0xff, 0xb4, 0x44, 0x42, 0x0, 0xaf,
    0xff, 0xef, 0xf4, 0x0, 0x1, 0xff, 0x90, 0x0,
    0x0, 0x1, 0xff, 0xff, 0x8d, 0xf4, 0x56, 0x21,
    0xff, 0x91, 0x67, 0x0, 0x9, 0xfd, 0xff, 0x84,
    0x80, 0xdf, 0xc1, 0xff, 0x97, 0xff, 0x10, 0x2f,
    0xf7, 0xff, 0x80, 0x2, 0xff, 0x71, 0xff, 0x91,
    0xff, 0x60, 0x4f, 0xf1, 0xff, 0x80, 0x8, 0xff,
    0x21, 0xff, 0x90, 0xcf, 0xc0, 0xb, 0x81, 0xff,
    0x80, 0xe, 0xfd, 0x1, 0xff, 0x90, 0x7f, 0xf1,
    0x3, 0x1, 0xff, 0x80, 0x6f, 0xf6, 0x1, 0xff,
    0x90, 0x2f, 0xf5, 0x0, 0x1, 0xff, 0x80, 0xef,
    0xe0, 0x1, 0xff, 0x90, 0xe, 0xf9, 0x0, 0x1,
    0xff, 0x80, 0x2b, 0x64, 0xbb, 0xff, 0x90, 0xb,
    0xd6, 0x0, 0x1, 0xff, 0x80, 0x0, 0x2, 0xff,
    0xff, 0x60, 0x1, 0x0, 0x0, 0x1, 0xff, 0x80,
    0x0, 0x0, 0xef, 0xd8, 0x0, 0x0, 0x0, 0x0,
    0x0, 0x11, 0x0, 0x0, 0x0, 0x0, 0x0, 0x0,
    0x0, 0x0,

    /* U+68C0 "检" */
    0x0, 0x5, 0xba, 0x0, 0x0, 0x0, 0xa, 0x93,
    0x0, 0x0, 0x0, 0x0, 0x7, 0xfe, 0x0, 0x0,
    0x0, 0x5f, 0xfa, 0x0, 0x0, 0x0, 0x0, 0x7,
    0xfe, 0x0, 0x0, 0x2, 0xef, 0xff, 0x40, 0x0,
    0x0, 0x0, 0x7, 0xfe, 0x0, 0x0, 0x1d, 0xff,
    0xef, 0xf5, 0x0, 0x0, 0xb, 0xbd, 0xff, 0xb7,
    0x1, 0xcf, 0xf7, 0x2e, 0xff, 0x80, 0x0, 0x1f,
    0xff, 0xff, 0xfa, 0x2d, 0xff, 0x90, 0x2, 0xdf,
    0xfd, 0x30, 0xb, 0xbe, 0xff, 0xbc, 0xff, 0xfa,
    0x0, 0x0, 0x1c, 0xff, 0xf7, 0x0, 0xd, 0xff,
    0x3f, 0xff, 0xef, 0xff, 0xff, 0xff, 0xcf, 0xf3,
    0x0, 0x1f, 0xff, 0xb6, 0xf7, 0x8f, 0xff, 0xff,
    0xff, 0x45, 0xb0, 0x0, 0x6f, 0xff, 0xf7, 0x20,
    0x24, 0x44, 0x44, 0x44, 0x10, 0x0, 0x0, 0xcf,
    0xff, 0xff, 0x20, 0x10, 0x5, 0x71, 0x0, 0x65,
    0x10, 0x2, 0xff, 0xfe, 0xbf, 0x4d, 0xf1, 0xc,
    0xf5, 0x0, 0xff, 0x60, 0xa, 0xff, 0xfe, 0x45,
    0xd, 0xf6, 0x9, 0xf8, 0x5, 0xff, 0x0, 0x2f,
    0xfa, 0xfe, 0x0, 0x9, 0xfa, 0x6, 0xfb, 0xb,
    0xf9, 0x0, 0xe, 0xd7, 0xfe, 0x0, 0x5, 0xfe,
    0x4, 0xfe, 0x1f, 0xf2, 0x0, 0x7, 0x57, 0xfe,
    0x0, 0x2, 0xff, 0x12, 0xda, 0x8f, 0xb0, 0x0,
    0x1, 0x7, 0xfe, 0x0, 0x0, 0x83, 0x0, 0x0,
    0xef, 0x30, 0x0, 0x0, 0x7, 0xfe, 0x0, 0x33,
    0x33, 0x33, 0x38, 0xfd, 0x33, 0x30, 0x0, 0x7,
    0xfe, 0x3, 0xff, 0xff, 0xff, 0xff, 0xff, 0xff,
    0xe0, 0x0, 0x7, 0xfe, 0x3, 0xff, 0xff, 0xff,
    0xff, 0xff, 0xff, 0xe0, 0x0, 0x7, 0xfe, 0x0,
    0x11, 0x11, 0x11, 0x11, 0x11, 0x11, 0x10,

    /* U+6B65 "步" */
    0x0, 0x0, 0x0, 0x0, 0x0, 0xab, 0xb0, 0x0,
    0x0, 0x0, 0x0, 0x0, 0x3, 0x43, 0x0, 0xe,
    0xff, 0x10, 0x0, 0x0, 0x0, 0x0, 0x0, 0xef,
    0xc0, 0x0, 0xef, 0xff, 0xff, 0xff, 0xf4, 0x0,
    0x0, 0xe, 0xfc, 0x0, 0xe, 0xff, 0xff, 0xff,
    0xff, 0x40, 0x0, 0x0, 0xef, 0xc0, 0x0, 0xef,
    0xf9, 0x88, 0x88, 0x82, 0x0, 0x0, 0xe, 0xfc,
    0x0, 0xe, 0xff, 0x10, 0x0, 0x0, 0x0, 0x6,
    0x66, 0xff, 0xd6, 0x66, 0xff, 0xf7, 0x66, 0x66,
    0x66, 0x50, 0xff, 0xff, 0xff, 0xff, 0xff, 0xff,
    0xff, 0xff, 0xff, 0xfd, 0xf, 0xff, 0xff, 0xff,
    0xff, 0xff, 0xff, 0xff, 0xff, 0xff, 0xd0, 0x0,
    0x0, 0x12, 0x0, 0x1f, 0xfb, 0x0, 0x0, 0x0,
    0x0, 0x0, 0x0, 0xb, 0xfc, 0x21, 0xff, 0xb0,
    0x0, 0x4f, 0x92, 0x0, 0x0, 0xa, 0xff, 0xb0,
    0x1f, 0xfb, 0x0, 0xd, 0xff, 0x60, 0x0, 0x1b,
    0xff, 0xd1, 0x1, 0xff, 0xb0, 0xb, 0xff, 0xc0,
    0x0, 0x3e, 0xff, 0xe2, 0x0, 0x1f, 0xfb, 0xa,
    0xff, 0xe2, 0x0, 0x0, 0xcf, 0xd1, 0x0, 0x1,
    0xff, 0xdc, 0xff, 0xf3, 0x0, 0x0, 0x1, 0x80,
    0x0, 0x0, 0x9, 0xff, 0xff, 0xe3, 0x0, 0x0,
    0x0, 0x0, 0x0, 0x0, 0x5a, 0xff, 0xff, 0xc1,
    0x0, 0x0, 0x0, 0x0, 0x14, 0x8b, 0xff, 0xff,
    0xfe, 0x50, 0x0, 0x0, 0x0, 0xa, 0xff, 0xff,
    0xff, 0xff, 0xc6, 0x0, 0x0, 0x0, 0x0, 0x0,
    0x4f, 0xff, 0xff, 0xc7, 0x20, 0x0, 0x0, 0x0,
    0x0, 0x0, 0x0, 0xa9, 0x63, 0x0, 0x0, 0x0,
    0x0, 0x0, 0x0, 0x0, 0x0,

    /* U+73AF "环" */
    0x16, 0x66, 0x66, 0x64, 0x37, 0x77, 0x77, 0x77,
    0x77, 0x77, 0x70, 0x4f, 0xff, 0xff, 0xfb, 0x7f,
    0xff, 0xff, 0xff, 0xff, 0xff, 0xf0, 0x4f, 0xff,
    0xff, 0xfb, 0x7f, 0xff, 0xff, 0xff, 0xff, 0xff,
    0xf0, 0x0, 0xf, 0xf8, 0x0, 0x0, 0x0, 0x9,
    0xff, 0x50, 0x0, 0x0, 0x0, 0xf, 0xf8, 0x0,
    0x0, 0x0, 0x1f, 0xfe, 0x0, 0x0, 0x0, 0x0,
    0xf, 0xf8, 0x0, 0x0, 0x0, 0x8f, 0xf8, 0x0,
    0x0, 0x0, 0x1, 0x1f, 0xf8, 0x10, 0x0, 0x1,
    0xff, 0xf8, 0x72, 0x0, 0x0, 0xf, 0xff, 0xff,
    0xf3, 0x0, 0x9, 0xff, 0xff, 0xfd, 0x10, 0x0,
    0xf, 0xff, 0xff, 0xf3, 0x0, 0x4f, 0xff, 0xfe,
    0xff, 0xb0, 0x0, 0x5, 0x5f, 0xfa, 0x51, 0x1,
    0xef, 0xff, 0xf8, 0xbf, 0xf7, 0x0, 0x0, 0xf,
    0xf8, 0x0, 0xd, 0xff, 0xcf, 0xf8, 0x1e, 0xff,
    0x30, 0x0, 0xf, 0xf8, 0x1, 0xcf, 0xfd, 0x3f,
    0xf8, 0x4, 0xff, 0xd0, 0x0, 0xf, 0xf8, 0x1,
    0xcf, 0xf3, 0x2f, 0xf8, 0x0, 0xaf, 0xa0, 0x0,
    0xf, 0xfa, 0x97, 0xc, 0x40, 0x2f, 0xf8, 0x0,
    0x16, 0x0, 0x0, 0x5f, 0xff, 0xfb, 0x0, 0x0,
    0x2f, 0xf8, 0x0, 0x0, 0x0, 0x5f, 0xff, 0xff,
    0xe8, 0x0, 0x0, 0x2f, 0xf8, 0x0, 0x0, 0x0,
    0x2f, 0xfe, 0x94, 0x0, 0x0, 0x0, 0x2f, 0xf8,
    0x0, 0x0, 0x0, 0x9, 0x40, 0x0, 0x0, 0x0,
    0x0, 0x2f, 0xf8, 0x0, 0x0, 0x0, 0x0, 0x0,
    0x0, 0x0, 0x0, 0x0, 0x2f, 0xf8, 0x0, 0x0,
    0x0, 0x0, 0x0, 0x0, 0x0, 0x0, 0x0, 0x2f,
    0xf8, 0x0, 0x0, 0x0,

    /* U+786C "硬" */
    0x1d, 0xdd, 0xdd, 0xdd, 0xba, 0xff, 0xff, 0xff,
    0xff, 0xff, 0xf4, 0x1f, 0xff, 0xff, 0xff, 0xda,
    0xff, 0xff, 0xff, 0xff, 0xff, 0xf5, 0x8, 0x8d,
    0xfe, 0x88, 0x64, 0x66, 0x67, 0xff, 0xa6, 0x66,
    0x62, 0x0, 0xd, 0xfb, 0x0, 0x0, 0x0, 0x1,
    0xff, 0x70, 0x0, 0x0, 0x0, 0x1f, 0xf7, 0x0,
    0x5, 0xff, 0xff, 0xff, 0xff, 0xff, 0xe0, 0x0,
    0x5f, 0xf3, 0x0, 0x5, 0xff, 0xff, 0xff, 0xff,
    0xff, 0xe0, 0x0, 0xaf, 0xe1, 0x11, 0x15, 0xff,
    0x1, 0xff, 0x70, 0x8f, 0xe0, 0x0, 0xff, 0xff,
    0xff, 0xd5, 0xff, 0xde, 0xff, 0xed, 0xef, 0xe0,
    0x7, 0xff, 0xff, 0xff, 0xd5, 0xff, 0xff, 0xff,
    0xff, 0xff, 0xe0, 0x1e, 0xff, 0xa3, 0x8f, 0xd5,
    0xff, 0x1, 0xff, 0x70, 0x8f, 0xe0, 0x5f, 0xff,
    0x80, 0x6f, 0xd5, 0xff, 0x34, 0xff, 0x83, 0x9f,
    0xe0, 0xf, 0xff, 0x80, 0x6f, 0xd5, 0xff, 0xff,
    0xff, 0xff, 0xff, 0xe0, 0xb, 0xef, 0x80, 0x6f,
    0xd4, 0xcc, 0xcd, 0xff, 0xdc, 0xcc, 0xb0, 0x1,
    0xcf, 0x80, 0x6f, 0xd3, 0x9b, 0x6, 0xff, 0x10,
    0x0, 0x0, 0x0, 0xcf, 0x80, 0x6f, 0xd1, 0xff,
    0xac, 0xfd, 0x0, 0x0, 0x0, 0x0, 0xcf, 0xff,
    0xff, 0xd0, 0x6f, 0xff, 0xf6, 0x0, 0x0, 0x0,
    0x0, 0xcf, 0xff, 0xff, 0xd0, 0xc, 0xff, 0xf9,
    0x20, 0x0, 0x0, 0x0, 0xcf, 0xa4, 0x44, 0x57,
    0xdf, 0xff, 0xff, 0xfe, 0xa8, 0x62, 0x0, 0xbe,
    0x70, 0x0, 0x4f, 0xff, 0xb3, 0x9f, 0xff, 0xff,
    0xf2, 0x0, 0x0, 0x0, 0x0, 0x8, 0xb4, 0x0,
    0x0, 0x48, 0xce, 0x80, 0x0, 0x0, 0x0, 0x0,
    0x0, 0x0, 0x0, 0x0, 0x0, 0x0, 0x0,

    /* U+786E "确" */
    0x0, 0x0, 0x0, 0x0, 0x0, 0x6, 0x94, 0x0,
    0x0, 0x0, 0x0, 0xcc, 0xcc, 0xcc, 0xc9, 0x0,
    0xef, 0x90, 0x0, 0x0, 0x0, 0xf, 0xff, 0xff,
    0xff, 0xc0, 0x6f, 0xff, 0xff, 0xfe, 0x50, 0x0,
    0x99, 0xef, 0xe9, 0x97, 0x1e, 0xff, 0xff, 0xff,
    0xfd, 0x0, 0x0, 0xd, 0xf9, 0x0, 0xb, 0xff,
    0x43, 0x3a, 0xff, 0x30, 0x0, 0x1, 0xff, 0x50,
    0x8, 0xff, 0x70, 0x3, 0xff, 0x80, 0x0, 0x0,
    0x5f, 0xf1, 0x5, 0xff, 0xff, 0xff, 0xff, 0xff,
    0xff, 0x90, 0xa, 0xfc, 0x0, 0xc, 0xff, 0xff,
    0xff, 0xff, 0xff, 0xf9, 0x1, 0xff, 0xfe, 0xee,
    0x57, 0xff, 0x45, 0xff, 0x53, 0xff, 0x90, 0x8f,
    0xff, 0xff, 0xf4, 0x6f, 0xf1, 0x3f, 0xf3, 0xe,
    0xf9, 0x2f, 0xff, 0xc9, 0xff, 0x46, 0xff, 0xff,
    0xff, 0xff, 0xff, 0x95, 0xff, 0xf8, 0xf, 0xf4,
    0x6f, 0xff, 0xff, 0xff, 0xff, 0xf9, 0xf, 0xff,
    0x80, 0xff, 0x46, 0xff, 0x2, 0xff, 0x20, 0xef,
    0x90, 0xab, 0xf8, 0xf, 0xf4, 0x7f, 0xf6, 0x7f,
    0xf8, 0x6f, 0xf9, 0x0, 0xaf, 0x80, 0xff, 0x48,
    0xff, 0xff, 0xff, 0xff, 0xff, 0x90, 0xa, 0xf8,
    0xf, 0xf4, 0xbf, 0xec, 0xcf, 0xfc, 0xcf, 0xf9,
    0x0, 0xaf, 0xff, 0xff, 0x4e, 0xf9, 0x2, 0xff,
    0x20, 0xef, 0x90, 0xa, 0xff, 0xff, 0xf8, 0xff,
    0x50, 0x2f, 0xf2, 0xe, 0xf9, 0x0, 0xaf, 0xa4,
    0x44, 0xcf, 0xf0, 0x2, 0xff, 0x53, 0xff, 0x80,
    0x9, 0xe8, 0x0, 0x4f, 0xf9, 0x0, 0x2f, 0xf8,
    0xff, 0xf7, 0x0, 0x0, 0x0, 0x0, 0x5e, 0x10,
    0x0, 0x0, 0x2f, 0xea, 0x10, 0x0, 0x0, 0x0,
    0x0, 0x0, 0x0, 0x0, 0x0, 0x0, 0x0,

    /* U+788E "碎" */
    0x0, 0x0, 0x0, 0x0, 0x0, 0x0, 0x2, 0x66,
    0x0, 0x0, 0x0, 0x9, 0x99, 0x99, 0x99, 0x40,
    0x0, 0x9, 0xff, 0x0, 0x0, 0x0, 0x1f, 0xff,
    0xff, 0xff, 0x86, 0x66, 0x69, 0xff, 0x96, 0x66,
    0x30, 0x1c, 0xcf, 0xff, 0xcc, 0x7f, 0xff, 0xff,
    0xff, 0xff, 0xff, 0x80, 0x0, 0xd, 0xf9, 0x0,
    0xf, 0xff, 0xff, 0xff, 0xff, 0xff, 0x70, 0x0,
    0x1f, 0xf5, 0x0, 0x0, 0x1a, 0x70, 0x0, 0x68,
    0x40, 0x0, 0x0, 0x5f, 0xf1, 0x0, 0x0, 0x4f,
    0xe0, 0x0, 0xcf, 0x90, 0x0, 0x0, 0xaf, 0xd0,
    0x0, 0x0, 0x9f, 0xc0, 0x1, 0xff, 0x50, 0x0,
    0x1, 0xff, 0xff, 0xff, 0x20, 0xef, 0xf9, 0x7,
    0xff, 0xe2, 0x0, 0x8, 0xff, 0xff, 0xff, 0x25,
    0xff, 0xff, 0x7e, 0xff, 0xfe, 0x20, 0x2f, 0xff,
    0xa5, 0xff, 0x3d, 0xf8, 0x6b, 0x9f, 0xf5, 0xff,
    0x90, 0x5f, 0xff, 0x70, 0xff, 0x5e, 0xf1, 0x0,
    0x8f, 0x80, 0x4c, 0x0, 0xf, 0xff, 0x70, 0xff,
    0x21, 0x40, 0x7, 0xff, 0x10, 0x0, 0x0, 0xa,
    0xcf, 0x70, 0xff, 0x5b, 0xbb, 0xbd, 0xff, 0xbb,
    0xbb, 0xb1, 0x0, 0xbf, 0x70, 0xff, 0x6f, 0xff,
    0xff, 0xff, 0xff, 0xff, 0xf1, 0x0, 0xbf, 0x70,
    0xff, 0x5b, 0xbb, 0xbd, 0xff, 0xbb, 0xbb, 0xb1,
    0x0, 0xbf, 0xff, 0xff, 0x20, 0x0, 0x8, 0xff,
    0x10, 0x0, 0x0, 0x0, 0xbf, 0xff, 0xff, 0x20,
    0x0, 0x8, 0xff, 0x10, 0x0, 0x0, 0x0, 0xbf,
    0x94, 0x44, 0x0, 0x0, 0x8, 0xff, 0x10, 0x0,
    0x0, 0x0, 0xae, 0x60, 0x0, 0x0, 0x0, 0x8,
    0xff, 0x10, 0x0, 0x0, 0x0, 0x0, 0x0, 0x0,
    0x0, 0x0, 0x8, 0xff, 0x10, 0x0, 0x0,

    /* U+7C7B "类" */
    0x0, 0x0, 0x0, 0x0, 0x1, 0x88, 0x40, 0x0,
    0x20, 0x0, 0x0, 0x0, 0x0, 0x8e, 0xb0, 0x2,
    0xff, 0x80, 0x4, 0xfe, 0x80, 0x0, 0x0, 0x0,
    0xaf, 0xf8, 0x2, 0xff, 0x80, 0xd, 0xff, 0x30,
    0x0, 0x0, 0x0, 0xd, 0xff, 0x22, 0xff, 0x80,
    0x8f, 0xf6, 0x0, 0x0, 0x2, 0x77, 0x7a, 0xfb,
    0x78, 0xff, 0xb7, 0x9e, 0xd7, 0x77, 0x60, 0x6,
    0xff, 0xff, 0xff, 0xff, 0xff, 0xff, 0xff, 0xff,
    0xff, 0xe0, 0x5, 0xff, 0xff, 0xff, 0xff, 0xff,
    0xff, 0xff, 0xff, 0xff, 0xd0, 0x0, 0x0, 0x0,
    0x2c, 0xff, 0xff, 0xff, 0xe7, 0x10, 0x0, 0x0,
    0x0, 0x0, 0x29, 0xff, 0xf9, 0xff, 0xdf, 0xff,
    0xf9, 0x20, 0x0, 0x2, 0x6c, 0xff, 0xfe, 0x42,
    0xff, 0x81, 0x7e, 0xff, 0xfb, 0x30, 0x7, 0xff,
    0xff, 0x80, 0x2, 0xee, 0x70, 0x0, 0x6e, 0xff,
    0xa0, 0x0, 0xad, 0x71, 0x0, 0x3, 0xdd, 0x60,
    0x0, 0x0, 0x6d, 0x10, 0x0, 0x0, 0x0, 0x0,
    0x5, 0xff, 0x60, 0x0, 0x0, 0x0, 0x0, 0x8,
    0xff, 0xff, 0xff, 0xff, 0xff, 0xff, 0xff, 0xff,
    0xff, 0xf1, 0x9, 0xff, 0xff, 0xff, 0xff, 0xff,
    0xff, 0xff, 0xff, 0xff, 0xf1, 0x4, 0x77, 0x77,
    0x77, 0xdf, 0xff, 0xfe, 0x77, 0x77, 0x77, 0x70,
    0x0, 0x0, 0x0, 0x9, 0xff, 0xfb, 0xff, 0xb2,
    0x0, 0x0, 0x0, 0x0, 0x0, 0x38, 0xef, 0xff,
    0x60, 0xcf, 0xff, 0xa4, 0x0, 0x0, 0x8, 0xcf,
    0xff, 0xff, 0xe5, 0x0, 0xa, 0xff, 0xff, 0xfd,
    0xa4, 0x6, 0xff, 0xff, 0xe7, 0x10, 0x0, 0x0,
    0x4c, 0xff, 0xff, 0xd0, 0x0, 0xdb, 0x83, 0x0,
    0x0, 0x0, 0x0, 0x0, 0x26, 0xad, 0x40,

    /* U+7ED3 "结" */
    0x0, 0x0, 0x74, 0x0, 0x0, 0x0, 0x3, 0xbb,
    0x20, 0x0, 0x0, 0x0, 0x1, 0xff, 0xc0, 0x0,
    0x0, 0x5, 0xff, 0x30, 0x0, 0x0, 0x0, 0x8,
    0xff, 0x90, 0x0, 0x0, 0x5, 0xff, 0x30, 0x0,
    0x0, 0x0, 0xe, 0xff, 0x10, 0xf, 0xff, 0xff,
    0xff, 0xff, 0xff, 0xf0, 0x0, 0x8f, 0xf7, 0x2,
    0xf, 0xff, 0xff, 0xff, 0xff, 0xff, 0xf0, 0x2,
    0xff, 0xd0, 0x7f, 0x78, 0x88, 0x8a, 0xff, 0xa8,
    0x88, 0x80, 0xc, 0xff, 0x32, 0xff, 0xf2, 0x0,
    0x5, 0xff, 0x30, 0x0, 0x0, 0x9f, 0xff, 0xff,
    0xff, 0x80, 0x0, 0x5, 0xff, 0x40, 0x0, 0x0,
    0x4f, 0xff, 0xff, 0xfc, 0x5, 0xff, 0xff, 0xff,
    0xff, 0xff, 0x80, 0xa, 0x77, 0xff, 0xe1, 0x5,
    0xff, 0xff, 0xff, 0xff, 0xff, 0x80, 0x0, 0x1d,
    0xff, 0x30, 0x2, 0x77, 0x77, 0x77, 0x77, 0x77,
    0x30, 0x0, 0xcf, 0xf8, 0x57, 0x90, 0x0, 0x0,
    0x0, 0x0, 0x0, 0x0, 0x2c, 0xff, 0xff, 0xff,
    0xf0, 0xbf, 0xff, 0xff, 0xff, 0xfb, 0x0, 0x3f,
    0xff, 0xff, 0xfd, 0xa0, 0xcf, 0xff, 0xff, 0xff,
    0xfc, 0x0, 0xe, 0xd9, 0x63, 0x0, 0x0, 0xcf,
    0xe6, 0x66, 0x6f, 0xfc, 0x0, 0x1, 0x0, 0x0,
    0x0, 0x0, 0xcf, 0xd0, 0x0, 0xe, 0xfc, 0x0,
    0x0, 0x1, 0x47, 0xad, 0xf2, 0xcf, 0xd0, 0x0,
    0xe, 0xfc, 0x0, 0x5c, 0xff, 0xff, 0xff, 0xf3,
    0xcf, 0xe5, 0x55, 0x5f, 0xfc, 0x0, 0x6f, 0xff,
    0xff, 0xfb, 0x81, 0xcf, 0xff, 0xff, 0xff, 0xfc,
    0x0, 0x3f, 0xc9, 0x52, 0x0, 0x0, 0xcf, 0xff,
    0xff, 0xff, 0xfc, 0x0, 0x0, 0x0, 0x0, 0x0,
    0x0, 0xcf, 0xd0, 0x0, 0xe, 0xfc, 0x0, 0x0,
    0x0, 0x0, 0x0, 0x0, 0x1, 0x10, 0x0, 0x0,
    0x0, 0x0,

    /* U+7EF4 "维" */
    0x0, 0x0, 0x83, 0x0, 0x0, 0x4, 0x61, 0x2,
    0x70, 0x0, 0x0, 0x0, 0x1, 0xff, 0x70, 0x0,
    0xb, 0xff, 0x5f, 0xf5, 0x0, 0x0, 0x0, 0x7,
    0xff, 0x20, 0x0, 0x1f, 0xfa, 0xe, 0xfd, 0x0,
    0x0, 0x0, 0xe, 0xfa, 0x0, 0x0, 0x7f, 0xf3,
    0x7, 0xfd, 0x10, 0x0, 0x0, 0x6f, 0xf2, 0x20,
    0x0, 0xef, 0xfc, 0xcd, 0xfc, 0xcc, 0xa0, 0x0,
    0xef, 0x90, 0xcd, 0x36, 0xff, 0xff, 0xff, 0xff,
    0xff, 0xd0, 0x9, 0xfe, 0x5, 0xff, 0x5e, 0xff,
    0xa9, 0x9f, 0xfc, 0x99, 0x70, 0x6f, 0xfd, 0xbf,
    0xfa, 0xaf, 0xff, 0x30, 0xf, 0xf8, 0x0, 0x0,
    0x5f, 0xff, 0xff, 0xf3, 0xff, 0xff, 0x86, 0x6f,
    0xfb, 0x66, 0x10, 0xd, 0xab, 0xff, 0x60, 0xaf,
    0xff, 0xff, 0xff, 0xff, 0xff, 0x40, 0x0, 0x1e,
    0xfb, 0x0, 0x36, 0xff, 0xff, 0xff, 0xff, 0xff,
    0x40, 0x0, 0xbf, 0xe2, 0x36, 0x14, 0xff, 0x30,
    0xf, 0xf8, 0x0, 0x0, 0x9, 0xff, 0xff, 0xff,
    0x24, 0xff, 0x64, 0x4f, 0xfa, 0x44, 0x10, 0x5f,
    0xff, 0xff, 0xfc, 0x14, 0xff, 0xff, 0xff, 0xff,
    0xff, 0x50, 0xf, 0xd9, 0x62, 0x0, 0x4, 0xff,
    0xff, 0xff, 0xff, 0xff, 0x50, 0x1, 0x0, 0x0,
    0x1, 0x14, 0xff, 0x51, 0x1f, 0xf9, 0x11, 0x0,
    0x0, 0x2, 0x59, 0xdf, 0x94, 0xff, 0x30, 0xf,
    0xf8, 0x0, 0x0, 0x3b, 0xef, 0xff, 0xff, 0xb4,
    0xff, 0xff, 0xff, 0xff, 0xff, 0xf1, 0x3f, 0xff,
    0xfb, 0x73, 0x4, 0xff, 0xff, 0xff, 0xff, 0xff,
    0xf2, 0xd, 0x94, 0x0, 0x0, 0x4, 0xff, 0x97,
    0x77, 0x77, 0x77, 0x71, 0x0, 0x0, 0x0, 0x0,
    0x4, 0xff, 0x30, 0x0, 0x0, 0x0, 0x0,

    /* U+7F6E "置" */
    0xc, 0xff, 0xff, 0xff, 0xff, 0xff, 0xff, 0xff,
    0xff, 0xa0, 0xd, 0xff, 0xdd, 0xff, 0xfd, 0xdf,
    0xfe, 0xdd, 0xff, 0xa0, 0xd, 0xfd, 0x0, 0xbf,
    0xb0, 0xc, 0xf9, 0x0, 0xdf, 0xa0, 0xd, 0xff,
    0xee, 0xff, 0xfe, 0xef, 0xff, 0xee, 0xff, 0xa0,
    0xb, 0xee, 0xee, 0xee, 0xff, 0xfe, 0xee, 0xee,
    0xee, 0x90, 0x34, 0x44, 0x44, 0x44, 0xaf, 0xf6,
    0x44, 0x44, 0x44, 0x40, 0xcf, 0xff, 0xff, 0xff,
    0xff, 0xff, 0xff, 0xff, 0xff, 0xf1, 0x68, 0x88,
    0x88, 0x88, 0xef, 0xe8, 0x88, 0x88, 0x88, 0x80,
    0x0, 0x3a, 0xaa, 0xaa, 0xff, 0xea, 0xaa, 0xaa,
    0xa2, 0x0, 0x0, 0x4f, 0xff, 0xff, 0xff, 0xff,
    0xff, 0xff, 0xf4, 0x0, 0x0, 0x4f, 0xf5, 0x33,
    0x33, 0x33, 0x33, 0x7f, 0xf4, 0x0, 0x0, 0x4f,
    0xff, 0xff, 0xff, 0xff, 0xff, 0xff, 0xf4, 0x0,
    0x0, 0x4f, 0xf5, 0x33, 0x33, 0x33, 0x33, 0x7f,
    0xf4, 0x0, 0x0, 0x4f, 0xff, 0xff, 0xff, 0xff,
    0xff, 0xff, 0xf4, 0x0, 0x0, 0x4f, 0xf7, 0x55,
    0x55, 0x55, 0x55, 0x9f, 0xf4, 0x0, 0x0, 0x4f,
    0xf8, 0x77, 0x77, 0x77, 0x77, 0xaf, 0xf4, 0x0,
    0x0, 0x4f, 0xfe, 0xee, 0xee, 0xee, 0xee, 0xff,
    0xf4, 0x0, 0x34, 0x7f, 0xf6, 0x44, 0x44, 0x44,
    0x44, 0x8f, 0xf7, 0x44, 0xef, 0xff, 0xff, 0xff,
    0xff, 0xff, 0xff, 0xff, 0xff, 0xff, 0x89, 0x99,
    0x99, 0x99, 0x99, 0x99, 0x99, 0x99, 0x99, 0x99,

    /* U+81EA "自" */
    0x0, 0x0, 0x0, 0x7b, 0x94, 0x0, 0x0, 0x0,
    0x0, 0x0, 0x0, 0xc, 0xff, 0x40, 0x0, 0x0,
    0x0, 0x0, 0x0, 0x0, 0xff, 0xd0, 0x0, 0x0,
    0x0, 0xb, 0xff, 0xff, 0xff, 0xff, 0xff, 0xff,
    0xff, 0xf2, 0xcf, 0xff, 0xff, 0xff, 0xff, 0xff,
    0xff, 0xff, 0x3c, 0xff, 0x99, 0x99, 0x99, 0x99,
    0x99, 0xdf, 0xf3, 0xcf, 0xe0, 0x0, 0x0, 0x0,
    0x0, 0x9, 0xff, 0x3c, 0xfe, 0x0, 0x0, 0x0,
    0x0, 0x0, 0xaf, 0xf3, 0xcf, 0xff, 0xff, 0xff,
    0xff, 0xff, 0xff, 0xff, 0x3c, 0xff, 0xff, 0xff,
    0xff, 0xff, 0xff, 0xff, 0xf3, 0xcf, 0xf6, 0x66,
    0x66, 0x66, 0x66, 0x6c, 0xff, 0x3c, 0xfe, 0x0,
    0x0, 0x0, 0x0, 0x0, 0x9f, 0xf3, 0xcf, 0xe5,
    0x55, 0x55, 0x55, 0x55, 0x5c, 0xff, 0x3c, 0xff,
    0xff, 0xff, 0xff, 0xff, 0xff, 0xff, 0xf3, 0xcf,
    0xff, 0xff, 0xff, 0xff, 0xff, 0xff, 0xff, 0x3c,
    0xfe, 0x11, 0x11, 0x11, 0x11, 0x11, 0xaf, 0xf3,
    0xcf, 0xe0, 0x0, 0x0, 0x0, 0x0, 0x9, 0xff,
    0x3c, 0xff, 0x88, 0x88, 0x88, 0x88, 0x88, 0xcf,
    0xf3, 0xcf, 0xff, 0xff, 0xff, 0xff, 0xff, 0xff,
    0xff, 0x3c, 0xff, 0xff, 0xff, 0xff, 0xff, 0xff,
    0xff, 0xf3, 0xcf, 0xe0, 0x0, 0x0, 0x0, 0x0,
    0x9, 0xff, 0x30, 0x0, 0x0, 0x0, 0x0, 0x0,
    0x0, 0x0, 0x0,

    /* U+8BA4 "认" */
    0x0, 0x0, 0x30, 0x0, 0x0, 0x0, 0x7, 0xa9,
    0x0, 0x0, 0x0, 0x0, 0xa, 0xf7, 0x0, 0x0,
    0x0, 0xc, 0xfe, 0x0, 0x0, 0x0, 0x0, 0x2e,
    0xff, 0x90, 0x0, 0x0, 0xc, 0xfe, 0x0, 0x0,
    0x0, 0x0, 0x2, 0xdf, 0xf9, 0x0, 0x0, 0xc,
    0xfd, 0x0, 0x0, 0x0, 0x0, 0x0, 0x1d, 0xf3,
    0x0, 0x0, 0xd, 0xfd, 0x0, 0x0, 0x0, 0x0,
    0x0, 0x2, 0x40, 0x0, 0x0, 0xd, 0xfc, 0x0,
    0x0, 0x0, 0x0, 0x0, 0x0, 0x0, 0x0, 0x0,
    0xe, 0xfc, 0x0, 0x0, 0x0, 0x2f, 0xff, 0xff,
    0xa0, 0x0, 0x0, 0xf, 0xfd, 0x0, 0x0, 0x0,
    0x2f, 0xff, 0xff, 0xb0, 0x0, 0x0, 0xf, 0xff,
    0x0, 0x0, 0x0, 0x19, 0x99, 0xff, 0xb0, 0x0,
    0x0, 0x2f, 0xff, 0x20, 0x0, 0x0, 0x0, 0x0,
    0xdf, 0xb0, 0x0, 0x0, 0x5f, 0xff, 0x60, 0x0,
    0x0, 0x0, 0x0, 0xdf, 0xb0, 0x0, 0x0, 0x8f,
    0xff, 0xa0, 0x0, 0x0, 0x0, 0x0, 0xdf, 0xb0,
    0x0, 0x0, 0xdf, 0xff, 0xf0, 0x0, 0x0, 0x0,
    0x0, 0xdf, 0xb0, 0x0, 0x2, 0xff, 0xdf, 0xf5,
    0x0, 0x0, 0x0, 0x0, 0xdf, 0xb1, 0x80, 0x9,
    0xff, 0x4d, 0xfc, 0x0, 0x0, 0x0, 0x0, 0xdf,
    0xee, 0xf1, 0x1f, 0xfe, 0x7, 0xff, 0x50, 0x0,
    0x0, 0x0, 0xef, 0xff, 0xf3, 0xbf, 0xf7, 0x0,
    0xef, 0xe1, 0x0, 0x0, 0x3, 0xff, 0xfc, 0x28,
    0xff, 0xd0, 0x0, 0x6f, 0xfd, 0x10, 0x0, 0xd,
    0xff, 0x90, 0x9f, 0xff, 0x30, 0x0, 0xb, 0xff,
    0xd2, 0x0, 0x7, 0xf5, 0x0, 0x6f, 0xf5, 0x0,
    0x0, 0x1, 0xdf, 0xc1, 0x0, 0x0, 0x30, 0x0,
    0x6, 0x50, 0x0, 0x0, 0x0, 0x1a, 0x10,

    /* U+8BBE "设" */
    0x0, 0x1, 0x10, 0x0, 0x0, 0x0, 0x0, 0x0,
    0x0, 0x0, 0x0, 0x0, 0x1d, 0xe3, 0x0, 0x0,
    0x8f, 0xff, 0xff, 0xff, 0x60, 0x0, 0x0, 0x4f,
    0xff, 0x40, 0x0, 0x8f, 0xff, 0xff, 0xff, 0x60,
    0x0, 0x0, 0x4, 0xff, 0xf3, 0x0, 0x8f, 0xf7,
    0x78, 0xff, 0x60, 0x0, 0x0, 0x0, 0x4f, 0xe1,
    0x0, 0xaf, 0xe0, 0x1, 0xff, 0x60, 0x0, 0x0,
    0x0, 0x5, 0x20, 0x0, 0xef, 0xb0, 0x1, 0xff,
    0x60, 0x0, 0x0, 0x0, 0x0, 0x0, 0xb, 0xff,
    0x50, 0x1, 0xff, 0x94, 0x40, 0xe, 0xef, 0xfe,
    0x14, 0xef, 0xfc, 0x0, 0x0, 0xef, 0xff, 0xf2,
    0x1f, 0xff, 0xff, 0x11, 0xdf, 0xc1, 0x0, 0x0,
    0x4d, 0xff, 0xe3, 0xa, 0xac, 0xff, 0x10, 0x38,
    0x22, 0x22, 0x22, 0x22, 0x30, 0x0, 0x0, 0x6,
    0xff, 0x10, 0xaf, 0xff, 0xff, 0xff, 0xff, 0xfe,
    0x20, 0x0, 0x6, 0xff, 0x10, 0xaf, 0xff, 0xff,
    0xff, 0xff, 0xff, 0x0, 0x0, 0x6, 0xff, 0x10,
    0x3b, 0xfd, 0x55, 0x55, 0x7f, 0xf9, 0x0, 0x0,
    0x6, 0xff, 0x10, 0x6, 0xff, 0x50, 0x0, 0xcf,
    0xf1, 0x0, 0x0, 0x6, 0xff, 0x3c, 0x20, 0xcf,
    0xf4, 0x9, 0xff, 0x70, 0x0, 0x0, 0x6, 0xff,
    0xef, 0x90, 0x1e, 0xff, 0xbf, 0xfb, 0x0, 0x0,
    0x0, 0x7, 0xff, 0xff, 0x50, 0x3, 0xff, 0xff,
    0xc0, 0x0, 0x0, 0x0, 0xc, 0xff, 0xf4, 0x0,
    0x5b, 0xff, 0xff, 0xf9, 0x30, 0x0, 0x0, 0x4f,
    0xfe, 0x26, 0xbf, 0xff, 0xfe, 0xcf, 0xff, 0xfe,
    0x93, 0x0, 0xc, 0xd1, 0x8, 0xff, 0xfe, 0x70,
    0x4, 0xcf, 0xff, 0xe0, 0x0, 0x3, 0x10, 0x1,
    0xd9, 0x40, 0x0, 0x0, 0x3, 0x9d, 0x40,

    /* U+8BD5 "试" */
    0x0, 0x20, 0x0, 0x0, 0x0, 0x0, 0x4, 0x88,
    0x12, 0x10, 0x0, 0x3e, 0xd1, 0x0, 0x0, 0x0,
    0x0, 0x8f, 0xf8, 0xfd, 0x0, 0x7, 0xff, 0xe2,
    0x0, 0x0, 0x0, 0x7, 0xff, 0x4e, 0xfa, 0x0,
    0x7, 0xff, 0xe1, 0x0, 0x0, 0x0, 0x7f, 0xf2,
    0x5f, 0xe1, 0x0, 0x7, 0xfb, 0x27, 0x77, 0x77,
    0x7b, 0xff, 0x97, 0xe8, 0x10, 0x0, 0x6, 0x4,
    0xff, 0xff, 0xff, 0xff, 0xff, 0xff, 0xf4, 0x0,
    0x0, 0x0, 0x4f, 0xff, 0xff, 0xff, 0xff, 0xff,
    0xff, 0x4e, 0xff, 0xff, 0x20, 0x0, 0x0, 0x0,
    0x5f, 0xf4, 0x0, 0x0, 0xef, 0xff, 0xf3, 0x0,
    0x0, 0x0, 0x4, 0xff, 0x50, 0x0, 0x8, 0x9b,
    0xff, 0x30, 0x46, 0x66, 0x66, 0x4f, 0xf6, 0x0,
    0x0, 0x0, 0x5f, 0xf3, 0xb, 0xff, 0xff, 0xf4,
    0xff, 0x70, 0x0, 0x0, 0x5, 0xff, 0x30, 0xbf,
    0xff, 0xff, 0x3f, 0xf9, 0x0, 0x0, 0x0, 0x5f,
    0xf3, 0x0, 0xe, 0xf8, 0x0, 0xff, 0xa0, 0x0,
    0x0, 0x5, 0xff, 0x30, 0x0, 0xef, 0x80, 0xd,
    0xfc, 0x0, 0x0, 0x0, 0x5f, 0xf3, 0x0, 0xe,
    0xf8, 0x0, 0xbf, 0xe0, 0x40, 0x0, 0x5, 0xff,
    0x4b, 0x30, 0xef, 0x80, 0x38, 0xff, 0x19, 0xc2,
    0x0, 0x5f, 0xff, 0xf7, 0xf, 0xfe, 0xfe, 0x5f,
    0xf5, 0xbf, 0x60, 0xa, 0xff, 0xff, 0xef, 0xff,
    0xff, 0xf2, 0xff, 0xdf, 0xf3, 0x4, 0xff, 0xfb,
    0x1c, 0xff, 0xfb, 0x72, 0xc, 0xff, 0xff, 0x0,
    0xd, 0xf6, 0x0, 0x79, 0x50, 0x0, 0x0, 0x4f,
    0xff, 0x90, 0x0, 0x52, 0x0, 0x0, 0x0, 0x0,
    0x0, 0x0, 0x7f, 0xc1, 0x0,

    /* U+8BE6 "详" */
    0x0, 0x1, 0x0, 0x0, 0x0, 0x2, 0x40, 0x0,
    0x1, 0x73, 0x0, 0x0, 0x1e, 0xb1, 0x0, 0x0,
    0x8f, 0xf2, 0x0, 0x5, 0xff, 0x70, 0x0, 0x9f,
    0xfd, 0x20, 0x0, 0x3f, 0xfb, 0x0, 0xb, 0xff,
    0x10, 0x0, 0xa, 0xff, 0xe2, 0x0, 0xb, 0xff,
    0x20, 0x2f, 0xf9, 0x0, 0x0, 0x0, 0x9f, 0xd1,
    0x6, 0x7a, 0xfb, 0x77, 0xbf, 0xf9, 0x71, 0x0,
    0x0, 0x8, 0x20, 0xe, 0xff, 0xff, 0xff, 0xff,
    0xff, 0xf2, 0x0, 0x0, 0x0, 0x0, 0xd, 0xff,
    0xff, 0xff, 0xff, 0xff, 0xf2, 0x1c, 0xcc, 0xdc,
    0x50, 0x0, 0x0, 0x1, 0xff, 0x90, 0x0, 0x0,
    0x1f, 0xff, 0xff, 0x60, 0x0, 0x0, 0x2, 0xff,
    0xa0, 0x0, 0x0, 0xa, 0xab, 0xff, 0x60, 0x3,
    0xff, 0xff, 0xff, 0xff, 0xff, 0x80, 0x0, 0x2,
    0xff, 0x60, 0x3, 0xff, 0xff, 0xff, 0xff, 0xff,
    0x80, 0x0, 0x2, 0xff, 0x60, 0x1, 0x55, 0x56,
    0xff, 0xc5, 0x55, 0x20, 0x0, 0x2, 0xff, 0x60,
    0x0, 0x0, 0x1, 0xff, 0x90, 0x0, 0x0, 0x0,
    0x2, 0xff, 0x60, 0x27, 0x77, 0x78, 0xff, 0xc7,
    0x77, 0x74, 0x0, 0x2, 0xff, 0x61, 0x8f, 0xff,
    0xff, 0xff, 0xff, 0xff, 0xf8, 0x0, 0x2, 0xff,
    0xae, 0xef, 0xff, 0xff, 0xff, 0xff, 0xff, 0xf8,
    0x0, 0x2, 0xff, 0xff, 0xe0, 0x0, 0x1, 0xff,
    0x90, 0x0, 0x0, 0x0, 0x4, 0xff, 0xfe, 0x30,
    0x0, 0x1, 0xff, 0x90, 0x0, 0x0, 0x0, 0xc,
    0xff, 0xb1, 0x0, 0x0, 0x1, 0xff, 0x90, 0x0,
    0x0, 0x0, 0xc, 0xf9, 0x0, 0x0, 0x0, 0x1,
    0xff, 0x90, 0x0, 0x0, 0x0, 0x1, 0x70, 0x0,
    0x0, 0x0, 0x1, 0xff, 0x90, 0x0, 0x0,

    /* U+8D25 "败" */
    0x0, 0x0, 0x0, 0x0, 0x0, 0x0, 0x1, 0x0,
    0x0, 0x0, 0x0, 0x1, 0x66, 0x66, 0x66, 0x66,
    0x20, 0x8, 0xfc, 0x0, 0x0, 0x0, 0x3, 0xff,
    0xff, 0xff, 0xff, 0x40, 0xc, 0xfc, 0x0, 0x0,
    0x0, 0x3, 0xff, 0xee, 0xee, 0xff, 0x40, 0x1f,
    0xf7, 0x0, 0x0, 0x0, 0x3, 0xfe, 0x4, 0x40,
    0xef, 0x40, 0x6f, 0xfe, 0xee, 0xee, 0xe2, 0x3,
    0xfe, 0x1f, 0xf1, 0xef, 0x40, 0xcf, 0xff, 0xff,
    0xff, 0xf2, 0x3, 0xfe, 0x1f, 0xf1, 0xef, 0x43,
    0xff, 0xa7, 0x7a, 0xff, 0x71, 0x3, 0xfe, 0x1f,
    0xf1, 0xef, 0x4b, 0xff, 0x10, 0x7, 0xfd, 0x0,
    0x3, 0xfe, 0x1f, 0xf1, 0xef, 0xaf, 0xfe, 0x0,
    0x9, 0xfa, 0x0, 0x3, 0xfe, 0x1f, 0xf1, 0xef,
    0xef, 0xff, 0x30, 0xc, 0xf7, 0x0, 0x3, 0xfe,
    0x1f, 0xf1, 0xef, 0x6e, 0xff, 0x80, 0xf, 0xf4,
    0x0, 0x3, 0xfe, 0x1f, 0xf1, 0xef, 0x44, 0x7f,
    0xe0, 0x4f, 0xf0, 0x0, 0x3, 0xfe, 0x2f, 0xf0,
    0xef, 0x40, 0x1f, 0xf6, 0xaf, 0xb0, 0x0, 0x3,
    0xfe, 0x4f, 0xf0, 0xef, 0x40, 0xa, 0xfe, 0xff,
    0x60, 0x0, 0x3, 0xfe, 0x7f, 0xc0, 0xef, 0x40,
    0x2, 0xff, 0xff, 0x0, 0x0, 0x0, 0x22, 0xbf,
    0x81, 0x21, 0x0, 0x0, 0xaf, 0xf9, 0x0, 0x0,
    0x0, 0x3, 0xff, 0x8f, 0xc0, 0x0, 0x0, 0xdf,
    0xfe, 0x20, 0x0, 0x0, 0xc, 0xfc, 0x2f, 0xf7,
    0x0, 0x1c, 0xff, 0xff, 0xe3, 0x0, 0x0, 0xbf,
    0xf3, 0x7, 0xff, 0x33, 0xdf, 0xf9, 0x6f, 0xff,
    0x70, 0xd, 0xff, 0x60, 0x0, 0xdf, 0x7d, 0xff,
    0x90, 0x6, 0xff, 0xf3, 0x3, 0xe6, 0x0, 0x0,
    0x43, 0x2, 0xe6, 0x0, 0x0, 0x3d, 0x60, 0x0,
    0x0, 0x0, 0x0, 0x0, 0x0, 0x0, 0x0, 0x0,
    0x0, 0x0,

    /* U+8EAB "身" */
    0x0, 0x0, 0x0, 0x0, 0x3, 0x75, 0x30, 0x0,
    0x0, 0x0, 0x0, 0x0, 0x0, 0x0, 0x0, 0x9,
    0xff, 0x80, 0x0, 0x0, 0x0, 0x0, 0x0, 0x0,
    0x46, 0x66, 0x6e, 0xff, 0x76, 0x67, 0x63, 0x0,
    0x0, 0x0, 0x0, 0xaf, 0xff, 0xff, 0xff, 0xff,
    0xff, 0xf9, 0x0, 0x0, 0x0, 0x0, 0xaf, 0xfe,
    0xee, 0xee, 0xee, 0xef, 0xf9, 0x0, 0x0, 0x0,
    0x0, 0xaf, 0xf0, 0x0, 0x0, 0x0, 0x1f, 0xf9,
    0x0, 0x0, 0x0, 0x0, 0xaf, 0xff, 0xff, 0xff,
    0xff, 0xff, 0xf9, 0x0, 0x0, 0x0, 0x0, 0xaf,
    0xfd, 0xdd, 0xdd, 0xdd, 0xdf, 0xf9, 0x36, 0x0,
    0x0, 0x0, 0xaf, 0xf0, 0x0, 0x0, 0x0, 0xf,
    0xf9, 0xdf, 0xe0, 0x0, 0x0, 0xaf, 0xfe, 0xee,
    0xee, 0xee, 0xef, 0xff, 0xff, 0x70, 0x0, 0x0,
    0xaf, 0xff, 0xff, 0xff, 0xff, 0xff, 0xff, 0xfa,
    0x0, 0x0, 0x0, 0xaf, 0xf0, 0x0, 0x0, 0x0,
    0xf, 0xff, 0xc0, 0x0, 0x3, 0x77, 0xcf, 0xf7,
    0x77, 0x77, 0x77, 0xaf, 0xfd, 0x10, 0x0, 0x7,
    0xff, 0xff, 0xff, 0xff, 0xff, 0xff, 0xff, 0xf9,
    0x0, 0x0, 0x6, 0xdd, 0xdd, 0xdd, 0xdd, 0xdf,
    0xff, 0xff, 0xf9, 0x0, 0x0, 0x0, 0x0, 0x0,
    0x0, 0x3, 0xcf, 0xff, 0x7f, 0xf9, 0x0, 0x0,
    0x0, 0x0, 0x0, 0x3, 0xaf, 0xff, 0xc2, 0xf,
    0xf9, 0x0, 0x0, 0x0, 0x0, 0x6, 0xcf, 0xff,
    0xe6, 0x0, 0xf, 0xf9, 0x0, 0x0, 0x1, 0x5a,
    0xff, 0xff, 0xe7, 0x9, 0x99, 0xaf, 0xf8, 0x0,
    0x0, 0xb, 0xff, 0xff, 0xd6, 0x0, 0x9, 0xff,
    0xff, 0xf5, 0x0, 0x0, 0x1, 0xde, 0x93, 0x0,
    0x0, 0x4, 0xff, 0xec, 0x60, 0x0, 0x0, 0x0,
    0x10, 0x0, 0x0, 0x0, 0x0, 0x0, 0x0, 0x0,
    0x0, 0x0,

    /* U+8FD1 "近" */
    0x0, 0x1, 0x0, 0x0, 0x0, 0x0, 0x0, 0x0,
    0x14, 0x71, 0x0, 0x2, 0xbe, 0x20, 0x0, 0x37,
    0x88, 0x9a, 0xce, 0xff, 0xfd, 0x20, 0x4, 0xff,
    0xe1, 0x0, 0x6f, 0xff, 0xff, 0xff, 0xff, 0xfc,
    0x70, 0x0, 0x5f, 0xfd, 0x0, 0x6f, 0xfd, 0xba,
    0x97, 0x53, 0x0, 0x0, 0x0, 0x8, 0xff, 0x60,
    0x6f, 0xf4, 0x0, 0x0, 0x0, 0x0, 0x0, 0x0,
    0x0, 0xb6, 0x0, 0x6f, 0xf4, 0x0, 0x0, 0x0,
    0x0, 0x0, 0x0, 0x0, 0x0, 0x0, 0x6f, 0xfa,
    0x88, 0x88, 0x88, 0x88, 0x81, 0x0, 0x0, 0x0,
    0x0, 0x7f, 0xff, 0xff, 0xff, 0xff, 0xff, 0xf3,
    0xf, 0xff, 0xff, 0x10, 0x7f, 0xfd, 0xcc, 0xdf,
    0xfe, 0xcc, 0xc2, 0xf, 0xff, 0xff, 0x10, 0x8f,
    0xf2, 0x0, 0x1f, 0xf8, 0x0, 0x0, 0xa, 0xad,
    0xff, 0x10, 0xaf, 0xf0, 0x0, 0x1f, 0xf8, 0x0,
    0x0, 0x0, 0x8, 0xff, 0x10, 0xcf, 0xe0, 0x0,
    0x1f, 0xf8, 0x0, 0x0, 0x0, 0x8, 0xff, 0x10,
    0xff, 0xb0, 0x0, 0x1f, 0xf8, 0x0, 0x0, 0x0,
    0x8, 0xff, 0x14, 0xff, 0x80, 0x0, 0x1f, 0xf8,
    0x0, 0x0, 0x0, 0x8, 0xff, 0x1a, 0xff, 0x30,
    0x0, 0x1f, 0xf8, 0x0, 0x0, 0x0, 0x8, 0xff,
    0x2e, 0xfd, 0x0, 0x0, 0x1f, 0xf8, 0x0, 0x0,
    0x0, 0x5e, 0xff, 0x82, 0xc5, 0x0, 0x0, 0x1f,
    0xf8, 0x0, 0x0, 0x9, 0xff, 0xff, 0xfd, 0x73,
    0x10, 0x0, 0x0, 0x1, 0x23, 0x53, 0x4f, 0xfe,
    0x37, 0xff, 0xff, 0xff, 0xff, 0xff, 0xff, 0xff,
    0xf4, 0xb, 0xf3, 0x0, 0x2a, 0xff, 0xff, 0xff,
    0xff, 0xff, 0xff, 0xf0, 0x1, 0x70, 0x0, 0x0,
    0x3, 0x67, 0x88, 0x87, 0x76, 0x65, 0x40,

    /* U+91CD "重" */
    0x0, 0x0, 0x0, 0x0, 0x1, 0x23, 0x46, 0x79,
    0xbb, 0x0, 0x0, 0x1, 0xdd, 0xef, 0xff, 0xff,
    0xff, 0xff, 0xff, 0xf6, 0x0, 0x0, 0xd, 0xff,
    0xff, 0xff, 0xff, 0xdc, 0xa9, 0x75, 0x20, 0x0,
    0x0, 0x23, 0x32, 0x11, 0x9f, 0xf1, 0x0, 0x0,
    0x0, 0x0, 0xf, 0xff, 0xff, 0xff, 0xff, 0xff,
    0xff, 0xff, 0xff, 0xff, 0xb0, 0xff, 0xff, 0xff,
    0xff, 0xff, 0xff, 0xff, 0xff, 0xff, 0xfc, 0x2,
    0x22, 0x22, 0x22, 0x2a, 0xff, 0x42, 0x22, 0x22,
    0x22, 0x20, 0x0, 0x9f, 0xff, 0xff, 0xff, 0xff,
    0xff, 0xff, 0xfb, 0x0, 0x0, 0xa, 0xff, 0xcc,
    0xce, 0xff, 0xcc, 0xcc, 0xff, 0xc0, 0x0, 0x0,
    0xaf, 0xf4, 0x44, 0xbf, 0xf4, 0x44, 0x4f, 0xfc,
    0x0, 0x0, 0xa, 0xff, 0xff, 0xff, 0xff, 0xff,
    0xff, 0xff, 0xc0, 0x0, 0x0, 0xaf, 0xf5, 0x55,
    0xbf, 0xf6, 0x55, 0x5f, 0xfc, 0x0, 0x0, 0xa,
    0xff, 0xbb, 0xbe, 0xff, 0xbb, 0xbb, 0xff, 0xc0,
    0x0, 0x0, 0xaf, 0xff, 0xff, 0xff, 0xff, 0xff,
    0xff, 0xfc, 0x0, 0x0, 0x0, 0x11, 0x11, 0x1a,
    0xff, 0x21, 0x11, 0x11, 0x0, 0x0, 0x8, 0xff,
    0xff, 0xff, 0xff, 0xff, 0xff, 0xff, 0xff, 0x70,
    0x0, 0x7f, 0xff, 0xff, 0xff, 0xff, 0xff, 0xff,
    0xff, 0xf7, 0x0, 0x0, 0x0, 0x0, 0x0, 0x9f,
    0xf1, 0x0, 0x0, 0x0, 0x0, 0x2f, 0xff, 0xff,
    0xff, 0xff, 0xff, 0xff, 0xff, 0xff, 0xff, 0xd2,
    0xff, 0xff, 0xff, 0xff, 0xff, 0xff, 0xff, 0xff,
    0xff, 0xfe, 0x2, 0x22, 0x22, 0x22, 0x22, 0x22,
    0x22, 0x22, 0x22, 0x22, 0x20,

    /* U+9644 "附" */
    0x0, 0x0, 0x0, 0x0, 0x0, 0x87, 0x20, 0x0,
    0x35, 0x40, 0x5, 0xff, 0xff, 0xf9, 0x10, 0x1f,
    0xf8, 0x0, 0x9, 0xfe, 0x0, 0x6f, 0xff, 0xff,
    0xf4, 0x6, 0xff, 0x30, 0x0, 0x9f, 0xe0, 0x6,
    0xff, 0x6a, 0xff, 0x0, 0xdf, 0xc0, 0x0, 0x9,
    0xfe, 0x0, 0x6f, 0xe0, 0x9f, 0xb0, 0x5f, 0xf5,
    0x0, 0x0, 0x9f, 0xe0, 0x6, 0xfe, 0xd, 0xf7,
    0xd, 0xff, 0x3f, 0xff, 0xff, 0xff, 0xf8, 0x6f,
    0xe1, 0xff, 0x28, 0xff, 0xf3, 0xff, 0xff, 0xff,
    0xff, 0x86, 0xfe, 0x5f, 0xd3, 0xff, 0xff, 0x17,
    0x77, 0x7c, 0xff, 0x74, 0x6f, 0xe6, 0xfd, 0x8f,
    0xff, 0xf0, 0x0, 0x0, 0x9f, 0xe0, 0x6, 0xfe,
    0xd, 0xf7, 0xdd, 0xff, 0x6, 0xc1, 0x9, 0xfe,
    0x0, 0x6f, 0xe0, 0x8f, 0xc2, 0x5f, 0xf0, 0xff,
    0x70, 0x9f, 0xe0, 0x6, 0xfe, 0x4, 0xff, 0x5,
    0xff, 0x9, 0xfe, 0x9, 0xfe, 0x0, 0x6f, 0xe0,
    0x3f, 0xf1, 0x5f, 0xf0, 0x2f, 0xf4, 0x9f, 0xe0,
    0x6, 0xfe, 0x5, 0xff, 0x15, 0xff, 0x0, 0xcf,
    0xa9, 0xfe, 0x0, 0x6f, 0xe9, 0xff, 0xe0, 0x5f,
    0xf0, 0x6, 0x81, 0x9f, 0xe0, 0x6, 0xfe, 0x7f,
    0xf7, 0x5, 0xff, 0x0, 0x0, 0x9, 0xfe, 0x0,
    0x6f, 0xe2, 0x63, 0x0, 0x5f, 0xf0, 0x0, 0x0,
    0x9f, 0xe0, 0x6, 0xfe, 0x0, 0x0, 0x5, 0xff,
    0x0, 0x0, 0x9, 0xfe, 0x0, 0x6f, 0xe0, 0x0,
    0x0, 0x5f, 0xf0, 0x1, 0x99, 0xef, 0xe0, 0x6,
    0xfe, 0x0, 0x0, 0x5, 0xff, 0x0, 0xd, 0xff,
    0xfb, 0x0, 0x6f, 0xe0, 0x0, 0x0, 0x5f, 0xf0,
    0x0, 0x9f, 0xea, 0x10, 0x0, 0x11, 0x0, 0x0,
    0x0, 0x0, 0x0, 0x0, 0x0, 0x0, 0x0,

    /* U+9650 "限" */
    0x0, 0x0, 0x0, 0x0, 0x0, 0x0, 0x0, 0x0,
    0x0, 0x0, 0x4, 0xff, 0xff, 0xfe, 0x64, 0xff,
    0xff, 0xff, 0xff, 0xf9, 0x0, 0x5f, 0xff, 0xff,
    0xfe, 0x5f, 0xff, 0xff, 0xff, 0xff, 0xa0, 0x5,
    0xff, 0x66, 0xff, 0x95, 0xff, 0x75, 0x55, 0x5f,
    0xfa, 0x0, 0x5f, 0xf0, 0x2f, 0xf4, 0x5f, 0xf4,
    0x0, 0x0, 0xef, 0xa0, 0x5, 0xff, 0x6, 0xfe,
    0x5, 0xff, 0xff, 0xff, 0xff, 0xfa, 0x0, 0x5f,
    0xf0, 0xaf, 0x90, 0x5f, 0xff, 0xff, 0xff, 0xff,
    0xa0, 0x5, 0xff, 0xf, 0xf4, 0x5, 0xff, 0x63,
    0x33, 0x3f, 0xfa, 0x0, 0x5f, 0xf0, 0xcf, 0xa0,
    0x5f, 0xf4, 0x0, 0x0, 0xef, 0xa0, 0x5, 0xff,
    0x2, 0xff, 0x35, 0xff, 0xff, 0xff, 0xff, 0xfa,
    0x0, 0x5f, 0xf0, 0xc, 0xf8, 0x5f, 0xff, 0xff,
    0xff, 0xff, 0xa0, 0x5, 0xff, 0x0, 0x9f, 0xb5,
    0xff, 0x79, 0xff, 0x55, 0x56, 0x0, 0x5f, 0xf0,
    0x9, 0xfc, 0x5f, 0xf4, 0x1f, 0xf3, 0xb, 0xe2,
    0x5, 0xff, 0x26, 0xef, 0xa5, 0xff, 0x40, 0xcf,
    0xbd, 0xff, 0xa0, 0x5f, 0xf3, 0xff, 0xf6, 0x5f,
    0xf4, 0x7, 0xff, 0xff, 0x80, 0x5, 0xff, 0xd,
    0xc7, 0x5, 0xff, 0x40, 0x1f, 0xff, 0x30, 0x0,
    0x5f, 0xf0, 0x0, 0x0, 0x5f, 0xf4, 0x0, 0x9f,
    0xf8, 0x0, 0x5, 0xff, 0x0, 0x0, 0x5, 0xff,
    0x9a, 0xe6, 0xef, 0xf9, 0x0, 0x5f, 0xf0, 0x0,
    0x0, 0xcf, 0xff, 0xff, 0x54, 0xff, 0xfd, 0x25,
    0xff, 0x0, 0x0, 0x1e, 0xff, 0xfd, 0x92, 0x5,
    0xff, 0xa0, 0x5f, 0xf0, 0x0, 0x0, 0x8c, 0x62,
    0x0, 0x0, 0x3, 0xc0, 0x0, 0x0, 0x0, 0x0,
    0x0, 0x0, 0x0, 0x0, 0x0, 0x0, 0x0,

    /* U+9879 "项" */
    0x0, 0x0, 0x0, 0x0, 0xaf, 0xff, 0xff, 0xff,
    0xff, 0xff, 0xf1, 0x15, 0x55, 0x55, 0x55, 0xbf,
    0xff, 0xff, 0xff, 0xff, 0xff, 0xf1, 0x3f, 0xff,
    0xff, 0xff, 0x66, 0x66, 0xaf, 0xfc, 0x66, 0x66,
    0x60, 0x3f, 0xff, 0xff, 0xff, 0x20, 0x0, 0xbf,
    0xf3, 0x0, 0x0, 0x0, 0x0, 0xa, 0xff, 0x0,
    0x1f, 0xff, 0xff, 0xff, 0xff, 0xff, 0x0, 0x0,
    0xa, 0xff, 0x0, 0x1f, 0xff, 0xff, 0xff, 0xff,
    0xff, 0x0, 0x0, 0xa, 0xff, 0x0, 0x1f, 0xfa,
    0x55, 0x55, 0x5d, 0xff, 0x0, 0x0, 0xa, 0xff,
    0x0, 0x1f, 0xf8, 0xb, 0xd9, 0xb, 0xff, 0x0,
    0x0, 0xa, 0xff, 0x0, 0x1f, 0xf8, 0xe, 0xfc,
    0xb, 0xff, 0x0, 0x0, 0xa, 0xff, 0x0, 0x1f,
    0xf8, 0xe, 0xfc, 0xb, 0xff, 0x0, 0x0, 0xa,
    0xff, 0x0, 0x1f, 0xf8, 0xe, 0xfc, 0xb, 0xff,
    0x0, 0x0, 0xa, 0xff, 0x5a, 0x4f, 0xf8, 0xe,
    0xfc, 0xb, 0xff, 0x0, 0x0, 0x4d, 0xff, 0xff,
    0x6f, 0xf8, 0xf, 0xfb, 0xb, 0xff, 0x0, 0x6f,
    0xff, 0xff, 0xfb, 0x4f, 0xf8, 0x3f, 0xf8, 0xb,
    0xff, 0x0, 0x4f, 0xff, 0xc7, 0x10, 0x6, 0x63,
    0xaf, 0xf3, 0x24, 0x55, 0x0, 0x1d, 0x82, 0x0,
    0x0, 0x0, 0x7, 0xff, 0xc4, 0xfd, 0x30, 0x0,
    0x0, 0x0, 0x0, 0x0, 0x3, 0xbf, 0xfe, 0x18,
    0xff, 0xf8, 0x0, 0x0, 0x0, 0x0, 0x17, 0xcf,
    0xff, 0xc2, 0x0, 0x3d, 0xff, 0xc1, 0x0, 0x0,
    0x0, 0xc, 0xff, 0xe7, 0x0, 0x0, 0x0, 0xbf,
    0xb0, 0x0, 0x0, 0x0, 0x1, 0xb6, 0x0, 0x0,
    0x0, 0x0, 0x6, 0x0,

    /* U+9AA8 "骨" */
    0x0, 0x7, 0xdd, 0xdd, 0xdd, 0xdd, 0xdd, 0xdd,
    0x80, 0x0, 0x0, 0x8, 0xff, 0xff, 0xff, 0xff,
    0xff, 0xff, 0x90, 0x0, 0x0, 0x8, 0xff, 0x22,
    0x22, 0x22, 0x23, 0xff, 0x90, 0x0, 0x0, 0x8,
    0xff, 0xff, 0xff, 0xf6, 0x1, 0xff, 0x90, 0x0,
    0x0, 0x8, 0xff, 0xaa, 0xaf, 0xf7, 0x1, 0xff,
    0x90, 0x0, 0x0, 0x8, 0xff, 0x0, 0xe, 0xf7,
    0x2, 0xff, 0x90, 0x0, 0x7f, 0xff, 0xff, 0xff,
    0xff, 0xff, 0xff, 0xff, 0xff, 0xfc, 0x7f, 0xff,
    0xff, 0xff, 0xff, 0xff, 0xff, 0xff, 0xff, 0xfc,
    0x7f, 0xf3, 0x44, 0x44, 0x44, 0x44, 0x44, 0x44,
    0x4b, 0xfc, 0x7f, 0xec, 0xff, 0xff, 0xff, 0xff,
    0xff, 0xff, 0xfa, 0xfc, 0x4a, 0x9c, 0xff, 0xff,
    0xff, 0xff, 0xff, 0xff, 0xf7, 0xa8, 0x0, 0xc,
    0xfa, 0x0, 0x0, 0x0, 0x0, 0x9f, 0xf0, 0x0,
    0x0, 0xc, 0xff, 0xff, 0xff, 0xff, 0xff, 0xff,
    0xf0, 0x0, 0x0, 0xc, 0xfe, 0xcc, 0xcc, 0xcc,
    0xcc, 0xef, 0xf0, 0x0, 0x0, 0xc, 0xfa, 0x0,
    0x0, 0x0, 0x0, 0x9f, 0xf0, 0x0, 0x0, 0xc,
    0xff, 0xff, 0xff, 0xff, 0xff, 0xff, 0xf0, 0x0,
    0x0, 0xc, 0xff, 0xdd, 0xdd, 0xdd, 0xdd, 0xef,
    0xf0, 0x0, 0x0, 0xc, 0xfa, 0x0, 0x0, 0x1,
    0x11, 0xaf, 0xf0, 0x0, 0x0, 0xc, 0xfa, 0x0,
    0x0, 0xa, 0xff, 0xff, 0xd0, 0x0, 0x0, 0xc,
    0xfa, 0x0, 0x0, 0x4, 0xff, 0xeb, 0x30, 0x0,

    /* U+9ABC "骼" */
    0x0, 0x0, 0x0, 0x0, 0x0, 0x0, 0x8, 0x40,
    0x0, 0x0, 0x0, 0x0, 0xee, 0xee, 0xee, 0xe2,
    0x0, 0x4f, 0xf2, 0x0, 0x0, 0x0, 0x0, 0xff,
    0xff, 0xff, 0xf2, 0x0, 0xcf, 0xd5, 0x55, 0x56,
    0x10, 0x0, 0xfd, 0x33, 0x2c, 0xf2, 0x6, 0xff,
    0xff, 0xff, 0xff, 0xe1, 0x0, 0xff, 0xff, 0x8b,
    0xf2, 0x2f, 0xff, 0xff, 0xff, 0xff, 0xd0, 0x0,
    0xfe, 0x9f, 0x8b, 0xf3, 0xef, 0xfd, 0x11, 0x18,
    0xff, 0x50, 0x2, 0xfd, 0x3f, 0x9c, 0xf5, 0xdf,
    0xff, 0x90, 0x5f, 0xfc, 0x0, 0xf, 0xff, 0xff,
    0xff, 0xff, 0x53, 0xaf, 0xfb, 0xff, 0xe1, 0x0,
    0xf, 0xf9, 0x99, 0x99, 0xff, 0x20, 0xc, 0xff,
    0xff, 0x30, 0x0, 0xf, 0xfa, 0xaa, 0xab, 0xff,
    0x22, 0x8f, 0xff, 0xff, 0xb4, 0x0, 0x0, 0xdf,
    0xff, 0xff, 0xf9, 0xcf, 0xff, 0xfe, 0xff, 0xff,
    0xe7, 0x0, 0xdf, 0x65, 0x5a, 0xf8, 0xef, 0xff,
    0x90, 0x4d, 0xff, 0xf6, 0x0, 0xdf, 0x54, 0x4a,
    0xf8, 0x9f, 0xf8, 0x55, 0x55, 0xbf, 0xf3, 0x0,
    0xdf, 0xff, 0xff, 0xf8, 0x4f, 0xff, 0xff, 0xff,
    0xff, 0x80, 0x0, 0xdf, 0x87, 0x7b, 0xf8, 0x2f,
    0xff, 0xff, 0xff, 0xff, 0x60, 0x0, 0xdf, 0xa9,
    0x9d, 0xf8, 0x2f, 0xf2, 0x0, 0x0, 0xff, 0x60,
    0x0, 0xdf, 0xee, 0xef, 0xf8, 0x2f, 0xf2, 0x0,
    0x0, 0xff, 0x60, 0x0, 0xdf, 0x10, 0x8, 0xf8,
    0x2f, 0xfe, 0xee, 0xee, 0xff, 0x60, 0x0, 0xdf,
    0x10, 0x8, 0xf8, 0x2f, 0xff, 0xff, 0xff, 0xff,
    0x60, 0x0, 0xdf, 0x13, 0xff, 0xf7, 0x2f, 0xf8,
    0x66, 0x66, 0xff, 0x60, 0x0, 0xdf, 0x10, 0xcd,
    0x91, 0x2f, 0xf2, 0x0, 0x0, 0xff, 0x60, 0x0,
    0x0, 0x0, 0x0, 0x0, 0x1, 0x10, 0x0, 0x0,
    0x0, 0x0
};


/*---------------------
 *  GLYPH DESCRIPTION
 *--------------------*/

static const lv_font_fmt_txt_glyph_dsc_t glyph_dsc[] = {
    {.bitmap_index = 0, .adv_w = 0, .box_w = 0, .box_h = 0, .ofs_x = 0, .ofs_y = 0} /* id = 0 reserved */,
    {.bitmap_index = 0, .adv_w = 80, .box_w = 0, .box_h = 0, .ofs_x = 0, .ofs_y = 0},
    {.bitmap_index = 0, .adv_w = 130, .box_w = 5, .box_h = 17, .ofs_x = 2, .ofs_y = 0},
    {.bitmap_index = 43, .adv_w = 202, .box_w = 10, .box_h = 9, .ofs_x = 1, .ofs_y = 9},
    {.bitmap_index = 88, .adv_w = 208, .box_w = 13, .box_h = 17, .ofs_x = 0, .ofs_y = 0},
    {.bitmap_index = 199, .adv_w = 208, .box_w = 11, .box_h = 23, .ofs_x = 1, .ofs_y = -3},
    {.bitmap_index = 326, .adv_w = 339, .box_w = 21, .box_h = 17, .ofs_x = 0, .ofs_y = 0},
    {.bitmap_index = 505, .adv_w = 260, .box_w = 16, .box_h = 17, .ofs_x = 0, .ofs_y = 0},
    {.bitmap_index = 641, .adv_w = 114, .box_w = 5, .box_h = 9, .ofs_x = 1, .ofs_y = 9},
    {.bitmap_index = 664, .adv_w = 133, .box_w = 7, .box_h = 24, .ofs_x = 1, .ofs_y = -5},
    {.bitmap_index = 748, .adv_w = 133, .box_w = 6, .box_h = 24, .ofs_x = 1, .ofs_y = -5},
    {.bitmap_index = 820, .adv_w = 178, .box_w = 10, .box_h = 9, .ofs_x = 1, .ofs_y = 9},
    {.bitmap_index = 865, .adv_w = 208, .box_w = 13, .box_h = 13, .ofs_x = 0, .ofs_y = 2},
    {.bitmap_index = 950, .adv_w = 114, .box_w = 5, .box_h = 9, .ofs_x = 1, .ofs_y = -5},
    {.bitmap_index = 973, .adv_w = 130, .box_w = 7, .box_h = 3, .ofs_x = 1, .ofs_y = 5},
    {.bitmap_index = 984, .adv_w = 114, .box_w = 5, .box_h = 5, .ofs_x = 1, .ofs_y = 0},
    {.bitmap_index = 997, .adv_w = 136, .box_w = 8, .box_h = 23, .ofs_x = 0, .ofs_y = -5},
    {.bitmap_index = 1089, .adv_w = 208, .box_w = 13, .box_h = 17, .ofs_x = 0, .ofs_y = 0},
    {.bitmap_index = 1200, .adv_w = 208, .box_w = 11, .box_h = 17, .ofs_x = 1, .ofs_y = 0},
    {.bitmap_index = 1294, .adv_w = 208, .box_w = 12, .box_h = 17, .ofs_x = 0, .ofs_y = 0},
    {.bitmap_index = 1396, .adv_w = 208, .box_w = 12, .box_h = 17, .ofs_x = 0, .ofs_y = 0},
    {.bitmap_index = 1498, .adv_w = 208, .box_w = 13, .box_h = 17, .ofs_x = 0, .ofs_y = 0},
    {.bitmap_index = 1609, .adv_w = 208, .box_w = 12, .box_h = 17, .ofs_x = 0, .ofs_y = 0},
    {.bitmap_index = 1711, .adv_w = 208, .box_w = 12, .box_h = 17, .ofs_x = 1, .ofs_y = 0},
    {.bitmap_index = 1813, .adv_w = 208, .box_w = 11, .box_h = 17, .ofs_x = 1, .ofs_y = 0},
    {.bitmap_index = 1907, .adv_w = 208, .box_w = 11, .box_h = 17, .ofs_x = 1, .ofs_y = 0},
    {.bitmap_index = 2001, .adv_w = 208, .box_w = 12, .box_h = 17, .ofs_x = 0, .ofs_y = 0},
    {.bitmap_index = 2103, .adv_w = 114, .box_w = 5, .box_h = 13, .ofs_x = 1, .ofs_y = 0},
    {.bitmap_index = 2136, .adv_w = 114, .box_w = 5, .box_h = 18, .ofs_x = 1, .ofs_y = -5},
    {.bitmap_index = 2181, .adv_w = 208, .box_w = 13, .box_h = 13, .ofs_x = 0, .ofs_y = 2},
    {.bitmap_index = 2266, .adv_w = 208, .box_w = 13, .box_h = 9, .ofs_x = 0, .ofs_y = 4},
    {.bitmap_index = 2325, .adv_w = 208, .box_w = 13, .box_h = 13, .ofs_x = 0, .ofs_y = 2},
    {.bitmap_index = 2410, .adv_w = 181, .box_w = 11, .box_h = 17, .ofs_x = 0, .ofs_y = 0},
    {.bitmap_index = 2504, .adv_w = 354, .box_w = 20, .box_h = 22, .ofs_x = 1, .ofs_y = -5},
    {.bitmap_index = 2724, .adv_w = 226, .box_w = 16, .box_h = 17, .ofs_x = -1, .ofs_y = 0},
    {.bitmap_index = 2860, .adv_w = 240, .box_w = 13, .box_h = 17, .ofs_x = 2, .ofs_y = 0},
    {.bitmap_index = 2971, .adv_w = 231, .box_w = 13, .box_h = 17, .ofs_x = 1, .ofs_y = 0},
    {.bitmap_index = 3082, .adv_w = 251, .box_w = 13, .box_h = 17, .ofs_x = 2, .ofs_y = 0},
    {.bitmap_index = 3193, .adv_w = 216, .box_w = 11, .box_h = 17, .ofs_x = 2, .ofs_y = 0},
    {.bitmap_index = 3287, .adv_w = 206, .box_w = 11, .box_h = 17, .ofs_x = 2, .ofs_y = 0},
    {.bitmap_index = 3381, .adv_w = 252, .box_w = 14, .box_h = 17, .ofs_x = 1, .ofs_y = 0},
    {.bitmap_index = 3500, .adv_w = 266, .box_w = 13, .box_h = 17, .ofs_x = 2, .ofs_y = 0},
    {.bitmap_index = 3611, .adv_w = 116, .box_w = 4, .box_h = 17, .ofs_x = 2, .ofs_y = 0},
    {.bitmap_index = 3645, .adv_w = 200, .box_w = 11, .box_h = 17, .ofs_x = 0, .ofs_y = 0},
    {.bitmap_index = 3739, .adv_w = 241, .box_w = 14, .box_h = 17, .ofs_x = 2, .ofs_y = 0},
    {.bitmap_index = 3858, .adv_w = 203, .box_w = 10, .box_h = 17, .ofs_x = 2, .ofs_y = 0},
    {.bitmap_index = 3943, .adv_w = 300, .box_w = 15, .box_h = 17, .ofs_x = 2, .ofs_y = 0},
    {.bitmap_index = 4071, .adv_w = 264, .box_w = 13, .box_h = 17, .ofs_x = 2, .ofs_y = 0},
    {.bitmap_index = 4182, .adv_w = 271, .box_w = 15, .box_h = 17, .ofs_x = 1, .ofs_y = 0},
    {.bitmap_index = 4310, .adv_w = 235, .box_w = 12, .box_h = 17, .ofs_x = 2, .ofs_y = 0},
    {.bitmap_index = 4412, .adv_w = 271, .box_w = 16, .box_h = 22, .ofs_x = 1, .ofs_y = -5},
    {.bitmap_index = 4588, .adv_w = 240, .box_w = 13, .box_h = 17, .ofs_x = 2, .ofs_y = 0},
    {.bitmap_index = 4699, .adv_w = 220, .box_w = 13, .box_h = 17, .ofs_x = 0, .ofs_y = 0},
    {.bitmap_index = 4810, .adv_w = 220, .box_w = 14, .box_h = 17, .ofs_x = 0, .ofs_y = 0},
    {.bitmap_index = 4929, .adv_w = 263, .box_w = 14, .box_h = 17, .ofs_x = 1, .ofs_y = 0},
    {.bitmap_index = 5048, .adv_w = 218, .box_w = 15, .box_h = 17, .ofs_x = -1, .ofs_y = 0},
    {.bitmap_index = 5176, .adv_w = 322, .box_w = 20, .box_h = 17, .ofs_x = 0, .ofs_y = 0},
    {.bitmap_index = 5346, .adv_w = 221, .box_w = 14, .box_h = 17, .ofs_x = 0, .ofs_y = 0},
    {.bitmap_index = 5465, .adv_w = 204, .box_w = 14, .box_h = 17, .ofs_x = -1, .ofs_y = 0},
    {.bitmap_index = 5584, .adv_w = 216, .box_w = 13, .box_h = 17, .ofs_x = 0, .ofs_y = 0},
    {.bitmap_index = 5695, .adv_w = 133, .box_w = 6, .box_h = 22, .ofs_x = 2, .ofs_y = -4},
    {.bitmap_index = 5761, .adv_w = 136, .box_w = 9, .box_h = 23, .ofs_x = 0, .ofs_y = -5},
    {.bitmap_index = 5865, .adv_w = 133, .box_w = 6, .box_h = 22, .ofs_x = 1, .ofs_y = -4},
    {.bitmap_index = 5931, .adv_w = 208, .box_w = 11, .box_h = 10, .ofs_x = 1, .ofs_y = 7},
    {.bitmap_index = 5986, .adv_w = 200, .box_w = 13, .box_h = 2, .ofs_x = 0, .ofs_y = -4},
    {.bitmap_index = 5999, .adv_w = 220, .box_w = 7, .box_h = 7, .ofs_x = 2, .ofs_y = 14},
    {.bitmap_index = 6024, .adv_w = 208, .box_w = 11, .box_h = 13, .ofs_x = 1, .ofs_y = 0},
    {.bitmap_index = 6096, .adv_w = 227, .box_w = 13, .box_h = 18, .ofs_x = 1, .ofs_y = 0},
    {.bitmap_index = 6213, .adv_w = 186, .box_w = 11, .box_h = 13, .ofs_x = 0, .ofs_y = 0},
    {.bitmap_index = 6285, .adv_w = 227, .box_w = 12, .box_h = 18, .ofs_x = 1, .ofs_y = 0},
    {.bitmap_index = 6393, .adv_w = 205, .box_w = 12, .box_h = 13, .ofs_x = 0, .ofs_y = 0},
    {.bitmap_index = 6471, .adv_w = 131, .box_w = 9, .box_h = 18, .ofs_x = 0, .ofs_y = 0},
    {.bitmap_index = 6552, .adv_w = 210, .box_w = 13, .box_h = 18, .ofs_x = 0, .ofs_y = -5},
    {.bitmap_index = 6669, .adv_w = 225, .box_w = 12, .box_h = 18, .ofs_x = 1, .ofs_y = 0},
    {.bitmap_index = 6777, .adv_w = 107, .box_w = 5, .box_h = 18, .ofs_x = 1, .ofs_y = 0},
    {.bitmap_index = 6822, .adv_w = 108, .box_w = 8, .box_h = 23, .ofs_x = -2, .ofs_y = -5},
    {.bitmap_index = 6914, .adv_w = 213, .box_w = 13, .box_h = 18, .ofs_x = 1, .ofs_y = 0},
    {.bitmap_index = 7031, .adv_w = 111, .box_w = 6, .box_h = 18, .ofs_x = 1, .ofs_y = 0},
    {.bitmap_index = 7085, .adv_w = 339, .box_w = 19, .box_h = 13, .ofs_x = 1, .ofs_y = 0},
    {.bitmap_index = 7209, .adv_w = 226, .box_w = 12, .box_h = 13, .ofs_x = 1, .ofs_y = 0},
    {.bitmap_index = 7287, .adv_w = 220, .box_w = 13, .box_h = 13, .ofs_x = 0, .ofs_y = 0},
    {.bitmap_index = 7372, .adv_w = 227, .box_w = 13, .box_h = 18, .ofs_x = 1, .ofs_y = -5},
    {.bitmap_index = 7489, .adv_w = 227, .box_w = 12, .box_h = 18, .ofs_x = 1, .ofs_y = -5},
    {.bitmap_index = 7597, .adv_w = 154, .box_w = 9, .box_h = 13, .ofs_x = 1, .ofs_y = 0},
    {.bitmap_index = 7656, .adv_w = 174, .box_w = 11, .box_h = 13, .ofs_x = 0, .ofs_y = 0},
    {.bitmap_index = 7728, .adv_w = 148, .box_w = 9, .box_h = 17, .ofs_x = 0, .ofs_y = 0},
    {.bitmap_index = 7805, .adv_w = 224, .box_w = 12, .box_h = 13, .ofs_x = 1, .ofs_y = 0},
    {.bitmap_index = 7883, .adv_w = 203, .box_w = 13, .box_h = 13, .ofs_x = 0, .ofs_y = 0},
    {.bitmap_index = 7968, .adv_w = 304, .box_w = 19, .box_h = 13, .ofs_x = 0, .ofs_y = 0},
    {.bitmap_index = 8092, .adv_w = 198, .box_w = 13, .box_h = 13, .ofs_x = 0, .ofs_y = 0},
    {.bitmap_index = 8177, .adv_w = 202, .box_w = 13, .box_h = 18, .ofs_x = 0, .ofs_y = -5},
    {.bitmap_index = 8294, .adv_w = 180, .box_w = 11, .box_h = 13, .ofs_x = 0, .ofs_y = 0},
    {.bitmap_index = 8366, .adv_w = 133, .box_w = 8, .box_h = 22, .ofs_x = 0, .ofs_y = -4},
    {.bitmap_index = 8454, .adv_w = 104, .box_w = 3, .box_h = 26, .ofs_x = 2, .ofs_y = -6},
    {.bitmap_index = 8493, .adv_w = 133, .box_w = 7, .box_h = 22, .ofs_x = 1, .ofs_y = -4},
    {.bitmap_index = 8570, .adv_w = 208, .box_w = 13, .box_h = 5, .ofs_x = 0, .ofs_y = 6},
    {.bitmap_index = 8603, .adv_w = 352, .box_w = 20, .box_h = 20, .ofs_x = 1, .ofs_y = -2},
    {.bitmap_index = 8803, .adv_w = 352, .box_w = 22, .box_h = 21, .ofs_x = 0, .ofs_y = -2},
    {.bitmap_index = 9034, .adv_w = 352, .box_w = 22, .box_h = 21, .ofs_x = 0, .ofs_y = -2},
    {.bitmap_index = 9265, .adv_w = 352, .box_w = 21, .box_h = 22, .ofs_x = 0, .ofs_y = -2},
    {.bitmap_index = 9496, .adv_w = 352, .box_w = 22, .box_h = 22, .ofs_x = 0, .ofs_y = -3},
    {.bitmap_index = 9738, .adv_w = 352, .box_w = 22, .box_h = 22, .ofs_x = 0, .ofs_y = -3},
    {.bitmap_index = 9980, .adv_w = 352, .box_w = 22, .box_h = 22, .ofs_x = 0, .ofs_y = -3},
    {.bitmap_index = 10222, .adv_w = 352, .box_w = 22, .box_h = 21, .ofs_x = 0, .ofs_y = -2},
    {.bitmap_index = 10453, .adv_w = 352, .box_w = 21, .box_h = 22, .ofs_x = 0, .ofs_y = -3},
    {.bitmap_index = 10684, .adv_w = 352, .box_w = 21, .box_h = 21, .ofs_x = 0, .ofs_y = -2},
    {.bitmap_index = 10905, .adv_w = 352, .box_w = 22, .box_h = 22, .ofs_x = 0, .ofs_y = -3},
    {.bitmap_index = 11147, .adv_w = 352, .box_w = 22, .box_h = 22, .ofs_x = 0, .ofs_y = -3},
    {.bitmap_index = 11389, .adv_w = 352, .box_w = 22, .box_h = 21, .ofs_x = 0, .ofs_y = -2},
    {.bitmap_index = 11620, .adv_w = 352, .box_w = 22, .box_h = 21, .ofs_x = 0, .ofs_y = -2},
    {.bitmap_index = 11851, .adv_w = 352, .box_w = 22, .box_h = 23, .ofs_x = 0, .ofs_y = -3},
    {.bitmap_index = 12104, .adv_w = 352, .box_w = 22, .box_h = 21, .ofs_x = 0, .ofs_y = -2},
    {.bitmap_index = 12335, .adv_w = 352, .box_w = 18, .box_h = 21, .ofs_x = 2, .ofs_y = -2},
    {.bitmap_index = 12524, .adv_w = 352, .box_w = 21, .box_h = 18, .ofs_x = 0, .ofs_y = -1},
    {.bitmap_index = 12713, .adv_w = 352, .box_w = 20, .box_h = 20, .ofs_x = 2, .ofs_y = -2},
    {.bitmap_index = 12913, .adv_w = 352, .box_w = 22, .box_h = 22, .ofs_x = 0, .ofs_y = -2},
    {.bitmap_index = 13155, .adv_w = 352, .box_w = 22, .box_h = 21, .ofs_x = 0, .ofs_y = -2},
    {.bitmap_index = 13386, .adv_w = 352, .box_w = 21, .box_h = 22, .ofs_x = 0, .ofs_y = -3},
    {.bitmap_index = 13617, .adv_w = 352, .box_w = 22, .box_h = 21, .ofs_x = 0, .ofs_y = -2},
    {.bitmap_index = 13848, .adv_w = 352, .box_w = 22, .box_h = 21, .ofs_x = 0, .ofs_y = -2},
    {.bitmap_index = 14079, .adv_w = 352, .box_w = 21, .box_h = 22, .ofs_x = 1, .ofs_y = -3},
    {.bitmap_index = 14310, .adv_w = 352, .box_w = 22, .box_h = 22, .ofs_x = 0, .ofs_y = -3},
    {.bitmap_index = 14552, .adv_w = 352, .box_w = 22, .box_h = 22, .ofs_x = 0, .ofs_y = -3},
    {.bitmap_index = 14794, .adv_w = 352, .box_w = 22, .box_h = 20, .ofs_x = 0, .ofs_y = -2},
    {.bitmap_index = 15014, .adv_w = 352, .box_w = 22, .box_h = 21, .ofs_x = 0, .ofs_y = -2},
    {.bitmap_index = 15245, .adv_w = 352, .box_w = 22, .box_h = 22, .ofs_x = 0, .ofs_y = -3},
    {.bitmap_index = 15487, .adv_w = 352, .box_w = 22, .box_h = 21, .ofs_x = 0, .ofs_y = -2},
    {.bitmap_index = 15718, .adv_w = 352, .box_w = 21, .box_h = 21, .ofs_x = 0, .ofs_y = -2},
    {.bitmap_index = 15939, .adv_w = 352, .box_w = 22, .box_h = 20, .ofs_x = 0, .ofs_y = -2},
    {.bitmap_index = 16159, .adv_w = 352, .box_w = 22, .box_h = 21, .ofs_x = 0, .ofs_y = -3},
    {.bitmap_index = 16390, .adv_w = 352, .box_w = 21, .box_h = 22, .ofs_x = 0, .ofs_y = -3},
    {.bitmap_index = 16621, .adv_w = 352, .box_w = 22, .box_h = 21, .ofs_x = 0, .ofs_y = -2},
    {.bitmap_index = 16852, .adv_w = 352, .box_w = 22, .box_h = 21, .ofs_x = 0, .ofs_y = -2},
    {.bitmap_index = 17083, .adv_w = 352, .box_w = 22, .box_h = 22, .ofs_x = 0, .ofs_y = -3},
    {.bitmap_index = 17325, .adv_w = 352, .box_w = 22, .box_h = 21, .ofs_x = 0, .ofs_y = -2},
    {.bitmap_index = 17556, .adv_w = 352, .box_w = 20, .box_h = 20, .ofs_x = 1, .ofs_y = -2},
    {.bitmap_index = 17756, .adv_w = 352, .box_w = 17, .box_h = 22, .ofs_x = 3, .ofs_y = -3},
    {.bitmap_index = 17943, .adv_w = 352, .box_w = 22, .box_h = 21, .ofs_x = 0, .ofs_y = -2},
    {.bitmap_index = 18174, .adv_w = 352, .box_w = 22, .box_h = 21, .ofs_x = 0, .ofs_y = -2},
    {.bitmap_index = 18405, .adv_w = 352, .box_w = 21, .box_h = 21, .ofs_x = 1, .ofs_y = -2},
    {.bitmap_index = 18626, .adv_w = 352, .box_w = 22, .box_h = 21, .ofs_x = 0, .ofs_y = -2},
    {.bitmap_index = 18857, .adv_w = 352, .box_w = 22, .box_h = 22, .ofs_x = 0, .ofs_y = -3},
    {.bitmap_index = 19099, .adv_w = 352, .box_w = 22, .box_h = 22, .ofs_x = 0, .ofs_y = -3},
    {.bitmap_index = 19341, .adv_w = 352, .box_w = 22, .box_h = 21, .ofs_x = 0, .ofs_y = -2},
    {.bitmap_index = 19572, .adv_w = 352, .box_w = 21, .box_h = 21, .ofs_x = 0, .ofs_y = -2},
    {.bitmap_index = 19793, .adv_w = 352, .box_w = 21, .box_h = 22, .ofs_x = 1, .ofs_y = -3},
    {.bitmap_index = 20024, .adv_w = 352, .box_w = 21, .box_h = 22, .ofs_x = 1, .ofs_y = -3},
    {.bitmap_index = 20255, .adv_w = 352, .box_w = 22, .box_h = 20, .ofs_x = 0, .ofs_y = -2},
    {.bitmap_index = 20475, .adv_w = 352, .box_w = 20, .box_h = 20, .ofs_x = 1, .ofs_y = -2},
    {.bitmap_index = 20675, .adv_w = 352, .box_w = 22, .box_h = 22, .ofs_x = 0, .ofs_y = -3}
};

/*---------------------
 *  CHARACTER MAPPING
 *--------------------*/

static const uint16_t unicode_list_1[] = {
    0x0, 0xaf, 0xeb, 0x142, 0x1d6, 0x251, 0x25a, 0x3bb,
    0x42b, 0x54a, 0xa78, 0xafc, 0xb0b, 0xb26, 0xd8f, 0xe04,
    0xe66, 0xfda, 0xfe7, 0x1264, 0x12ba, 0x1499, 0x159c, 0x1769,
    0x1877, 0x192f, 0x1976, 0x1991, 0x19da, 0x19fc, 0x1ab5, 0x1d5a,
    0x25a4, 0x2a61, 0x2a63, 0x2a83, 0x2e70, 0x30c8, 0x30e9, 0x3163,
    0x33df, 0x3d99, 0x3db3, 0x3dca, 0x3ddb, 0x3f1a, 0x40a0, 0x41c6,
    0x43c2, 0x4839, 0x4845, 0x4a6e, 0x4c9d, 0x4cb1
};

/*Collect the unicode lists and glyph_id offsets*/
static const lv_font_fmt_txt_cmap_t cmaps[] =
{
    {
        .range_start = 32, .range_length = 95, .glyph_id_start = 1,
        .unicode_list = NULL, .glyph_id_ofs_list = NULL, .list_length = 0, .type = LV_FONT_FMT_TXT_CMAP_FORMAT0_TINY
    },
    {
        .range_start = 19979, .range_length = 19634, .glyph_id_start = 96,
        .unicode_list = unicode_list_1, .glyph_id_ofs_list = NULL, .list_length = 54, .type = LV_FONT_FMT_TXT_CMAP_SPARSE_TINY
    }
};

/*-----------------
 *    KERNING
 *----------------*/


/*Map glyph_ids to kern left classes*/
static const uint8_t kern_left_class_mapping[] =
{
    0, 0, 0, 1, 0, 0, 0, 0,
    1, 2, 0, 0, 0, 3, 4, 3,
    5, 0, 0, 0, 0, 0, 0, 0,
    0, 0, 0, 6, 6, 0, 0, 0,
    0, 0, 7, 8, 9, 10, 11, 12,
    13, 0, 0, 14, 15, 16, 0, 0,
    10, 17, 10, 18, 19, 20, 21, 22,
    23, 24, 25, 26, 2, 27, 0, 0,
    0, 0, 28, 29, 30, 0, 31, 32,
    33, 34, 0, 0, 35, 36, 34, 34,
    29, 29, 37, 38, 39, 40, 37, 41,
    42, 43, 44, 45, 2, 0, 0, 0,
    0, 0, 0, 0, 0, 0, 0, 0,
    0, 0, 0, 0, 0, 0, 0, 0,
    0, 0, 0, 0, 0, 0, 0, 0,
    0, 0, 0, 0, 0, 0, 0, 0,
    0, 0, 0, 0, 0, 0, 0, 0,
    0, 0, 0, 0, 0, 0, 0, 0,
    0, 0, 0, 0, 0, 0
};

/*Map glyph_ids to kern right classes*/
static const uint8_t kern_right_class_mapping[] =
{
    0, 0, 1, 2, 0, 0, 0, 0,
    2, 0, 3, 4, 0, 5, 6, 7,
    8, 0, 0, 0, 0, 0, 0, 0,
    0, 0, 0, 9, 10, 0, 0, 0,
    11, 0, 12, 0, 13, 0, 0, 0,
    13, 0, 0, 14, 0, 0, 0, 0,
    13, 0, 13, 0, 15, 16, 17, 18,
    19, 20, 21, 22, 0, 23, 3, 0,
    0, 0, 24, 0, 25, 25, 25, 26,
    27, 0, 28, 29, 0, 0, 30, 30,
    25, 30, 25, 30, 31, 32, 33, 34,
    35, 36, 37, 38, 0, 0, 3, 0,
    0, 0, 0, 0, 0, 0, 0, 0,
    0, 0, 0, 0, 0, 0, 0, 0,
    0, 0, 0, 0, 0, 0, 0, 0,
    0, 0, 0, 0, 0, 0, 0, 0,
    0, 0, 0, 0, 0, 0, 0, 0,
    0, 0, 0, 0, 0, 0, 0, 0,
    0, 0, 0, 0, 0, 0
};

/*Kern values between classes*/
static const int8_t kern_class_values[] =
{
    0, 0, 0, 0, -53, 0, -53, 0,
    0, 0, 0, -29, 0, -45, -6, 0,
    0, 0, 0, -6, 0, 0, 0, 0,
    -10, 0, 0, 0, 0, 0, -10, 0,
    0, 0, 0, 0, 0, 0, 0, 0,
    0, 0, 0, 0, 0, 0, 0, 0,
    0, 0, 0, -10, 0, 0, 0, 0,
    0, 0, 0, 0, 0, 0, 0, 0,
    0, 0, 30, 0, 0, 0, 0, 0,
    0, 0, 0, 0, 0, -48, 0, -65,
    0, 0, 0, 0, 0, 0, 0, 0,
    0, 0, 0, -42, -12, -31, -17, 0,
    -44, 0, 0, 0, -6, 0, 0, 0,
    11, 0, 0, -25, 0, -23, -14, 0,
    -10, 0, 0, 0, 0, 0, 0, 0,
    0, 0, 0, 0, 0, 0, 0, -10,
    -12, -24, 0, -10, -6, -15, -31, -10,
    0, 0, 0, 0, 0, 0, 0, 0,
    0, -11, 0, -7, 0, -9, 0, 0,
    0, 0, 0, 0, 0, 0, 0, 0,
    0, 0, 0, -18, -6, -34, 0, 0,
    0, 0, 0, 0, 0, 0, 0, -13,
    -11, 0, -6, 3, 3, 0, 0, -2,
    -10, 0, 0, 0, 0, 0, 0, 0,
    0, -16, 0, 0, 0, 0, 0, 0,
    0, 0, 0, 0, 0, 0, 0, 0,
    0, 0, -15, 0, 0, 0, 0, 0,
    0, 0, 0, 0, 0, 0, 0, 0,
    0, 0, 0, 0, 0, -29, 0, -36,
    0, 0, 0, 0, 0, 0, -15, -3,
    -6, 0, 0, -29, -7, -9, 0, -4,
    -9, -3, -18, 5, 0, -6, 0, 0,
    0, 0, 5, -9, -3, -7, -5, -5,
    -7, 0, 0, 0, 0, -14, 0, 0,
    0, 0, 0, 0, 0, 0, 0, -9,
    -9, -13, 0, -6, -5, -5, -9, -5,
    0, 0, 0, 0, 0, 0, 0, 0,
    0, -6, 0, -9, -6, -6, -9, 0,
    0, 0, 0, 0, 0, -15, 0, 0,
    0, 0, 0, 0, -15, -6, -13, -7,
    -9, -5, -5, -5, -7, -6, 0, 0,
    0, 0, -10, 0, 0, 0, 0, -15,
    -6, -9, -6, 0, -9, 0, 0, 0,
    0, -13, 0, 0, 0, -7, 0, 0,
    0, -6, 0, -22, 0, -13, 0, -6,
    -3, -12, -10, -10, 0, 0, 0, 0,
    0, 0, 0, 0, 0, 0, 0, 0,
    0, -9, 0, -7, 0, 0, 0, 0,
    0, 0, 0, 0, 0, 0, 0, 0,
    0, 0, 0, 0, 0, 0, 0, 0,
    0, 0, 0, 0, -6, 0, 0, 0,
    0, 0, 0, -13, 0, -6, 0, -18,
    -6, 0, 0, 0, 0, 0, -37, 0,
    -37, -24, 0, 0, 0, -17, -6, -56,
    -12, 0, 0, -4, -4, -13, -6, -14,
    0, -17, -9, 0, -13, 0, 0, -10,
    -12, -6, -9, -14, -11, -15, -11, -20,
    0, 0, 0, -11, 0, 0, 0, 0,
    0, 0, 0, -5, 0, 0, 0, -10,
    0, -9, -5, 0, 0, 0, 0, 0,
    0, 0, 0, 0, 0, 0, 0, 0,
    0, 0, 0, 0, 0, 0, 0, 0,
    0, 0, -13, 0, -13, 0, 0, 0,
    0, 0, 0, -18, 0, 0, 0, 0,
    0, 0, 0, 0, 0, 0, 0, 0,
    0, 0, 0, 0, 0, 0, 0, 0,
    0, 0, 0, 0, 0, -14, 0, -18,
    0, -20, 0, 0, 0, 0, -7, -6,
    -12, 0, -9, -12, -9, -8, -6, 0,
    -11, 0, 0, 0, -7, 0, 0, 0,
    -6, 0, 0, -20, -7, -14, -11, -11,
    -14, -9, 0, -50, 0, -68, 0, -21,
    0, 0, 0, 0, -20, -4, -15, 0,
    -13, -50, -15, -33, -25, 0, -35, 0,
    -34, 0, -7, -9, -5, 0, 0, 0,
    0, -12, -6, -21, -17, 0, -21, 0,
    0, 0, 0, 0, -52, -12, -52, -26,
    0, 0, 0, -22, 0, -59, -6, -9,
    0, 0, 0, -13, -6, -28, 0, -16,
    -11, 0, -10, 0, 0, 0, -6, 0,
    0, 0, 0, -9, 0, -10, 0, 0,
    0, -6, 0, -12, 0, 0, 0, 0,
    0, -5, 0, -7, -7, -9, 0, -5,
    -1, -5, -6, -6, 0, -5, -6, 0,
    -5, 0, 0, 0, 0, 0, 0, 0,
    0, -7, 0, -7, 0, 0, 0, -7,
    0, 5, 0, 0, 0, 0, 0, 0,
    0, -9, -9, -10, 0, 0, 0, 0,
    -9, 0, 0, 0, 0, 0, 0, 0,
    0, 0, 0, -13, 0, 0, 0, 0,
    0, -6, 0, 0, 0, 0, -47, -28,
    -47, -32, -10, -10, 0, -18, -13, -51,
    -14, 0, 0, 0, 0, -10, -9, -21,
    0, -28, -31, -7, -28, 0, 0, -19,
    -26, -7, -19, -12, -13, -14, -12, -29,
    0, 0, 0, 0, -11, 0, -11, -11,
    0, 0, 0, -7, 0, -24, -6, 0,
    0, -5, 0, -6, -9, 0, 0, -5,
    0, 0, -6, 0, 0, 0, -5, 0,
    0, 0, 0, -7, 0, 0, 0, 0,
    0, 0, -31, -10, -31, -15, 0, 0,
    0, -9, -6, -28, -6, 0, -6, 2,
    0, 0, 0, -10, 0, -14, -9, 0,
    -10, 0, 0, -10, -8, 0, -14, -6,
    -6, -9, -6, -11, 0, 0, 0, 0,
    -17, -6, -17, -8, 0, 0, 0, 0,
    -3, -24, -3, 0, 0, 0, 0, 0,
    0, -3, 0, -7, 0, 0, -5, 0,
    0, 0, 0, 0, 0, 0, 0, 0,
    0, -6, 0, -6, 0, -6, 0, -15,
    0, 0, 0, 0, 0, -4, -12, -6,
    -9, -10, -6, 0, 0, 0, 0, 0,
    0, -6, -7, -11, 0, 0, 0, 0,
    0, -11, -6, -11, -9, -6, -11, -9,
    0, 0, 0, 0, -44, -31, -44, -24,
    -15, -15, -7, -9, -9, -42, -9, -9,
    -6, 0, 0, 0, 0, -11, 0, -31,
    -23, 0, -26, 0, 0, -18, -23, -20,
    -17, -9, -13, -17, -9, -24, 0, 0,
    0, 0, 0, -13, 0, 0, 0, 0,
    0, -3, -10, -12, -14, 0, -6, -3,
    -3, 0, -9, -7, 0, -7, -8, -10,
    -7, 0, 0, 0, 0, -9, -8, -7,
    -7, -13, -7, 0, 0, 0, 0, 0,
    0, 0, 0, 0, 0, 0, 0, 0,
    0, 0, 0, -31, -10, -20, -10, 0,
    -28, 0, 0, 0, 0, 0, 8, 0,
    24, 0, 0, 0, 0, -10, -6, 0,
    1, 0, 0, 0, 0, -21, 0, 0,
    0, 0, 0, 0, -12, 0, 0, 0,
    0, -13, 0, -11, -5, 0, -13, 0,
    0, 0, 0, 0, 0, 0, 0, 0,
    0, -9, 0, 0, 0, 0, 0, 0,
    0, -10, 0, -7, -6, -1, -6, 0,
    0, 0, -12, 0, 0, 0, 0, -25,
    0, -10, 0, -5, -23, 0, -15, -7,
    0, -4, 0, 0, 0, 0, -4, -12,
    0, -5, -5, -12, -5, -6, 0, 0,
    0, 0, 0, -14, 0, 0, 0, 0,
    0, 0, 0, 0, 0, -10, 0, -9,
    0, 0, -13, 0, 0, -6, -12, 0,
    -6, 0, 0, 0, 0, -6, 0, -1,
    -1, -2, -1, 0, 0, 0, 0, -13,
    0, 2, 0, 0, 0, 0, -7, 0,
    0, -10, -10, -13, 0, -11, -6, 0,
    -15, 0, -14, -7, 0, -4, -6, 0,
    0, 0, 0, -6, 0, -3, -3, -7,
    -3, -4, 1, 14, 14, 0, -26, -9,
    -26, -5, 0, 0, 7, 0, 0, 0,
    0, 15, 0, 23, 15, 8, 18, 0,
    14, -10, -6, 0, -7, 0, -6, 0,
    -5, 0, 0, 1, 0, -5, 0, -9,
    0, 0, 1, -12, 0, 0, 0, 12,
    0, 0, -19, 0, 0, 0, 0, -15,
    0, 0, 0, 0, -9, 0, 0, -9,
    -9, 0, 0, 0, 15, 0, 0, 0,
    0, -5, -5, 0, 1, -9, 0, 0,
    0, -13, 0, 0, 0, 0, 0, 0,
    -7, 0, 0, 0, 0, -13, 0, -6,
    0, 0, -11, 0, 0, 0, 0, 0,
    0, 0, 0, 0, 0, 0, 0, 0,
    0, 0, 0, 0, 0, 0, 0, -10,
    1, -30, 1, 0, 1, 1, -12, 0,
    0, 0, 0, -21, 0, 0, 0, 0,
    -8, 0, 0, -6, -12, 0, -6, 0,
    -6, 0, 0, -14, -9, 0, 0, -7,
    0, -7, 0, 0, 0, 0, 0, 0,
    0, 0, 0, 0, 0, 0, 0, 0,
    0, 0, 0, 0, 0, 0, 0, 0,
    0, 0, 0, 0, 0, 0, 2, 0,
    0, 0, 0, 0, 0, 0, 0, 0,
    0, 0, 0, -9, 0, 0, 0, 0,
    0, 0, 0, 0, 0, 0, 0, -10,
    0, -9, 0, 0, -14, 0, 0, 0,
    0, 0, 0, 0, 0, 0, 0, 0,
    0, 0, 0, 0, 0, 0, 0, 0,
    0, 0, -33, -13, -33, -13, 3, 3,
    0, -9, 0, -29, 0, 0, 0, 0,
    0, 0, 0, -6, 1, -13, -6, 0,
    -6, 0, 0, 0, -5, 0, 0, 3,
    2, 0, 3, -5, 0, 0, 0, -16,
    0, 2, 0, 0, 0, 0, -11, 0,
    0, 0, 0, -13, 0, -6, 0, 0,
    -10, 0, 0, 0, 0, 0, 0, 0,
    0, 0, 0, -10, 0, 0, 0, 0,
    0, 0, 0, 0, 0, 0, -5, -15,
    -5, -2, 1, 1, -15, 0, 0, 0,
    0, -9, 0, 0, 0, 0, -5, 0,
    0, -10, -9, 0, -6, 0, 0, 0,
    -6, -10, 0, 0, 0, -7, 0, 0,
    0, 0, 0, -6, -23, -7, -23, -10,
    0, 0, 0, -7, 0, -18, 0, -10,
    0, -6, 0, 0, -9, -6, 0, -10,
    -5, 0, 0, 0, -6, 0, 0, 0,
    0, 0, 0, 0, 0, -13, 0, 0,
    0, -6, -29, 0, -29, -3, 0, 0,
    0, -5, 0, -14, 0, -13, 0, -6,
    0, -9, -13, 0, 0, -6, -5, 0,
    0, 0, -6, 0, 0, 0, 0, 0,
    0, 0, 0, -12, -9, 0, 0, -11,
    4, -9, -7, 0, 0, 4, 0, 0,
    -6, 0, -5, -12, 0, -9, 0, -6,
    -17, 0, 0, -6, -12, 0, 0, 0,
    0, 0, 0, -13, 0, 0, 0, 0,
    -6, 0, 0, 0, 0, 0, -23, 0,
    -23, -5, 0, 0, 0, 0, 0, -18,
    0, -10, 0, -5, 0, -5, -7, 0,
    0, -10, -5, 0, 0, 0, -6, 0,
    0, 0, 0, 0, 0, -9, 0, -13,
    0, 0, 0, 0, 0, -11, 0, 0,
    0, 0, 0, 0, 0, 0, 0, -11,
    0, 0, 0, 0, -10, 0, 0, -8,
    -6, 0, -3, 0, 0, 0, 0, 0,
    -6, -5, 0, 0, -5, 0
};


/*Collect the kern class' data in one place*/
static const lv_font_fmt_txt_kern_classes_t kern_classes =
{
    .class_pair_values   = kern_class_values,
    .left_class_mapping  = kern_left_class_mapping,
    .right_class_mapping = kern_right_class_mapping,
    .left_class_cnt      = 45,
    .right_class_cnt     = 38,
};

/*--------------------
 *  ALL CUSTOM DATA
 *--------------------*/

#if LVGL_VERSION_MAJOR == 8
/*Store all the custom data of the font*/
static  lv_font_fmt_txt_glyph_cache_t cache;
#endif

#if LVGL_VERSION_MAJOR >= 8
static const lv_font_fmt_txt_dsc_t font_dsc = {
#else
static lv_font_fmt_txt_dsc_t font_dsc = {
#endif
    .glyph_bitmap = glyph_bitmap,
    .glyph_dsc = glyph_dsc,
    .cmaps = cmaps,
    .kern_dsc = &kern_classes,
    .kern_scale = 16,
    .cmap_num = 2,
    .bpp = 4,
    .kern_classes = 1,
    .bitmap_format = 0,
#if LVGL_VERSION_MAJOR == 8
    .cache = &cache
#endif
};



/*-----------------
 *  PUBLIC FONT
 *----------------*/

/*Initialize a public general font descriptor*/
#if LVGL_VERSION_MAJOR >= 8
const lv_font_t ui_font_ns700_22 = {
#else
lv_font_t ui_font_ns700_22 = {
#endif
    .get_glyph_dsc = lv_font_get_glyph_dsc_fmt_txt,    /*Function pointer to get glyph's data*/
    .get_glyph_bitmap = lv_font_get_bitmap_fmt_txt,    /*Function pointer to get glyph's bitmap*/
    .line_height = 27,          /*The maximum line height required by the font*/
    .base_line = 6,             /*Baseline measured from the bottom of the line*/
#if !(LVGL_VERSION_MAJOR == 6 && LVGL_VERSION_MINOR == 0)
    .subpx = LV_FONT_SUBPX_NONE,
#endif
#if LV_VERSION_CHECK(7, 4, 0) || LVGL_VERSION_MAJOR >= 8
    .underline_position = -3,
    .underline_thickness = 1,
#endif
    .dsc = &font_dsc,          /*The custom font data. Will be accessed by `get_glyph_bitmap/dsc` */
#if LV_VERSION_CHECK(8, 2, 0) || LVGL_VERSION_MAJOR >= 9
    .fallback = NULL,
#endif
    .user_data = NULL,
};



#endif /*#if UI_FONT_NS700_22*/

