/*******************************************************************************
 * Size: 22 px
 * Bpp: 4
 * Opts: --font /Users/hongchenke/Documents/Github/Electronic_Wooden_Fish/Embedded/lvgl-design/squareline_studio/assets/Fonts/NotoSansSC-600.ttf --size 22 --format lvgl --bpp 4 --no-compress --lv-include lvgl.h -o ../../../components/ui/generated/fonts/ui_font_ns600_22.c --symbols  !"#$%&'()*+,-./0123456789:;<=>?@ABCDEFGHIJKLMNOPQRSTUVWXYZ[\]^_`abcdefghijklmnopqrstuvwxyz{|}~·。中亮今从低停充关出击动即同启失头始字完屏已幕度开待心成故敲文日时暂木未本校次步熄版电秒立第累经统置自行计设诵读败轮进退量闭障音高鱼，：
 ******************************************************************************/

#ifdef LV_LVGL_H_INCLUDE_SIMPLE
#include "lvgl.h"
#else
#include "lvgl.h"
#endif

#ifndef UI_FONT_NS600_22
#define UI_FONT_NS600_22 1
#endif

#if UI_FONT_NS600_22

/*-----------------
 *    BITMAPS
 *----------------*/

/*Store the image of the glyphs*/
static LV_ATTRIBUTE_LARGE_CONST const uint8_t glyph_bitmap[] = {
    /* U+0020 " " */

    /* U+0021 "!" */
    0x8f, 0xf5, 0x7f, 0xf5, 0x7f, 0xf4, 0x6f, 0xf4,
    0x6f, 0xf3, 0x5f, 0xf2, 0x4f, 0xf2, 0x3f, 0xf1,
    0x3f, 0xf0, 0x2f, 0xf0, 0x1f, 0xf0, 0xb, 0xa0,
    0x0, 0x0, 0x5f, 0xe3, 0xdf, 0xfb, 0xdf, 0xfb,
    0x5e, 0xe3,

    /* U+0022 "\"" */
    0xf, 0xfe, 0x0, 0xef, 0xf1, 0xf, 0xfd, 0x0,
    0xdf, 0xf0, 0xf, 0xfd, 0x0, 0xdf, 0xf0, 0xe,
    0xfb, 0x0, 0xbf, 0xe0, 0xc, 0xf9, 0x0, 0xaf,
    0xc0, 0xa, 0xf8, 0x0, 0x8f, 0xa0, 0x8, 0xf6,
    0x0, 0x6f, 0x80, 0x4, 0xa3, 0x0, 0x2a, 0x40,

    /* U+0023 "#" */
    0x0, 0x0, 0xed, 0x0, 0x3f, 0x80, 0x0, 0x0,
    0xf, 0xb0, 0x6, 0xf5, 0x0, 0x0, 0x2, 0xf9,
    0x0, 0x8f, 0x30, 0x0, 0x0, 0x4f, 0x70, 0xa,
    0xf1, 0x0, 0xa, 0xff, 0xff, 0xff, 0xff, 0xff,
    0x0, 0x9f, 0xff, 0xff, 0xff, 0xff, 0xf0, 0x0,
    0xa, 0xf1, 0x0, 0xfc, 0x0, 0x0, 0x0, 0xcf,
    0x0, 0x1f, 0xa0, 0x0, 0x0, 0xd, 0xe0, 0x3,
    0xf8, 0x0, 0x0, 0x0, 0xfc, 0x0, 0x4f, 0x70,
    0x0, 0x2f, 0xff, 0xff, 0xff, 0xff, 0xf8, 0x2,
    0xff, 0xff, 0xff, 0xff, 0xff, 0x80, 0x0, 0x4f,
    0x70, 0xa, 0xf1, 0x0, 0x0, 0x6, 0xf5, 0x0,
    0xcf, 0x0, 0x0, 0x0, 0x8f, 0x30, 0xe, 0xe0,
    0x0, 0x0, 0xa, 0xf1, 0x0, 0xfc, 0x0, 0x0,
    0x0, 0xbf, 0x0, 0x1f, 0xa0, 0x0, 0x0,

    /* U+0024 "$" */
    0x0, 0x0, 0x48, 0x30, 0x0, 0x0, 0x0, 0x9,
    0xf6, 0x0, 0x0, 0x0, 0x0, 0x9f, 0x60, 0x0,
    0x0, 0x2, 0xaf, 0xff, 0xb3, 0x0, 0x2, 0xef,
    0xff, 0xff, 0xf6, 0x0, 0xcf, 0xfb, 0x78, 0xef,
    0xa0, 0x1f, 0xfc, 0x0, 0x1, 0x80, 0x3, 0xff,
    0x80, 0x0, 0x0, 0x0, 0x2f, 0xfd, 0x0, 0x0,
    0x0, 0x0, 0xcf, 0xfc, 0x30, 0x0, 0x0, 0x2,
    0xef, 0xff, 0xa2, 0x0, 0x0, 0x1, 0xaf, 0xff,
    0xf7, 0x0, 0x0, 0x0, 0x3c, 0xff, 0xf6, 0x0,
    0x0, 0x0, 0x7, 0xff, 0xf0, 0x0, 0x0, 0x0,
    0xb, 0xff, 0x30, 0x0, 0x0, 0x0, 0x8f, 0xf3,
    0xc, 0x40, 0x0, 0xc, 0xff, 0x19, 0xff, 0xc8,
    0x7c, 0xff, 0xb0, 0x4e, 0xff, 0xff, 0xff, 0xe2,
    0x0, 0x7, 0xcf, 0xfe, 0x81, 0x0, 0x0, 0x0,
    0x9f, 0x60, 0x0, 0x0, 0x0, 0x9, 0xf6, 0x0,
    0x0, 0x0, 0x0, 0x48, 0x30, 0x0, 0x0,

    /* U+0025 "%" */
    0x0, 0x4d, 0xfe, 0x70, 0x0, 0x0, 0x4, 0xf8,
    0x0, 0x0, 0x0, 0x4f, 0xfc, 0xff, 0x80, 0x0,
    0x0, 0xce, 0x10, 0x0, 0x0, 0xd, 0xf5, 0x2,
    0xff, 0x10, 0x0, 0x5f, 0x70, 0x0, 0x0, 0x1,
    0xff, 0x0, 0xb, 0xf6, 0x0, 0xd, 0xe0, 0x0,
    0x0, 0x0, 0x3f, 0xd0, 0x0, 0x9f, 0x70, 0x5,
    0xf6, 0x0, 0x0, 0x0, 0x3, 0xfd, 0x0, 0x9,
    0xf7, 0x0, 0xde, 0x0, 0x0, 0x0, 0x0, 0x1f,
    0xf0, 0x0, 0xbf, 0x50, 0x6f, 0x60, 0x3a, 0xb8,
    0x10, 0x0, 0xdf, 0x50, 0x2f, 0xf1, 0xe, 0xd0,
    0x5f, 0xff, 0xfd, 0x10, 0x4, 0xff, 0xcf, 0xf8,
    0x7, 0xf5, 0xe, 0xf5, 0xb, 0xf9, 0x0, 0x5,
    0xdf, 0xe7, 0x0, 0xed, 0x5, 0xfb, 0x0, 0x2f,
    0xe0, 0x0, 0x0, 0x0, 0x0, 0x7f, 0x40, 0x7f,
    0x80, 0x0, 0xff, 0x10, 0x0, 0x0, 0x0, 0x1f,
    0xc0, 0x8, 0xf7, 0x0, 0xe, 0xf2, 0x0, 0x0,
    0x0, 0x8, 0xf4, 0x0, 0x8f, 0x80, 0x0, 0xef,
    0x20, 0x0, 0x0, 0x1, 0xfb, 0x0, 0x5, 0xfa,
    0x0, 0x1f, 0xf0, 0x0, 0x0, 0x0, 0x9f, 0x30,
    0x0, 0x1f, 0xf2, 0x8, 0xfa, 0x0, 0x0, 0x0,
    0x1f, 0xb0, 0x0, 0x0, 0x8f, 0xfc, 0xff, 0x20,
    0x0, 0x0, 0x9, 0xf2, 0x0, 0x0, 0x0, 0x7e,
    0xfc, 0x30, 0x0,

    /* U+0026 "&" */
    0x0, 0x0, 0x4c, 0xff, 0xa1, 0x0, 0x0, 0x0,
    0x0, 0x5, 0xff, 0xff, 0xfd, 0x0, 0x0, 0x0,
    0x0, 0xe, 0xfc, 0x13, 0xff, 0x50, 0x0, 0x0,
    0x0, 0x2f, 0xf4, 0x0, 0xdf, 0x70, 0x0, 0x0,
    0x0, 0x3f, 0xf3, 0x1, 0xff, 0x50, 0x0, 0x0,
    0x0, 0xf, 0xf6, 0x1c, 0xfd, 0x0, 0x0, 0x0,
    0x0, 0xb, 0xfd, 0xef, 0xe2, 0x0, 0x0, 0x0,
    0x0, 0x6, 0xff, 0xfc, 0x10, 0x0, 0x25, 0x51,
    0x0, 0x4f, 0xff, 0xf3, 0x0, 0x0, 0x9f, 0xf1,
    0x4, 0xff, 0xef, 0xfe, 0x10, 0x0, 0xef, 0xb0,
    0xe, 0xff, 0x25, 0xff, 0xd1, 0x7, 0xff, 0x40,
    0x3f, 0xf9, 0x0, 0x8f, 0xfe, 0x5f, 0xfb, 0x0,
    0x4f, 0xf7, 0x0, 0x8, 0xff, 0xff, 0xf2, 0x0,
    0x2f, 0xfd, 0x0, 0x0, 0x9f, 0xff, 0xd3, 0x0,
    0xc, 0xff, 0xd6, 0x59, 0xff, 0xff, 0xff, 0xc3,
    0x2, 0xef, 0xff, 0xff, 0xff, 0x7a, 0xff, 0xf3,
    0x0, 0x18, 0xdf, 0xfd, 0x82, 0x0, 0x39, 0xd0,

    /* U+0027 "'" */
    0xf, 0xfe, 0xf, 0xfd, 0xf, 0xfd, 0xe, 0xfb,
    0xc, 0xf9, 0xa, 0xf8, 0x8, 0xf6, 0x4, 0xa3,

    /* U+0028 "(" */
    0x0, 0x1, 0xc5, 0x0, 0x9, 0xfa, 0x0, 0x1f,
    0xf2, 0x0, 0x7f, 0xc0, 0x0, 0xdf, 0x60, 0x3,
    0xff, 0x10, 0x7, 0xfd, 0x0, 0xb, 0xfa, 0x0,
    0xd, 0xf8, 0x0, 0xf, 0xf6, 0x0, 0xf, 0xf4,
    0x0, 0x1f, 0xf4, 0x0, 0x1f, 0xf4, 0x0, 0xf,
    0xf5, 0x0, 0xf, 0xf6, 0x0, 0xc, 0xf8, 0x0,
    0x9, 0xfb, 0x0, 0x6, 0xfe, 0x0, 0x1, 0xff,
    0x30, 0x0, 0xbf, 0x80, 0x0, 0x5f, 0xe0, 0x0,
    0xd, 0xf5, 0x0, 0x6, 0xfc, 0x0, 0x0, 0x60,

    /* U+0029 ")" */
    0x4c, 0x20, 0x0, 0x9f, 0xa0, 0x0, 0x2f, 0xf2,
    0x0, 0xb, 0xf8, 0x0, 0x5, 0xfe, 0x0, 0x0,
    0xff, 0x40, 0x0, 0xcf, 0x80, 0x0, 0x9f, 0xc0,
    0x0, 0x6f, 0xe0, 0x0, 0x5f, 0xf0, 0x0, 0x3f,
    0xf1, 0x0, 0x3f, 0xf2, 0x0, 0x3f, 0xf2, 0x0,
    0x4f, 0xf1, 0x0, 0x5f, 0xf0, 0x0, 0x7f, 0xd0,
    0x0, 0xaf, 0xb0, 0x0, 0xdf, 0x70, 0x2, 0xff,
    0x20, 0x7, 0xfc, 0x0, 0xd, 0xf6, 0x0, 0x4f,
    0xe0, 0x0, 0xbf, 0x70, 0x0, 0x6, 0x0, 0x0,

    /* U+002A "*" */
    0x0, 0x6, 0xf4, 0x0, 0x0, 0x0, 0x7f, 0x50,
    0x0, 0x48, 0x4a, 0xf8, 0x48, 0x3a, 0xff, 0xff,
    0xff, 0xf9, 0x6, 0xef, 0xff, 0xd6, 0x0, 0x9,
    0xff, 0xf6, 0x0, 0x2, 0xff, 0x8f, 0xe1, 0x0,
    0x7f, 0x60, 0x8f, 0x60, 0x0, 0x40, 0x0, 0x40,
    0x0,

    /* U+002B "+" */
    0x0, 0x0, 0xa, 0xf6, 0x0, 0x0, 0x0, 0x0,
    0xb, 0xf7, 0x0, 0x0, 0x0, 0x0, 0xb, 0xf7,
    0x0, 0x0, 0x0, 0x0, 0xb, 0xf7, 0x0, 0x0,
    0x0, 0x0, 0xb, 0xf7, 0x0, 0x0, 0x2f, 0xff,
    0xff, 0xff, 0xff, 0xfe, 0x2f, 0xff, 0xff, 0xff,
    0xff, 0xfe, 0x2, 0x22, 0x2c, 0xf8, 0x22, 0x22,
    0x0, 0x0, 0xb, 0xf7, 0x0, 0x0, 0x0, 0x0,
    0xb, 0xf7, 0x0, 0x0, 0x0, 0x0, 0xb, 0xf7,
    0x0, 0x0, 0x0, 0x0, 0xb, 0xf7, 0x0, 0x0,

    /* U+002C "," */
    0x5, 0xa6, 0x3, 0xff, 0xf4, 0x5f, 0xff, 0x90,
    0xbf, 0xfa, 0x0, 0x5f, 0x80, 0xc, 0xf4, 0x1b,
    0xfc, 0xa, 0xfc, 0x10, 0x47, 0x0, 0x0,

    /* U+002D "-" */
    0x22, 0x22, 0x22, 0xff, 0xff, 0xff, 0xff, 0xff,
    0xff,

    /* U+002E "." */
    0x0, 0x0, 0x0, 0xbf, 0xa0, 0x5f, 0xff, 0x35,
    0xff, 0xf3, 0xb, 0xf9, 0x0,

    /* U+002F "/" */
    0x0, 0x0, 0x0, 0xfe, 0x0, 0x0, 0x0, 0x4f,
    0xa0, 0x0, 0x0, 0x8, 0xf6, 0x0, 0x0, 0x0,
    0xdf, 0x20, 0x0, 0x0, 0x1f, 0xe0, 0x0, 0x0,
    0x5, 0xf9, 0x0, 0x0, 0x0, 0x9f, 0x50, 0x0,
    0x0, 0xd, 0xf1, 0x0, 0x0, 0x1, 0xfd, 0x0,
    0x0, 0x0, 0x5f, 0x90, 0x0, 0x0, 0x9, 0xf5,
    0x0, 0x0, 0x0, 0xef, 0x10, 0x0, 0x0, 0x2f,
    0xd0, 0x0, 0x0, 0x6, 0xf9, 0x0, 0x0, 0x0,
    0xaf, 0x40, 0x0, 0x0, 0xe, 0xf0, 0x0, 0x0,
    0x2, 0xfc, 0x0, 0x0, 0x0, 0x6f, 0x80, 0x0,
    0x0, 0xb, 0xf4, 0x0, 0x0, 0x0, 0xef, 0x0,
    0x0, 0x0, 0x3f, 0xc0, 0x0, 0x0, 0x7, 0xf8,
    0x0, 0x0, 0x0, 0x58, 0x20, 0x0, 0x0, 0x0,

    /* U+0030 "0" */
    0x0, 0x19, 0xef, 0xd8, 0x0, 0x0, 0x1e, 0xff,
    0xff, 0xfc, 0x0, 0xb, 0xff, 0x95, 0xbf, 0xf8,
    0x3, 0xff, 0x90, 0x0, 0xcf, 0xf0, 0x8f, 0xf2,
    0x0, 0x6, 0xff, 0x4c, 0xff, 0x0, 0x0, 0x3f,
    0xf8, 0xef, 0xd0, 0x0, 0x0, 0xff, 0xaf, 0xfc,
    0x0, 0x0, 0xf, 0xfb, 0xff, 0xb0, 0x0, 0x0,
    0xff, 0xbf, 0xfc, 0x0, 0x0, 0xf, 0xfb, 0xdf,
    0xd0, 0x0, 0x1, 0xff, 0xab, 0xff, 0x0, 0x0,
    0x3f, 0xf8, 0x8f, 0xf3, 0x0, 0x7, 0xff, 0x43,
    0xff, 0xa0, 0x0, 0xdf, 0xe0, 0xb, 0xff, 0xa6,
    0xcf, 0xf7, 0x0, 0x1e, 0xff, 0xff, 0xfb, 0x0,
    0x0, 0x19, 0xef, 0xd7, 0x0, 0x0,

    /* U+0031 "1" */
    0x0, 0x3, 0xaf, 0xf4, 0x0, 0x0, 0x6d, 0xff,
    0xff, 0x40, 0x0, 0x9, 0xff, 0xff, 0xf4, 0x0,
    0x0, 0x24, 0x4b, 0xff, 0x40, 0x0, 0x0, 0x0,
    0x9f, 0xf4, 0x0, 0x0, 0x0, 0x9, 0xff, 0x40,
    0x0, 0x0, 0x0, 0x9f, 0xf4, 0x0, 0x0, 0x0,
    0x9, 0xff, 0x40, 0x0, 0x0, 0x0, 0x9f, 0xf4,
    0x0, 0x0, 0x0, 0x9, 0xff, 0x40, 0x0, 0x0,
    0x0, 0x9f, 0xf4, 0x0, 0x0, 0x0, 0x9, 0xff,
    0x40, 0x0, 0x0, 0x0, 0x9f, 0xf4, 0x0, 0x0,
    0x0, 0x9, 0xff, 0x40, 0x0, 0x17, 0x77, 0xcf,
    0xf9, 0x77, 0x22, 0xff, 0xff, 0xff, 0xff, 0xf6,
    0x2f, 0xff, 0xff, 0xff, 0xff, 0x60,

    /* U+0032 "2" */
    0x0, 0x18, 0xdf, 0xfc, 0x50, 0x0, 0x3, 0xef,
    0xff, 0xff, 0xf9, 0x0, 0xe, 0xff, 0x96, 0x8f,
    0xff, 0x40, 0x4, 0xe3, 0x0, 0x5, 0xff, 0xb0,
    0x0, 0x0, 0x0, 0x0, 0xff, 0xd0, 0x0, 0x0,
    0x0, 0x0, 0xef, 0xd0, 0x0, 0x0, 0x0, 0x1,
    0xff, 0xb0, 0x0, 0x0, 0x0, 0x7, 0xff, 0x60,
    0x0, 0x0, 0x0, 0xe, 0xfe, 0x0, 0x0, 0x0,
    0x0, 0xaf, 0xf6, 0x0, 0x0, 0x0, 0x6, 0xff,
    0xc0, 0x0, 0x0, 0x0, 0x4f, 0xfe, 0x10, 0x0,
    0x0, 0x4, 0xff, 0xf3, 0x0, 0x0, 0x0, 0x4f,
    0xff, 0x50, 0x0, 0x0, 0x4, 0xff, 0xfb, 0x78,
    0x88, 0x85, 0xf, 0xff, 0xff, 0xff, 0xff, 0xfa,
    0xf, 0xff, 0xff, 0xff, 0xff, 0xfa,

    /* U+0033 "3" */
    0x0, 0x18, 0xdf, 0xfd, 0x81, 0x0, 0x4, 0xef,
    0xff, 0xff, 0xfe, 0x10, 0x7, 0xff, 0x96, 0x7e,
    0xff, 0xa0, 0x0, 0x72, 0x0, 0x2, 0xff, 0xf0,
    0x0, 0x0, 0x0, 0x0, 0xef, 0xf0, 0x0, 0x0,
    0x0, 0x3, 0xff, 0xb0, 0x0, 0x0, 0x34, 0x8f,
    0xfe, 0x20, 0x0, 0x0, 0xff, 0xff, 0xb1, 0x0,
    0x0, 0x0, 0xff, 0xff, 0xf9, 0x0, 0x0, 0x0,
    0x1, 0x4b, 0xff, 0xb0, 0x0, 0x0, 0x0, 0x0,
    0xbf, 0xf4, 0x0, 0x0, 0x0, 0x0, 0x6f, 0xf7,
    0x0, 0x0, 0x0, 0x0, 0x7f, 0xf8, 0x9, 0xc2,
    0x0, 0x0, 0xdf, 0xf5, 0x3f, 0xff, 0xa7, 0x8e,
    0xff, 0xd0, 0x8, 0xff, 0xff, 0xff, 0xfe, 0x20,
    0x0, 0x29, 0xef, 0xfd, 0x81, 0x0,

    /* U+0034 "4" */
    0x0, 0x0, 0x0, 0x9f, 0xff, 0x20, 0x0, 0x0,
    0x0, 0x3f, 0xff, 0xf2, 0x0, 0x0, 0x0, 0xc,
    0xff, 0xff, 0x20, 0x0, 0x0, 0x6, 0xff, 0x9f,
    0xf2, 0x0, 0x0, 0x1, 0xff, 0xa8, 0xff, 0x20,
    0x0, 0x0, 0xaf, 0xf2, 0x8f, 0xf2, 0x0, 0x0,
    0x3f, 0xf7, 0x9, 0xff, 0x20, 0x0, 0xd, 0xfd,
    0x0, 0x9f, 0xf2, 0x0, 0x7, 0xff, 0x30, 0x9,
    0xff, 0x20, 0x1, 0xff, 0x90, 0x0, 0x9f, 0xf2,
    0x0, 0x8f, 0xff, 0xff, 0xff, 0xff, 0xff, 0x28,
    0xff, 0xff, 0xff, 0xff, 0xff, 0xf2, 0x25, 0x55,
    0x55, 0x5b, 0xff, 0x65, 0x0, 0x0, 0x0, 0x0,
    0x9f, 0xf2, 0x0, 0x0, 0x0, 0x0, 0x9, 0xff,
    0x20, 0x0, 0x0, 0x0, 0x0, 0x9f, 0xf2, 0x0,
    0x0, 0x0, 0x0, 0x9, 0xff, 0x20, 0x0,

    /* U+0035 "5" */
    0x0, 0xaf, 0xff, 0xff, 0xff, 0xc0, 0x0, 0xbf,
    0xff, 0xff, 0xff, 0xc0, 0x0, 0xcf, 0xe8, 0x88,
    0x88, 0x70, 0x0, 0xdf, 0xc0, 0x0, 0x0, 0x0,
    0x0, 0xef, 0xa0, 0x0, 0x0, 0x0, 0x0, 0xff,
    0x90, 0x21, 0x0, 0x0, 0x0, 0xff, 0xdf, 0xff,
    0xd5, 0x0, 0x1, 0xff, 0xff, 0xff, 0xff, 0x60,
    0x0, 0x6b, 0x30, 0x19, 0xff, 0xf1, 0x0, 0x0,
    0x0, 0x0, 0xbf, 0xf6, 0x0, 0x0, 0x0, 0x0,
    0x6f, 0xf8, 0x0, 0x0, 0x0, 0x0, 0x5f, 0xf8,
    0x0, 0x0, 0x0, 0x0, 0x8f, 0xf7, 0x8, 0xa1,
    0x0, 0x2, 0xef, 0xf2, 0x3f, 0xfe, 0x97, 0x9f,
    0xff, 0xa0, 0x8, 0xff, 0xff, 0xff, 0xfc, 0x0,
    0x0, 0x29, 0xdf, 0xfc, 0x60, 0x0,

    /* U+0036 "6" */
    0x0, 0x3, 0xae, 0xfe, 0x91, 0x0, 0x7, 0xff,
    0xff, 0xff, 0xe3, 0x4, 0xff, 0xf9, 0x79, 0xfd,
    0x10, 0xdf, 0xf3, 0x0, 0x2, 0x10, 0x4f, 0xf8,
    0x0, 0x0, 0x0, 0x8, 0xff, 0x20, 0x0, 0x0,
    0x0, 0xbf, 0xf0, 0x8e, 0xfd, 0x70, 0xd, 0xfe,
    0xcf, 0xff, 0xff, 0xb0, 0xdf, 0xff, 0x72, 0x4d,
    0xff, 0x5d, 0xff, 0x40, 0x0, 0x2f, 0xfa, 0xcf,
    0xe0, 0x0, 0x0, 0xef, 0xca, 0xff, 0x0, 0x0,
    0xd, 0xfd, 0x6f, 0xf4, 0x0, 0x0, 0xff, 0xb1,
    0xff, 0xc0, 0x0, 0x5f, 0xf7, 0x8, 0xff, 0xb5,
    0x6f, 0xff, 0x10, 0xb, 0xff, 0xff, 0xff, 0x40,
    0x0, 0x6, 0xcf, 0xfb, 0x30, 0x0,

    /* U+0037 "7" */
    0xef, 0xff, 0xff, 0xff, 0xff, 0xbe, 0xff, 0xff,
    0xff, 0xff, 0xfb, 0x78, 0x88, 0x88, 0x8d, 0xff,
    0x30, 0x0, 0x0, 0x1, 0xff, 0x80, 0x0, 0x0,
    0x0, 0xaf, 0xd0, 0x0, 0x0, 0x0, 0x3f, 0xf5,
    0x0, 0x0, 0x0, 0xa, 0xfe, 0x0, 0x0, 0x0,
    0x1, 0xff, 0x70, 0x0, 0x0, 0x0, 0x7f, 0xf2,
    0x0, 0x0, 0x0, 0xc, 0xfe, 0x0, 0x0, 0x0,
    0x0, 0xff, 0xb0, 0x0, 0x0, 0x0, 0x3f, 0xf8,
    0x0, 0x0, 0x0, 0x6, 0xff, 0x60, 0x0, 0x0,
    0x0, 0x8f, 0xf4, 0x0, 0x0, 0x0, 0xa, 0xff,
    0x30, 0x0, 0x0, 0x0, 0xcf, 0xf2, 0x0, 0x0,
    0x0, 0xd, 0xff, 0x20, 0x0, 0x0,

    /* U+0038 "8" */
    0x0, 0x2a, 0xef, 0xea, 0x20, 0x0, 0x4f, 0xff,
    0xff, 0xff, 0x20, 0xe, 0xfe, 0x52, 0x6f, 0xfc,
    0x3, 0xff, 0x60, 0x0, 0x7f, 0xf0, 0x4f, 0xf4,
    0x0, 0x4, 0xff, 0x12, 0xff, 0x80, 0x0, 0x6f,
    0xe0, 0xa, 0xff, 0x60, 0xb, 0xf7, 0x0, 0x1c,
    0xff, 0xc9, 0xfb, 0x0, 0x0, 0x8f, 0xff, 0xff,
    0x60, 0x0, 0xbf, 0xb3, 0x9f, 0xff, 0x90, 0x7f,
    0xf1, 0x0, 0x2d, 0xff, 0x4d, 0xfa, 0x0, 0x0,
    0x3f, 0xf9, 0xff, 0x90, 0x0, 0x0, 0xff, 0xbd,
    0xfd, 0x0, 0x0, 0x2f, 0xfa, 0x7f, 0xfc, 0x42,
    0x5d, 0xff, 0x40, 0xbf, 0xff, 0xff, 0xff, 0x80,
    0x0, 0x5b, 0xff, 0xeb, 0x40, 0x0,

    /* U+0039 "9" */
    0x0, 0x6, 0xcf, 0xfb, 0x40, 0x0, 0x0, 0xaf,
    0xff, 0xff, 0xf8, 0x0, 0x6, 0xff, 0xc5, 0x5d,
    0xff, 0x40, 0xd, 0xfe, 0x0, 0x1, 0xef, 0xd0,
    0xf, 0xfa, 0x0, 0x0, 0x8f, 0xf2, 0x1f, 0xf9,
    0x0, 0x0, 0x3f, 0xf6, 0xf, 0xfc, 0x0, 0x0,
    0x5f, 0xf8, 0xb, 0xff, 0x81, 0x16, 0xff, 0xf9,
    0x2, 0xff, 0xff, 0xff, 0xbf, 0xf9, 0x0, 0x3c,
    0xff, 0xf8, 0x1f, 0xf8, 0x0, 0x0, 0x12, 0x0,
    0x3f, 0xf7, 0x0, 0x0, 0x0, 0x0, 0x6f, 0xf4,
    0x0, 0x0, 0x0, 0x0, 0xcf, 0xf0, 0x0, 0x62,
    0x0, 0x6, 0xff, 0x90, 0x4, 0xff, 0x97, 0xbf,
    0xfe, 0x10, 0x6, 0xff, 0xff, 0xff, 0xe3, 0x0,
    0x0, 0x3a, 0xef, 0xe9, 0x10, 0x0,

    /* U+003A ":" */
    0xb, 0xf9, 0x5, 0xff, 0xf3, 0x5f, 0xff, 0x30,
    0xbf, 0x90, 0x0, 0x0, 0x0, 0x0, 0x0, 0x0,
    0x0, 0x0, 0x0, 0x0, 0x0, 0x0, 0x0, 0xbf,
    0xa0, 0x5f, 0xff, 0x35, 0xff, 0xf3, 0xb, 0xf9,
    0x0,

    /* U+003B ";" */
    0xb, 0xf9, 0x5, 0xff, 0xf3, 0x5f, 0xff, 0x30,
    0xbf, 0x90, 0x0, 0x0, 0x0, 0x0, 0x0, 0x0,
    0x0, 0x0, 0x0, 0x0, 0x0, 0x0, 0x0, 0x5a,
    0x60, 0x3f, 0xff, 0x45, 0xff, 0xf9, 0xb, 0xff,
    0xa0, 0x5, 0xf8, 0x0, 0xcf, 0x41, 0xbf, 0xc0,
    0xaf, 0xc1, 0x4, 0x70, 0x0,

    /* U+003C "<" */
    0x0, 0x0, 0x0, 0x0, 0x0, 0x0, 0x0, 0x0,
    0x0, 0x0, 0x2, 0x8d, 0x0, 0x0, 0x0, 0x5,
    0xcf, 0xfe, 0x0, 0x0, 0x28, 0xef, 0xff, 0xe8,
    0x0, 0x5b, 0xff, 0xff, 0xa4, 0x0, 0x1e, 0xff,
    0xfb, 0x50, 0x0, 0x0, 0x2f, 0xff, 0x50, 0x0,
    0x0, 0x0, 0x1c, 0xff, 0xfd, 0x82, 0x0, 0x0,
    0x0, 0x29, 0xff, 0xff, 0xc6, 0x10, 0x0, 0x0,
    0x6, 0xcf, 0xff, 0xfa, 0x0, 0x0, 0x0, 0x3,
    0x9f, 0xfe, 0x0, 0x0, 0x0, 0x0, 0x0, 0x6b,

    /* U+003D "=" */
    0x2f, 0xff, 0xff, 0xff, 0xff, 0xfe, 0x2f, 0xff,
    0xff, 0xff, 0xff, 0xfe, 0x2, 0x22, 0x22, 0x22,
    0x22, 0x22, 0x0, 0x0, 0x0, 0x0, 0x0, 0x0,
    0x0, 0x0, 0x0, 0x0, 0x0, 0x0, 0x2, 0x22,
    0x22, 0x22, 0x22, 0x22, 0x2f, 0xff, 0xff, 0xff,
    0xff, 0xfe, 0x2f, 0xff, 0xff, 0xff, 0xff, 0xfe,

    /* U+003E ">" */
    0x0, 0x0, 0x0, 0x0, 0x0, 0x0, 0x2d, 0x71,
    0x0, 0x0, 0x0, 0x0, 0x2f, 0xff, 0xa4, 0x0,
    0x0, 0x0, 0x19, 0xff, 0xff, 0xd7, 0x10, 0x0,
    0x0, 0x5, 0xbf, 0xff, 0xfa, 0x30, 0x0, 0x0,
    0x1, 0x7d, 0xff, 0xfc, 0x0, 0x0, 0x0, 0x0,
    0x9f, 0xfe, 0x0, 0x0, 0x3, 0x9f, 0xff, 0xfa,
    0x0, 0x27, 0xdf, 0xff, 0xe7, 0x10, 0x1c, 0xff,
    0xff, 0xb4, 0x0, 0x0, 0x2f, 0xfe, 0x81, 0x0,
    0x0, 0x0, 0x2b, 0x50, 0x0, 0x0, 0x0, 0x0,

    /* U+003F "?" */
    0x0, 0x29, 0xef, 0xea, 0x20, 0x5, 0xff, 0xff,
    0xff, 0xf3, 0xa, 0xfe, 0x87, 0xdf, 0xfb, 0x0,
    0x60, 0x0, 0x1f, 0xfe, 0x0, 0x0, 0x0, 0xd,
    0xfe, 0x0, 0x0, 0x0, 0x3f, 0xf9, 0x0, 0x0,
    0x1, 0xef, 0xe1, 0x0, 0x0, 0xc, 0xff, 0x30,
    0x0, 0x0, 0x8f, 0xf5, 0x0, 0x0, 0x0, 0xff,
    0xb0, 0x0, 0x0, 0x2, 0xff, 0x60, 0x0, 0x0,
    0x0, 0x44, 0x10, 0x0, 0x0, 0x0, 0x0, 0x0,
    0x0, 0x0, 0x2, 0xdf, 0x60, 0x0, 0x0, 0x9,
    0xff, 0xf0, 0x0, 0x0, 0x9, 0xff, 0xf0, 0x0,
    0x0, 0x2, 0xdf, 0x60, 0x0,

    /* U+0040 "@" */
    0x0, 0x0, 0x0, 0x6, 0xbe, 0xff, 0xeb, 0x60,
    0x0, 0x0, 0x0, 0x0, 0x6, 0xef, 0xff, 0xee,
    0xff, 0xfd, 0x30, 0x0, 0x0, 0x0, 0xbf, 0xfa,
    0x40, 0x0, 0x4, 0xcf, 0xf4, 0x0, 0x0, 0xc,
    0xfe, 0x30, 0x0, 0x0, 0x0, 0x7, 0xfe, 0x10,
    0x0, 0xaf, 0xd1, 0x0, 0x0, 0x0, 0x0, 0x0,
    0x9f, 0x90, 0x4, 0xff, 0x20, 0x0, 0x0, 0x0,
    0x0, 0x0, 0x1f, 0xf0, 0xc, 0xf7, 0x0, 0x1,
    0x9e, 0xf8, 0x9f, 0x30, 0xb, 0xf4, 0x2f, 0xf0,
    0x0, 0x1d, 0xff, 0xff, 0xff, 0x0, 0x7, 0xf7,
    0x6f, 0xa0, 0x0, 0xaf, 0xd2, 0xa, 0xfd, 0x0,
    0x5, 0xf8, 0x9f, 0x60, 0x2, 0xff, 0x20, 0x7,
    0xfa, 0x0, 0x5, 0xf8, 0xbf, 0x40, 0x8, 0xfb,
    0x0, 0xa, 0xf6, 0x0, 0x7, 0xf6, 0xcf, 0x30,
    0xb, 0xf8, 0x0, 0xd, 0xf3, 0x0, 0xc, 0xf3,
    0xbf, 0x40, 0xb, 0xf9, 0x0, 0x1f, 0xf1, 0x0,
    0x4f, 0xd0, 0x9f, 0x60, 0x8, 0xff, 0x55, 0xef,
    0xf7, 0x4, 0xef, 0x40, 0x6f, 0xb0, 0x2, 0xff,
    0xff, 0xe6, 0xff, 0xff, 0xf7, 0x0, 0x1f, 0xf2,
    0x0, 0x3c, 0xea, 0x10, 0x6d, 0xeb, 0x30, 0x0,
    0xa, 0xfb, 0x0, 0x0, 0x0, 0x0, 0x0, 0x0,
    0x0, 0x0, 0x1, 0xef, 0xa0, 0x0, 0x0, 0x0,
    0x0, 0x0, 0x0, 0x0, 0x0, 0x3f, 0xfe, 0x72,
    0x0, 0x2, 0x78, 0x0, 0x0, 0x0, 0x0, 0x2,
    0xcf, 0xff, 0xfe, 0xff, 0xfe, 0x0, 0x0, 0x0,
    0x0, 0x0, 0x4, 0x9d, 0xff, 0xec, 0x71, 0x0,
    0x0, 0x0,

    /* U+0041 "A" */
    0x0, 0x0, 0x0, 0xef, 0xfc, 0x0, 0x0, 0x0,
    0x0, 0x0, 0x3f, 0xff, 0xf1, 0x0, 0x0, 0x0,
    0x0, 0x8, 0xfd, 0xff, 0x60, 0x0, 0x0, 0x0,
    0x0, 0xdf, 0x9c, 0xfb, 0x0, 0x0, 0x0, 0x0,
    0x2f, 0xf5, 0x8f, 0xf1, 0x0, 0x0, 0x0, 0x7,
    0xff, 0x14, 0xff, 0x50, 0x0, 0x0, 0x0, 0xcf,
    0xc0, 0xf, 0xfa, 0x0, 0x0, 0x0, 0x1f, 0xf8,
    0x0, 0xbf, 0xf0, 0x0, 0x0, 0x6, 0xff, 0x30,
    0x7, 0xff, 0x40, 0x0, 0x0, 0xbf, 0xf0, 0x0,
    0x2f, 0xf9, 0x0, 0x0, 0xf, 0xff, 0xff, 0xff,
    0xff, 0xe0, 0x0, 0x5, 0xff, 0xff, 0xff, 0xff,
    0xff, 0x30, 0x0, 0xaf, 0xf6, 0x55, 0x55, 0x9f,
    0xf8, 0x0, 0xf, 0xfd, 0x0, 0x0, 0x1, 0xff,
    0xd0, 0x4, 0xff, 0x90, 0x0, 0x0, 0xc, 0xff,
    0x20, 0x9f, 0xf5, 0x0, 0x0, 0x0, 0x8f, 0xf7,
    0xe, 0xff, 0x0, 0x0, 0x0, 0x4, 0xff, 0xc0,

    /* U+0042 "B" */
    0xff, 0xff, 0xff, 0xec, 0x81, 0x0, 0xff, 0xff,
    0xff, 0xff, 0xfe, 0x20, 0xff, 0xf5, 0x56, 0x8e,
    0xff, 0xc0, 0xff, 0xf0, 0x0, 0x1, 0xff, 0xf0,
    0xff, 0xf0, 0x0, 0x0, 0xcf, 0xf0, 0xff, 0xf0,
    0x0, 0x0, 0xef, 0xd0, 0xff, 0xf0, 0x0, 0x3b,
    0xff, 0x60, 0xff, 0xff, 0xff, 0xff, 0xf7, 0x0,
    0xff, 0xff, 0xff, 0xff, 0xfc, 0x30, 0xff, 0xf4,
    0x44, 0x59, 0xff, 0xf3, 0xff, 0xf0, 0x0, 0x0,
    0x4f, 0xfb, 0xff, 0xf0, 0x0, 0x0, 0xf, 0xfe,
    0xff, 0xf0, 0x0, 0x0, 0xf, 0xfe, 0xff, 0xf0,
    0x0, 0x0, 0x7f, 0xfb, 0xff, 0xf5, 0x55, 0x7b,
    0xff, 0xf4, 0xff, 0xff, 0xff, 0xff, 0xff, 0x70,
    0xff, 0xff, 0xff, 0xfd, 0x92, 0x0,

    /* U+0043 "C" */
    0x0, 0x0, 0x4a, 0xef, 0xeb, 0x40, 0x0, 0x0,
    0xbf, 0xff, 0xff, 0xff, 0x90, 0x0, 0xcf, 0xff,
    0xca, 0xbf, 0xfe, 0x10, 0x7f, 0xfe, 0x40, 0x0,
    0x1b, 0x40, 0xf, 0xff, 0x40, 0x0, 0x0, 0x0,
    0x6, 0xff, 0xb0, 0x0, 0x0, 0x0, 0x0, 0x9f,
    0xf6, 0x0, 0x0, 0x0, 0x0, 0xb, 0xff, 0x40,
    0x0, 0x0, 0x0, 0x0, 0xcf, 0xf3, 0x0, 0x0,
    0x0, 0x0, 0xc, 0xff, 0x40, 0x0, 0x0, 0x0,
    0x0, 0xaf, 0xf6, 0x0, 0x0, 0x0, 0x0, 0x6,
    0xff, 0xb0, 0x0, 0x0, 0x0, 0x0, 0x1f, 0xff,
    0x30, 0x0, 0x0, 0x1, 0x0, 0x9f, 0xfe, 0x30,
    0x0, 0x1b, 0xc0, 0x0, 0xdf, 0xff, 0xca, 0xbf,
    0xff, 0x70, 0x1, 0xcf, 0xff, 0xff, 0xff, 0xa0,
    0x0, 0x0, 0x5b, 0xef, 0xeb, 0x40, 0x0,

    /* U+0044 "D" */
    0xff, 0xff, 0xff, 0xc8, 0x20, 0x0, 0xf, 0xff,
    0xff, 0xff, 0xff, 0x80, 0x0, 0xff, 0xf7, 0x79,
    0xdf, 0xff, 0x80, 0xf, 0xff, 0x0, 0x0, 0x7f,
    0xff, 0x30, 0xff, 0xf0, 0x0, 0x0, 0x8f, 0xfb,
    0xf, 0xff, 0x0, 0x0, 0x1, 0xff, 0xf0, 0xff,
    0xf0, 0x0, 0x0, 0xd, 0xff, 0x2f, 0xff, 0x0,
    0x0, 0x0, 0xaf, 0xf4, 0xff, 0xf0, 0x0, 0x0,
    0xa, 0xff, 0x5f, 0xff, 0x0, 0x0, 0x0, 0xbf,
    0xf4, 0xff, 0xf0, 0x0, 0x0, 0xd, 0xff, 0x2f,
    0xff, 0x0, 0x0, 0x1, 0xff, 0xf0, 0xff, 0xf0,
    0x0, 0x0, 0x9f, 0xfa, 0xf, 0xff, 0x0, 0x0,
    0x7f, 0xff, 0x30, 0xff, 0xf7, 0x79, 0xdf, 0xff,
    0x80, 0xf, 0xff, 0xff, 0xff, 0xff, 0x70, 0x0,
    0xff, 0xff, 0xff, 0xc8, 0x20, 0x0, 0x0,

    /* U+0045 "E" */
    0xff, 0xff, 0xff, 0xff, 0xfd, 0xf, 0xff, 0xff,
    0xff, 0xff, 0xd0, 0xff, 0xf8, 0x88, 0x88, 0x87,
    0xf, 0xff, 0x0, 0x0, 0x0, 0x0, 0xff, 0xf0,
    0x0, 0x0, 0x0, 0xf, 0xff, 0x0, 0x0, 0x0,
    0x0, 0xff, 0xf0, 0x0, 0x0, 0x0, 0xf, 0xff,
    0xff, 0xff, 0xfc, 0x0, 0xff, 0xff, 0xff, 0xff,
    0xc0, 0xf, 0xff, 0x88, 0x88, 0x86, 0x0, 0xff,
    0xf0, 0x0, 0x0, 0x0, 0xf, 0xff, 0x0, 0x0,
    0x0, 0x0, 0xff, 0xf0, 0x0, 0x0, 0x0, 0xf,
    0xff, 0x0, 0x0, 0x0, 0x0, 0xff, 0xf8, 0x88,
    0x88, 0x88, 0xf, 0xff, 0xff, 0xff, 0xff, 0xf1,
    0xff, 0xff, 0xff, 0xff, 0xff, 0x10,

    /* U+0046 "F" */
    0xff, 0xff, 0xff, 0xff, 0xfe, 0xff, 0xff, 0xff,
    0xff, 0xfe, 0xff, 0xf8, 0x88, 0x88, 0x87, 0xff,
    0xf0, 0x0, 0x0, 0x0, 0xff, 0xf0, 0x0, 0x0,
    0x0, 0xff, 0xf0, 0x0, 0x0, 0x0, 0xff, 0xf0,
    0x0, 0x0, 0x0, 0xff, 0xf8, 0x88, 0x88, 0x70,
    0xff, 0xff, 0xff, 0xff, 0xe0, 0xff, 0xff, 0xff,
    0xff, 0xe0, 0xff, 0xf0, 0x0, 0x0, 0x0, 0xff,
    0xf0, 0x0, 0x0, 0x0, 0xff, 0xf0, 0x0, 0x0,
    0x0, 0xff, 0xf0, 0x0, 0x0, 0x0, 0xff, 0xf0,
    0x0, 0x0, 0x0, 0xff, 0xf0, 0x0, 0x0, 0x0,
    0xff, 0xf0, 0x0, 0x0, 0x0,

    /* U+0047 "G" */
    0x0, 0x0, 0x3a, 0xdf, 0xfd, 0x70, 0x0, 0x0,
    0xa, 0xff, 0xff, 0xff, 0xfe, 0x30, 0x0, 0xbf,
    0xff, 0xda, 0xad, 0xff, 0x80, 0x7, 0xff, 0xf5,
    0x0, 0x0, 0x59, 0x0, 0xf, 0xff, 0x40, 0x0,
    0x0, 0x0, 0x0, 0x6f, 0xfc, 0x0, 0x0, 0x0,
    0x0, 0x0, 0x9f, 0xf6, 0x0, 0x0, 0x0, 0x0,
    0x0, 0xbf, 0xf4, 0x0, 0x4, 0x77, 0x77, 0x70,
    0xcf, 0xf3, 0x0, 0x9, 0xff, 0xff, 0xf1, 0xcf,
    0xf4, 0x0, 0x9, 0xff, 0xff, 0xf1, 0xaf, 0xf6,
    0x0, 0x0, 0x0, 0x8f, 0xf1, 0x6f, 0xfb, 0x0,
    0x0, 0x0, 0x8f, 0xf1, 0x1f, 0xff, 0x40, 0x0,
    0x0, 0x8f, 0xf1, 0x9, 0xff, 0xf5, 0x0, 0x0,
    0xaf, 0xf1, 0x0, 0xcf, 0xff, 0xda, 0xad, 0xff,
    0xf1, 0x0, 0x1b, 0xff, 0xff, 0xff, 0xff, 0x70,
    0x0, 0x0, 0x4a, 0xef, 0xfd, 0x82, 0x0,

    /* U+0048 "H" */
    0xff, 0xf0, 0x0, 0x0, 0x7, 0xff, 0x6f, 0xff,
    0x0, 0x0, 0x0, 0x7f, 0xf6, 0xff, 0xf0, 0x0,
    0x0, 0x7, 0xff, 0x6f, 0xff, 0x0, 0x0, 0x0,
    0x7f, 0xf6, 0xff, 0xf0, 0x0, 0x0, 0x7, 0xff,
    0x6f, 0xff, 0x0, 0x0, 0x0, 0x7f, 0xf6, 0xff,
    0xf0, 0x0, 0x0, 0x7, 0xff, 0x6f, 0xff, 0xff,
    0xff, 0xff, 0xff, 0xf6, 0xff, 0xff, 0xff, 0xff,
    0xff, 0xff, 0x6f, 0xff, 0xaa, 0xaa, 0xaa, 0xcf,
    0xf6, 0xff, 0xf0, 0x0, 0x0, 0x7, 0xff, 0x6f,
    0xff, 0x0, 0x0, 0x0, 0x7f, 0xf6, 0xff, 0xf0,
    0x0, 0x0, 0x7, 0xff, 0x6f, 0xff, 0x0, 0x0,
    0x0, 0x7f, 0xf6, 0xff, 0xf0, 0x0, 0x0, 0x7,
    0xff, 0x6f, 0xff, 0x0, 0x0, 0x0, 0x7f, 0xf6,
    0xff, 0xf0, 0x0, 0x0, 0x7, 0xff, 0x60,

    /* U+0049 "I" */
    0xff, 0xff, 0xff, 0xff, 0xff, 0xff, 0xff, 0xff,
    0xff, 0xff, 0xff, 0xff, 0xff, 0xff, 0xff, 0xff,
    0xff, 0xff, 0xff, 0xff, 0xff, 0xff, 0xff, 0xff,
    0xff, 0xf0,

    /* U+004A "J" */
    0x0, 0x0, 0x0, 0x9, 0xff, 0x50, 0x0, 0x0,
    0x0, 0x9f, 0xf5, 0x0, 0x0, 0x0, 0x9, 0xff,
    0x50, 0x0, 0x0, 0x0, 0x9f, 0xf5, 0x0, 0x0,
    0x0, 0x9, 0xff, 0x50, 0x0, 0x0, 0x0, 0x9f,
    0xf5, 0x0, 0x0, 0x0, 0x9, 0xff, 0x50, 0x0,
    0x0, 0x0, 0x9f, 0xf5, 0x0, 0x0, 0x0, 0x9,
    0xff, 0x50, 0x0, 0x0, 0x0, 0x9f, 0xf5, 0x0,
    0x0, 0x0, 0x9, 0xff, 0x50, 0x0, 0x0, 0x0,
    0x9f, 0xf4, 0x0, 0x20, 0x0, 0xb, 0xff, 0x30,
    0x9f, 0x40, 0x2, 0xff, 0xf0, 0x2f, 0xff, 0xba,
    0xff, 0xfa, 0x0, 0x6f, 0xff, 0xff, 0xfe, 0x10,
    0x0, 0x3b, 0xef, 0xe9, 0x10, 0x0,

    /* U+004B "K" */
    0xff, 0xf0, 0x0, 0x0, 0x9f, 0xfa, 0xf, 0xff,
    0x0, 0x0, 0x5f, 0xfd, 0x0, 0xff, 0xf0, 0x0,
    0x2f, 0xff, 0x20, 0xf, 0xff, 0x0, 0xc, 0xff,
    0x60, 0x0, 0xff, 0xf0, 0x9, 0xff, 0xa0, 0x0,
    0xf, 0xff, 0x5, 0xff, 0xd0, 0x0, 0x0, 0xff,
    0xf2, 0xff, 0xf3, 0x0, 0x0, 0xf, 0xff, 0xcf,
    0xff, 0x80, 0x0, 0x0, 0xff, 0xff, 0xff, 0xff,
    0x10, 0x0, 0xf, 0xff, 0xfd, 0x8f, 0xfa, 0x0,
    0x0, 0xff, 0xff, 0x20, 0xdf, 0xf3, 0x0, 0xf,
    0xff, 0x60, 0x5, 0xff, 0xc0, 0x0, 0xff, 0xf0,
    0x0, 0xc, 0xff, 0x50, 0xf, 0xff, 0x0, 0x0,
    0x3f, 0xfd, 0x0, 0xff, 0xf0, 0x0, 0x0, 0xbf,
    0xf7, 0xf, 0xff, 0x0, 0x0, 0x2, 0xff, 0xf1,
    0xff, 0xf0, 0x0, 0x0, 0x9, 0xff, 0x90,

    /* U+004C "L" */
    0xff, 0xf0, 0x0, 0x0, 0x0, 0xff, 0xf0, 0x0,
    0x0, 0x0, 0xff, 0xf0, 0x0, 0x0, 0x0, 0xff,
    0xf0, 0x0, 0x0, 0x0, 0xff, 0xf0, 0x0, 0x0,
    0x0, 0xff, 0xf0, 0x0, 0x0, 0x0, 0xff, 0xf0,
    0x0, 0x0, 0x0, 0xff, 0xf0, 0x0, 0x0, 0x0,
    0xff, 0xf0, 0x0, 0x0, 0x0, 0xff, 0xf0, 0x0,
    0x0, 0x0, 0xff, 0xf0, 0x0, 0x0, 0x0, 0xff,
    0xf0, 0x0, 0x0, 0x0, 0xff, 0xf0, 0x0, 0x0,
    0x0, 0xff, 0xf0, 0x0, 0x0, 0x0, 0xff, 0xf8,
    0x88, 0x88, 0x86, 0xff, 0xff, 0xff, 0xff, 0xfb,
    0xff, 0xff, 0xff, 0xff, 0xfb,

    /* U+004D "M" */
    0xff, 0xf8, 0x0, 0x0, 0x0, 0xf, 0xff, 0x7f,
    0xff, 0xd0, 0x0, 0x0, 0x5, 0xff, 0xf7, 0xff,
    0xff, 0x30, 0x0, 0x0, 0xaf, 0xff, 0x7f, 0xff,
    0xf8, 0x0, 0x0, 0xf, 0xff, 0xf7, 0xff, 0xcf,
    0xe0, 0x0, 0x5, 0xfd, 0xef, 0x7f, 0xf8, 0xff,
    0x30, 0x0, 0xbf, 0x8f, 0xf7, 0xff, 0x8b, 0xf9,
    0x0, 0xf, 0xf4, 0xff, 0x7f, 0xf9, 0x6f, 0xe0,
    0x5, 0xfd, 0x2f, 0xf7, 0xff, 0xa1, 0xff, 0x40,
    0xbf, 0x83, 0xff, 0x7f, 0xfb, 0xb, 0xf9, 0xf,
    0xf2, 0x3f, 0xf7, 0xff, 0xb0, 0x5f, 0xe4, 0xfd,
    0x3, 0xff, 0x7f, 0xfb, 0x0, 0xff, 0xdf, 0x70,
    0x3f, 0xf7, 0xff, 0xb0, 0xa, 0xff, 0xf1, 0x3,
    0xff, 0x7f, 0xfb, 0x0, 0x4f, 0xfc, 0x0, 0x3f,
    0xf7, 0xff, 0xb0, 0x0, 0xef, 0x60, 0x3, 0xff,
    0x7f, 0xfb, 0x0, 0x4, 0x61, 0x0, 0x3f, 0xf7,
    0xff, 0xb0, 0x0, 0x0, 0x0, 0x3, 0xff, 0x70,

    /* U+004E "N" */
    0xff, 0xf4, 0x0, 0x0, 0x8, 0xff, 0x3f, 0xff,
    0xd0, 0x0, 0x0, 0x8f, 0xf3, 0xff, 0xff, 0x50,
    0x0, 0x8, 0xff, 0x3f, 0xff, 0xfd, 0x0, 0x0,
    0x8f, 0xf3, 0xff, 0xaf, 0xf6, 0x0, 0x8, 0xff,
    0x3f, 0xf9, 0xaf, 0xe0, 0x0, 0x8f, 0xf3, 0xff,
    0xa3, 0xff, 0x70, 0x8, 0xff, 0x3f, 0xfb, 0xb,
    0xfe, 0x10, 0x8f, 0xf3, 0xff, 0xc0, 0x3f, 0xf8,
    0x7, 0xff, 0x3f, 0xfc, 0x0, 0xaf, 0xf1, 0x6f,
    0xf3, 0xff, 0xd0, 0x2, 0xff, 0x85, 0xff, 0x3f,
    0xfd, 0x0, 0xa, 0xff, 0x5f, 0xf3, 0xff, 0xd0,
    0x0, 0x2f, 0xfa, 0xff, 0x3f, 0xfd, 0x0, 0x0,
    0x9f, 0xff, 0xf3, 0xff, 0xd0, 0x0, 0x1, 0xff,
    0xff, 0x3f, 0xfd, 0x0, 0x0, 0x8, 0xff, 0xf3,
    0xff, 0xd0, 0x0, 0x0, 0x1e, 0xff, 0x30,

    /* U+004F "O" */
    0x0, 0x0, 0x6c, 0xff, 0xeb, 0x50, 0x0, 0x0,
    0x2, 0xdf, 0xff, 0xff, 0xff, 0xb0, 0x0, 0x1,
    0xef, 0xff, 0xba, 0xcf, 0xff, 0xb0, 0x0, 0xaf,
    0xfd, 0x20, 0x0, 0x4f, 0xff, 0x60, 0x2f, 0xff,
    0x20, 0x0, 0x0, 0x5f, 0xfe, 0x7, 0xff, 0xa0,
    0x0, 0x0, 0x0, 0xef, 0xf3, 0xaf, 0xf6, 0x0,
    0x0, 0x0, 0x9, 0xff, 0x6c, 0xff, 0x30, 0x0,
    0x0, 0x0, 0x7f, 0xf8, 0xcf, 0xf3, 0x0, 0x0,
    0x0, 0x6, 0xff, 0x8b, 0xff, 0x40, 0x0, 0x0,
    0x0, 0x7f, 0xf7, 0xaf, 0xf6, 0x0, 0x0, 0x0,
    0xa, 0xff, 0x66, 0xff, 0xb0, 0x0, 0x0, 0x0,
    0xef, 0xf2, 0x1f, 0xff, 0x30, 0x0, 0x0, 0x6f,
    0xfd, 0x0, 0x9f, 0xfe, 0x20, 0x0, 0x5f, 0xff,
    0x50, 0x1, 0xdf, 0xff, 0xba, 0xcf, 0xff, 0xb0,
    0x0, 0x2, 0xdf, 0xff, 0xff, 0xff, 0xa0, 0x0,
    0x0, 0x0, 0x6c, 0xff, 0xeb, 0x40, 0x0, 0x0,

    /* U+0050 "P" */
    0xff, 0xff, 0xff, 0xec, 0x70, 0x0, 0xff, 0xff,
    0xff, 0xff, 0xfe, 0x20, 0xff, 0xf6, 0x67, 0x9e,
    0xff, 0xd0, 0xff, 0xf0, 0x0, 0x1, 0xdf, 0xf3,
    0xff, 0xf0, 0x0, 0x0, 0x7f, 0xf6, 0xff, 0xf0,
    0x0, 0x0, 0x6f, 0xf7, 0xff, 0xf0, 0x0, 0x0,
    0x8f, 0xf6, 0xff, 0xf0, 0x0, 0x2, 0xef, 0xf2,
    0xff, 0xf6, 0x66, 0x9f, 0xff, 0xa0, 0xff, 0xff,
    0xff, 0xff, 0xfc, 0x0, 0xff, 0xff, 0xff, 0xeb,
    0x50, 0x0, 0xff, 0xf0, 0x0, 0x0, 0x0, 0x0,
    0xff, 0xf0, 0x0, 0x0, 0x0, 0x0, 0xff, 0xf0,
    0x0, 0x0, 0x0, 0x0, 0xff, 0xf0, 0x0, 0x0,
    0x0, 0x0, 0xff, 0xf0, 0x0, 0x0, 0x0, 0x0,
    0xff, 0xf0, 0x0, 0x0, 0x0, 0x0,

    /* U+0051 "Q" */
    0x0, 0x0, 0x6c, 0xff, 0xeb, 0x50, 0x0, 0x0,
    0x0, 0x2d, 0xff, 0xff, 0xff, 0xfb, 0x0, 0x0,
    0x1, 0xef, 0xff, 0xba, 0xcf, 0xff, 0xb0, 0x0,
    0xa, 0xff, 0xd2, 0x0, 0x4, 0xff, 0xf6, 0x0,
    0x2f, 0xff, 0x20, 0x0, 0x0, 0x5f, 0xfe, 0x0,
    0x7f, 0xfa, 0x0, 0x0, 0x0, 0xe, 0xff, 0x30,
    0xaf, 0xf6, 0x0, 0x0, 0x0, 0x9, 0xff, 0x60,
    0xcf, 0xf3, 0x0, 0x0, 0x0, 0x7, 0xff, 0x80,
    0xcf, 0xf3, 0x0, 0x0, 0x0, 0x6, 0xff, 0x80,
    0xbf, 0xf4, 0x0, 0x0, 0x0, 0x7, 0xff, 0x70,
    0xaf, 0xf6, 0x0, 0x0, 0x0, 0x9, 0xff, 0x60,
    0x6f, 0xfa, 0x0, 0x0, 0x0, 0xe, 0xff, 0x20,
    0x1f, 0xff, 0x20, 0x0, 0x0, 0x5f, 0xfd, 0x0,
    0x9, 0xff, 0xc1, 0x0, 0x3, 0xef, 0xf5, 0x0,
    0x1, 0xdf, 0xfe, 0x98, 0xaf, 0xff, 0xb0, 0x0,
    0x0, 0x2d, 0xff, 0xff, 0xff, 0xfa, 0x0, 0x0,
    0x0, 0x0, 0x6c, 0xff, 0xfb, 0x40, 0x0, 0x0,
    0x0, 0x0, 0x0, 0xaf, 0xfb, 0x0, 0x0, 0x0,
    0x0, 0x0, 0x0, 0x1e, 0xff, 0xea, 0x77, 0x70,
    0x0, 0x0, 0x0, 0x2, 0xdf, 0xff, 0xff, 0xe0,
    0x0, 0x0, 0x0, 0x0, 0x6, 0xbe, 0xfe, 0xb1,

    /* U+0052 "R" */
    0xff, 0xff, 0xff, 0xfd, 0x82, 0x0, 0xf, 0xff,
    0xff, 0xff, 0xff, 0xf4, 0x0, 0xff, 0xf6, 0x66,
    0x8d, 0xff, 0xe0, 0xf, 0xff, 0x0, 0x0, 0xb,
    0xff, 0x50, 0xff, 0xf0, 0x0, 0x0, 0x5f, 0xf7,
    0xf, 0xff, 0x0, 0x0, 0x5, 0xff, 0x80, 0xff,
    0xf0, 0x0, 0x0, 0xaf, 0xf6, 0xf, 0xff, 0x0,
    0x2, 0x9f, 0xff, 0x10, 0xff, 0xff, 0xff, 0xff,
    0xff, 0x60, 0xf, 0xff, 0xff, 0xff, 0xfd, 0x50,
    0x0, 0xff, 0xf6, 0x6a, 0xff, 0x90, 0x0, 0xf,
    0xff, 0x0, 0x1e, 0xff, 0x20, 0x0, 0xff, 0xf0,
    0x0, 0x7f, 0xfb, 0x0, 0xf, 0xff, 0x0, 0x0,
    0xef, 0xf3, 0x0, 0xff, 0xf0, 0x0, 0x6, 0xff,
    0xc0, 0xf, 0xff, 0x0, 0x0, 0xd, 0xff, 0x50,
    0xff, 0xf0, 0x0, 0x0, 0x5f, 0xfd, 0x0,

    /* U+0053 "S" */
    0x0, 0x0, 0x7c, 0xff, 0xd9, 0x20, 0x0, 0x1,
    0xdf, 0xff, 0xff, 0xff, 0x60, 0x0, 0xcf, 0xff,
    0xaa, 0xcf, 0xfd, 0x0, 0x3f, 0xfe, 0x10, 0x0,
    0x3c, 0x20, 0x5, 0xff, 0xa0, 0x0, 0x0, 0x0,
    0x0, 0x4f, 0xfe, 0x10, 0x0, 0x0, 0x0, 0x0,
    0xef, 0xfe, 0x71, 0x0, 0x0, 0x0, 0x3, 0xff,
    0xff, 0xfa, 0x30, 0x0, 0x0, 0x2, 0xbf, 0xff,
    0xff, 0xa1, 0x0, 0x0, 0x0, 0x29, 0xff, 0xff,
    0xc0, 0x0, 0x0, 0x0, 0x1, 0x8f, 0xff, 0x60,
    0x0, 0x0, 0x0, 0x0, 0x8f, 0xf9, 0x0, 0x30,
    0x0, 0x0, 0x5, 0xff, 0xa0, 0x3f, 0xc3, 0x0,
    0x0, 0xbf, 0xf7, 0xc, 0xff, 0xfd, 0xaa, 0xef,
    0xfe, 0x10, 0x1b, 0xff, 0xff, 0xff, 0xfe, 0x30,
    0x0, 0x4, 0xae, 0xff, 0xd8, 0x10, 0x0,

    /* U+0054 "T" */
    0x5f, 0xff, 0xff, 0xff, 0xff, 0xff, 0xf5, 0xff,
    0xff, 0xff, 0xff, 0xff, 0xff, 0x38, 0x88, 0x8d,
    0xff, 0xa8, 0x88, 0x80, 0x0, 0x0, 0xaf, 0xf4,
    0x0, 0x0, 0x0, 0x0, 0xa, 0xff, 0x40, 0x0,
    0x0, 0x0, 0x0, 0xaf, 0xf4, 0x0, 0x0, 0x0,
    0x0, 0xa, 0xff, 0x40, 0x0, 0x0, 0x0, 0x0,
    0xaf, 0xf4, 0x0, 0x0, 0x0, 0x0, 0xa, 0xff,
    0x40, 0x0, 0x0, 0x0, 0x0, 0xaf, 0xf4, 0x0,
    0x0, 0x0, 0x0, 0xa, 0xff, 0x40, 0x0, 0x0,
    0x0, 0x0, 0xaf, 0xf4, 0x0, 0x0, 0x0, 0x0,
    0xa, 0xff, 0x40, 0x0, 0x0, 0x0, 0x0, 0xaf,
    0xf4, 0x0, 0x0, 0x0, 0x0, 0xa, 0xff, 0x40,
    0x0, 0x0, 0x0, 0x0, 0xaf, 0xf4, 0x0, 0x0,
    0x0, 0x0, 0xa, 0xff, 0x40, 0x0, 0x0,

    /* U+0055 "U" */
    0xff, 0xe0, 0x0, 0x0, 0x7, 0xff, 0x5f, 0xfe,
    0x0, 0x0, 0x0, 0x7f, 0xf5, 0xff, 0xe0, 0x0,
    0x0, 0x7, 0xff, 0x5f, 0xfe, 0x0, 0x0, 0x0,
    0x7f, 0xf5, 0xff, 0xe0, 0x0, 0x0, 0x7, 0xff,
    0x5f, 0xfe, 0x0, 0x0, 0x0, 0x7f, 0xf5, 0xff,
    0xe0, 0x0, 0x0, 0x7, 0xff, 0x5f, 0xfe, 0x0,
    0x0, 0x0, 0x7f, 0xf5, 0xff, 0xe0, 0x0, 0x0,
    0x7, 0xff, 0x5f, 0xfe, 0x0, 0x0, 0x0, 0x7f,
    0xf5, 0xff, 0xe0, 0x0, 0x0, 0x8, 0xff, 0x4d,
    0xff, 0x10, 0x0, 0x0, 0xaf, 0xf2, 0xaf, 0xf5,
    0x0, 0x0, 0xe, 0xff, 0x5, 0xff, 0xe1, 0x0,
    0x9, 0xff, 0xa0, 0xd, 0xff, 0xfb, 0xad, 0xff,
    0xf3, 0x0, 0x2e, 0xff, 0xff, 0xff, 0xf6, 0x0,
    0x0, 0x18, 0xdf, 0xfe, 0xa3, 0x0, 0x0,

    /* U+0056 "V" */
    0xe, 0xff, 0x10, 0x0, 0x0, 0xa, 0xff, 0x40,
    0xaf, 0xf6, 0x0, 0x0, 0x0, 0xef, 0xf0, 0x5,
    0xff, 0xa0, 0x0, 0x0, 0x3f, 0xfa, 0x0, 0x1f,
    0xfe, 0x0, 0x0, 0x7, 0xff, 0x60, 0x0, 0xcf,
    0xf2, 0x0, 0x0, 0xbf, 0xf1, 0x0, 0x7, 0xff,
    0x70, 0x0, 0xf, 0xfc, 0x0, 0x0, 0x2f, 0xfb,
    0x0, 0x3, 0xff, 0x80, 0x0, 0x0, 0xdf, 0xf0,
    0x0, 0x7f, 0xf3, 0x0, 0x0, 0x9, 0xff, 0x40,
    0xc, 0xfe, 0x0, 0x0, 0x0, 0x4f, 0xf8, 0x0,
    0xff, 0x90, 0x0, 0x0, 0x0, 0xff, 0xc0, 0x4f,
    0xf5, 0x0, 0x0, 0x0, 0xa, 0xff, 0x8, 0xff,
    0x0, 0x0, 0x0, 0x0, 0x6f, 0xf4, 0xcf, 0xb0,
    0x0, 0x0, 0x0, 0x1, 0xff, 0x9f, 0xf7, 0x0,
    0x0, 0x0, 0x0, 0xc, 0xff, 0xff, 0x20, 0x0,
    0x0, 0x0, 0x0, 0x7f, 0xff, 0xd0, 0x0, 0x0,
    0x0, 0x0, 0x3, 0xff, 0xf8, 0x0, 0x0, 0x0,

    /* U+0057 "W" */
    0x7f, 0xf8, 0x0, 0x0, 0x5f, 0xf6, 0x0, 0x0,
    0x6f, 0xf5, 0x3f, 0xfa, 0x0, 0x0, 0x9f, 0xfa,
    0x0, 0x0, 0x9f, 0xf2, 0xf, 0xfd, 0x0, 0x0,
    0xcf, 0xfe, 0x0, 0x0, 0xcf, 0xf0, 0xd, 0xff,
    0x0, 0x0, 0xff, 0xff, 0x10, 0x0, 0xef, 0xc0,
    0xa, 0xff, 0x20, 0x4, 0xfd, 0xff, 0x50, 0x1,
    0xff, 0x90, 0x7, 0xff, 0x50, 0x7, 0xfa, 0xcf,
    0x90, 0x4, 0xff, 0x60, 0x4, 0xff, 0x70, 0xb,
    0xf7, 0x9f, 0xc0, 0x6, 0xff, 0x30, 0x1, 0xff,
    0xa0, 0xf, 0xf4, 0x6f, 0xf0, 0x9, 0xff, 0x0,
    0x0, 0xef, 0xc0, 0x2f, 0xf1, 0x3f, 0xf4, 0xc,
    0xfe, 0x0, 0x0, 0xbf, 0xf0, 0x6f, 0xd0, 0xf,
    0xf7, 0xe, 0xfb, 0x0, 0x0, 0x8f, 0xf1, 0x9f,
    0xa0, 0xb, 0xfa, 0xf, 0xf8, 0x0, 0x0, 0x5f,
    0xf4, 0xcf, 0x60, 0x8, 0xfe, 0x2f, 0xf5, 0x0,
    0x0, 0x2f, 0xf7, 0xff, 0x30, 0x4, 0xff, 0x6f,
    0xf2, 0x0, 0x0, 0xf, 0xfb, 0xff, 0x0, 0x1,
    0xff, 0xbf, 0xf0, 0x0, 0x0, 0xc, 0xff, 0xfc,
    0x0, 0x0, 0xdf, 0xff, 0xc0, 0x0, 0x0, 0x9,
    0xff, 0xf8, 0x0, 0x0, 0x9f, 0xff, 0x90, 0x0,
    0x0, 0x6, 0xff, 0xf5, 0x0, 0x0, 0x6f, 0xff,
    0x60, 0x0,

    /* U+0058 "X" */
    0x2f, 0xff, 0x10, 0x0, 0x7, 0xff, 0x90, 0x9,
    0xff, 0x80, 0x0, 0xe, 0xff, 0x10, 0x1, 0xff,
    0xf1, 0x0, 0x6f, 0xf8, 0x0, 0x0, 0x8f, 0xf7,
    0x0, 0xdf, 0xf1, 0x0, 0x0, 0x1f, 0xfe, 0x4,
    0xff, 0x80, 0x0, 0x0, 0x7, 0xff, 0x7b, 0xfe,
    0x10, 0x0, 0x0, 0x0, 0xef, 0xef, 0xf7, 0x0,
    0x0, 0x0, 0x0, 0x6f, 0xff, 0xe0, 0x0, 0x0,
    0x0, 0x0, 0x3f, 0xff, 0xa0, 0x0, 0x0, 0x0,
    0x0, 0xbf, 0xff, 0xf2, 0x0, 0x0, 0x0, 0x3,
    0xff, 0xaf, 0xfa, 0x0, 0x0, 0x0, 0xc, 0xfe,
    0xc, 0xff, 0x30, 0x0, 0x0, 0x4f, 0xf8, 0x4,
    0xff, 0xb0, 0x0, 0x0, 0xdf, 0xf1, 0x0, 0xcf,
    0xf4, 0x0, 0x5, 0xff, 0x90, 0x0, 0x5f, 0xfc,
    0x0, 0xd, 0xff, 0x20, 0x0, 0xd, 0xff, 0x50,
    0x6f, 0xfa, 0x0, 0x0, 0x5, 0xff, 0xd0,

    /* U+0059 "Y" */
    0xd, 0xff, 0x20, 0x0, 0x0, 0xaf, 0xf5, 0x6,
    0xff, 0x90, 0x0, 0x1, 0xff, 0xd0, 0x0, 0xef,
    0xf0, 0x0, 0x7, 0xff, 0x60, 0x0, 0x8f, 0xf6,
    0x0, 0xd, 0xfe, 0x0, 0x0, 0x1f, 0xfc, 0x0,
    0x4f, 0xf8, 0x0, 0x0, 0x9, 0xff, 0x20, 0xaf,
    0xf1, 0x0, 0x0, 0x2, 0xff, 0x91, 0xff, 0x90,
    0x0, 0x0, 0x0, 0xaf, 0xf7, 0xff, 0x20, 0x0,
    0x0, 0x0, 0x3f, 0xff, 0xfa, 0x0, 0x0, 0x0,
    0x0, 0xc, 0xff, 0xf3, 0x0, 0x0, 0x0, 0x0,
    0x5, 0xff, 0xc0, 0x0, 0x0, 0x0, 0x0, 0x3,
    0xff, 0xa0, 0x0, 0x0, 0x0, 0x0, 0x3, 0xff,
    0xa0, 0x0, 0x0, 0x0, 0x0, 0x3, 0xff, 0xa0,
    0x0, 0x0, 0x0, 0x0, 0x3, 0xff, 0xa0, 0x0,
    0x0, 0x0, 0x0, 0x3, 0xff, 0xa0, 0x0, 0x0,
    0x0, 0x0, 0x3, 0xff, 0xa0, 0x0, 0x0,

    /* U+005A "Z" */
    0x4, 0xff, 0xff, 0xff, 0xff, 0xff, 0x60, 0x4f,
    0xff, 0xff, 0xff, 0xff, 0xf6, 0x2, 0x88, 0x88,
    0x88, 0xaf, 0xfe, 0x10, 0x0, 0x0, 0x0, 0xb,
    0xff, 0x60, 0x0, 0x0, 0x0, 0x6, 0xff, 0xb0,
    0x0, 0x0, 0x0, 0x1, 0xef, 0xf2, 0x0, 0x0,
    0x0, 0x0, 0x9f, 0xf8, 0x0, 0x0, 0x0, 0x0,
    0x3f, 0xfd, 0x0, 0x0, 0x0, 0x0, 0xd, 0xff,
    0x40, 0x0, 0x0, 0x0, 0x7, 0xff, 0xa0, 0x0,
    0x0, 0x0, 0x2, 0xff, 0xf1, 0x0, 0x0, 0x0,
    0x0, 0xbf, 0xf6, 0x0, 0x0, 0x0, 0x0, 0x5f,
    0xfc, 0x0, 0x0, 0x0, 0x0, 0x1e, 0xff, 0x30,
    0x0, 0x0, 0x0, 0x9, 0xff, 0xd8, 0x88, 0x88,
    0x88, 0x40, 0xff, 0xff, 0xff, 0xff, 0xff, 0xf8,
    0xf, 0xff, 0xff, 0xff, 0xff, 0xff, 0x80,

    /* U+005B "[" */
    0xbf, 0xff, 0xf1, 0xbf, 0xca, 0xa1, 0xbf, 0x60,
    0x0, 0xbf, 0x60, 0x0, 0xbf, 0x60, 0x0, 0xbf,
    0x60, 0x0, 0xbf, 0x60, 0x0, 0xbf, 0x60, 0x0,
    0xbf, 0x60, 0x0, 0xbf, 0x60, 0x0, 0xbf, 0x60,
    0x0, 0xbf, 0x60, 0x0, 0xbf, 0x60, 0x0, 0xbf,
    0x60, 0x0, 0xbf, 0x60, 0x0, 0xbf, 0x60, 0x0,
    0xbf, 0x60, 0x0, 0xbf, 0x60, 0x0, 0xbf, 0x60,
    0x0, 0xbf, 0x60, 0x0, 0xbf, 0xca, 0xa1, 0xbf,
    0xff, 0xf1,

    /* U+005C "\\" */
    0x5f, 0x90, 0x0, 0x0, 0x1, 0xfe, 0x0, 0x0,
    0x0, 0xd, 0xf2, 0x0, 0x0, 0x0, 0x9f, 0x60,
    0x0, 0x0, 0x5, 0xfa, 0x0, 0x0, 0x0, 0x1f,
    0xe0, 0x0, 0x0, 0x0, 0xcf, 0x20, 0x0, 0x0,
    0x8, 0xf6, 0x0, 0x0, 0x0, 0x4f, 0xa0, 0x0,
    0x0, 0x0, 0xfe, 0x0, 0x0, 0x0, 0xc, 0xf2,
    0x0, 0x0, 0x0, 0x8f, 0x70, 0x0, 0x0, 0x4,
    0xfb, 0x0, 0x0, 0x0, 0xf, 0xf0, 0x0, 0x0,
    0x0, 0xbf, 0x30, 0x0, 0x0, 0x7, 0xf7, 0x0,
    0x0, 0x0, 0x3f, 0xb0, 0x0, 0x0, 0x0, 0xff,
    0x0, 0x0, 0x0, 0xb, 0xf3, 0x0, 0x0, 0x0,
    0x7f, 0x70, 0x0, 0x0, 0x3, 0xfc, 0x0, 0x0,
    0x0, 0xe, 0xf0, 0x0, 0x0, 0x0, 0x68, 0x10,

    /* U+005D "]" */
    0xf, 0xff, 0xfd, 0xa, 0xac, 0xfd, 0x0, 0x5,
    0xfd, 0x0, 0x5, 0xfd, 0x0, 0x5, 0xfd, 0x0,
    0x5, 0xfd, 0x0, 0x5, 0xfd, 0x0, 0x5, 0xfd,
    0x0, 0x5, 0xfd, 0x0, 0x5, 0xfd, 0x0, 0x5,
    0xfd, 0x0, 0x5, 0xfd, 0x0, 0x5, 0xfd, 0x0,
    0x5, 0xfd, 0x0, 0x5, 0xfd, 0x0, 0x5, 0xfd,
    0x0, 0x5, 0xfd, 0x0, 0x5, 0xfd, 0x0, 0x5,
    0xfd, 0x0, 0x5, 0xfd, 0xa, 0xac, 0xfd, 0xf,
    0xff, 0xfd,

    /* U+005E "^" */
    0x0, 0x0, 0xff, 0xc0, 0x0, 0x0, 0x0, 0x6f,
    0xff, 0x20, 0x0, 0x0, 0xc, 0xff, 0xf8, 0x0,
    0x0, 0x2, 0xff, 0x6f, 0xe0, 0x0, 0x0, 0x8f,
    0xb0, 0xff, 0x40, 0x0, 0xe, 0xf6, 0xa, 0xfa,
    0x0, 0x5, 0xff, 0x10, 0x4f, 0xf1, 0x0, 0xbf,
    0xb0, 0x0, 0xef, 0x70, 0x1f, 0xf5, 0x0, 0x9,
    0xfd, 0x7, 0xff, 0x0, 0x0, 0x3f, 0xf3,

    /* U+005F "_" */
    0x8c, 0xcc, 0xcc, 0xcc, 0xcc, 0xcc, 0x1b, 0xff,
    0xff, 0xff, 0xff, 0xff, 0xf2,

    /* U+0060 "`" */
    0x0, 0x70, 0x0, 0x0, 0x9f, 0xa0, 0x0, 0x1e,
    0xff, 0x70, 0x0, 0x2d, 0xff, 0x40, 0x0, 0x1d,
    0xff, 0x10, 0x0, 0x1d, 0x90, 0x0, 0x0, 0x0,
    0x0,

    /* U+0061 "a" */
    0x0, 0x4a, 0xef, 0xea, 0x20, 0x1, 0xcf, 0xff,
    0xff, 0xff, 0x20, 0xe, 0xfb, 0x77, 0xcf, 0xfb,
    0x0, 0x42, 0x0, 0x0, 0xef, 0xf0, 0x0, 0x0,
    0x0, 0x1c, 0xff, 0x20, 0x1, 0x6b, 0xef, 0xff,
    0xf3, 0x6, 0xff, 0xfe, 0xbd, 0xff, 0x35, 0xff,
    0xc3, 0x0, 0xaf, 0xf3, 0xbf, 0xf1, 0x0, 0xa,
    0xff, 0x3d, 0xff, 0x0, 0x1, 0xdf, 0xf3, 0xaf,
    0xfb, 0x68, 0xef, 0xff, 0x33, 0xff, 0xff, 0xff,
    0xbf, 0xf3, 0x4, 0xcf, 0xea, 0x23, 0xff, 0x30,

    /* U+0062 "b" */
    0x2f, 0xfb, 0x0, 0x0, 0x0, 0x0, 0x2f, 0xfb,
    0x0, 0x0, 0x0, 0x0, 0x2f, 0xfb, 0x0, 0x0,
    0x0, 0x0, 0x2f, 0xfb, 0x0, 0x0, 0x0, 0x0,
    0x2f, 0xfb, 0x0, 0x0, 0x0, 0x0, 0x2f, 0xfa,
    0x2a, 0xff, 0xc5, 0x0, 0x2f, 0xfd, 0xff, 0xff,
    0xff, 0x70, 0x2f, 0xff, 0xfa, 0x7b, 0xff, 0xf2,
    0x2f, 0xfe, 0x30, 0x0, 0xaf, 0xf8, 0x2f, 0xfb,
    0x0, 0x0, 0x3f, 0xfc, 0x2f, 0xfb, 0x0, 0x0,
    0xf, 0xfe, 0x2f, 0xfb, 0x0, 0x0, 0xf, 0xff,
    0x2f, 0xfb, 0x0, 0x0, 0x1f, 0xfe, 0x2f, 0xfb,
    0x0, 0x0, 0x5f, 0xfb, 0x2f, 0xfd, 0x0, 0x1,
    0xdf, 0xf6, 0x2f, 0xff, 0xe9, 0x8e, 0xff, 0xd0,
    0x2f, 0xfc, 0xff, 0xff, 0xfe, 0x20, 0x2f, 0xf2,
    0x4c, 0xfe, 0x91, 0x0,

    /* U+0063 "c" */
    0x0, 0x6, 0xcf, 0xfd, 0x60, 0x1, 0xcf, 0xff,
    0xff, 0xf7, 0xc, 0xff, 0xf9, 0x8c, 0xd1, 0x5f,
    0xfe, 0x10, 0x0, 0x10, 0xbf, 0xf5, 0x0, 0x0,
    0x0, 0xef, 0xf1, 0x0, 0x0, 0x0, 0xff, 0xf0,
    0x0, 0x0, 0x0, 0xef, 0xf1, 0x0, 0x0, 0x0,
    0xcf, 0xf5, 0x0, 0x0, 0x0, 0x6f, 0xfe, 0x10,
    0x0, 0x30, 0xd, 0xff, 0xe8, 0x7b, 0xf5, 0x2,
    0xef, 0xff, 0xff, 0xfa, 0x0, 0x18, 0xdf, 0xfc,
    0x60,

    /* U+0064 "d" */
    0x0, 0x0, 0x0, 0x0, 0xaf, 0xf3, 0x0, 0x0,
    0x0, 0x0, 0xaf, 0xf3, 0x0, 0x0, 0x0, 0x0,
    0xaf, 0xf3, 0x0, 0x0, 0x0, 0x0, 0xaf, 0xf3,
    0x0, 0x0, 0x0, 0x0, 0xaf, 0xf3, 0x0, 0x19,
    0xef, 0xd5, 0x9f, 0xf3, 0x2, 0xef, 0xff, 0xff,
    0xef, 0xf3, 0xd, 0xff, 0xe8, 0x8e, 0xff, 0xf3,
    0x6f, 0xfd, 0x10, 0x0, 0xcf, 0xf3, 0xbf, 0xf5,
    0x0, 0x0, 0xaf, 0xf3, 0xef, 0xf1, 0x0, 0x0,
    0xaf, 0xf3, 0xef, 0xf0, 0x0, 0x0, 0xaf, 0xf3,
    0xef, 0xf1, 0x0, 0x0, 0xaf, 0xf3, 0xcf, 0xf5,
    0x0, 0x0, 0xaf, 0xf3, 0x8f, 0xfc, 0x0, 0x2,
    0xef, 0xf3, 0x1f, 0xff, 0xd8, 0x9f, 0xff, 0xf3,
    0x6, 0xff, 0xff, 0xff, 0xbf, 0xf3, 0x0, 0x4b,
    0xff, 0xb3, 0x3f, 0xf3,

    /* U+0065 "e" */
    0x0, 0x8, 0xdf, 0xeb, 0x30, 0x0, 0x1d, 0xff,
    0xff, 0xff, 0x50, 0xc, 0xff, 0x95, 0x7e, 0xfe,
    0x6, 0xff, 0x60, 0x0, 0x2f, 0xf6, 0xbf, 0xe0,
    0x0, 0x0, 0xdf, 0x9e, 0xff, 0xff, 0xff, 0xff,
    0xfa, 0xff, 0xff, 0xff, 0xff, 0xff, 0xae, 0xfe,
    0x0, 0x0, 0x0, 0x0, 0xbf, 0xf3, 0x0, 0x0,
    0x0, 0x6, 0xff, 0xc0, 0x0, 0x0, 0x10, 0xd,
    0xff, 0xd7, 0x57, 0xda, 0x0, 0x1d, 0xff, 0xff,
    0xff, 0xf1, 0x0, 0x7, 0xcf, 0xfd, 0x81, 0x0,

    /* U+0066 "f" */
    0x0, 0x1, 0xae, 0xfe, 0x50, 0x0, 0xdf, 0xff,
    0xf5, 0x0, 0x6f, 0xfd, 0x67, 0x10, 0x9, 0xff,
    0x40, 0x0, 0x0, 0xaf, 0xf2, 0x0, 0x4, 0xef,
    0xff, 0xff, 0x90, 0x5f, 0xff, 0xff, 0xf9, 0x2,
    0x6d, 0xff, 0x76, 0x30, 0x0, 0xbf, 0xf2, 0x0,
    0x0, 0xb, 0xff, 0x20, 0x0, 0x0, 0xbf, 0xf2,
    0x0, 0x0, 0xb, 0xff, 0x20, 0x0, 0x0, 0xbf,
    0xf2, 0x0, 0x0, 0xb, 0xff, 0x20, 0x0, 0x0,
    0xbf, 0xf2, 0x0, 0x0, 0xb, 0xff, 0x20, 0x0,
    0x0, 0xbf, 0xf2, 0x0, 0x0, 0xb, 0xff, 0x20,
    0x0,

    /* U+0067 "g" */
    0x0, 0x5, 0xcf, 0xff, 0xff, 0xff, 0x60, 0xa,
    0xff, 0xff, 0xff, 0xff, 0xf6, 0x5, 0xff, 0xc3,
    0x17, 0xff, 0x83, 0x10, 0x9f, 0xf3, 0x0, 0xc,
    0xfc, 0x0, 0x9, 0xff, 0x20, 0x0, 0xbf, 0xd0,
    0x0, 0x4f, 0xfa, 0x0, 0x5f, 0xf9, 0x0, 0x0,
    0x8f, 0xff, 0xef, 0xfe, 0x10, 0x0, 0x6, 0xfd,
    0xef, 0xd9, 0x10, 0x0, 0x1, 0xff, 0x10, 0x0,
    0x0, 0x0, 0x0, 0x5f, 0xf0, 0x0, 0x0, 0x0,
    0x0, 0x4, 0xff, 0xb6, 0x55, 0x54, 0x10, 0x0,
    0xc, 0xff, 0xff, 0xff, 0xff, 0x90, 0x0, 0xaf,
    0xef, 0xff, 0xff, 0xff, 0x50, 0x9f, 0xb0, 0x0,
    0x1, 0x8f, 0xf8, 0xf, 0xf7, 0x0, 0x0, 0x4,
    0xff, 0x70, 0xef, 0xe4, 0x0, 0x5, 0xef, 0xe1,
    0x6, 0xff, 0xff, 0xff, 0xff, 0xe3, 0x0, 0x3,
    0xae, 0xff, 0xeb, 0x60, 0x0,

    /* U+0068 "h" */
    0x2f, 0xfb, 0x0, 0x0, 0x0, 0x0, 0x2f, 0xfb,
    0x0, 0x0, 0x0, 0x0, 0x2f, 0xfb, 0x0, 0x0,
    0x0, 0x0, 0x2f, 0xfb, 0x0, 0x0, 0x0, 0x0,
    0x2f, 0xfb, 0x0, 0x0, 0x0, 0x0, 0x2f, 0xfa,
    0x8, 0xef, 0xe7, 0x0, 0x2f, 0xfb, 0xdf, 0xff,
    0xff, 0x60, 0x2f, 0xff, 0xfc, 0x9d, 0xff, 0xe0,
    0x2f, 0xff, 0x60, 0x0, 0xef, 0xf1, 0x2f, 0xfb,
    0x0, 0x0, 0xbf, 0xf3, 0x2f, 0xfb, 0x0, 0x0,
    0xaf, 0xf3, 0x2f, 0xfb, 0x0, 0x0, 0xaf, 0xf3,
    0x2f, 0xfb, 0x0, 0x0, 0xaf, 0xf3, 0x2f, 0xfb,
    0x0, 0x0, 0xaf, 0xf3, 0x2f, 0xfb, 0x0, 0x0,
    0xaf, 0xf3, 0x2f, 0xfb, 0x0, 0x0, 0xaf, 0xf3,
    0x2f, 0xfb, 0x0, 0x0, 0xaf, 0xf3, 0x2f, 0xfb,
    0x0, 0x0, 0xaf, 0xf3,

    /* U+0069 "i" */
    0x1d, 0xf7, 0x6f, 0xff, 0x3f, 0xfc, 0x3, 0x50,
    0x0, 0x0, 0x2f, 0xfb, 0x2f, 0xfb, 0x2f, 0xfb,
    0x2f, 0xfb, 0x2f, 0xfb, 0x2f, 0xfb, 0x2f, 0xfb,
    0x2f, 0xfb, 0x2f, 0xfb, 0x2f, 0xfb, 0x2f, 0xfb,
    0x2f, 0xfb, 0x2f, 0xfb,

    /* U+006A "j" */
    0x0, 0x1, 0xcf, 0x70, 0x0, 0x6, 0xff, 0xf0,
    0x0, 0x3, 0xff, 0xc0, 0x0, 0x0, 0x35, 0x0,
    0x0, 0x0, 0x0, 0x0, 0x0, 0x2, 0xff, 0xb0,
    0x0, 0x2, 0xff, 0xb0, 0x0, 0x2, 0xff, 0xb0,
    0x0, 0x2, 0xff, 0xb0, 0x0, 0x2, 0xff, 0xb0,
    0x0, 0x2, 0xff, 0xb0, 0x0, 0x2, 0xff, 0xb0,
    0x0, 0x2, 0xff, 0xb0, 0x0, 0x2, 0xff, 0xb0,
    0x0, 0x2, 0xff, 0xb0, 0x0, 0x2, 0xff, 0xb0,
    0x0, 0x2, 0xff, 0xb0, 0x0, 0x2, 0xff, 0xb0,
    0x0, 0x2, 0xff, 0xb0, 0x0, 0x4, 0xff, 0xa0,
    0x5, 0x6c, 0xff, 0x60, 0xd, 0xff, 0xfe, 0x0,
    0xd, 0xff, 0xb2, 0x0,

    /* U+006B "k" */
    0x2f, 0xfa, 0x0, 0x0, 0x0, 0x0, 0x2f, 0xfa,
    0x0, 0x0, 0x0, 0x0, 0x2f, 0xfa, 0x0, 0x0,
    0x0, 0x0, 0x2f, 0xfa, 0x0, 0x0, 0x0, 0x0,
    0x2f, 0xfa, 0x0, 0x0, 0x0, 0x0, 0x2f, 0xfa,
    0x0, 0x3, 0xff, 0xe1, 0x2f, 0xfa, 0x0, 0xd,
    0xff, 0x30, 0x2f, 0xfa, 0x0, 0xaf, 0xf7, 0x0,
    0x2f, 0xfa, 0x6, 0xff, 0xa0, 0x0, 0x2f, 0xfa,
    0x3f, 0xfd, 0x0, 0x0, 0x2f, 0xfb, 0xdf, 0xf6,
    0x0, 0x0, 0x2f, 0xff, 0xff, 0xfe, 0x0, 0x0,
    0x2f, 0xff, 0xfb, 0xff, 0x80, 0x0, 0x2f, 0xff,
    0x90, 0xdf, 0xf2, 0x0, 0x2f, 0xfd, 0x0, 0x4f,
    0xfb, 0x0, 0x2f, 0xfa, 0x0, 0xb, 0xff, 0x50,
    0x2f, 0xfa, 0x0, 0x2, 0xff, 0xd0, 0x2f, 0xfa,
    0x0, 0x0, 0x9f, 0xf8,

    /* U+006C "l" */
    0x2f, 0xfb, 0x0, 0x2f, 0xfb, 0x0, 0x2f, 0xfb,
    0x0, 0x2f, 0xfb, 0x0, 0x2f, 0xfb, 0x0, 0x2f,
    0xfb, 0x0, 0x2f, 0xfb, 0x0, 0x2f, 0xfb, 0x0,
    0x2f, 0xfb, 0x0, 0x2f, 0xfb, 0x0, 0x2f, 0xfb,
    0x0, 0x2f, 0xfb, 0x0, 0x2f, 0xfb, 0x0, 0x2f,
    0xfb, 0x0, 0x2f, 0xfb, 0x0, 0x1f, 0xfe, 0x50,
    0xd, 0xff, 0xe0, 0x3, 0xcf, 0xe0,

    /* U+006D "m" */
    0x2f, 0xf4, 0x9, 0xef, 0xc4, 0x0, 0x6d, 0xfe,
    0x70, 0x2, 0xff, 0x8d, 0xff, 0xff, 0xf3, 0xaf,
    0xff, 0xff, 0x70, 0x2f, 0xff, 0xfc, 0x9e, 0xff,
    0xff, 0xd9, 0xdf, 0xfe, 0x2, 0xff, 0xf6, 0x0,
    0x3f, 0xff, 0x90, 0x0, 0xef, 0xf2, 0x2f, 0xfb,
    0x0, 0x0, 0xff, 0xf0, 0x0, 0xa, 0xff, 0x32,
    0xff, 0xb0, 0x0, 0xe, 0xff, 0x0, 0x0, 0x9f,
    0xf4, 0x2f, 0xfb, 0x0, 0x0, 0xef, 0xf0, 0x0,
    0x9, 0xff, 0x42, 0xff, 0xb0, 0x0, 0xe, 0xff,
    0x0, 0x0, 0x9f, 0xf4, 0x2f, 0xfb, 0x0, 0x0,
    0xef, 0xf0, 0x0, 0x9, 0xff, 0x42, 0xff, 0xb0,
    0x0, 0xe, 0xff, 0x0, 0x0, 0x9f, 0xf4, 0x2f,
    0xfb, 0x0, 0x0, 0xef, 0xf0, 0x0, 0x9, 0xff,
    0x42, 0xff, 0xb0, 0x0, 0xe, 0xff, 0x0, 0x0,
    0x9f, 0xf4, 0x2f, 0xfb, 0x0, 0x0, 0xef, 0xf0,
    0x0, 0x9, 0xff, 0x40,

    /* U+006E "n" */
    0x2f, 0xf4, 0x8, 0xef, 0xe7, 0x0, 0x2f, 0xf8,
    0xdf, 0xff, 0xff, 0x60, 0x2f, 0xff, 0xfc, 0x9d,
    0xff, 0xe0, 0x2f, 0xff, 0x60, 0x0, 0xef, 0xf1,
    0x2f, 0xfb, 0x0, 0x0, 0xbf, 0xf3, 0x2f, 0xfb,
    0x0, 0x0, 0xaf, 0xf3, 0x2f, 0xfb, 0x0, 0x0,
    0xaf, 0xf3, 0x2f, 0xfb, 0x0, 0x0, 0xaf, 0xf3,
    0x2f, 0xfb, 0x0, 0x0, 0xaf, 0xf3, 0x2f, 0xfb,
    0x0, 0x0, 0xaf, 0xf3, 0x2f, 0xfb, 0x0, 0x0,
    0xaf, 0xf3, 0x2f, 0xfb, 0x0, 0x0, 0xaf, 0xf3,
    0x2f, 0xfb, 0x0, 0x0, 0xaf, 0xf3,

    /* U+006F "o" */
    0x0, 0x7, 0xdf, 0xfb, 0x40, 0x0, 0x1, 0xdf,
    0xff, 0xff, 0xf9, 0x0, 0xd, 0xff, 0xd8, 0x9f,
    0xff, 0x70, 0x6f, 0xfc, 0x0, 0x3, 0xff, 0xf1,
    0xbf, 0xf4, 0x0, 0x0, 0xaf, 0xf6, 0xef, 0xf0,
    0x0, 0x0, 0x6f, 0xf8, 0xff, 0xf0, 0x0, 0x0,
    0x5f, 0xf9, 0xef, 0xf0, 0x0, 0x0, 0x6f, 0xf8,
    0xbf, 0xf4, 0x0, 0x0, 0xaf, 0xf6, 0x6f, 0xfc,
    0x0, 0x2, 0xff, 0xf1, 0xd, 0xff, 0xd7, 0x8f,
    0xff, 0x70, 0x2, 0xdf, 0xff, 0xff, 0xf9, 0x0,
    0x0, 0x7, 0xdf, 0xfb, 0x40, 0x0,

    /* U+0070 "p" */
    0x2f, 0xf4, 0x2a, 0xff, 0xc5, 0x0, 0x2f, 0xfc,
    0xff, 0xff, 0xff, 0x70, 0x2f, 0xff, 0xfa, 0x7b,
    0xff, 0xf2, 0x2f, 0xfe, 0x30, 0x0, 0xaf, 0xf9,
    0x2f, 0xfb, 0x0, 0x0, 0x3f, 0xfc, 0x2f, 0xfb,
    0x0, 0x0, 0xf, 0xfe, 0x2f, 0xfb, 0x0, 0x0,
    0xf, 0xff, 0x2f, 0xfb, 0x0, 0x0, 0x1f, 0xfe,
    0x2f, 0xfb, 0x0, 0x0, 0x5f, 0xfb, 0x2f, 0xfd,
    0x0, 0x1, 0xdf, 0xf6, 0x2f, 0xff, 0xe9, 0x8e,
    0xff, 0xd0, 0x2f, 0xfe, 0xff, 0xff, 0xfe, 0x20,
    0x2f, 0xfa, 0x4c, 0xfe, 0x91, 0x0, 0x2f, 0xfb,
    0x0, 0x0, 0x0, 0x0, 0x2f, 0xfb, 0x0, 0x0,
    0x0, 0x0, 0x2f, 0xfb, 0x0, 0x0, 0x0, 0x0,
    0x2f, 0xfb, 0x0, 0x0, 0x0, 0x0, 0x2f, 0xfb,
    0x0, 0x0, 0x0, 0x0,

    /* U+0071 "q" */
    0x0, 0x19, 0xef, 0xd6, 0x2f, 0xf3, 0x2, 0xef,
    0xff, 0xff, 0xdf, 0xf3, 0xd, 0xff, 0xe8, 0x8e,
    0xff, 0xf3, 0x6f, 0xfd, 0x10, 0x0, 0xcf, 0xf3,
    0xbf, 0xf5, 0x0, 0x0, 0xaf, 0xf3, 0xef, 0xf1,
    0x0, 0x0, 0xaf, 0xf3, 0xef, 0xf0, 0x0, 0x0,
    0xaf, 0xf3, 0xef, 0xf1, 0x0, 0x0, 0xaf, 0xf3,
    0xcf, 0xf5, 0x0, 0x0, 0xaf, 0xf3, 0x8f, 0xfc,
    0x0, 0x2, 0xef, 0xf3, 0x1f, 0xff, 0xd8, 0x9f,
    0xff, 0xf3, 0x6, 0xff, 0xff, 0xff, 0xdf, 0xf3,
    0x0, 0x4b, 0xff, 0xb3, 0x9f, 0xf3, 0x0, 0x0,
    0x0, 0x0, 0xaf, 0xf3, 0x0, 0x0, 0x0, 0x0,
    0xaf, 0xf3, 0x0, 0x0, 0x0, 0x0, 0xaf, 0xf3,
    0x0, 0x0, 0x0, 0x0, 0xaf, 0xf3, 0x0, 0x0,
    0x0, 0x0, 0xaf, 0xf3,

    /* U+0072 "r" */
    0x2f, 0xf3, 0x9, 0xff, 0x32, 0xff, 0x5c, 0xff,
    0xf1, 0x2f, 0xfd, 0xfe, 0xab, 0x2, 0xff, 0xfc,
    0x10, 0x0, 0x2f, 0xff, 0x10, 0x0, 0x2, 0xff,
    0xb0, 0x0, 0x0, 0x2f, 0xfb, 0x0, 0x0, 0x2,
    0xff, 0xb0, 0x0, 0x0, 0x2f, 0xfb, 0x0, 0x0,
    0x2, 0xff, 0xb0, 0x0, 0x0, 0x2f, 0xfb, 0x0,
    0x0, 0x2, 0xff, 0xb0, 0x0, 0x0, 0x2f, 0xfb,
    0x0, 0x0, 0x0,

    /* U+0073 "s" */
    0x0, 0x19, 0xef, 0xfb, 0x50, 0x1, 0xdf, 0xff,
    0xff, 0xf8, 0x7, 0xff, 0xa4, 0x5b, 0xf2, 0xa,
    0xff, 0x0, 0x0, 0x20, 0x9, 0xff, 0x80, 0x0,
    0x0, 0x2, 0xff, 0xfe, 0x82, 0x0, 0x0, 0x2c,
    0xff, 0xff, 0x90, 0x0, 0x0, 0x3a, 0xff, 0xf8,
    0x0, 0x0, 0x0, 0x2f, 0xfe, 0x2, 0x40, 0x0,
    0xc, 0xff, 0xd, 0xfa, 0x54, 0x8f, 0xfb, 0x2d,
    0xff, 0xff, 0xff, 0xf2, 0x0, 0x6b, 0xff, 0xe9,
    0x20,

    /* U+0074 "t" */
    0x0, 0x28, 0x81, 0x0, 0x0, 0x5, 0xff, 0x20,
    0x0, 0x0, 0x7f, 0xf2, 0x0, 0x0, 0x8, 0xff,
    0x20, 0x0, 0x8f, 0xff, 0xff, 0xff, 0x38, 0xff,
    0xff, 0xff, 0xf3, 0x24, 0xdf, 0xf6, 0x44, 0x10,
    0xc, 0xff, 0x20, 0x0, 0x0, 0xcf, 0xf2, 0x0,
    0x0, 0xc, 0xff, 0x20, 0x0, 0x0, 0xcf, 0xf2,
    0x0, 0x0, 0xc, 0xff, 0x20, 0x0, 0x0, 0xbf,
    0xf2, 0x0, 0x0, 0xa, 0xff, 0x40, 0x0, 0x0,
    0x7f, 0xfe, 0x67, 0x20, 0x1, 0xef, 0xff, 0xf6,
    0x0, 0x2, 0xbf, 0xfd, 0x50,

    /* U+0075 "u" */
    0x5f, 0xf8, 0x0, 0x0, 0xdf, 0xf0, 0x5f, 0xf8,
    0x0, 0x0, 0xdf, 0xf0, 0x5f, 0xf8, 0x0, 0x0,
    0xdf, 0xf0, 0x5f, 0xf8, 0x0, 0x0, 0xdf, 0xf0,
    0x5f, 0xf8, 0x0, 0x0, 0xdf, 0xf0, 0x5f, 0xf8,
    0x0, 0x0, 0xdf, 0xf0, 0x5f, 0xf8, 0x0, 0x0,
    0xdf, 0xf0, 0x5f, 0xf8, 0x0, 0x0, 0xdf, 0xf0,
    0x5f, 0xf9, 0x0, 0x0, 0xef, 0xf0, 0x3f, 0xfd,
    0x0, 0x8, 0xff, 0xf0, 0xf, 0xff, 0xd9, 0xdf,
    0xff, 0xf0, 0x8, 0xff, 0xff, 0xfb, 0x8f, 0xf0,
    0x0, 0x8e, 0xfd, 0x70, 0x6f, 0xf0,

    /* U+0076 "v" */
    0x8f, 0xf6, 0x0, 0x0, 0xe, 0xfd, 0x3, 0xff,
    0xa0, 0x0, 0x3, 0xff, 0x80, 0xe, 0xfe, 0x0,
    0x0, 0x7f, 0xf3, 0x0, 0x8f, 0xf3, 0x0, 0xc,
    0xfe, 0x0, 0x3, 0xff, 0x80, 0x1, 0xff, 0x90,
    0x0, 0xe, 0xfc, 0x0, 0x5f, 0xf4, 0x0, 0x0,
    0x9f, 0xf1, 0xa, 0xff, 0x0, 0x0, 0x4, 0xff,
    0x50, 0xef, 0xa0, 0x0, 0x0, 0xe, 0xf9, 0x2f,
    0xf5, 0x0, 0x0, 0x0, 0x9f, 0xe6, 0xff, 0x0,
    0x0, 0x0, 0x4, 0xff, 0xdf, 0xa0, 0x0, 0x0,
    0x0, 0xe, 0xff, 0xf5, 0x0, 0x0, 0x0, 0x0,
    0xaf, 0xff, 0x10, 0x0, 0x0,

    /* U+0077 "w" */
    0x4f, 0xf9, 0x0, 0x0, 0xff, 0xc0, 0x0, 0xd,
    0xfe, 0x0, 0xff, 0xc0, 0x0, 0x4f, 0xff, 0x0,
    0x0, 0xff, 0xa0, 0xc, 0xff, 0x0, 0x8, 0xff,
    0xf4, 0x0, 0x3f, 0xf6, 0x0, 0x8f, 0xf4, 0x0,
    0xcf, 0xcf, 0x80, 0x7, 0xff, 0x20, 0x4, 0xff,
    0x70, 0xf, 0xf6, 0xfc, 0x0, 0xaf, 0xf0, 0x0,
    0xf, 0xfb, 0x3, 0xfc, 0x3f, 0xf0, 0xe, 0xfb,
    0x0, 0x0, 0xcf, 0xe0, 0x7f, 0x90, 0xff, 0x31,
    0xff, 0x70, 0x0, 0x8, 0xff, 0x1b, 0xf6, 0xc,
    0xf7, 0x4f, 0xf3, 0x0, 0x0, 0x4f, 0xf4, 0xef,
    0x20, 0x9f, 0xb7, 0xff, 0x0, 0x0, 0x0, 0xff,
    0x8f, 0xe0, 0x5, 0xfe, 0x9f, 0xc0, 0x0, 0x0,
    0xc, 0xfe, 0xfb, 0x0, 0x1f, 0xfe, 0xf8, 0x0,
    0x0, 0x0, 0x8f, 0xff, 0x70, 0x0, 0xdf, 0xff,
    0x40, 0x0, 0x0, 0x4, 0xff, 0xf3, 0x0, 0xa,
    0xff, 0xf0, 0x0, 0x0,

    /* U+0078 "x" */
    0x2f, 0xfe, 0x10, 0x0, 0xdf, 0xf1, 0x8, 0xff,
    0x80, 0x5, 0xff, 0x80, 0x0, 0xef, 0xf1, 0xc,
    0xfe, 0x0, 0x0, 0x5f, 0xf9, 0x3f, 0xf6, 0x0,
    0x0, 0xc, 0xff, 0xcf, 0xd0, 0x0, 0x0, 0x3,
    0xff, 0xff, 0x50, 0x0, 0x0, 0x0, 0xef, 0xfe,
    0x0, 0x0, 0x0, 0x8, 0xff, 0xff, 0x50, 0x0,
    0x0, 0x1f, 0xf9, 0xef, 0xe0, 0x0, 0x0, 0xaf,
    0xf1, 0x7f, 0xf8, 0x0, 0x3, 0xff, 0x90, 0xe,
    0xff, 0x20, 0xc, 0xff, 0x10, 0x5, 0xff, 0xb0,
    0x5f, 0xf9, 0x0, 0x0, 0xcf, 0xf5,

    /* U+0079 "y" */
    0x8f, 0xf6, 0x0, 0x0, 0xe, 0xfd, 0x2, 0xff,
    0xb0, 0x0, 0x3, 0xff, 0x80, 0xb, 0xff, 0x10,
    0x0, 0x7f, 0xf3, 0x0, 0x5f, 0xf6, 0x0, 0xc,
    0xfd, 0x0, 0x0, 0xff, 0xb0, 0x1, 0xff, 0x80,
    0x0, 0x9, 0xff, 0x10, 0x6f, 0xf3, 0x0, 0x0,
    0x3f, 0xf6, 0xa, 0xfd, 0x0, 0x0, 0x0, 0xdf,
    0xb0, 0xef, 0x80, 0x0, 0x0, 0x7, 0xff, 0x3f,
    0xf3, 0x0, 0x0, 0x0, 0x1f, 0xfb, 0xfe, 0x0,
    0x0, 0x0, 0x0, 0xbf, 0xff, 0x80, 0x0, 0x0,
    0x0, 0x5, 0xff, 0xf3, 0x0, 0x0, 0x0, 0x0,
    0xf, 0xfe, 0x0, 0x0, 0x0, 0x0, 0x2, 0xff,
    0x80, 0x0, 0x0, 0x0, 0x0, 0xaf, 0xf2, 0x0,
    0x0, 0x0, 0x46, 0xaf, 0xfa, 0x0, 0x0, 0x0,
    0xa, 0xff, 0xfd, 0x10, 0x0, 0x0, 0x0, 0xcf,
    0xe9, 0x10, 0x0, 0x0, 0x0,

    /* U+007A "z" */
    0x8, 0xff, 0xff, 0xff, 0xff, 0x30, 0x8f, 0xff,
    0xff, 0xff, 0xf2, 0x3, 0x66, 0x66, 0xcf, 0xfa,
    0x0, 0x0, 0x0, 0x2f, 0xfe, 0x10, 0x0, 0x0,
    0xc, 0xff, 0x50, 0x0, 0x0, 0x6, 0xff, 0xb0,
    0x0, 0x0, 0x1, 0xef, 0xf2, 0x0, 0x0, 0x0,
    0xaf, 0xf7, 0x0, 0x0, 0x0, 0x4f, 0xfc, 0x0,
    0x0, 0x0, 0xe, 0xff, 0x30, 0x0, 0x0, 0x9,
    0xff, 0xc6, 0x66, 0x66, 0x21, 0xff, 0xff, 0xff,
    0xff, 0xf6, 0x2f, 0xff, 0xff, 0xff, 0xff, 0x60,

    /* U+007B "{" */
    0x0, 0x4, 0xdf, 0xf1, 0x0, 0xf, 0xfe, 0xa1,
    0x0, 0x3f, 0xf3, 0x0, 0x0, 0x4f, 0xf1, 0x0,
    0x0, 0x4f, 0xf1, 0x0, 0x0, 0x3f, 0xf1, 0x0,
    0x0, 0x2f, 0xf2, 0x0, 0x0, 0x1f, 0xf2, 0x0,
    0x0, 0x1f, 0xf2, 0x0, 0x0, 0x8f, 0xf0, 0x0,
    0x2e, 0xff, 0x60, 0x0, 0x3f, 0xfe, 0x40, 0x0,
    0x1, 0xaf, 0xe0, 0x0, 0x0, 0x2f, 0xf2, 0x0,
    0x0, 0x1f, 0xf2, 0x0, 0x0, 0x2f, 0xf2, 0x0,
    0x0, 0x3f, 0xf1, 0x0, 0x0, 0x4f, 0xf1, 0x0,
    0x0, 0x4f, 0xf1, 0x0, 0x0, 0x3f, 0xf3, 0x0,
    0x0, 0xf, 0xfe, 0xa1, 0x0, 0x4, 0xdf, 0xf1,

    /* U+007C "|" */
    0x9c, 0x1c, 0xf2, 0xcf, 0x2c, 0xf2, 0xcf, 0x2c,
    0xf2, 0xcf, 0x2c, 0xf2, 0xcf, 0x2c, 0xf2, 0xcf,
    0x2c, 0xf2, 0xcf, 0x2c, 0xf2, 0xcf, 0x2c, 0xf2,
    0xcf, 0x2c, 0xf2, 0xcf, 0x2c, 0xf2, 0xcf, 0x2c,
    0xf2, 0xcf, 0x2c, 0xf2, 0xcf, 0x2c, 0xf2,

    /* U+007D "}" */
    0xf, 0xfd, 0x50, 0x0, 0xa, 0xdf, 0xf1, 0x0,
    0x0, 0x2f, 0xf4, 0x0, 0x0, 0xf, 0xf5, 0x0,
    0x0, 0xf, 0xf5, 0x0, 0x0, 0xf, 0xf4, 0x0,
    0x0, 0x1f, 0xf3, 0x0, 0x0, 0x1f, 0xf2, 0x0,
    0x0, 0x1f, 0xf2, 0x0, 0x0, 0xe, 0xf9, 0x0,
    0x0, 0x6, 0xff, 0xe3, 0x0, 0x3, 0xdf, 0xf4,
    0x0, 0xe, 0xfb, 0x10, 0x0, 0x1f, 0xf2, 0x0,
    0x0, 0x1f, 0xf2, 0x0, 0x0, 0x1f, 0xf3, 0x0,
    0x0, 0xf, 0xf4, 0x0, 0x0, 0xf, 0xf5, 0x0,
    0x0, 0xf, 0xf5, 0x0, 0x0, 0x2f, 0xf5, 0x0,
    0xa, 0xef, 0xf1, 0x0, 0xf, 0xfd, 0x50, 0x0,

    /* U+007E "~" */
    0x0, 0x1, 0x20, 0x0, 0x0, 0x0, 0x0, 0x8f,
    0xfd, 0x40, 0x0, 0x60, 0x9, 0xff, 0xff, 0xf8,
    0x38, 0xfb, 0xc, 0xe3, 0x8, 0xff, 0xff, 0xf4,
    0x0, 0x30, 0x0, 0x4c, 0xfc, 0x30,

    /* U+00B7 "·" */
    0x2, 0x88, 0x20, 0x2f, 0xff, 0xf2, 0x9f, 0xff,
    0xf9, 0xaf, 0xff, 0xfa, 0x5f, 0xff, 0xf5, 0x7,
    0xee, 0x70,

    /* U+3002 "。" */
    0x0, 0x5, 0x62, 0x0, 0x2, 0xdf, 0xff, 0x80,
    0xc, 0xe3, 0x8, 0xf5, 0x2f, 0x50, 0x0, 0xda,
    0x3f, 0x30, 0x0, 0xbb, 0xf, 0x90, 0x1, 0xf8,
    0x8, 0xfa, 0x7d, 0xe1, 0x0, 0x7e, 0xfb, 0x20,

    /* U+4E2D "中" */
    0x0, 0x0, 0x0, 0x0, 0x5d, 0xd0, 0x0, 0x0,
    0x0, 0x0, 0x0, 0x0, 0x0, 0x7, 0xff, 0x0,
    0x0, 0x0, 0x0, 0x0, 0x0, 0x0, 0x0, 0x7f,
    0xf0, 0x0, 0x0, 0x0, 0x0, 0x0, 0x0, 0x0,
    0x7, 0xff, 0x0, 0x0, 0x0, 0x0, 0x2f, 0xff,
    0xff, 0xff, 0xff, 0xff, 0xff, 0xff, 0xff, 0xf2,
    0xff, 0xff, 0xff, 0xff, 0xff, 0xff, 0xff, 0xff,
    0xff, 0x2f, 0xf8, 0x66, 0x66, 0xaf, 0xf6, 0x66,
    0x66, 0xaf, 0xf2, 0xff, 0x30, 0x0, 0x7, 0xff,
    0x0, 0x0, 0x7, 0xff, 0x2f, 0xf3, 0x0, 0x0,
    0x7f, 0xf0, 0x0, 0x0, 0x7f, 0xf2, 0xff, 0x30,
    0x0, 0x7, 0xff, 0x0, 0x0, 0x7, 0xff, 0x2f,
    0xf3, 0x0, 0x0, 0x7f, 0xf0, 0x0, 0x0, 0x7f,
    0xf2, 0xff, 0x86, 0x66, 0x6a, 0xff, 0x66, 0x66,
    0x6a, 0xff, 0x2f, 0xff, 0xff, 0xff, 0xff, 0xff,
    0xff, 0xff, 0xff, 0xf2, 0xff, 0xff, 0xff, 0xff,
    0xff, 0xff, 0xff, 0xff, 0xff, 0x2f, 0xf3, 0x0,
    0x0, 0x7f, 0xf0, 0x0, 0x0, 0x7f, 0xf0, 0x33,
    0x0, 0x0, 0x7, 0xff, 0x0, 0x0, 0x0, 0x11,
    0x0, 0x0, 0x0, 0x0, 0x7f, 0xf0, 0x0, 0x0,
    0x0, 0x0, 0x0, 0x0, 0x0, 0x7, 0xff, 0x0,
    0x0, 0x0, 0x0, 0x0, 0x0, 0x0, 0x0, 0x7f,
    0xf0, 0x0, 0x0, 0x0, 0x0, 0x0, 0x0, 0x0,
    0x7, 0xff, 0x0, 0x0, 0x0, 0x0, 0x0, 0x0,
    0x0, 0x0, 0x7f, 0xf0, 0x0, 0x0, 0x0, 0x0,

    /* U+4EAE "亮" */
    0x0, 0x0, 0x0, 0x0, 0x5a, 0xb0, 0x0, 0x0,
    0x0, 0x0, 0x0, 0x0, 0x0, 0x0, 0x5f, 0xf5,
    0x0, 0x0, 0x0, 0x0, 0xde, 0xee, 0xee, 0xee,
    0xef, 0xff, 0xee, 0xee, 0xee, 0xeb, 0xef, 0xff,
    0xff, 0xff, 0xff, 0xff, 0xff, 0xff, 0xff, 0xfc,
    0x0, 0x0, 0x0, 0x0, 0x0, 0x0, 0x0, 0x0,
    0x0, 0x0, 0x0, 0xb, 0xff, 0xff, 0xff, 0xff,
    0xff, 0xff, 0xc0, 0x0, 0x0, 0xc, 0xfd, 0xaa,
    0xaa, 0xaa, 0xaa, 0xdf, 0xd0, 0x0, 0x0, 0xc,
    0xf9, 0x0, 0x0, 0x0, 0x0, 0xaf, 0xd0, 0x0,
    0x0, 0xc, 0xff, 0xff, 0xff, 0xff, 0xff, 0xff,
    0xd0, 0x0, 0x0, 0x7, 0xaa, 0xaa, 0xaa, 0xaa,
    0xaa, 0xaa, 0x80, 0x0, 0x0, 0x0, 0x0, 0x0,
    0x0, 0x0, 0x0, 0x0, 0x0, 0x0, 0xaf, 0xff,
    0xff, 0xff, 0xff, 0xff, 0xff, 0xff, 0xff, 0xf8,
    0xaf, 0xec, 0xcc, 0xcc, 0xcc, 0xcc, 0xcc, 0xcc,
    0xcf, 0xf8, 0xaf, 0xa0, 0x0, 0x22, 0x11, 0x11,
    0x22, 0x0, 0xd, 0xf8, 0xaf, 0xa0, 0xc, 0xff,
    0xff, 0xff, 0xff, 0xb0, 0xd, 0xf8, 0x0, 0x0,
    0xe, 0xff, 0xdd, 0xdd, 0xff, 0xb0, 0x0, 0x0,
    0x0, 0x0, 0x1f, 0xf6, 0x0, 0x0, 0xdf, 0xb0,
    0x1, 0x10, 0x0, 0x0, 0xaf, 0xf2, 0x0, 0x0,
    0xdf, 0xb0, 0x4, 0xf9, 0x0, 0x4c, 0xff, 0xa0,
    0x0, 0x0, 0xdf, 0xb0, 0x7, 0xfc, 0x8f, 0xff,
    0xfb, 0x0, 0x0, 0x0, 0xbf, 0xff, 0xff, 0xf8,
    0x2f, 0xfb, 0x50, 0x0, 0x0, 0x0, 0x3d, 0xff,
    0xff, 0xc1, 0x3, 0x10, 0x0, 0x0, 0x0, 0x0,
    0x0, 0x0, 0x0, 0x0,

    /* U+4ECA "今" */
    0x0, 0x0, 0x0, 0x0, 0x0, 0x97, 0x10, 0x0,
    0x0, 0x0, 0x0, 0x0, 0x0, 0x0, 0x0, 0x6,
    0xff, 0xb0, 0x0, 0x0, 0x0, 0x0, 0x0, 0x0,
    0x0, 0x0, 0x4f, 0xff, 0xf3, 0x0, 0x0, 0x0,
    0x0, 0x0, 0x0, 0x0, 0x4, 0xff, 0xfe, 0xff,
    0x50, 0x0, 0x0, 0x0, 0x0, 0x0, 0x0, 0x6f,
    0xff, 0x41, 0xdf, 0xf8, 0x0, 0x0, 0x0, 0x0,
    0x0, 0x1a, 0xff, 0xf4, 0x0, 0x1d, 0xff, 0xd3,
    0x0, 0x0, 0x0, 0x5, 0xef, 0xfe, 0x35, 0x70,
    0x0, 0xbf, 0xff, 0x91, 0x0, 0x4, 0xcf, 0xff,
    0xc1, 0x4f, 0xfb, 0x10, 0x7, 0xff, 0xff, 0x81,
    0x1d, 0xff, 0xf7, 0x0, 0x7, 0xff, 0xd3, 0x0,
    0x3d, 0xff, 0xc0, 0x2, 0xfb, 0x20, 0x0, 0x0,
    0x5f, 0xff, 0x10, 0x0, 0x8d, 0x10, 0x0, 0x10,
    0x0, 0x0, 0x0, 0x3, 0xf6, 0x0, 0x0, 0x0,
    0x0, 0x0, 0x8, 0xff, 0xff, 0xff, 0xff, 0xff,
    0xff, 0xff, 0x91, 0x0, 0x0, 0x8, 0xff, 0xff,
    0xff, 0xff, 0xff, 0xff, 0xff, 0xc0, 0x0, 0x0,
    0x4, 0x77, 0x77, 0x77, 0x77, 0x77, 0x9f, 0xff,
    0x20, 0x0, 0x0, 0x0, 0x0, 0x0, 0x0, 0x0,
    0x0, 0xcf, 0xf5, 0x0, 0x0, 0x0, 0x0, 0x0,
    0x0, 0x0, 0x0, 0x9, 0xff, 0x80, 0x0, 0x0,
    0x0, 0x0, 0x0, 0x0, 0x0, 0x0, 0x6f, 0xfc,
    0x0, 0x0, 0x0, 0x0, 0x0, 0x0, 0x0, 0x0,
    0x3, 0xff, 0xe1, 0x0, 0x0, 0x0, 0x0, 0x0,
    0x0, 0x0, 0x0, 0x1e, 0xff, 0x40, 0x0, 0x0,
    0x0, 0x0, 0x0, 0x0, 0x0, 0x0, 0xdf, 0xf7,
    0x0, 0x0, 0x0, 0x0, 0x0, 0x0, 0x0, 0x0,
    0x0, 0x3a, 0xa0, 0x0, 0x0, 0x0, 0x0,

    /* U+4ECE "从" */
    0x0, 0x0, 0x2, 0x32, 0x0, 0x0, 0x0, 0x43,
    0x10, 0x0, 0x0, 0x0, 0x0, 0xb, 0xfe, 0x0,
    0x0, 0x3, 0xff, 0x60, 0x0, 0x0, 0x0, 0x0,
    0xc, 0xfd, 0x0, 0x0, 0x4, 0xff, 0x50, 0x0,
    0x0, 0x0, 0x0, 0xd, 0xfc, 0x0, 0x0, 0x5,
    0xff, 0x40, 0x0, 0x0, 0x0, 0x0, 0xe, 0xfb,
    0x0, 0x0, 0x6, 0xff, 0x30, 0x0, 0x0, 0x0,
    0x0, 0xf, 0xfa, 0x0, 0x0, 0x8, 0xff, 0x10,
    0x0, 0x0, 0x0, 0x0, 0x1f, 0xf8, 0x0, 0x0,
    0x9, 0xff, 0x0, 0x0, 0x0, 0x0, 0x0, 0x2f,
    0xf7, 0x0, 0x0, 0xb, 0xfe, 0x0, 0x0, 0x0,
    0x0, 0x0, 0x4f, 0xfc, 0x0, 0x0, 0xe, 0xfe,
    0x0, 0x0, 0x0, 0x0, 0x0, 0x6f, 0xff, 0xa0,
    0x0, 0xf, 0xff, 0x20, 0x0, 0x0, 0x0, 0x0,
    0x9f, 0xff, 0xf7, 0x0, 0x4f, 0xff, 0x70, 0x0,
    0x0, 0x0, 0x0, 0xcf, 0xdb, 0xff, 0x20, 0x8f,
    0xff, 0xc0, 0x0, 0x0, 0x0, 0x0, 0xff, 0xa1,
    0xef, 0xc0, 0xcf, 0xff, 0xf3, 0x0, 0x0, 0x0,
    0x5, 0xff, 0x60, 0x5f, 0xf7, 0xff, 0xad, 0xf9,
    0x0, 0x0, 0x0, 0xa, 0xff, 0x10, 0xb, 0x98,
    0xff, 0x47, 0xff, 0x20, 0x0, 0x0, 0x1f, 0xfc,
    0x0, 0x1, 0x1e, 0xfe, 0x1, 0xff, 0xb0, 0x0,
    0x0, 0x8f, 0xf7, 0x0, 0x0, 0x9f, 0xf7, 0x0,
    0x8f, 0xf6, 0x0, 0x2, 0xff, 0xf1, 0x0, 0x4,
    0xff, 0xe0, 0x0, 0xe, 0xff, 0x50, 0xc, 0xff,
    0x80, 0x0, 0x4f, 0xff, 0x50, 0x0, 0x4, 0xff,
    0xf1, 0x1b, 0xfd, 0x0, 0x0, 0x4e, 0xfa, 0x0,
    0x0, 0x0, 0x7f, 0x50, 0x0, 0x63, 0x0, 0x0,
    0x1, 0x80, 0x0, 0x0, 0x0, 0x4, 0x0,

    /* U+4F4E "低" */
    0x0, 0x0, 0x2, 0x20, 0x0, 0x0, 0x0, 0x0,
    0x1, 0x50, 0x0, 0x0, 0x0, 0xc, 0xf9, 0x0,
    0x0, 0x1, 0x48, 0xcf, 0xfc, 0x0, 0x0, 0x0,
    0x2f, 0xf5, 0x25, 0x7a, 0xdf, 0xff, 0xff, 0xfc,
    0x40, 0x0, 0x0, 0x8f, 0xe0, 0xaf, 0xff, 0xff,
    0xff, 0xe5, 0x10, 0x0, 0x0, 0x1, 0xff, 0x70,
    0xaf, 0xd8, 0x52, 0x7f, 0xc0, 0x0, 0x0, 0x0,
    0x8, 0xff, 0x10, 0xaf, 0x80, 0x0, 0x6f, 0xd0,
    0x0, 0x0, 0x0, 0x2f, 0xfe, 0x0, 0xaf, 0x80,
    0x0, 0x5f, 0xe0, 0x0, 0x0, 0x0, 0xcf, 0xfe,
    0x0, 0xaf, 0x80, 0x0, 0x4f, 0xf0, 0x0, 0x0,
    0x8, 0xff, 0xfe, 0x0, 0xaf, 0xa4, 0x44, 0x6f,
    0xf4, 0x44, 0x40, 0x2f, 0xff, 0xfe, 0x0, 0xaf,
    0xff, 0xff, 0xff, 0xff, 0xff, 0xf3, 0xb, 0xe6,
    0xfe, 0x0, 0xaf, 0xff, 0xff, 0xff, 0xff, 0xff,
    0xf3, 0x3, 0x45, 0xfe, 0x0, 0xaf, 0x80, 0x0,
    0xf, 0xf5, 0x0, 0x0, 0x0, 0x5, 0xfe, 0x0,
    0xaf, 0x80, 0x0, 0xd, 0xf7, 0x0, 0x0, 0x0,
    0x5, 0xfe, 0x0, 0xaf, 0x80, 0x0, 0xa, 0xf9,
    0x0, 0x0, 0x0, 0x5, 0xfe, 0x0, 0xaf, 0x80,
    0x0, 0x7, 0xfc, 0x0, 0x0, 0x0, 0x5, 0xfe,
    0x0, 0xaf, 0x80, 0x1, 0x24, 0xff, 0x0, 0x50,
    0x0, 0x5, 0xfe, 0x0, 0xaf, 0x80, 0x1f, 0xd0,
    0xff, 0x41, 0xf7, 0x0, 0x5, 0xfe, 0x0, 0xaf,
    0x81, 0x5b, 0xf4, 0xbf, 0xb5, 0xf8, 0x0, 0x5,
    0xfe, 0x0, 0xdf, 0xff, 0xf4, 0xfc, 0x5f, 0xff,
    0xf4, 0x0, 0x5, 0xfe, 0x5, 0xff, 0xff, 0xb0,
    0xdf, 0x2c, 0xff, 0xe0, 0x0, 0x5, 0xfe, 0x0,
    0xe9, 0x40, 0x0, 0x56, 0x11, 0xac, 0x30, 0x0,
    0x0, 0x0, 0x0, 0x0, 0x0, 0x0, 0x0, 0x0,
    0x0, 0x0,

    /* U+505C "停" */
    0x0, 0x0, 0x5, 0x30, 0x0, 0x0, 0x38, 0x70,
    0x0, 0x0, 0x0, 0x0, 0x0, 0xf, 0xf7, 0x0,
    0x0, 0x6f, 0xf1, 0x0, 0x0, 0x0, 0x0, 0x0,
    0x6f, 0xfa, 0xee, 0xee, 0xef, 0xff, 0xee, 0xee,
    0xd0, 0x0, 0x0, 0xdf, 0xaa, 0xff, 0xff, 0xff,
    0xff, 0xff, 0xff, 0xf0, 0x0, 0x7, 0xff, 0x30,
    0x11, 0x11, 0x11, 0x11, 0x11, 0x11, 0x10, 0x0,
    0x1e, 0xfb, 0x0, 0x3f, 0xff, 0xff, 0xff, 0xff,
    0xf5, 0x0, 0x0, 0xaf, 0xf4, 0x0, 0x4f, 0xe9,
    0x99, 0x99, 0x9f, 0xf5, 0x0, 0x6, 0xff, 0xf3,
    0x0, 0x4f, 0xb0, 0x0, 0x0, 0xe, 0xf5, 0x0,
    0x3f, 0xff, 0xf3, 0x0, 0x4f, 0xff, 0xff, 0xff,
    0xff, 0xf5, 0x0, 0x2f, 0xff, 0xf3, 0x0, 0x29,
    0x99, 0x99, 0x99, 0x99, 0x93, 0x0, 0xb, 0x8e,
    0xf3, 0x3, 0x33, 0x33, 0x33, 0x33, 0x33, 0x33,
    0x30, 0x2, 0xe, 0xf3, 0x1f, 0xff, 0xff, 0xff,
    0xff, 0xff, 0xff, 0xf1, 0x0, 0xe, 0xf3, 0x1f,
    0xfb, 0xbb, 0xbb, 0xbb, 0xbb, 0xbf, 0xf1, 0x0,
    0xe, 0xf3, 0x1f, 0xe0, 0x0, 0x0, 0x0, 0x0,
    0xf, 0xf1, 0x0, 0xe, 0xf3, 0x1b, 0xcf, 0xff,
    0xff, 0xff, 0xff, 0xeb, 0xb0, 0x0, 0xe, 0xf3,
    0x0, 0x2d, 0xdd, 0xef, 0xfe, 0xdd, 0xb0, 0x0,
    0x0, 0xe, 0xf3, 0x0, 0x0, 0x0, 0x3f, 0xf3,
    0x0, 0x0, 0x0, 0x0, 0xe, 0xf3, 0x0, 0x0,
    0x0, 0x3f, 0xf3, 0x0, 0x0, 0x0, 0x0, 0xe,
    0xf3, 0x0, 0x0, 0x0, 0x3f, 0xf3, 0x0, 0x0,
    0x0, 0x0, 0xe, 0xf3, 0x0, 0x2, 0xff, 0xff,
    0xf1, 0x0, 0x0, 0x0, 0x0, 0xe, 0xf3, 0x0,
    0x0, 0xcf, 0xfe, 0x70, 0x0, 0x0, 0x0, 0x0,
    0x1, 0x10, 0x0, 0x0, 0x0, 0x0, 0x0, 0x0,
    0x0, 0x0,

    /* U+5145 "充" */
    0x0, 0x0, 0x0, 0x0, 0x27, 0x90, 0x0, 0x0,
    0x0, 0x0, 0x0, 0x0, 0x0, 0x0, 0x6, 0xff,
    0x70, 0x0, 0x0, 0x0, 0x0, 0x0, 0x0, 0x0,
    0x0, 0xd, 0xff, 0x10, 0x0, 0x0, 0x0, 0x1,
    0x44, 0x44, 0x44, 0x44, 0x9f, 0xb5, 0x44, 0x44,
    0x44, 0x30, 0x6f, 0xff, 0xff, 0xff, 0xff, 0xff,
    0xff, 0xff, 0xff, 0xfd, 0x6, 0xff, 0xff, 0xff,
    0xff, 0xff, 0xff, 0xff, 0xff, 0xff, 0xd0, 0x0,
    0x0, 0x6, 0xff, 0xc1, 0x0, 0x5, 0x80, 0x0,
    0x0, 0x0, 0x0, 0x3, 0xff, 0xe1, 0x0, 0x6,
    0xff, 0xa0, 0x0, 0x0, 0x0, 0x2, 0xef, 0xe2,
    0x0, 0x0, 0x9, 0xff, 0xa0, 0x0, 0x0, 0x2,
    0xef, 0xf5, 0x23, 0x34, 0x45, 0x5e, 0xff, 0xa0,
    0x0, 0x2, 0xff, 0xff, 0xff, 0xff, 0xff, 0xff,
    0xff, 0xff, 0x90, 0x0, 0xd, 0xff, 0xff, 0xff,
    0xff, 0xff, 0xfc, 0xbe, 0xff, 0x60, 0x0, 0x57,
    0x53, 0xdf, 0xd0, 0x8, 0xff, 0x0, 0x2e, 0xb1,
    0x0, 0x0, 0x0, 0xf, 0xfb, 0x0, 0x8f, 0xf0,
    0x0, 0x20, 0x0, 0x0, 0x0, 0x2, 0xff, 0x80,
    0x8, 0xff, 0x0, 0x0, 0x0, 0x0, 0x0, 0x0,
    0x8f, 0xf4, 0x0, 0x8f, 0xf0, 0x0, 0x7, 0x30,
    0x0, 0x0, 0x2f, 0xfe, 0x0, 0x8, 0xff, 0x0,
    0x0, 0xbf, 0x70, 0x0, 0x2d, 0xff, 0x60, 0x0,
    0x8f, 0xf0, 0x0, 0xd, 0xf7, 0x1, 0x8f, 0xff,
    0xa0, 0x0, 0x7, 0xff, 0x53, 0x34, 0xff, 0x46,
    0xff, 0xff, 0x90, 0x0, 0x0, 0x4f, 0xff, 0xff,
    0xff, 0xf0, 0xd, 0xfc, 0x40, 0x0, 0x0, 0x0,
    0x9e, 0xff, 0xff, 0xd4, 0x0, 0x33, 0x0, 0x0,
    0x0, 0x0, 0x0, 0x0, 0x0, 0x0, 0x0,

    /* U+5173 "关" */
    0x0, 0x0, 0x1, 0x81, 0x0, 0x0, 0x0, 0x7,
    0x71, 0x0, 0x0, 0x0, 0x0, 0xe, 0xfa, 0x0,
    0x0, 0x0, 0x1f, 0xfc, 0x0, 0x0, 0x0, 0x0,
    0x6, 0xff, 0x50, 0x0, 0x0, 0x8f, 0xf3, 0x0,
    0x0, 0x0, 0x0, 0x0, 0xcf, 0xd0, 0x0, 0x1,
    0xff, 0x90, 0x0, 0x0, 0x0, 0x4, 0x44, 0x8f,
    0x84, 0x44, 0x4b, 0xff, 0x54, 0x43, 0x0, 0x0,
    0xf, 0xff, 0xff, 0xff, 0xff, 0xff, 0xff, 0xff,
    0xfb, 0x0, 0x0, 0xf, 0xff, 0xff, 0xff, 0xff,
    0xff, 0xff, 0xff, 0xfb, 0x0, 0x0, 0x0, 0x0,
    0x0, 0x2, 0xff, 0xb0, 0x0, 0x0, 0x0, 0x0,
    0x0, 0x0, 0x0, 0x0, 0x1, 0xff, 0xb0, 0x0,
    0x0, 0x0, 0x0, 0x0, 0x0, 0x0, 0x0, 0x1,
    0xff, 0xb0, 0x0, 0x0, 0x0, 0x0, 0x2, 0x66,
    0x66, 0x66, 0x67, 0xff, 0xd6, 0x66, 0x66, 0x66,
    0x50, 0x7, 0xff, 0xff, 0xff, 0xff, 0xff, 0xff,
    0xff, 0xff, 0xff, 0xd0, 0x7, 0xff, 0xff, 0xff,
    0xff, 0xff, 0xff, 0xff, 0xff, 0xff, 0xd0, 0x0,
    0x0, 0x0, 0x0, 0xd, 0xff, 0xf9, 0x0, 0x0,
    0x0, 0x0, 0x0, 0x0, 0x0, 0x0, 0x8f, 0xff,
    0xff, 0x50, 0x0, 0x0, 0x0, 0x0, 0x0, 0x0,
    0x7, 0xff, 0xf3, 0xdf, 0xf5, 0x0, 0x0, 0x0,
    0x0, 0x0, 0x1, 0xaf, 0xff, 0x50, 0x2e, 0xff,
    0x90, 0x0, 0x0, 0x0, 0x1, 0x7f, 0xff, 0xf6,
    0x0, 0x3, 0xef, 0xfe, 0x71, 0x0, 0x4, 0xaf,
    0xff, 0xfd, 0x30, 0x0, 0x0, 0x2d, 0xff, 0xff,
    0xb3, 0x7, 0xff, 0xfe, 0x60, 0x0, 0x0, 0x0,
    0x0, 0x7f, 0xff, 0xc0, 0x0, 0xab, 0x50, 0x0,
    0x0, 0x0, 0x0, 0x0, 0x0, 0x6c, 0x20,

    /* U+51FA "出" */
    0x0, 0x0, 0x0, 0x0, 0x59, 0x90, 0x0, 0x0,
    0x0, 0x0, 0x0, 0x0, 0x0, 0x9, 0xff, 0x10,
    0x0, 0x0, 0x0, 0x0, 0xab, 0x60, 0x0, 0x9f,
    0xf1, 0x0, 0x6, 0xbb, 0x0, 0xe, 0xf9, 0x0,
    0x9, 0xff, 0x10, 0x0, 0x9f, 0xf0, 0x0, 0xef,
    0x90, 0x0, 0x9f, 0xf1, 0x0, 0x9, 0xff, 0x0,
    0xe, 0xf9, 0x0, 0x9, 0xff, 0x10, 0x0, 0x9f,
    0xf0, 0x0, 0xef, 0x90, 0x0, 0x9f, 0xf1, 0x0,
    0x9, 0xff, 0x0, 0xe, 0xf9, 0x11, 0x19, 0xff,
    0x31, 0x11, 0x9f, 0xf0, 0x0, 0xef, 0xff, 0xff,
    0xff, 0xff, 0xff, 0xff, 0xff, 0x0, 0xe, 0xff,
    0xff, 0xff, 0xff, 0xff, 0xff, 0xff, 0xf0, 0x0,
    0x22, 0x22, 0x22, 0xaf, 0xf4, 0x22, 0x22, 0x22,
    0x0, 0xdd, 0x80, 0x0, 0x9, 0xff, 0x10, 0x0,
    0x9, 0xdc, 0xf, 0xfa, 0x0, 0x0, 0x9f, 0xf1,
    0x0, 0x0, 0xbf, 0xf0, 0xff, 0xa0, 0x0, 0x9,
    0xff, 0x10, 0x0, 0xb, 0xff, 0xf, 0xfa, 0x0,
    0x0, 0x9f, 0xf1, 0x0, 0x0, 0xbf, 0xf0, 0xff,
    0xa0, 0x0, 0x9, 0xff, 0x10, 0x0, 0xb, 0xff,
    0xf, 0xfa, 0x0, 0x0, 0x9f, 0xf1, 0x0, 0x0,
    0xbf, 0xf0, 0xff, 0xfe, 0xee, 0xef, 0xff, 0xee,
    0xee, 0xef, 0xff, 0xf, 0xff, 0xff, 0xff, 0xff,
    0xff, 0xff, 0xff, 0xff, 0xf0, 0x77, 0x77, 0x77,
    0x77, 0x77, 0x77, 0x77, 0x7d, 0xff, 0x0, 0x0,
    0x0, 0x0, 0x0, 0x0, 0x0, 0x0, 0xbf, 0xf0,

    /* U+51FB "击" */
    0x0, 0x0, 0x0, 0x0, 0x8, 0x83, 0x0, 0x0,
    0x0, 0x0, 0x0, 0x0, 0x0, 0x0, 0x1f, 0xf6,
    0x0, 0x0, 0x0, 0x0, 0x0, 0x0, 0x0, 0x0,
    0x1f, 0xf6, 0x0, 0x0, 0x0, 0x0, 0x0, 0x66,
    0x66, 0x66, 0x6f, 0xfa, 0x66, 0x66, 0x66, 0x20,
    0x2, 0xff, 0xff, 0xff, 0xff, 0xff, 0xff, 0xff,
    0xff, 0x70, 0x2, 0xff, 0xff, 0xff, 0xff, 0xff,
    0xff, 0xff, 0xff, 0x60, 0x0, 0x0, 0x0, 0x0,
    0x1f, 0xf6, 0x0, 0x0, 0x0, 0x0, 0x0, 0x0,
    0x0, 0x0, 0x1f, 0xf6, 0x0, 0x0, 0x0, 0x0,
    0x45, 0x55, 0x55, 0x55, 0x6f, 0xfa, 0x55, 0x55,
    0x55, 0x55, 0xcf, 0xff, 0xff, 0xff, 0xff, 0xff,
    0xff, 0xff, 0xff, 0xfe, 0xcf, 0xff, 0xff, 0xff,
    0xff, 0xff, 0xff, 0xff, 0xff, 0xfe, 0x0, 0x0,
    0x0, 0x0, 0x1f, 0xf7, 0x0, 0x0, 0x0, 0x0,
    0x0, 0x89, 0x40, 0x0, 0x1f, 0xf6, 0x0, 0x5,
    0x97, 0x0, 0x0, 0xff, 0x80, 0x0, 0x1f, 0xf6,
    0x0, 0xa, 0xfd, 0x0, 0x0, 0xff, 0x80, 0x0,
    0x1f, 0xf6, 0x0, 0xa, 0xfd, 0x0, 0x0, 0xff,
    0x80, 0x0, 0x1f, 0xf6, 0x0, 0xa, 0xfd, 0x0,
    0x0, 0xff, 0x80, 0x0, 0x1f, 0xf6, 0x0, 0xa,
    0xfd, 0x0, 0x0, 0xff, 0xb7, 0x77, 0x8f, 0xfb,
    0x77, 0x7c, 0xfd, 0x0, 0x0, 0xff, 0xff, 0xff,
    0xff, 0xff, 0xff, 0xff, 0xfd, 0x0, 0x0, 0xdd,
    0xdd, 0xdd, 0xdd, 0xdd, 0xdd, 0xdf, 0xfd, 0x0,
    0x0, 0x0, 0x0, 0x0, 0x0, 0x0, 0x0, 0xa,
    0xfd, 0x0,

    /* U+52A8 "动" */
    0x0, 0x0, 0x0, 0x0, 0x0, 0x0, 0x3, 0x30,
    0x0, 0x0, 0x0, 0x0, 0x0, 0x0, 0x0, 0x0,
    0x3, 0xff, 0x20, 0x0, 0x0, 0x2f, 0xff, 0xff,
    0xff, 0xf6, 0x0, 0x3f, 0xf1, 0x0, 0x0, 0x2,
    0xff, 0xff, 0xff, 0xff, 0x70, 0x3, 0xff, 0x10,
    0x0, 0x0, 0x2, 0x22, 0x22, 0x22, 0x20, 0x0,
    0x3f, 0xf1, 0x0, 0x0, 0x0, 0x0, 0x0, 0x0,
    0x0, 0xc, 0xee, 0xff, 0xee, 0xef, 0xe0, 0x0,
    0x0, 0x0, 0x0, 0x0, 0xef, 0xff, 0xff, 0xff,
    0xff, 0xe, 0xff, 0xff, 0xff, 0xff, 0xc4, 0x48,
    0xff, 0x44, 0x8f, 0xf0, 0xef, 0xff, 0xff, 0xff,
    0xfd, 0x0, 0x5f, 0xf0, 0x5, 0xff, 0x2, 0x35,
    0xff, 0x63, 0x33, 0x20, 0x7, 0xfd, 0x0, 0x6f,
    0xe0, 0x0, 0x6f, 0xf0, 0x0, 0x0, 0x0, 0x8f,
    0xc0, 0x7, 0xfe, 0x0, 0xa, 0xfb, 0x4, 0xea,
    0x0, 0xa, 0xfa, 0x0, 0x7f, 0xd0, 0x0, 0xff,
    0x50, 0x2f, 0xf0, 0x0, 0xdf, 0x80, 0x8, 0xfc,
    0x0, 0x4f, 0xf0, 0x0, 0xcf, 0x50, 0xf, 0xf5,
    0x0, 0x9f, 0xc0, 0xa, 0xf9, 0x0, 0x4b, 0xfb,
    0x4, 0xff, 0x10, 0xa, 0xfb, 0x2, 0xff, 0xbc,
    0xff, 0xff, 0xf1, 0xaf, 0xd0, 0x0, 0xbf, 0xa0,
    0x9f, 0xff, 0xff, 0xfb, 0xef, 0x6f, 0xf8, 0x0,
    0xd, 0xf8, 0x4, 0xff, 0xd9, 0x40, 0x7, 0x7a,
    0xff, 0x20, 0x0, 0xff, 0x60, 0x9, 0x20, 0x0,
    0x0, 0x4, 0xff, 0xa3, 0x43, 0x8f, 0xf4, 0x0,
    0x0, 0x0, 0x0, 0x0, 0xdf, 0xf1, 0x6f, 0xff,
    0xfe, 0x0, 0x0, 0x0, 0x0, 0x0, 0x2, 0xe4,
    0x2, 0xff, 0xfc, 0x30, 0x0, 0x0, 0x0, 0x0,
    0x0, 0x0, 0x0, 0x0, 0x0, 0x0, 0x0,

    /* U+5373 "即" */
    0x4, 0x55, 0x44, 0x44, 0x44, 0x10, 0x22, 0x22,
    0x24, 0x20, 0xe, 0xff, 0xff, 0xff, 0xff, 0x65,
    0xff, 0xff, 0xff, 0xf5, 0xe, 0xfe, 0xdd, 0xdd,
    0xff, 0x65, 0xff, 0xff, 0xff, 0xf5, 0xe, 0xf8,
    0x0, 0x0, 0xff, 0x65, 0xff, 0x0, 0xf, 0xf5,
    0xe, 0xf9, 0x22, 0x22, 0xff, 0x65, 0xff, 0x0,
    0xf, 0xf5, 0xe, 0xff, 0xff, 0xff, 0xff, 0x65,
    0xff, 0x0, 0xf, 0xf5, 0xe, 0xff, 0xff, 0xff,
    0xff, 0x65, 0xff, 0x0, 0xf, 0xf5, 0xe, 0xf8,
    0x0, 0x0, 0xff, 0x65, 0xff, 0x0, 0xf, 0xf5,
    0xe, 0xf8, 0x0, 0x0, 0xff, 0x65, 0xff, 0x0,
    0xf, 0xf5, 0xe, 0xff, 0xff, 0xff, 0xff, 0x65,
    0xff, 0x0, 0xf, 0xf5, 0xe, 0xff, 0xff, 0xff,
    0xff, 0x65, 0xff, 0x0, 0xf, 0xf5, 0xe, 0xf9,
    0x22, 0x22, 0x22, 0x5, 0xff, 0x0, 0xf, 0xf5,
    0xe, 0xf8, 0x0, 0x6d, 0x30, 0x5, 0xff, 0x0,
    0xf, 0xf5, 0xe, 0xf8, 0x0, 0xdf, 0xc0, 0x5,
    0xff, 0x15, 0x5f, 0xf5, 0xe, 0xf8, 0x0, 0x4f,
    0xf5, 0x5, 0xff, 0xf, 0xff, 0xf3, 0xe, 0xf9,
    0x5a, 0xef, 0xfd, 0x5, 0xff, 0xb, 0xec, 0x60,
    0x5f, 0xff, 0xff, 0xff, 0xff, 0x55, 0xff, 0x0,
    0x0, 0x0, 0xaf, 0xff, 0xfa, 0x50, 0xcf, 0xb5,
    0xff, 0x0, 0x0, 0x0, 0x3f, 0xb5, 0x0, 0x0,
    0x58, 0x5, 0xff, 0x0, 0x0, 0x0, 0x2, 0x0,
    0x0, 0x0, 0x0, 0x5, 0xff, 0x0, 0x0, 0x0,

    /* U+540C "同" */
    0x15, 0x55, 0x55, 0x55, 0x55, 0x55, 0x55, 0x55,
    0x57, 0x61, 0x4f, 0xff, 0xff, 0xff, 0xff, 0xff,
    0xff, 0xff, 0xff, 0xf5, 0x4f, 0xfe, 0xee, 0xee,
    0xee, 0xee, 0xee, 0xee, 0xef, 0xf5, 0x4f, 0xf0,
    0x0, 0x0, 0x0, 0x0, 0x0, 0x0, 0xf, 0xf5,
    0x4f, 0xf0, 0x3c, 0xcc, 0xcc, 0xcc, 0xcc, 0xc9,
    0xf, 0xf5, 0x4f, 0xf0, 0x4f, 0xff, 0xff, 0xff,
    0xff, 0xfc, 0xf, 0xf5, 0x4f, 0xf0, 0x13, 0x33,
    0x33, 0x33, 0x33, 0x32, 0xf, 0xf5, 0x4f, 0xf0,
    0x0, 0x0, 0x0, 0x0, 0x0, 0x0, 0xf, 0xf5,
    0x4f, 0xf0, 0x6, 0xef, 0xee, 0xee, 0xee, 0xa0,
    0xf, 0xf5, 0x4f, 0xf0, 0x7, 0xff, 0xff, 0xff,
    0xff, 0xb0, 0xf, 0xf5, 0x4f, 0xf0, 0x7, 0xfc,
    0x0, 0x0, 0x9f, 0xb0, 0xf, 0xf5, 0x4f, 0xf0,
    0x7, 0xfc, 0x0, 0x0, 0x8f, 0xb0, 0xf, 0xf5,
    0x4f, 0xf0, 0x7, 0xfc, 0x0, 0x0, 0x8f, 0xb0,
    0xf, 0xf5, 0x4f, 0xf0, 0x7, 0xfc, 0x22, 0x22,
    0x9f, 0xb0, 0xf, 0xf5, 0x4f, 0xf0, 0x7, 0xff,
    0xff, 0xff, 0xff, 0xb0, 0xf, 0xf5, 0x4f, 0xf0,
    0x7, 0xff, 0xdd, 0xdd, 0xdd, 0x90, 0xf, 0xf5,
    0x4f, 0xf0, 0x7, 0xfc, 0x0, 0x0, 0x0, 0x0,
    0xf, 0xf5, 0x4f, 0xf0, 0x2, 0x53, 0x0, 0x0,
    0x0, 0x44, 0x5f, 0xf4, 0x4f, 0xf0, 0x0, 0x0,
    0x0, 0x0, 0x0, 0xdf, 0xff, 0xf2, 0x4f, 0xf0,
    0x0, 0x0, 0x0, 0x0, 0x0, 0x8f, 0xfc, 0x60,

    /* U+542F "启" */
    0x0, 0x0, 0x0, 0x0, 0x0, 0x23, 0x0, 0x0,
    0x0, 0x0, 0x0, 0x0, 0x0, 0x0, 0x9, 0xff,
    0x10, 0x0, 0x0, 0x0, 0x0, 0x0, 0x0, 0x0,
    0x3, 0xff, 0x70, 0x0, 0x0, 0x0, 0x0, 0x4,
    0x76, 0x55, 0x55, 0xef, 0xd5, 0x55, 0x55, 0x51,
    0x0, 0xd, 0xff, 0xff, 0xff, 0xff, 0xff, 0xff,
    0xff, 0xf5, 0x0, 0xd, 0xfe, 0xdd, 0xdd, 0xdd,
    0xdd, 0xdd, 0xdf, 0xf5, 0x0, 0xd, 0xf9, 0x0,
    0x0, 0x0, 0x0, 0x0, 0x1f, 0xf5, 0x0, 0xd,
    0xf9, 0x0, 0x0, 0x0, 0x0, 0x0, 0x1f, 0xf5,
    0x0, 0xd, 0xff, 0xff, 0xff, 0xff, 0xff, 0xff,
    0xff, 0xf5, 0x0, 0xd, 0xff, 0xff, 0xff, 0xff,
    0xff, 0xff, 0xff, 0xf5, 0x0, 0xe, 0xf9, 0x22,
    0x22, 0x22, 0x22, 0x22, 0x22, 0x20, 0x0, 0xe,
    0xf7, 0x0, 0x0, 0x0, 0x0, 0x0, 0x0, 0x0,
    0x0, 0xf, 0xf6, 0xdf, 0xff, 0xff, 0xff, 0xff,
    0xff, 0xfc, 0x0, 0x1f, 0xf4, 0xdf, 0xff, 0xff,
    0xff, 0xff, 0xff, 0xfc, 0x0, 0x4f, 0xf2, 0xdf,
    0x82, 0x22, 0x22, 0x22, 0x2a, 0xfc, 0x0, 0x7f,
    0xf0, 0xdf, 0x70, 0x0, 0x0, 0x0, 0xa, 0xfc,
    0x0, 0xcf, 0xc0, 0xdf, 0x70, 0x0, 0x0, 0x0,
    0xa, 0xfc, 0x2, 0xff, 0x70, 0xdf, 0xa5, 0x55,
    0x55, 0x55, 0x5c, 0xfc, 0xb, 0xff, 0x10, 0xdf,
    0xff, 0xff, 0xff, 0xff, 0xff, 0xfc, 0x3f, 0xfa,
    0x0, 0xdf, 0xed, 0xdd, 0xdd, 0xdd, 0xdf, 0xfc,
    0x4, 0xe1, 0x0, 0xdf, 0x70, 0x0, 0x0, 0x0,
    0xa, 0xfc, 0x0, 0x0, 0x0, 0x0, 0x0, 0x0,
    0x0, 0x0, 0x0, 0x0,

    /* U+5931 "失" */
    0x0, 0x0, 0x23, 0x0, 0x3, 0xaa, 0x10, 0x0,
    0x0, 0x0, 0x0, 0x0, 0x0, 0x9f, 0xf0, 0x5,
    0xff, 0x20, 0x0, 0x0, 0x0, 0x0, 0x0, 0x0,
    0xdf, 0xc0, 0x5, 0xff, 0x20, 0x0, 0x0, 0x0,
    0x0, 0x0, 0x3, 0xff, 0x70, 0x6, 0xff, 0x30,
    0x0, 0x0, 0x0, 0x0, 0x0, 0xa, 0xff, 0xff,
    0xff, 0xff, 0xff, 0xff, 0xff, 0xf0, 0x0, 0x0,
    0x2f, 0xff, 0xff, 0xff, 0xff, 0xff, 0xff, 0xff,
    0xf0, 0x0, 0x0, 0xbf, 0xf6, 0x55, 0x59, 0xff,
    0x75, 0x55, 0x55, 0x50, 0x0, 0x7, 0xff, 0x90,
    0x0, 0x5, 0xff, 0x20, 0x0, 0x0, 0x0, 0x0,
    0x5, 0xde, 0x0, 0x0, 0x6, 0xff, 0x10, 0x0,
    0x0, 0x0, 0x0, 0x0, 0x2, 0x0, 0x0, 0x7,
    0xff, 0x0, 0x0, 0x0, 0x0, 0x0, 0xd, 0xff,
    0xff, 0xff, 0xff, 0xff, 0xff, 0xff, 0xff, 0xff,
    0xe0, 0xe, 0xff, 0xff, 0xff, 0xff, 0xff, 0xff,
    0xff, 0xff, 0xff, 0xe0, 0x6, 0x77, 0x77, 0x77,
    0x9f, 0xff, 0xf8, 0x77, 0x77, 0x77, 0x60, 0x0,
    0x0, 0x0, 0x0, 0xaf, 0xff, 0xfa, 0x0, 0x0,
    0x0, 0x0, 0x0, 0x0, 0x0, 0x5, 0xff, 0xb7,
    0xff, 0x50, 0x0, 0x0, 0x0, 0x0, 0x0, 0x0,
    0x4f, 0xff, 0x20, 0xdf, 0xf4, 0x0, 0x0, 0x0,
    0x0, 0x0, 0x7, 0xff, 0xf6, 0x0, 0x3f, 0xff,
    0x70, 0x0, 0x0, 0x0, 0x4, 0xdf, 0xff, 0x60,
    0x0, 0x4, 0xff, 0xfd, 0x50, 0x0, 0x7, 0xdf,
    0xff, 0xe4, 0x0, 0x0, 0x0, 0x3d, 0xff, 0xfe,
    0x92, 0xa, 0xff, 0xf8, 0x0, 0x0, 0x0, 0x0,
    0x0, 0x8f, 0xff, 0xd0, 0x1, 0xb6, 0x0, 0x0,
    0x0, 0x0, 0x0, 0x0, 0x0, 0x6b, 0x30,

    /* U+5934 "头" */
    0x0, 0x0, 0x0, 0x0, 0x0, 0x7, 0xb9, 0x0,
    0x0, 0x0, 0x0, 0x0, 0x0, 0x5f, 0x92, 0x0,
    0xa, 0xfc, 0x0, 0x0, 0x0, 0x0, 0x0, 0x0,
    0xcf, 0xff, 0xb2, 0xa, 0xfc, 0x0, 0x0, 0x0,
    0x0, 0x0, 0x0, 0x4, 0xcf, 0xff, 0x1a, 0xfc,
    0x0, 0x0, 0x0, 0x0, 0x0, 0x0, 0x0, 0x4,
    0xe8, 0xa, 0xfb, 0x0, 0x0, 0x0, 0x0, 0x0,
    0x3c, 0x70, 0x0, 0x10, 0xb, 0xfb, 0x0, 0x0,
    0x0, 0x0, 0x0, 0xdf, 0xfe, 0x70, 0x0, 0xb,
    0xfa, 0x0, 0x0, 0x0, 0x0, 0x0, 0x7, 0xef,
    0xfd, 0x20, 0xd, 0xf9, 0x0, 0x0, 0x0, 0x0,
    0x0, 0x0, 0x8, 0xfc, 0x0, 0xe, 0xf7, 0x0,
    0x0, 0x0, 0x0, 0x0, 0x0, 0x0, 0x31, 0x0,
    0xf, 0xf5, 0x0, 0x0, 0x0, 0x0, 0xd, 0xff,
    0xff, 0xff, 0xff, 0xff, 0xff, 0xff, 0xff, 0xff,
    0xe0, 0xe, 0xff, 0xff, 0xff, 0xff, 0xff, 0xff,
    0xff, 0xff, 0xff, 0xf0, 0x3, 0x44, 0x44, 0x44,
    0x44, 0xff, 0xa4, 0x44, 0x44, 0x44, 0x40, 0x0,
    0x0, 0x0, 0x0, 0x7, 0xff, 0x30, 0x0, 0x0,
    0x0, 0x0, 0x0, 0x0, 0x0, 0x0, 0x3f, 0xfb,
    0x4d, 0x50, 0x0, 0x0, 0x0, 0x0, 0x0, 0x0,
    0x3, 0xef, 0xe2, 0xdf, 0xfd, 0x50, 0x0, 0x0,
    0x0, 0x0, 0x0, 0x8f, 0xff, 0x40, 0x7, 0xff,
    0xfc, 0x30, 0x0, 0x0, 0x1, 0x7e, 0xff, 0xe3,
    0x0, 0x0, 0x19, 0xff, 0xf9, 0x0, 0x7, 0xcf,
    0xff, 0xfa, 0x10, 0x0, 0x0, 0x0, 0x3d, 0xff,
    0xc0, 0x5, 0xff, 0xf9, 0x20, 0x0, 0x0, 0x0,
    0x0, 0x0, 0x9f, 0x40, 0x0, 0x74, 0x0, 0x0,
    0x0, 0x0, 0x0, 0x0, 0x0, 0x2, 0x0,

    /* U+59CB "始" */
    0x0, 0x5, 0x63, 0x0, 0x0, 0x0, 0x8, 0x40,
    0x0, 0x0, 0x0, 0x0, 0xb, 0xf7, 0x0, 0x0,
    0x0, 0x3f, 0xf7, 0x0, 0x0, 0x0, 0x0, 0xd,
    0xf5, 0x0, 0x0, 0x0, 0xaf, 0xf1, 0x0, 0x0,
    0x0, 0x0, 0xf, 0xf3, 0x0, 0x0, 0x2, 0xff,
    0x80, 0x4, 0x0, 0x0, 0x3, 0x4f, 0xf4, 0x33,
    0x10, 0x9, 0xff, 0x10, 0xaf, 0xa0, 0x0, 0x2f,
    0xff, 0xff, 0xff, 0x80, 0x2f, 0xf7, 0x0, 0x4f,
    0xf4, 0x0, 0x2f, 0xff, 0xff, 0xff, 0x70, 0xaf,
    0xd0, 0x0, 0x9, 0xfe, 0x0, 0x0, 0xaf, 0x70,
    0xcf, 0x66, 0xff, 0x85, 0x67, 0x8b, 0xff, 0x70,
    0x0, 0xef, 0x40, 0xdf, 0x6f, 0xff, 0xff, 0xff,
    0xff, 0xff, 0xe0, 0x1, 0xff, 0x10, 0xff, 0x2d,
    0xff, 0xfe, 0xcb, 0xa8, 0x7f, 0xf6, 0x5, 0xfd,
    0x3, 0xff, 0x4, 0x31, 0x0, 0x0, 0x0, 0x8,
    0x60, 0x9, 0xfa, 0x7, 0xfc, 0x0, 0x22, 0x22,
    0x22, 0x22, 0x22, 0x0, 0xb, 0xff, 0x8b, 0xf9,
    0x2, 0xff, 0xff, 0xff, 0xff, 0xff, 0x10, 0x0,
    0x9f, 0xff, 0xf4, 0x2, 0xff, 0xff, 0xff, 0xff,
    0xff, 0x10, 0x0, 0x7, 0xff, 0xf1, 0x2, 0xff,
    0x0, 0x0, 0x2, 0xff, 0x10, 0x0, 0x0, 0xef,
    0xfc, 0x2, 0xff, 0x0, 0x0, 0x2, 0xff, 0x10,
    0x0, 0x9, 0xff, 0xff, 0xa2, 0xff, 0x0, 0x0,
    0x2, 0xff, 0x10, 0x0, 0x6f, 0xf8, 0x6f, 0x72,
    0xff, 0x11, 0x11, 0x14, 0xff, 0x10, 0x8, 0xff,
    0xc0, 0x6, 0x2, 0xff, 0xff, 0xff, 0xff, 0xff,
    0x10, 0xd, 0xfd, 0x10, 0x0, 0x2, 0xff, 0xff,
    0xff, 0xff, 0xff, 0x10, 0x3, 0xb1, 0x0, 0x0,
    0x2, 0xff, 0x0, 0x0, 0x2, 0xff, 0x10, 0x0,
    0x0, 0x0, 0x0, 0x0, 0x0, 0x0, 0x0, 0x0,
    0x0, 0x0,

    /* U+5B57 "字" */
    0x0, 0x0, 0x0, 0x0, 0x4, 0x60, 0x0, 0x0,
    0x0, 0x0, 0x0, 0x0, 0x0, 0x0, 0x8f, 0xf4,
    0x0, 0x0, 0x0, 0x0, 0x14, 0x44, 0x44, 0x44,
    0x5f, 0xfc, 0x44, 0x44, 0x44, 0x42, 0x6f, 0xff,
    0xff, 0xff, 0xff, 0xff, 0xff, 0xff, 0xff, 0xf7,
    0x6f, 0xff, 0xff, 0xff, 0xff, 0xff, 0xff, 0xff,
    0xff, 0xf7, 0x6f, 0xe0, 0x0, 0x0, 0x0, 0x0,
    0x0, 0x0, 0xf, 0xf7, 0x6f, 0xe0, 0x44, 0x44,
    0x44, 0x44, 0x44, 0x30, 0xf, 0xf7, 0x4a, 0x90,
    0xff, 0xff, 0xff, 0xff, 0xff, 0xf9, 0xa, 0xa4,
    0x0, 0x0, 0xff, 0xff, 0xff, 0xff, 0xff, 0xfa,
    0x0, 0x0, 0x0, 0x0, 0x0, 0x0, 0x0, 0x2d,
    0xff, 0x80, 0x0, 0x0, 0x0, 0x0, 0x0, 0x0,
    0x8, 0xff, 0xe4, 0x0, 0x0, 0x0, 0x0, 0x0,
    0x0, 0x0, 0x1f, 0xfa, 0x0, 0x0, 0x0, 0x0,
    0x8f, 0xff, 0xff, 0xff, 0xff, 0xff, 0xff, 0xff,
    0xff, 0xf9, 0x9f, 0xff, 0xff, 0xff, 0xff, 0xff,
    0xff, 0xff, 0xff, 0xf9, 0x24, 0x44, 0x44, 0x44,
    0x5f, 0xf9, 0x44, 0x44, 0x44, 0x42, 0x0, 0x0,
    0x0, 0x0, 0x1f, 0xf7, 0x0, 0x0, 0x0, 0x0,
    0x0, 0x0, 0x0, 0x0, 0x1f, 0xf7, 0x0, 0x0,
    0x0, 0x0, 0x0, 0x0, 0x0, 0x0, 0x1f, 0xf7,
    0x0, 0x0, 0x0, 0x0, 0x0, 0x0, 0x15, 0x44,
    0x6f, 0xf6, 0x0, 0x0, 0x0, 0x0, 0x0, 0x0,
    0xe, 0xff, 0xff, 0xf3, 0x0, 0x0, 0x0, 0x0,
    0x0, 0x0, 0x7, 0xff, 0xfd, 0x60, 0x0, 0x0,
    0x0, 0x0, 0x0, 0x0, 0x0, 0x0, 0x0, 0x0,
    0x0, 0x0, 0x0, 0x0,

    /* U+5B8C "完" */
    0x0, 0x0, 0x0, 0x0, 0x5, 0xa7, 0x0, 0x0,
    0x0, 0x0, 0x0, 0x0, 0x0, 0x0, 0x0, 0xc,
    0xff, 0x10, 0x0, 0x0, 0x0, 0x0, 0x1, 0x44,
    0x44, 0x44, 0x49, 0xff, 0x94, 0x44, 0x44, 0x44,
    0x10, 0x6, 0xff, 0xff, 0xff, 0xff, 0xff, 0xff,
    0xff, 0xff, 0xff, 0x50, 0x6, 0xff, 0xff, 0xff,
    0xff, 0xff, 0xff, 0xff, 0xff, 0xff, 0x50, 0x6,
    0xff, 0x0, 0x0, 0x0, 0x0, 0x0, 0x0, 0x2,
    0xff, 0x50, 0x6, 0xff, 0x3, 0x33, 0x33, 0x33,
    0x33, 0x33, 0x22, 0xff, 0x50, 0x6, 0xff, 0xe,
    0xff, 0xff, 0xff, 0xff, 0xff, 0xa2, 0xff, 0x50,
    0x0, 0x0, 0xe, 0xff, 0xff, 0xff, 0xff, 0xff,
    0xa0, 0x0, 0x0, 0x0, 0x0, 0x0, 0x0, 0x0,
    0x0, 0x0, 0x0, 0x0, 0x0, 0x0, 0x2, 0x33,
    0x33, 0x33, 0x33, 0x33, 0x33, 0x33, 0x33, 0x33,
    0x20, 0xd, 0xff, 0xff, 0xff, 0xff, 0xff, 0xff,
    0xff, 0xff, 0xff, 0xd0, 0xd, 0xff, 0xff, 0xff,
    0xff, 0xff, 0xff, 0xff, 0xff, 0xff, 0xd0, 0x0,
    0x0, 0x0, 0x5f, 0xf1, 0x0, 0xbf, 0xb0, 0x0,
    0x0, 0x0, 0x0, 0x0, 0x0, 0x7f, 0xf0, 0x0,
    0xbf, 0xb0, 0x0, 0x0, 0x0, 0x0, 0x0, 0x0,
    0xaf, 0xc0, 0x0, 0xbf, 0xb0, 0x0, 0x0, 0x0,
    0x0, 0x0, 0x1, 0xff, 0x80, 0x0, 0xbf, 0xb0,
    0x0, 0xc, 0x60, 0x0, 0x0, 0xb, 0xff, 0x20,
    0x0, 0xbf, 0xb0, 0x0, 0xf, 0xf2, 0x0, 0x16,
    0xef, 0xf9, 0x0, 0x0, 0xaf, 0xd2, 0x22, 0x5f,
    0xf0, 0xb, 0xff, 0xff, 0x80, 0x0, 0x0, 0x8f,
    0xff, 0xff, 0xff, 0xb0, 0x5, 0xff, 0xa3, 0x0,
    0x0, 0x0, 0x1b, 0xff, 0xff, 0xfd, 0x20, 0x0,
    0x30, 0x0, 0x0, 0x0, 0x0, 0x0, 0x0, 0x0,
    0x0, 0x0,

    /* U+5C4F "屏" */
    0x0, 0x3d, 0xed, 0xdd, 0xdd, 0xdd, 0xdd, 0xdd,
    0xdd, 0xdd, 0x0, 0x4, 0xff, 0xff, 0xff, 0xff,
    0xff, 0xff, 0xff, 0xff, 0xf0, 0x0, 0x4f, 0xf3,
    0x22, 0x22, 0x22, 0x22, 0x22, 0x29, 0xff, 0x0,
    0x4, 0xff, 0x10, 0x0, 0x0, 0x0, 0x0, 0x0,
    0x8f, 0xf0, 0x0, 0x4f, 0xff, 0xff, 0xff, 0xff,
    0xff, 0xff, 0xff, 0xff, 0x0, 0x4, 0xff, 0xff,
    0xff, 0xff, 0xff, 0xff, 0xff, 0xff, 0xf0, 0x0,
    0x4f, 0xf2, 0x2, 0xae, 0x30, 0x0, 0x6, 0xd9,
    0x20, 0x0, 0x4, 0xff, 0x10, 0xd, 0xfb, 0x0,
    0x0, 0xcf, 0xb0, 0x0, 0x0, 0x4f, 0xf3, 0x99,
    0xce, 0x99, 0x99, 0xaf, 0xfb, 0x99, 0x30, 0x4,
    0xff, 0x4f, 0xff, 0xff, 0xff, 0xff, 0xff, 0xff,
    0xf5, 0x0, 0x5f, 0xf1, 0x66, 0x7f, 0xf7, 0x66,
    0x8f, 0xf7, 0x66, 0x20, 0x6, 0xff, 0x0, 0x2,
    0xff, 0x20, 0x4, 0xff, 0x10, 0x0, 0x0, 0x8f,
    0xe0, 0x0, 0x2f, 0xf2, 0x0, 0x4f, 0xf1, 0x0,
    0x0, 0xa, 0xfc, 0xbf, 0xff, 0xff, 0xff, 0xff,
    0xff, 0xff, 0xff, 0x0, 0xcf, 0x9a, 0xff, 0xff,
    0xff, 0xff, 0xff, 0xff, 0xff, 0xf0, 0x1f, 0xf6,
    0x0, 0xc, 0xfc, 0x0, 0x4, 0xff, 0x10, 0x0,
    0x5, 0xff, 0x20, 0x7, 0xff, 0x60, 0x0, 0x4f,
    0xf1, 0x0, 0x0, 0xcf, 0xe0, 0x19, 0xff, 0xd0,
    0x0, 0x4, 0xff, 0x10, 0x0, 0x3f, 0xf7, 0xa,
    0xff, 0xd1, 0x0, 0x0, 0x4f, 0xf1, 0x0, 0x0,
    0x5d, 0x0, 0xc, 0x90, 0x0, 0x0, 0x4, 0xff,
    0x10, 0x0, 0x0, 0x0, 0x0, 0x0, 0x0, 0x0,
    0x0, 0x0, 0x0, 0x0, 0x0,

    /* U+5DF2 "已" */
    0x15, 0x55, 0x55, 0x55, 0x55, 0x55, 0x55, 0x55,
    0x51, 0x0, 0x3, 0xff, 0xff, 0xff, 0xff, 0xff,
    0xff, 0xff, 0xff, 0x50, 0x0, 0x3f, 0xff, 0xff,
    0xff, 0xff, 0xff, 0xff, 0xff, 0xf5, 0x0, 0x0,
    0x0, 0x0, 0x0, 0x0, 0x0, 0x0, 0x2, 0xff,
    0x50, 0x0, 0x0, 0x22, 0x0, 0x0, 0x0, 0x0,
    0x0, 0x2f, 0xf5, 0x0, 0x0, 0x4f, 0xf3, 0x0,
    0x0, 0x0, 0x0, 0x2, 0xff, 0x50, 0x0, 0x4,
    0xff, 0x30, 0x0, 0x0, 0x0, 0x0, 0x2f, 0xf5,
    0x0, 0x0, 0x4f, 0xf3, 0x0, 0x0, 0x0, 0x0,
    0x2, 0xff, 0x50, 0x0, 0x4, 0xff, 0xff, 0xff,
    0xff, 0xff, 0xff, 0xff, 0xf5, 0x0, 0x0, 0x4f,
    0xff, 0xff, 0xff, 0xff, 0xff, 0xff, 0xff, 0x50,
    0x0, 0x4, 0xff, 0x75, 0x55, 0x55, 0x55, 0x55,
    0x6f, 0xf5, 0x0, 0x0, 0x4f, 0xf3, 0x0, 0x0,
    0x0, 0x0, 0x0, 0x55, 0x10, 0x0, 0x4, 0xff,
    0x30, 0x0, 0x0, 0x0, 0x0, 0x0, 0x0, 0x0,
    0x0, 0x4f, 0xf3, 0x0, 0x0, 0x0, 0x0, 0x0,
    0x0, 0x4a, 0x40, 0x4, 0xff, 0x30, 0x0, 0x0,
    0x0, 0x0, 0x0, 0x6, 0xff, 0x10, 0x3f, 0xf3,
    0x0, 0x0, 0x0, 0x0, 0x0, 0x0, 0xaf, 0xf0,
    0x2, 0xff, 0x92, 0x11, 0x11, 0x11, 0x11, 0x11,
    0x6f, 0xfb, 0x0, 0xd, 0xff, 0xff, 0xff, 0xff,
    0xff, 0xff, 0xff, 0xff, 0x40, 0x0, 0x2c, 0xff,
    0xff, 0xff, 0xff, 0xff, 0xff, 0xfe, 0x60, 0x0,
    0x0, 0x1, 0x34, 0x44, 0x44, 0x44, 0x44, 0x42,
    0x0, 0x0,

    /* U+5E55 "幕" */
    0x0, 0x0, 0x0, 0x7d, 0x90, 0x0, 0x4, 0xdd,
    0x0, 0x0, 0x0, 0x6, 0xbb, 0xbb, 0xef, 0xeb,
    0xbb, 0xbc, 0xff, 0xbb, 0xbb, 0x90, 0x9, 0xff,
    0xff, 0xff, 0xff, 0xff, 0xff, 0xff, 0xff, 0xff,
    0xd0, 0x2, 0x33, 0x33, 0xaf, 0xc3, 0x33, 0x37,
    0xff, 0x33, 0x33, 0x20, 0x0, 0x2, 0x66, 0x67,
    0x76, 0x66, 0x66, 0x66, 0x66, 0x50, 0x0, 0x0,
    0x5, 0xff, 0xff, 0xff, 0xff, 0xff, 0xff, 0xff,
    0xd0, 0x0, 0x0, 0x5, 0xfe, 0x0, 0x0, 0x0,
    0x0, 0x0, 0x8f, 0xd0, 0x0, 0x0, 0x5, 0xff,
    0xff, 0xff, 0xff, 0xff, 0xff, 0xff, 0xd0, 0x0,
    0x0, 0x5, 0xff, 0x66, 0x66, 0x66, 0x66, 0x66,
    0xbf, 0xd0, 0x0, 0x0, 0x5, 0xff, 0x88, 0x88,
    0x88, 0x88, 0x88, 0xbf, 0xd0, 0x0, 0x0, 0x5,
    0xff, 0xff, 0xff, 0xff, 0xff, 0xff, 0xff, 0xc0,
    0x0, 0x1, 0x22, 0x22, 0x2c, 0xfd, 0x22, 0x22,
    0x22, 0x22, 0x22, 0x20, 0xb, 0xff, 0xff, 0xff,
    0xff, 0xff, 0xff, 0xff, 0xff, 0xff, 0xf1, 0x7,
    0xbb, 0xbf, 0xff, 0xbb, 0xff, 0xcb, 0xdf, 0xfc,
    0xbb, 0xb1, 0x0, 0x2, 0xcf, 0xf5, 0x1, 0xff,
    0x50, 0x1c, 0xfe, 0x50, 0x0, 0x3, 0xaf, 0xff,
    0xff, 0xff, 0xff, 0xff, 0xff, 0xff, 0xfd, 0x72,
    0xd, 0xff, 0xaf, 0xfc, 0xcc, 0xff, 0xdc, 0xce,
    0xfd, 0xdf, 0xe2, 0x3, 0x71, 0x3f, 0xf1, 0x0,
    0xff, 0x40, 0x6, 0xfa, 0x4, 0x30, 0x0, 0x0,
    0x3f, 0xf1, 0x0, 0xff, 0x43, 0xbd, 0xfa, 0x0,
    0x0, 0x0, 0x0, 0x3f, 0xf1, 0x0, 0xff, 0x40,
    0xef, 0xd4, 0x0, 0x0, 0x0, 0x0, 0x0, 0x0,
    0x0, 0xff, 0x40, 0x0, 0x0, 0x0, 0x0,

    /* U+5EA6 "度" */
    0x0, 0x0, 0x0, 0x0, 0x0, 0x4b, 0xd0, 0x0,
    0x0, 0x0, 0x0, 0x0, 0x0, 0x0, 0x0, 0x0,
    0x2f, 0xf5, 0x0, 0x0, 0x0, 0x0, 0x0, 0x4e,
    0xfe, 0xee, 0xee, 0xef, 0xff, 0xee, 0xee, 0xee,
    0xe1, 0x0, 0x5f, 0xff, 0xff, 0xff, 0xff, 0xff,
    0xff, 0xff, 0xff, 0xf1, 0x0, 0x5f, 0xf5, 0x55,
    0x55, 0x55, 0x55, 0x55, 0x55, 0x55, 0x50, 0x0,
    0x5f, 0xf0, 0x0, 0x3b, 0xa0, 0x0, 0xa, 0xb4,
    0x0, 0x0, 0x0, 0x5f, 0xf1, 0x22, 0x6f, 0xf2,
    0x22, 0x2f, 0xf7, 0x22, 0x10, 0x0, 0x5f, 0xf7,
    0xff, 0xff, 0xff, 0xff, 0xff, 0xff, 0xff, 0xb0,
    0x0, 0x5f, 0xf5, 0xcc, 0xdf, 0xfc, 0xcc, 0xcf,
    0xfd, 0xcc, 0x80, 0x0, 0x5f, 0xf0, 0x0, 0x5f,
    0xe0, 0x0, 0xe, 0xf6, 0x0, 0x0, 0x0, 0x6f,
    0xf0, 0x0, 0x5f, 0xfc, 0xcc, 0xcf, 0xf6, 0x0,
    0x0, 0x0, 0x6f, 0xe0, 0x0, 0x5f, 0xff, 0xff,
    0xff, 0xf6, 0x0, 0x0, 0x0, 0x7f, 0xd0, 0x0,
    0x0, 0x0, 0x0, 0x0, 0x0, 0x0, 0x0, 0x0,
    0x9f, 0xc6, 0xee, 0xee, 0xee, 0xee, 0xee, 0xef,
    0xc2, 0x0, 0x0, 0xbf, 0xa6, 0xff, 0xff, 0xff,
    0xff, 0xff, 0xff, 0xf1, 0x0, 0x0, 0xdf, 0x70,
    0x5, 0xff, 0x60, 0x0, 0xa, 0xff, 0x50, 0x0,
    0x1, 0xff, 0x50, 0x0, 0x8f, 0xfb, 0x35, 0xdf,
    0xf6, 0x0, 0x0, 0x5, 0xff, 0x10, 0x0, 0x6,
    0xff, 0xff, 0xfe, 0x30, 0x0, 0x0, 0xa, 0xfd,
    0x14, 0x68, 0xbe, 0xff, 0xff, 0xff, 0xda, 0x75,
    0x31, 0x1f, 0xf7, 0xe, 0xff, 0xff, 0xe9, 0x58,
    0xdf, 0xff, 0xff, 0xd0, 0x2, 0xa1, 0x7, 0xa8,
    0x51, 0x0, 0x0, 0x2, 0x59, 0xbd, 0x20,

    /* U+5F00 "开" */
    0x1, 0x55, 0x55, 0x55, 0x55, 0x55, 0x55, 0x55,
    0x55, 0x55, 0x10, 0x3f, 0xff, 0xff, 0xff, 0xff,
    0xff, 0xff, 0xff, 0xff, 0xf5, 0x3, 0xff, 0xff,
    0xff, 0xff, 0xff, 0xff, 0xff, 0xff, 0xff, 0x40,
    0x0, 0x0, 0xe, 0xf8, 0x0, 0x0, 0x2f, 0xf5,
    0x0, 0x0, 0x0, 0x0, 0x0, 0xef, 0x80, 0x0,
    0x2, 0xff, 0x50, 0x0, 0x0, 0x0, 0x0, 0xe,
    0xf8, 0x0, 0x0, 0x2f, 0xf5, 0x0, 0x0, 0x0,
    0x0, 0x0, 0xef, 0x80, 0x0, 0x2, 0xff, 0x50,
    0x0, 0x0, 0x0, 0x0, 0xe, 0xf8, 0x0, 0x0,
    0x2f, 0xf5, 0x0, 0x0, 0x4, 0x55, 0x55, 0xff,
    0xa5, 0x55, 0x56, 0xff, 0x85, 0x55, 0x40, 0xff,
    0xff, 0xff, 0xff, 0xff, 0xff, 0xff, 0xff, 0xff,
    0xff, 0xe, 0xff, 0xff, 0xff, 0xff, 0xff, 0xff,
    0xff, 0xff, 0xff, 0xf0, 0x0, 0x0, 0x3f, 0xf4,
    0x0, 0x0, 0x2f, 0xf5, 0x0, 0x0, 0x0, 0x0,
    0x7, 0xff, 0x10, 0x0, 0x2, 0xff, 0x50, 0x0,
    0x0, 0x0, 0x0, 0xcf, 0xd0, 0x0, 0x0, 0x2f,
    0xf5, 0x0, 0x0, 0x0, 0x0, 0x3f, 0xf8, 0x0,
    0x0, 0x2, 0xff, 0x50, 0x0, 0x0, 0x0, 0xd,
    0xff, 0x10, 0x0, 0x0, 0x2f, 0xf5, 0x0, 0x0,
    0x0, 0xb, 0xff, 0x80, 0x0, 0x0, 0x2, 0xff,
    0x50, 0x0, 0x0, 0x1b, 0xff, 0xc0, 0x0, 0x0,
    0x0, 0x2f, 0xf5, 0x0, 0x0, 0xa, 0xff, 0xd1,
    0x0, 0x0, 0x0, 0x2, 0xff, 0x50, 0x0, 0x0,
    0xa, 0xa0, 0x0, 0x0, 0x0, 0x0, 0x2f, 0xf5,
    0x0, 0x0, 0x0, 0x0, 0x0, 0x0, 0x0, 0x0,
    0x0, 0x0, 0x0, 0x0, 0x0,

    /* U+5F85 "待" */
    0x0, 0x0, 0x6, 0x10, 0x0, 0x0, 0x8, 0x83,
    0x0, 0x0, 0x0, 0x0, 0x0, 0x8f, 0xf3, 0x0,
    0x0, 0xf, 0xf6, 0x0, 0x0, 0x0, 0x0, 0x7,
    0xff, 0x90, 0x0, 0x0, 0xf, 0xf7, 0x0, 0x0,
    0x0, 0x0, 0x8f, 0xfb, 0x0, 0x8f, 0xff, 0xff,
    0xff, 0xff, 0xff, 0x40, 0x1b, 0xff, 0xb0, 0x0,
    0x8f, 0xff, 0xff, 0xff, 0xff, 0xff, 0x40, 0xc,
    0xf9, 0x5, 0x71, 0x12, 0x22, 0x2f, 0xf8, 0x22,
    0x22, 0x0, 0x3, 0x50, 0x1e, 0xf9, 0x0, 0x0,
    0xf, 0xf6, 0x0, 0x0, 0x0, 0x0, 0x0, 0xcf,
    0xda, 0xbb, 0xbb, 0xbf, 0xfd, 0xbb, 0xbb, 0xb3,
    0x0, 0xb, 0xff, 0x3d, 0xff, 0xff, 0xff, 0xff,
    0xff, 0xff, 0xf5, 0x1, 0xcf, 0xff, 0x5, 0x77,
    0x77, 0x77, 0x77, 0xff, 0xb7, 0x72, 0x2d, 0xff,
    0xff, 0x0, 0x0, 0x0, 0x0, 0x0, 0xef, 0x70,
    0x0, 0x2f, 0xfb, 0xff, 0x7, 0xdd, 0xdd, 0xdd,
    0xdd, 0xff, 0xed, 0xd1, 0xa, 0x73, 0xff, 0x9,
    0xff, 0xff, 0xff, 0xff, 0xff, 0xff, 0xf2, 0x0,
    0x3, 0xff, 0x2, 0x44, 0x84, 0x44, 0x44, 0xef,
    0xa4, 0x40, 0x0, 0x3, 0xff, 0x0, 0xb, 0xf6,
    0x0, 0x0, 0xef, 0x70, 0x0, 0x0, 0x3, 0xff,
    0x0, 0x9, 0xff, 0x20, 0x0, 0xef, 0x70, 0x0,
    0x0, 0x3, 0xff, 0x0, 0x0, 0xef, 0xb0, 0x0,
    0xef, 0x70, 0x0, 0x0, 0x3, 0xff, 0x0, 0x0,
    0x5f, 0xf2, 0x0, 0xef, 0x70, 0x0, 0x0, 0x3,
    0xff, 0x0, 0x0, 0x9, 0x22, 0x22, 0xef, 0x70,
    0x0, 0x0, 0x3, 0xff, 0x0, 0x0, 0x0, 0xc,
    0xff, 0xff, 0x50, 0x0, 0x0, 0x3, 0xff, 0x0,
    0x0, 0x0, 0x7, 0xff, 0xe9, 0x0, 0x0, 0x0,
    0x0, 0x0, 0x0, 0x0, 0x0, 0x0, 0x0, 0x0,
    0x0, 0x0,

    /* U+5FC3 "心" */
    0x0, 0x0, 0x0, 0x0, 0x44, 0x0, 0x0, 0x0,
    0x0, 0x0, 0x0, 0x0, 0x0, 0x0, 0x4, 0xff,
    0x90, 0x0, 0x0, 0x0, 0x0, 0x0, 0x0, 0x0,
    0x0, 0x1, 0xcf, 0xfd, 0x20, 0x0, 0x0, 0x0,
    0x0, 0x0, 0x0, 0x0, 0x0, 0x8, 0xff, 0xf5,
    0x0, 0x0, 0x0, 0x0, 0x0, 0x0, 0x0, 0x0,
    0x0, 0x5f, 0xff, 0x70, 0x0, 0x0, 0x0, 0x0,
    0x0, 0x0, 0x0, 0x0, 0x3, 0xef, 0x80, 0x0,
    0x0, 0x0, 0x0, 0x0, 0x0, 0x7d, 0xc0, 0x0,
    0x28, 0x0, 0x0, 0x0, 0x0, 0x0, 0x24, 0x10,
    0x8f, 0xf0, 0x0, 0x0, 0x0, 0x3b, 0xd0, 0x0,
    0x0, 0x7f, 0xd0, 0x8f, 0xf0, 0x0, 0x0, 0x0,
    0x4f, 0xf4, 0x0, 0x0, 0x9f, 0xc0, 0x8f, 0xf0,
    0x0, 0x0, 0x0, 0xe, 0xfb, 0x0, 0x0, 0xcf,
    0x90, 0x8f, 0xf0, 0x0, 0x0, 0x0, 0x8, 0xff,
    0x10, 0x0, 0xff, 0x70, 0x8f, 0xf0, 0x0, 0x0,
    0x0, 0x2, 0xff, 0x60, 0x2, 0xff, 0x40, 0x8f,
    0xf0, 0x0, 0x0, 0x0, 0x0, 0xdf, 0xc0, 0x6,
    0xff, 0x10, 0x8f, 0xf0, 0x0, 0x0, 0x2, 0x0,
    0x8f, 0xf1, 0xa, 0xfe, 0x0, 0x8f, 0xf0, 0x0,
    0x0, 0xc, 0xc3, 0x4f, 0xf5, 0xf, 0xfa, 0x0,
    0x8f, 0xf0, 0x0, 0x0, 0xd, 0xf6, 0xe, 0x81,
    0x5, 0xc6, 0x0, 0x8f, 0xf0, 0x0, 0x0, 0xf,
    0xf4, 0x0, 0x0, 0x0, 0x0, 0x0, 0x7f, 0xf4,
    0x33, 0x33, 0x8f, 0xf1, 0x0, 0x0, 0x0, 0x0,
    0x0, 0x3f, 0xff, 0xff, 0xff, 0xff, 0xb0, 0x0,
    0x0, 0x0, 0x0, 0x0, 0x7, 0xdf, 0xff, 0xff,
    0xfb, 0x10, 0x0, 0x0,

    /* U+6210 "成" */
    0x0, 0x0, 0x0, 0x0, 0x0, 0x4, 0x99, 0x3,
    0x81, 0x0, 0x0, 0x0, 0x0, 0x0, 0x0, 0x0,
    0x7, 0xff, 0x1e, 0xfe, 0x50, 0x0, 0x0, 0x0,
    0x0, 0x0, 0x0, 0x7, 0xff, 0x2, 0xcf, 0xf8,
    0x0, 0x0, 0x13, 0x43, 0x33, 0x33, 0x38, 0xff,
    0x33, 0x3b, 0xf5, 0x30, 0x0, 0x7f, 0xff, 0xff,
    0xff, 0xff, 0xff, 0xff, 0xff, 0xff, 0xf0, 0x0,
    0x7f, 0xff, 0xff, 0xff, 0xff, 0xff, 0xff, 0xff,
    0xff, 0xf0, 0x0, 0x7f, 0xf1, 0x11, 0x11, 0x14,
    0xff, 0x41, 0x11, 0x11, 0x10, 0x0, 0x7f, 0xf0,
    0x0, 0x0, 0x2, 0xff, 0x40, 0x3, 0x30, 0x0,
    0x0, 0x7f, 0xf3, 0x33, 0x43, 0x10, 0xff, 0x60,
    0xd, 0xfa, 0x0, 0x0, 0x7f, 0xff, 0xff, 0xff,
    0x70, 0xef, 0x80, 0x3f, 0xf5, 0x0, 0x0, 0x7f,
    0xff, 0xff, 0xff, 0x60, 0xcf, 0xb0, 0xaf, 0xe0,
    0x0, 0x0, 0x8f, 0xf0, 0x0, 0xef, 0x60, 0x9f,
    0xd2, 0xff, 0x80, 0x0, 0x0, 0x8f, 0xe0, 0x0,
    0xef, 0x60, 0x6f, 0xfb, 0xff, 0x10, 0x0, 0x0,
    0x9f, 0xd0, 0x0, 0xff, 0x50, 0x3f, 0xff, 0xf7,
    0x0, 0x0, 0x0, 0xbf, 0xb0, 0x0, 0xff, 0x40,
    0xe, 0xff, 0xd0, 0x1, 0x0, 0x0, 0xdf, 0x94,
    0x47, 0xff, 0x20, 0xe, 0xff, 0x30, 0xc, 0x80,
    0x0, 0xff, 0x79, 0xff, 0xff, 0x1, 0xcf, 0xff,
    0x50, 0xe, 0xf2, 0x5, 0xff, 0x34, 0xdd, 0xb4,
    0x2d, 0xff, 0xff, 0xd0, 0xf, 0xf0, 0xb, 0xfe,
    0x0, 0x0, 0x6, 0xff, 0xf9, 0x5f, 0xfc, 0xaf,
    0xd0, 0x2f, 0xf9, 0x0, 0x0, 0x1e, 0xff, 0x70,
    0xa, 0xff, 0xff, 0x80, 0x6, 0xf2, 0x0, 0x0,
    0x3, 0xd4, 0x0, 0x0, 0x8e, 0xfa, 0x0, 0x0,
    0x10, 0x0, 0x0, 0x0, 0x0, 0x0, 0x0, 0x0,
    0x0, 0x0,

    /* U+6545 "故" */
    0x0, 0x0, 0x4d, 0xd0, 0x0, 0x0, 0x5b, 0x80,
    0x0, 0x0, 0x0, 0x0, 0x0, 0x5f, 0xf0, 0x0,
    0x0, 0x8f, 0xc0, 0x0, 0x0, 0x0, 0x0, 0x0,
    0x5f, 0xf0, 0x0, 0x0, 0xcf, 0x90, 0x0, 0x0,
    0x0, 0x0, 0x0, 0x5f, 0xf0, 0x0, 0x0, 0xff,
    0x50, 0x0, 0x0, 0x0, 0x2b, 0xbb, 0xdf, 0xfb,
    0xbb, 0x85, 0xff, 0xee, 0xee, 0xee, 0xe1, 0x4f,
    0xff, 0xff, 0xff, 0xff, 0xba, 0xff, 0xff, 0xff,
    0xff, 0xf1, 0x17, 0x77, 0xaf, 0xf7, 0x77, 0x7f,
    0xfb, 0x55, 0x5d, 0xfb, 0x50, 0x0, 0x0, 0x5f,
    0xf0, 0x0, 0x9f, 0xfc, 0x0, 0xe, 0xf6, 0x0,
    0x0, 0x0, 0x5f, 0xf0, 0x2, 0xff, 0xff, 0x0,
    0x2f, 0xf3, 0x0, 0x0, 0x0, 0x5f, 0xf0, 0xb,
    0xff, 0xff, 0x40, 0x6f, 0xf0, 0x0, 0x5, 0xff,
    0xff, 0xff, 0xff, 0xc6, 0xaf, 0x90, 0xaf, 0xb0,
    0x0, 0x5, 0xff, 0xff, 0xff, 0xff, 0x0, 0x5f,
    0xf1, 0xff, 0x50, 0x0, 0x5, 0xfe, 0x44, 0x47,
    0xff, 0x0, 0xf, 0xfc, 0xff, 0x0, 0x0, 0x5,
    0xfd, 0x0, 0x4, 0xff, 0x0, 0x9, 0xff, 0xf9,
    0x0, 0x0, 0x5, 0xfd, 0x0, 0x4, 0xff, 0x0,
    0x2, 0xff, 0xf1, 0x0, 0x0, 0x5, 0xfd, 0x0,
    0x4, 0xff, 0x0, 0x7, 0xff, 0xf4, 0x0, 0x0,
    0x5, 0xff, 0xdd, 0xde, 0xff, 0x0, 0x7f, 0xff,
    0xff, 0x30, 0x0, 0x5, 0xff, 0xff, 0xff, 0xff,
    0x2c, 0xff, 0xc5, 0xff, 0xf5, 0x0, 0x5, 0xfe,
    0x55, 0x55, 0x5e, 0xff, 0xfb, 0x0, 0x5f, 0xff,
    0xb0, 0x3, 0xb9, 0x0, 0x0, 0x6, 0xff, 0x60,
    0x0, 0x4, 0xef, 0x80, 0x0, 0x0, 0x0, 0x0,
    0x0, 0x71, 0x0, 0x0, 0x0, 0x17, 0x0,

    /* U+6572 "敲" */
    0x0, 0x0, 0x3, 0x74, 0x0, 0x0, 0x0, 0x39,
    0x90, 0x0, 0x0, 0x0, 0x0, 0xa, 0xfd, 0x0,
    0x0, 0x0, 0x5f, 0xf0, 0x0, 0x0, 0x5, 0x55,
    0x59, 0xff, 0x75, 0x55, 0x20, 0x5f, 0xf0, 0x0,
    0x0, 0x1f, 0xff, 0xff, 0xff, 0xff, 0xff, 0x70,
    0x5f, 0xfc, 0xcc, 0xc0, 0x9, 0x99, 0x99, 0x99,
    0x99, 0x99, 0x30, 0x5f, 0xff, 0xff, 0xf1, 0x0,
    0x69, 0x99, 0x99, 0x99, 0x70, 0x0, 0x5f, 0xf5,
    0x55, 0x50, 0x0, 0xaf, 0xff, 0xff, 0xff, 0xc0,
    0x0, 0x5f, 0xf0, 0x0, 0x0, 0x0, 0xaf, 0x60,
    0x0, 0x6f, 0xc0, 0x33, 0x7f, 0xf3, 0x33, 0x0,
    0x0, 0xaf, 0x96, 0x66, 0xaf, 0xc4, 0xff, 0xff,
    0xff, 0xff, 0xc0, 0x0, 0xaf, 0xff, 0xff, 0xff,
    0xc3, 0xff, 0xff, 0xff, 0xff, 0xa0, 0x0, 0x12,
    0x22, 0x22, 0x22, 0x20, 0x3f, 0xd0, 0x0, 0xaf,
    0x60, 0x8, 0xee, 0xee, 0xee, 0xee, 0xfa, 0xe,
    0xf2, 0x0, 0xff, 0x20, 0x9, 0xfe, 0xdd, 0xdd,
    0xdd, 0xfc, 0x8, 0xf9, 0x5, 0xfd, 0x0, 0x9,
    0xf5, 0x34, 0x44, 0x33, 0xfc, 0x2, 0xff, 0x2d,
    0xf7, 0x0, 0x9, 0xf5, 0xcf, 0xff, 0xd3, 0xfc,
    0x0, 0xaf, 0xef, 0xf0, 0x0, 0x9, 0xf5, 0xca,
    0xa, 0xd3, 0xfc, 0x0, 0x2f, 0xff, 0x70, 0x0,
    0x9, 0xf5, 0xcb, 0x2b, 0xd3, 0xfc, 0x0, 0x2e,
    0xff, 0x40, 0x0, 0x9, 0xf5, 0xcf, 0xff, 0xd3,
    0xfc, 0x3, 0xef, 0xff, 0xf4, 0x0, 0x9, 0xf5,
    0xca, 0x11, 0x13, 0xfc, 0x8f, 0xff, 0x5e, 0xff,
    0x80, 0x9, 0xf5, 0x11, 0x5, 0xac, 0xfd, 0xff,
    0xe3, 0x2, 0xdf, 0xf2, 0x9, 0xf5, 0x0, 0x3,
    0xff, 0xc4, 0x6a, 0x10, 0x0, 0x1a, 0x70, 0x0,
    0x0, 0x0, 0x0, 0x0, 0x0, 0x0, 0x0, 0x0,
    0x0, 0x0,

    /* U+6587 "文" */
    0x0, 0x0, 0x0, 0x0, 0x4, 0x9b, 0x0, 0x0,
    0x0, 0x0, 0x0, 0x0, 0x0, 0x0, 0x0, 0x8,
    0xff, 0x60, 0x0, 0x0, 0x0, 0x0, 0x0, 0x0,
    0x0, 0x0, 0x1, 0xff, 0xd0, 0x0, 0x0, 0x0,
    0x0, 0x0, 0x0, 0x0, 0x0, 0x0, 0xaf, 0xa1,
    0x0, 0x0, 0x0, 0x0, 0xf, 0xff, 0xff, 0xff,
    0xff, 0xff, 0xff, 0xff, 0xff, 0xff, 0xf1, 0xf,
    0xff, 0xff, 0xff, 0xff, 0xff, 0xff, 0xff, 0xff,
    0xff, 0xf1, 0x5, 0x55, 0x9f, 0xf6, 0x55, 0x55,
    0x55, 0x6f, 0xfb, 0x55, 0x50, 0x0, 0x0, 0x1f,
    0xf7, 0x0, 0x0, 0x0, 0x7f, 0xf3, 0x0, 0x0,
    0x0, 0x0, 0x9, 0xfe, 0x0, 0x0, 0x0, 0xef,
    0xc0, 0x0, 0x0, 0x0, 0x0, 0x2, 0xff, 0x80,
    0x0, 0x6, 0xff, 0x50, 0x0, 0x0, 0x0, 0x0,
    0x0, 0x8f, 0xf3, 0x0, 0x1f, 0xfc, 0x0, 0x0,
    0x0, 0x0, 0x0, 0x0, 0xe, 0xfe, 0x10, 0xbf,
    0xf3, 0x0, 0x0, 0x0, 0x0, 0x0, 0x0, 0x4,
    0xff, 0xc9, 0xff, 0x80, 0x0, 0x0, 0x0, 0x0,
    0x0, 0x0, 0x0, 0x7f, 0xff, 0xfb, 0x0, 0x0,
    0x0, 0x0, 0x0, 0x0, 0x0, 0x0, 0xe, 0xff,
    0xf3, 0x0, 0x0, 0x0, 0x0, 0x0, 0x0, 0x0,
    0x3, 0xdf, 0xff, 0xff, 0x70, 0x0, 0x0, 0x0,
    0x0, 0x0, 0x2, 0xaf, 0xff, 0xa8, 0xff, 0xfd,
    0x50, 0x0, 0x0, 0x0, 0x5, 0xbf, 0xff, 0xe5,
    0x0, 0x4e, 0xff, 0xfd, 0x71, 0x0, 0x1a, 0xff,
    0xff, 0xf9, 0x10, 0x0, 0x0, 0x8f, 0xff, 0xff,
    0xd2, 0xa, 0xff, 0xe8, 0x10, 0x0, 0x0, 0x0,
    0x1, 0x8e, 0xff, 0xa0, 0x1, 0xa5, 0x0, 0x0,
    0x0, 0x0, 0x0, 0x0, 0x0, 0x48, 0x0,

    /* U+65E5 "日" */
    0x14, 0x44, 0x44, 0x44, 0x44, 0x44, 0x44, 0x42,
    0x7f, 0xff, 0xff, 0xff, 0xff, 0xff, 0xff, 0xf9,
    0x7f, 0xff, 0xff, 0xff, 0xff, 0xff, 0xff, 0xf9,
    0x7f, 0xf2, 0x22, 0x22, 0x22, 0x22, 0x2e, 0xf9,
    0x7f, 0xf0, 0x0, 0x0, 0x0, 0x0, 0xe, 0xf9,
    0x7f, 0xf0, 0x0, 0x0, 0x0, 0x0, 0xe, 0xf9,
    0x7f, 0xf0, 0x0, 0x0, 0x0, 0x0, 0xe, 0xf9,
    0x7f, 0xf0, 0x0, 0x0, 0x0, 0x0, 0xe, 0xf9,
    0x7f, 0xff, 0xff, 0xff, 0xff, 0xff, 0xff, 0xf9,
    0x7f, 0xff, 0xff, 0xff, 0xff, 0xff, 0xff, 0xf9,
    0x7f, 0xf6, 0x66, 0x66, 0x66, 0x66, 0x6f, 0xf9,
    0x7f, 0xf0, 0x0, 0x0, 0x0, 0x0, 0xe, 0xf9,
    0x7f, 0xf0, 0x0, 0x0, 0x0, 0x0, 0xe, 0xf9,
    0x7f, 0xf0, 0x0, 0x0, 0x0, 0x0, 0xe, 0xf9,
    0x7f, 0xf0, 0x0, 0x0, 0x0, 0x0, 0xe, 0xf9,
    0x7f, 0xf2, 0x22, 0x22, 0x22, 0x22, 0x2f, 0xf9,
    0x7f, 0xff, 0xff, 0xff, 0xff, 0xff, 0xff, 0xf9,
    0x7f, 0xff, 0xff, 0xff, 0xff, 0xff, 0xff, 0xf9,
    0x7f, 0xf3, 0x33, 0x33, 0x33, 0x33, 0x3f, 0xf9,
    0x7f, 0xf0, 0x0, 0x0, 0x0, 0x0, 0xe, 0xf9,
    0x0, 0x0, 0x0, 0x0, 0x0, 0x0, 0x0, 0x0,

    /* U+65F6 "时" */
    0x0, 0x0, 0x0, 0x0, 0x0, 0x0, 0x0, 0x2,
    0x66, 0x0, 0x0, 0x0, 0x0, 0x0, 0x0, 0x0,
    0x0, 0x0, 0x4f, 0xf1, 0x0, 0x3c, 0xdc, 0xcc,
    0xcc, 0x20, 0x0, 0x0, 0x4, 0xff, 0x10, 0x4,
    0xff, 0xff, 0xff, 0xf3, 0x0, 0x0, 0x0, 0x4f,
    0xf1, 0x0, 0x4f, 0xf5, 0x55, 0xff, 0x36, 0x66,
    0x66, 0x69, 0xff, 0x76, 0x24, 0xfe, 0x0, 0xf,
    0xf3, 0xff, 0xff, 0xff, 0xff, 0xff, 0xf7, 0x4f,
    0xe0, 0x0, 0xff, 0x3f, 0xff, 0xff, 0xff, 0xff,
    0xff, 0x64, 0xfe, 0x0, 0xf, 0xf3, 0x0, 0x0,
    0x0, 0x4f, 0xf1, 0x0, 0x4f, 0xfd, 0xdd, 0xff,
    0x30, 0x57, 0x0, 0x4, 0xff, 0x10, 0x4, 0xff,
    0xff, 0xff, 0xf3, 0x6f, 0xf3, 0x0, 0x4f, 0xf1,
    0x0, 0x4f, 0xf3, 0x33, 0xff, 0x30, 0xdf, 0xd0,
    0x4, 0xff, 0x10, 0x4, 0xfe, 0x0, 0xf, 0xf3,
    0x4, 0xff, 0x80, 0x4f, 0xf1, 0x0, 0x4f, 0xe0,
    0x0, 0xff, 0x30, 0xa, 0xff, 0x24, 0xff, 0x10,
    0x4, 0xfe, 0x0, 0xf, 0xf3, 0x0, 0x1f, 0xf5,
    0x4f, 0xf1, 0x0, 0x4f, 0xf2, 0x22, 0xff, 0x30,
    0x0, 0x61, 0x4, 0xff, 0x10, 0x4, 0xff, 0xff,
    0xff, 0xf3, 0x0, 0x0, 0x0, 0x4f, 0xf1, 0x0,
    0x4f, 0xff, 0xff, 0xff, 0x30, 0x0, 0x0, 0x4,
    0xff, 0x10, 0x4, 0xfe, 0x0, 0x0, 0x0, 0x0,
    0x0, 0x0, 0x4f, 0xf1, 0x0, 0x3b, 0xa0, 0x0,
    0x0, 0x0, 0x3, 0x44, 0x48, 0xff, 0x10, 0x0,
    0x0, 0x0, 0x0, 0x0, 0x0, 0x4f, 0xff, 0xff,
    0xe0, 0x0, 0x0, 0x0, 0x0, 0x0, 0x0, 0x0,
    0xef, 0xfe, 0xb3, 0x0, 0x0, 0x0, 0x0, 0x0,
    0x0, 0x0, 0x0, 0x0, 0x0, 0x0, 0x0,

    /* U+6682 "暂" */
    0x0, 0x2, 0x51, 0x0, 0x0, 0x0, 0x0, 0x0,
    0x0, 0x10, 0x1, 0x22, 0xbf, 0xe2, 0x22, 0x20,
    0x13, 0x46, 0x9c, 0xfe, 0x10, 0xef, 0xff, 0xff,
    0xff, 0xff, 0x7a, 0xff, 0xff, 0xff, 0xc4, 0x9,
    0xaf, 0xfc, 0xaa, 0xaa, 0xa4, 0xaf, 0xb6, 0x42,
    0x0, 0x0, 0xa, 0xfb, 0xc, 0xe5, 0x0, 0xa,
    0xf7, 0x0, 0x0, 0x0, 0x9, 0xff, 0xaa, 0xff,
    0xca, 0xa4, 0xaf, 0xed, 0xdd, 0xdd, 0xd0, 0x7f,
    0xff, 0xff, 0xff, 0xff, 0x7b, 0xff, 0xff, 0xff,
    0xff, 0x2, 0x43, 0x33, 0xdf, 0x73, 0x31, 0xdf,
    0x50, 0x7f, 0xb0, 0x0, 0x12, 0x34, 0x6e, 0xfc,
    0xbc, 0x4f, 0xf2, 0x7, 0xfb, 0x0, 0xe, 0xff,
    0xff, 0xff, 0xff, 0xe9, 0xfe, 0x0, 0x7f, 0xb0,
    0x0, 0xab, 0x98, 0x6e, 0xf6, 0x0, 0xdf, 0x80,
    0x7, 0xfb, 0x0, 0x0, 0x0, 0x0, 0xcf, 0x50,
    0x5, 0xc1, 0x0, 0x7f, 0xb0, 0x0, 0x0, 0x4c,
    0xcc, 0xcc, 0xcc, 0xcc, 0xcc, 0xcc, 0xc5, 0x0,
    0x0, 0x6, 0xff, 0xff, 0xff, 0xff, 0xff, 0xff,
    0xff, 0x70, 0x0, 0x0, 0x6f, 0xe0, 0x0, 0x0,
    0x0, 0x0, 0xe, 0xf7, 0x0, 0x0, 0x6, 0xff,
    0x88, 0x88, 0x88, 0x88, 0x88, 0xff, 0x70, 0x0,
    0x0, 0x6f, 0xff, 0xff, 0xff, 0xff, 0xff, 0xff,
    0xf7, 0x0, 0x0, 0x6, 0xfe, 0x0, 0x0, 0x0,
    0x0, 0x0, 0xef, 0x70, 0x0, 0x0, 0x6f, 0xfb,
    0xbb, 0xbb, 0xbb, 0xbb, 0xbf, 0xf7, 0x0, 0x0,
    0x6, 0xff, 0xff, 0xff, 0xff, 0xff, 0xff, 0xff,
    0x70, 0x0, 0x0, 0x6f, 0xe0, 0x0, 0x0, 0x0,
    0x0, 0xe, 0xf7, 0x0, 0x0, 0x0, 0x0, 0x0,
    0x0, 0x0, 0x0, 0x0, 0x0, 0x0, 0x0,

    /* U+6728 "木" */
    0x0, 0x0, 0x0, 0x0, 0x4, 0x99, 0x0, 0x0,
    0x0, 0x0, 0x0, 0x0, 0x0, 0x0, 0x0, 0x7,
    0xff, 0x10, 0x0, 0x0, 0x0, 0x0, 0x0, 0x0,
    0x0, 0x0, 0x7, 0xff, 0x10, 0x0, 0x0, 0x0,
    0x0, 0x0, 0x0, 0x0, 0x0, 0x7, 0xff, 0x10,
    0x0, 0x0, 0x0, 0x0, 0x0, 0x0, 0x0, 0x0,
    0x7, 0xff, 0x10, 0x0, 0x0, 0x0, 0x0, 0x5,
    0x66, 0x66, 0x66, 0x6a, 0xff, 0x76, 0x66, 0x66,
    0x66, 0x30, 0xd, 0xff, 0xff, 0xff, 0xff, 0xff,
    0xff, 0xff, 0xff, 0xff, 0x70, 0xc, 0xff, 0xff,
    0xff, 0xff, 0xff, 0xff, 0xff, 0xff, 0xff, 0x70,
    0x0, 0x0, 0x0, 0x0, 0xcf, 0xff, 0xf5, 0x0,
    0x0, 0x0, 0x0, 0x0, 0x0, 0x0, 0x5, 0xff,
    0xff, 0xfe, 0x10, 0x0, 0x0, 0x0, 0x0, 0x0,
    0x0, 0x1e, 0xff, 0xff, 0xff, 0xa0, 0x0, 0x0,
    0x0, 0x0, 0x0, 0x0, 0xbf, 0xe8, 0xff, 0x6f,
    0xf6, 0x0, 0x0, 0x0, 0x0, 0x0, 0x9, 0xff,
    0x57, 0xff, 0x1a, 0xff, 0x40, 0x0, 0x0, 0x0,
    0x0, 0x7f, 0xfa, 0x7, 0xff, 0x10, 0xdf, 0xf4,
    0x0, 0x0, 0x0, 0x8, 0xff, 0xc0, 0x7, 0xff,
    0x10, 0x2e, 0xff, 0x50, 0x0, 0x0, 0xaf, 0xfd,
    0x10, 0x7, 0xff, 0x10, 0x3, 0xff, 0xf8, 0x0,
    0x4e, 0xff, 0xd1, 0x0, 0x7, 0xff, 0x10, 0x0,
    0x4f, 0xff, 0xd1, 0x2e, 0xfc, 0x10, 0x0, 0x7,
    0xff, 0x10, 0x0, 0x3, 0xef, 0x90, 0x4, 0x70,
    0x0, 0x0, 0x7, 0xff, 0x10, 0x0, 0x0, 0x18,
    0x0, 0x0, 0x0, 0x0, 0x0, 0x7, 0xff, 0x10,
    0x0, 0x0, 0x0, 0x0, 0x0, 0x0, 0x0, 0x0,
    0x7, 0xff, 0x10, 0x0, 0x0, 0x0, 0x0,

    /* U+672A "未" */
    0x0, 0x0, 0x0, 0x0, 0x4, 0x99, 0x0, 0x0,
    0x0, 0x0, 0x0, 0x0, 0x0, 0x0, 0x0, 0x7,
    0xff, 0x10, 0x0, 0x0, 0x0, 0x0, 0x0, 0x0,
    0x0, 0x0, 0x7, 0xff, 0x10, 0x0, 0x0, 0x0,
    0x0, 0x0, 0x14, 0x44, 0x44, 0x49, 0xff, 0x44,
    0x44, 0x44, 0x40, 0x0, 0x0, 0x4f, 0xff, 0xff,
    0xff, 0xff, 0xff, 0xff, 0xff, 0xf1, 0x0, 0x0,
    0x4f, 0xff, 0xff, 0xff, 0xff, 0xff, 0xff, 0xff,
    0xf1, 0x0, 0x0, 0x1, 0x11, 0x11, 0x18, 0xff,
    0x31, 0x11, 0x11, 0x10, 0x0, 0x0, 0x0, 0x0,
    0x0, 0x7, 0xff, 0x10, 0x0, 0x0, 0x0, 0x0,
    0x0, 0x0, 0x0, 0x0, 0x7, 0xff, 0x10, 0x0,
    0x0, 0x0, 0x0, 0xe, 0xff, 0xff, 0xff, 0xff,
    0xff, 0xff, 0xff, 0xff, 0xff, 0xa0, 0xe, 0xff,
    0xff, 0xff, 0xff, 0xff, 0xff, 0xff, 0xff, 0xff,
    0xb0, 0x6, 0x66, 0x66, 0x66, 0xef, 0xff, 0xfa,
    0x66, 0x66, 0x66, 0x40, 0x0, 0x0, 0x0, 0x7,
    0xff, 0xff, 0xff, 0x20, 0x0, 0x0, 0x0, 0x0,
    0x0, 0x0, 0x6f, 0xfe, 0xff, 0xef, 0xe2, 0x0,
    0x0, 0x0, 0x0, 0x0, 0x7, 0xff, 0xc7, 0xff,
    0x3e, 0xfe, 0x30, 0x0, 0x0, 0x0, 0x0, 0xaf,
    0xfc, 0x17, 0xff, 0x13, 0xff, 0xf6, 0x0, 0x0,
    0x0, 0x4e, 0xff, 0xc1, 0x7, 0xff, 0x10, 0x3e,
    0xff, 0xa1, 0x0, 0x2b, 0xff, 0xfa, 0x0, 0x7,
    0xff, 0x10, 0x2, 0xdf, 0xff, 0x80, 0x1e, 0xff,
    0x60, 0x0, 0x7, 0xff, 0x10, 0x0, 0x1a, 0xff,
    0xa0, 0x3, 0xb2, 0x0, 0x0, 0x7, 0xff, 0x10,
    0x0, 0x0, 0x5b, 0x0, 0x0, 0x0, 0x0, 0x0,
    0x7, 0xff, 0x10, 0x0, 0x0, 0x0, 0x0,

    /* U+672C "本" */
    0x0, 0x0, 0x0, 0x0, 0x4, 0x99, 0x0, 0x0,
    0x0, 0x0, 0x0, 0x0, 0x0, 0x0, 0x0, 0x7,
    0xff, 0x10, 0x0, 0x0, 0x0, 0x0, 0x0, 0x0,
    0x0, 0x0, 0x7, 0xff, 0x10, 0x0, 0x0, 0x0,
    0x0, 0x0, 0x0, 0x0, 0x0, 0x7, 0xff, 0x10,
    0x0, 0x0, 0x0, 0x0, 0x3, 0x44, 0x44, 0x44,
    0x49, 0xff, 0x44, 0x44, 0x44, 0x44, 0x20, 0xd,
    0xff, 0xff, 0xff, 0xff, 0xff, 0xff, 0xff, 0xff,
    0xff, 0x90, 0xd, 0xff, 0xff, 0xff, 0xff, 0xff,
    0xff, 0xff, 0xff, 0xff, 0x90, 0x1, 0x22, 0x22,
    0x5f, 0xfb, 0xff, 0xbf, 0xd2, 0x22, 0x22, 0x10,
    0x0, 0x0, 0x0, 0xbf, 0xc7, 0xff, 0x4f, 0xf4,
    0x0, 0x0, 0x0, 0x0, 0x0, 0x3, 0xff, 0x57,
    0xff, 0x1c, 0xfd, 0x0, 0x0, 0x0, 0x0, 0x0,
    0xc, 0xfd, 0x7, 0xff, 0x14, 0xff, 0x60, 0x0,
    0x0, 0x0, 0x0, 0x7f, 0xf4, 0x7, 0xff, 0x10,
    0xbf, 0xf2, 0x0, 0x0, 0x0, 0x3, 0xff, 0xb0,
    0x7, 0xff, 0x10, 0x2f, 0xfd, 0x10, 0x0, 0x0,
    0x2e, 0xfe, 0x10, 0x7, 0xff, 0x10, 0x7, 0xff,
    0xc1, 0x0, 0x2, 0xef, 0xf9, 0x55, 0x5a, 0xff,
    0x55, 0x55, 0xef, 0xfd, 0x20, 0x3f, 0xff, 0x9f,
    0xff, 0xff, 0xff, 0xff, 0xff, 0xdc, 0xff, 0xd0,
    0xb, 0xf7, 0x3f, 0xff, 0xff, 0xff, 0xff, 0xff,
    0xd1, 0xcf, 0x20, 0x0, 0x40, 0x1, 0x11, 0x18,
    0xff, 0x21, 0x11, 0x10, 0x3, 0x0, 0x0, 0x0,
    0x0, 0x0, 0x7, 0xff, 0x10, 0x0, 0x0, 0x0,
    0x0, 0x0, 0x0, 0x0, 0x0, 0x7, 0xff, 0x10,
    0x0, 0x0, 0x0, 0x0, 0x0, 0x0, 0x0, 0x0,
    0x7, 0xff, 0x10, 0x0, 0x0, 0x0, 0x0,

    /* U+6821 "校" */
    0x0, 0x1, 0xaa, 0x0, 0x0, 0x0, 0x16, 0xa0,
    0x0, 0x0, 0x0, 0x0, 0x2, 0xff, 0x0, 0x0,
    0x0, 0x2f, 0xf8, 0x0, 0x0, 0x0, 0x0, 0x2,
    0xff, 0x0, 0x0, 0x0, 0x7, 0xff, 0x10, 0x0,
    0x0, 0x0, 0x2, 0xff, 0x0, 0x18, 0x88, 0x89,
    0xfb, 0x88, 0x88, 0x80, 0x2, 0x35, 0xff, 0x43,
    0x3f, 0xff, 0xff, 0xff, 0xff, 0xff, 0xf0, 0xd,
    0xff, 0xff, 0xff, 0x6a, 0xab, 0xaa, 0xaa, 0xad,
    0xaa, 0xa0, 0xc, 0xff, 0xff, 0xff, 0x40, 0xd,
    0xb3, 0x1, 0xbf, 0x30, 0x0, 0x0, 0xa, 0xff,
    0x10, 0x0, 0x8f, 0xf3, 0x0, 0xbf, 0xf3, 0x0,
    0x0, 0xe, 0xff, 0x80, 0x5, 0xff, 0x70, 0x0,
    0xc, 0xfe, 0x10, 0x0, 0x3f, 0xff, 0xf3, 0x4f,
    0xfa, 0x0, 0x0, 0x11, 0xef, 0xc0, 0x0, 0x8f,
    0xff, 0xfc, 0xbf, 0xff, 0xa0, 0x0, 0xce, 0xaf,
    0x90, 0x0, 0xdf, 0xff, 0xaf, 0x67, 0x4f, 0xf2,
    0x2, 0xff, 0x54, 0x0, 0x4, 0xfa, 0xff, 0x3f,
    0x70, 0xc, 0xfa, 0x9, 0xfe, 0x0, 0x0, 0xc,
    0xf5, 0xff, 0x7, 0x0, 0x4, 0xff, 0x7f, 0xf7,
    0x0, 0x0, 0x4f, 0xd2, 0xff, 0x0, 0x0, 0x0,
    0xbf, 0xff, 0xe0, 0x0, 0x0, 0x2f, 0x72, 0xff,
    0x0, 0x0, 0x0, 0x2f, 0xff, 0x60, 0x0, 0x0,
    0x9, 0x2, 0xff, 0x0, 0x0, 0x0, 0xbf, 0xff,
    0xe3, 0x0, 0x0, 0x0, 0x2, 0xff, 0x0, 0x0,
    0x3d, 0xff, 0xcf, 0xff, 0x91, 0x0, 0x0, 0x2,
    0xff, 0x0, 0x2a, 0xff, 0xf7, 0x5, 0xff, 0xff,
    0x92, 0x0, 0x2, 0xff, 0x0, 0xdf, 0xfd, 0x40,
    0x0, 0x2c, 0xff, 0xd0, 0x0, 0x2, 0xff, 0x0,
    0x2d, 0x70, 0x0, 0x0, 0x0, 0x4b, 0x20, 0x0,
    0x0, 0x0, 0x0, 0x0, 0x0, 0x0, 0x0, 0x0,
    0x0, 0x0,

    /* U+6B21 "次" */
    0x0, 0x0, 0x0, 0x0, 0x3, 0x74, 0x0, 0x0,
    0x0, 0x0, 0x0, 0x0, 0x0, 0x0, 0x0, 0x8,
    0xff, 0x10, 0x0, 0x0, 0x0, 0x0, 0x2, 0xe8,
    0x0, 0x0, 0xc, 0xfd, 0x0, 0x0, 0x0, 0x0,
    0x0, 0xb, 0xff, 0xd4, 0x0, 0x1f, 0xfa, 0x11,
    0x11, 0x11, 0x31, 0x0, 0x0, 0x8f, 0xff, 0x70,
    0x6f, 0xff, 0xff, 0xff, 0xff, 0xfe, 0x60, 0x0,
    0x3, 0xef, 0x50, 0xcf, 0xff, 0xff, 0xff, 0xff,
    0xff, 0x90, 0x0, 0x0, 0x16, 0x3, 0xff, 0xa3,
    0x33, 0x33, 0x37, 0xff, 0x40, 0x0, 0x0, 0x0,
    0xa, 0xff, 0x20, 0xcf, 0xb0, 0x8, 0xfe, 0x0,
    0x0, 0x0, 0x0, 0x4f, 0xfa, 0x0, 0xcf, 0xb0,
    0xe, 0xf9, 0x0, 0x0, 0x0, 0x0, 0xbf, 0xf2,
    0x0, 0xdf, 0xb0, 0x4f, 0xf2, 0x0, 0x0, 0x0,
    0x4, 0x5, 0x70, 0x0, 0xff, 0xd0, 0x18, 0xb0,
    0x0, 0x0, 0x0, 0x7f, 0x70, 0x0, 0x1, 0xff,
    0xf1, 0x0, 0x0, 0x0, 0x0, 0x2, 0xff, 0xb0,
    0x0, 0x6, 0xff, 0xf7, 0x0, 0x0, 0x0, 0x0,
    0xb, 0xff, 0x20, 0x0, 0xc, 0xff, 0xfe, 0x0,
    0x0, 0x0, 0x0, 0x5f, 0xf9, 0x0, 0x0, 0x4f,
    0xfb, 0xff, 0x70, 0x0, 0x0, 0x1, 0xef, 0xe1,
    0x0, 0x1, 0xef, 0xf2, 0x9f, 0xf2, 0x0, 0x0,
    0xb, 0xff, 0x60, 0x0, 0xc, 0xff, 0x80, 0x1f,
    0xfd, 0x10, 0x0, 0x1c, 0xfc, 0x0, 0x2, 0xcf,
    0xfc, 0x0, 0x5, 0xff, 0xe4, 0x0, 0x0, 0x92,
    0x0, 0x7f, 0xff, 0xc0, 0x0, 0x0, 0x7f, 0xff,
    0xb1, 0x0, 0x0, 0x4, 0xff, 0xfa, 0x0, 0x0,
    0x0, 0x6, 0xff, 0x90, 0x0, 0x0, 0x0, 0x5d,
    0x40, 0x0, 0x0, 0x0, 0x0, 0x29, 0x0, 0x0,
    0x0, 0x0, 0x0, 0x0, 0x0, 0x0, 0x0, 0x0,
    0x0, 0x0,

    /* U+6B65 "步" */
    0x0, 0x0, 0x0, 0x0, 0x0, 0xbd, 0x50, 0x0,
    0x0, 0x0, 0x0, 0x0, 0x1, 0x10, 0x0, 0xd,
    0xf6, 0x0, 0x0, 0x0, 0x0, 0x0, 0x0, 0xef,
    0x70, 0x0, 0xdf, 0xfe, 0xee, 0xee, 0xe1, 0x0,
    0x0, 0xe, 0xf7, 0x0, 0xd, 0xff, 0xff, 0xff,
    0xff, 0x10, 0x0, 0x0, 0xef, 0x70, 0x0, 0xdf,
    0x84, 0x44, 0x44, 0x40, 0x0, 0x0, 0xe, 0xf7,
    0x0, 0xd, 0xf6, 0x0, 0x0, 0x0, 0x0, 0x5,
    0x55, 0xff, 0xa5, 0x55, 0xef, 0x95, 0x55, 0x55,
    0x55, 0x40, 0xff, 0xff, 0xff, 0xff, 0xff, 0xff,
    0xff, 0xff, 0xff, 0xfc, 0xf, 0xff, 0xff, 0xff,
    0xff, 0xff, 0xff, 0xff, 0xff, 0xff, 0xc0, 0x0,
    0x0, 0x11, 0x0, 0x7f, 0xf1, 0x0, 0x0, 0x0,
    0x0, 0x0, 0x0, 0xb, 0xf9, 0x7, 0xff, 0x10,
    0x0, 0x2e, 0x81, 0x0, 0x0, 0x8, 0xff, 0x50,
    0x7f, 0xf1, 0x0, 0xc, 0xff, 0x30, 0x0, 0x8,
    0xff, 0x90, 0x7, 0xff, 0x10, 0x9, 0xff, 0x80,
    0x0, 0x1b, 0xff, 0xa0, 0x0, 0x7f, 0xf1, 0x8,
    0xff, 0xc0, 0x0, 0x2, 0xef, 0xa0, 0x0, 0x7,
    0xff, 0x2b, 0xff, 0xd1, 0x0, 0x0, 0x2, 0x80,
    0x0, 0x0, 0x49, 0xff, 0xff, 0xc1, 0x0, 0x0,
    0x0, 0x0, 0x0, 0x0, 0x27, 0xef, 0xff, 0x90,
    0x0, 0x0, 0x0, 0x0, 0x1, 0x48, 0xdf, 0xff,
    0xfc, 0x30, 0x0, 0x0, 0x0, 0x8, 0xbd, 0xff,
    0xff, 0xff, 0xa4, 0x0, 0x0, 0x0, 0x0, 0x0,
    0x8f, 0xff, 0xfe, 0xa6, 0x10, 0x0, 0x0, 0x0,
    0x0, 0x0, 0x1, 0xb8, 0x52, 0x0, 0x0, 0x0,
    0x0, 0x0, 0x0, 0x0, 0x0,

    /* U+7184 "熄" */
    0x0, 0x0, 0x55, 0x0, 0x0, 0x0, 0x6, 0x98,
    0x0, 0x0, 0x0, 0x0, 0x0, 0xff, 0x10, 0x0,
    0x0, 0xc, 0xfc, 0x0, 0x0, 0x0, 0x0, 0x0,
    0xff, 0x10, 0x1, 0x99, 0x9f, 0xfd, 0x99, 0x99,
    0x0, 0x0, 0x0, 0xff, 0x10, 0x2, 0xff, 0xff,
    0xff, 0xff, 0xfe, 0x0, 0x0, 0x0, 0xff, 0x18,
    0x84, 0xff, 0x0, 0x0, 0x6, 0xfe, 0x0, 0x6,
    0xd3, 0xff, 0x1d, 0xf5, 0xff, 0x99, 0x99, 0x9b,
    0xfe, 0x0, 0x8, 0xf4, 0xff, 0x3f, 0xd2, 0xff,
    0xff, 0xff, 0xff, 0xfe, 0x0, 0x9, 0xf2, 0xff,
    0x8f, 0x62, 0xff, 0x0, 0x0, 0x6, 0xfe, 0x0,
    0xc, 0xf1, 0xff, 0xdf, 0x2, 0xff, 0x99, 0x99,
    0x9b, 0xfe, 0x0, 0xf, 0xc1, 0xff, 0x34, 0x2,
    0xff, 0xff, 0xff, 0xff, 0xfe, 0x0, 0x3c, 0x62,
    0xff, 0x0, 0x2, 0xff, 0x0, 0x0, 0x6, 0xfe,
    0x0, 0x0, 0x3, 0xff, 0x0, 0x2, 0xff, 0xff,
    0xff, 0xff, 0xfe, 0x0, 0x0, 0x5, 0xff, 0x0,
    0x1, 0xbb, 0xbe, 0xcb, 0xbb, 0xba, 0x0, 0x0,
    0x7, 0xff, 0xc0, 0x0, 0x0, 0x4f, 0xe3, 0x0,
    0x0, 0x0, 0x0, 0xb, 0xff, 0xfa, 0x0, 0x4,
    0x4a, 0xff, 0x30, 0x0, 0x0, 0x0, 0xf, 0xf8,
    0xff, 0xcc, 0x6f, 0xf0, 0x9f, 0xa2, 0xdb, 0x0,
    0x0, 0x6f, 0xf0, 0x7a, 0xaf, 0x7f, 0xf0, 0x6,
    0x0, 0xdf, 0x50, 0x0, 0xef, 0xa0, 0x0, 0xef,
    0x4f, 0xf0, 0x0, 0x39, 0x8f, 0xd0, 0xa, 0xff,
    0x20, 0x3, 0xfd, 0x2f, 0xf0, 0x0, 0x6f, 0x9d,
    0xf4, 0x3f, 0xf7, 0x0, 0x5, 0xf9, 0x1f, 0xff,
    0xff, 0xff, 0x58, 0xe5, 0x6, 0xb0, 0x0, 0x0,
    0x11, 0x8, 0xef, 0xff, 0xfb, 0x1, 0x0, 0x0,
    0x0, 0x0, 0x0, 0x0, 0x0, 0x0, 0x0, 0x0,
    0x0, 0x0,

    /* U+7248 "版" */
    0x0, 0x0, 0x0, 0x77, 0x10, 0x0, 0x0, 0x0,
    0x0, 0x13, 0x0, 0x0, 0xde, 0x30, 0xff, 0x20,
    0x3, 0x45, 0x79, 0xbe, 0xff, 0x20, 0x0, 0xff,
    0x40, 0xff, 0x20, 0x4f, 0xff, 0xff, 0xff, 0xff,
    0x90, 0x0, 0xff, 0x40, 0xff, 0x20, 0x4f, 0xfc,
    0xa9, 0x75, 0x20, 0x0, 0x0, 0xff, 0x40, 0xff,
    0x20, 0x4f, 0xf0, 0x0, 0x0, 0x0, 0x0, 0x0,
    0xff, 0x40, 0xff, 0x20, 0x4f, 0xf0, 0x0, 0x0,
    0x0, 0x0, 0x0, 0xff, 0xa8, 0xff, 0x96, 0x4f,
    0xf4, 0x44, 0x44, 0x43, 0x0, 0x0, 0xff, 0xff,
    0xff, 0xfc, 0x4f, 0xff, 0xff, 0xff, 0xff, 0x80,
    0x0, 0xff, 0x75, 0x55, 0x53, 0x4f, 0xff, 0xfe,
    0xee, 0xff, 0x60, 0x0, 0xff, 0x40, 0x0, 0x0,
    0x4f, 0xfe, 0xe0, 0x0, 0xff, 0x30, 0x0, 0xff,
    0x30, 0x0, 0x0, 0x4f, 0xfa, 0xf2, 0x3, 0xff,
    0x0, 0x0, 0xff, 0xff, 0xff, 0x90, 0x5f, 0xf6,
    0xf7, 0x8, 0xfc, 0x0, 0x0, 0xff, 0xff, 0xff,
    0x90, 0x5f, 0xe1, 0xfd, 0xd, 0xf7, 0x0, 0x1,
    0xff, 0x31, 0xaf, 0x90, 0x7f, 0xd0, 0xcf, 0x9f,
    0xf2, 0x0, 0x2, 0xff, 0x0, 0x9f, 0x90, 0x9f,
    0xb0, 0x6f, 0xff, 0xb0, 0x0, 0x4, 0xfe, 0x0,
    0x9f, 0x90, 0xbf, 0x90, 0xe, 0xff, 0x40, 0x0,
    0x7, 0xfc, 0x0, 0x9f, 0x90, 0xff, 0x60, 0x2f,
    0xff, 0x20, 0x0, 0xa, 0xf9, 0x0, 0x9f, 0x93,
    0xff, 0x32, 0xef, 0xff, 0xd1, 0x0, 0xe, 0xf5,
    0x0, 0x9f, 0x99, 0xff, 0x5e, 0xff, 0x7f, 0xfe,
    0x30, 0x4f, 0xf0, 0x0, 0x9f, 0xbf, 0xfb, 0xef,
    0xf5, 0x5, 0xff, 0xc0, 0x7, 0x90, 0x0, 0x9f,
    0x95, 0xe3, 0x5d, 0x30, 0x0, 0x5d, 0x10, 0x0,
    0x0, 0x0, 0x0, 0x0, 0x10, 0x0, 0x0, 0x0,
    0x0, 0x0,

    /* U+7535 "电" */
    0x0, 0x0, 0x0, 0x3, 0x77, 0x0, 0x0, 0x0,
    0x0, 0x0, 0x0, 0x0, 0x0, 0x7, 0xff, 0x10,
    0x0, 0x0, 0x0, 0x0, 0x0, 0x0, 0x0, 0x7,
    0xff, 0x10, 0x0, 0x0, 0x0, 0x0, 0x25, 0x65,
    0x55, 0x5a, 0xff, 0x65, 0x55, 0x55, 0x51, 0x0,
    0x7f, 0xff, 0xff, 0xff, 0xff, 0xff, 0xff, 0xff,
    0xf3, 0x0, 0x7f, 0xff, 0xff, 0xff, 0xff, 0xff,
    0xff, 0xff, 0xf3, 0x0, 0x7f, 0xf0, 0x0, 0x7,
    0xff, 0x10, 0x0, 0x3f, 0xf3, 0x0, 0x7f, 0xf0,
    0x0, 0x7, 0xff, 0x10, 0x0, 0x3f, 0xf3, 0x0,
    0x7f, 0xff, 0xff, 0xff, 0xff, 0xff, 0xff, 0xff,
    0xf3, 0x0, 0x7f, 0xff, 0xff, 0xff, 0xff, 0xff,
    0xff, 0xff, 0xf3, 0x0, 0x7f, 0xf4, 0x44, 0x49,
    0xff, 0x44, 0x44, 0x6f, 0xf3, 0x0, 0x7f, 0xf0,
    0x0, 0x7, 0xff, 0x10, 0x0, 0x3f, 0xf3, 0x0,
    0x7f, 0xf3, 0x33, 0x38, 0xff, 0x43, 0x33, 0x5f,
    0xf3, 0x0, 0x7f, 0xff, 0xff, 0xff, 0xff, 0xff,
    0xff, 0xff, 0xf3, 0x0, 0x7f, 0xff, 0xff, 0xff,
    0xff, 0xff, 0xff, 0xff, 0xf3, 0x0, 0x7f, 0xf2,
    0x22, 0x28, 0xff, 0x32, 0x22, 0x22, 0x2c, 0x50,
    0x36, 0x60, 0x0, 0x7, 0xff, 0x10, 0x0, 0x0,
    0x2f, 0xf4, 0x0, 0x0, 0x0, 0x7, 0xff, 0x10,
    0x0, 0x0, 0x4f, 0xf2, 0x0, 0x0, 0x0, 0x5,
    0xff, 0xa6, 0x66, 0x66, 0xdf, 0xe0, 0x0, 0x0,
    0x0, 0x1, 0xff, 0xff, 0xff, 0xff, 0xff, 0x80,
    0x0, 0x0, 0x0, 0x0, 0x4c, 0xff, 0xff, 0xff,
    0xe9, 0x0,

    /* U+79D2 "秒" */
    0x0, 0x0, 0x0, 0x3, 0x0, 0x0, 0x3, 0x99,
    0x0, 0x0, 0x0, 0x0, 0x1, 0x59, 0xef, 0x80,
    0x0, 0x5, 0xfe, 0x0, 0x0, 0x0, 0xb, 0xef,
    0xff, 0xff, 0xc1, 0x0, 0x5, 0xfe, 0x0, 0x0,
    0x0, 0xb, 0xfe, 0xff, 0x91, 0x0, 0x0, 0x5,
    0xfe, 0x0, 0x20, 0x0, 0x1, 0x10, 0xef, 0x60,
    0x0, 0x8b, 0x55, 0xfe, 0xd, 0xf4, 0x0, 0x0,
    0x0, 0xef, 0x60, 0x0, 0xbf, 0x85, 0xfe, 0xa,
    0xfb, 0x0, 0x27, 0x77, 0xff, 0xa7, 0x71, 0xef,
    0x55, 0xfe, 0x4, 0xff, 0x20, 0x5f, 0xff, 0xff,
    0xff, 0xf5, 0xff, 0x25, 0xfe, 0x0, 0xef, 0x70,
    0x4c, 0xcd, 0xff, 0xdc, 0xc8, 0xfe, 0x5, 0xfe,
    0x0, 0x8f, 0xd0, 0x0, 0x8, 0xff, 0xb0, 0xa,
    0xf9, 0x5, 0xfe, 0x0, 0x3f, 0xe0, 0x0, 0xe,
    0xff, 0xf9, 0xc, 0xf4, 0x5, 0xfe, 0x0, 0x4,
    0x0, 0x0, 0x6f, 0xff, 0xff, 0x70, 0x40, 0x5,
    0xfe, 0x0, 0xa6, 0x10, 0x0, 0xef, 0xff, 0x8f,
    0xf0, 0x0, 0x5, 0xfe, 0x6, 0xff, 0x20, 0x8,
    0xfa, 0xef, 0x68, 0x60, 0x0, 0x5, 0xfe, 0x1e,
    0xfb, 0x0, 0x4f, 0xf3, 0xef, 0x60, 0x0, 0x0,
    0x0, 0x0, 0xaf, 0xf2, 0x0, 0x5f, 0xa0, 0xef,
    0x60, 0x0, 0x0, 0x0, 0xa, 0xff, 0x70, 0x0,
    0xc, 0x10, 0xef, 0x60, 0x0, 0x0, 0x3, 0xcf,
    0xfa, 0x0, 0x0, 0x0, 0x0, 0xef, 0x60, 0x0,
    0x4, 0xaf, 0xff, 0x90, 0x0, 0x0, 0x0, 0x0,
    0xef, 0x60, 0x6a, 0xef, 0xff, 0xe5, 0x0, 0x0,
    0x0, 0x0, 0x0, 0xef, 0x60, 0xbf, 0xff, 0xd6,
    0x0, 0x0, 0x0, 0x0, 0x0, 0x0, 0xef, 0x60,
    0x3c, 0x83, 0x0, 0x0, 0x0, 0x0, 0x0,

    /* U+7ACB "立" */
    0x0, 0x0, 0x0, 0x0, 0x27, 0x50, 0x0, 0x0,
    0x0, 0x0, 0x0, 0x0, 0x0, 0x0, 0xbf, 0xd0,
    0x0, 0x0, 0x0, 0x0, 0x0, 0x0, 0x0, 0x0,
    0x6f, 0xf3, 0x0, 0x0, 0x0, 0x0, 0x0, 0x0,
    0x0, 0x0, 0x1f, 0xf7, 0x0, 0x0, 0x0, 0x0,
    0x6, 0x66, 0x66, 0x66, 0x6d, 0x96, 0x66, 0x66,
    0x66, 0x60, 0xf, 0xff, 0xff, 0xff, 0xff, 0xff,
    0xff, 0xff, 0xff, 0xf1, 0xf, 0xff, 0xff, 0xff,
    0xff, 0xff, 0xff, 0xff, 0xff, 0xf0, 0x0, 0x0,
    0x2, 0x10, 0x0, 0x0, 0x0, 0x20, 0x0, 0x0,
    0x0, 0x0, 0xef, 0x70, 0x0, 0x0, 0x5, 0xfe,
    0x40, 0x0, 0x0, 0x0, 0xdf, 0xb0, 0x0, 0x0,
    0x9, 0xff, 0x10, 0x0, 0x0, 0x0, 0x9f, 0xf0,
    0x0, 0x0, 0xd, 0xfd, 0x0, 0x0, 0x0, 0x0,
    0x5f, 0xf4, 0x0, 0x0, 0x1f, 0xf8, 0x0, 0x0,
    0x0, 0x0, 0x1f, 0xf8, 0x0, 0x0, 0x6f, 0xf3,
    0x0, 0x0, 0x0, 0x0, 0xd, 0xfb, 0x0, 0x0,
    0xaf, 0xe0, 0x0, 0x0, 0x0, 0x0, 0xa, 0xff,
    0x0, 0x0, 0xff, 0x90, 0x0, 0x0, 0x0, 0x0,
    0x7, 0xff, 0x20, 0x5, 0xff, 0x30, 0x0, 0x0,
    0x0, 0x0, 0x5, 0xd9, 0x10, 0xb, 0xfd, 0x0,
    0x0, 0x0, 0x55, 0x55, 0x55, 0x55, 0x55, 0x6f,
    0xfb, 0x55, 0x55, 0x55, 0xff, 0xff, 0xff, 0xff,
    0xff, 0xff, 0xff, 0xff, 0xff, 0xff, 0xff, 0xff,
    0xff, 0xff, 0xff, 0xff, 0xff, 0xff, 0xff, 0xff,
    0x11, 0x11, 0x11, 0x11, 0x11, 0x11, 0x11, 0x11,
    0x11, 0x11,

    /* U+7B2C "第" */
    0x0, 0x0, 0x99, 0x20, 0x0, 0x0, 0xc, 0x82,
    0x0, 0x0, 0x0, 0x0, 0x3f, 0xf3, 0x0, 0x0,
    0x6, 0xff, 0x10, 0x0, 0x0, 0x0, 0xb, 0xff,
    0xff, 0xff, 0xf1, 0xdf, 0xff, 0xff, 0xff, 0xe0,
    0x6, 0xff, 0xdf, 0xfc, 0xcc, 0x8f, 0xfc, 0xff,
    0xfc, 0xcb, 0x3, 0xff, 0x80, 0xdf, 0x70, 0x3f,
    0xf9, 0x5, 0xff, 0x30, 0x0, 0xcf, 0xc0, 0x6,
    0xfa, 0x7, 0xfe, 0x10, 0xb, 0xf9, 0x0, 0x0,
    0x78, 0x77, 0x8a, 0x77, 0x7a, 0xa7, 0x77, 0x99,
    0x70, 0x0, 0x3, 0xff, 0xff, 0xff, 0xff, 0xff,
    0xff, 0xff, 0xff, 0x10, 0x0, 0x17, 0x77, 0x77,
    0x7b, 0xfe, 0x77, 0x77, 0xaf, 0xf1, 0x0, 0x0,
    0x0, 0x10, 0x0, 0x8f, 0xc0, 0x0, 0x5, 0xff,
    0x10, 0x0, 0x8, 0xff, 0xff, 0xff, 0xff, 0xff,
    0xff, 0xff, 0xf1, 0x0, 0x0, 0xaf, 0xfe, 0xee,
    0xff, 0xfe, 0xee, 0xee, 0xee, 0x0, 0x0, 0xc,
    0xf8, 0x0, 0x7, 0xfc, 0x0, 0x0, 0x0, 0x0,
    0x0, 0x0, 0xef, 0xed, 0xdd, 0xef, 0xfd, 0xdd,
    0xdd, 0xdd, 0xd0, 0x0, 0x1f, 0xff, 0xff, 0xff,
    0xff, 0xff, 0xff, 0xff, 0xff, 0x0, 0x0, 0x34,
    0x33, 0xbf, 0xff, 0xd2, 0x22, 0x22, 0x9f, 0xe0,
    0x0, 0x0, 0x2, 0xcf, 0xfb, 0xfc, 0x0, 0x0,
    0xa, 0xfc, 0x0, 0x0, 0x7, 0xff, 0xf4, 0x7f,
    0xc0, 0x1, 0x12, 0xef, 0x90, 0x1, 0x7e, 0xff,
    0xc2, 0x7, 0xfc, 0x0, 0xef, 0xff, 0xf4, 0x0,
    0x5f, 0xff, 0x70, 0x0, 0x7f, 0xc0, 0xa, 0xff,
    0xe8, 0x0, 0x0, 0x89, 0x10, 0x0, 0x7, 0xfc,
    0x0, 0x0, 0x0, 0x0, 0x0,

    /* U+7D2F "累" */
    0x0, 0x1e, 0xee, 0xee, 0xee, 0xee, 0xee, 0xee,
    0xee, 0xe3, 0x0, 0x1, 0xff, 0xee, 0xee, 0xff,
    0xff, 0xee, 0xee, 0xff, 0x40, 0x0, 0x1f, 0xf2,
    0x0, 0x3, 0xff, 0x10, 0x0, 0x1f, 0xf4, 0x0,
    0x1, 0xff, 0xcb, 0xbb, 0xcf, 0xfc, 0xbb, 0xbc,
    0xff, 0x40, 0x0, 0x1f, 0xff, 0xff, 0xff, 0xff,
    0xff, 0xff, 0xff, 0xf4, 0x0, 0x1, 0xff, 0x20,
    0x0, 0x3f, 0xf1, 0x0, 0x1, 0xff, 0x40, 0x0,
    0x1f, 0xfd, 0xdd, 0xdd, 0xff, 0xdd, 0xdd, 0xdf,
    0xf4, 0x0, 0x1, 0xff, 0xff, 0xff, 0xff, 0xff,
    0xff, 0xff, 0xff, 0x30, 0x0, 0x0, 0x4, 0xdf,
    0xf7, 0x0, 0x9, 0xe4, 0x0, 0x0, 0x0, 0x0,
    0x6c, 0xff, 0xfb, 0xab, 0xce, 0xff, 0x90, 0x0,
    0x0, 0x0, 0xa, 0xff, 0xff, 0xff, 0xff, 0xfc,
    0x37, 0x80, 0x0, 0x0, 0x0, 0x47, 0x54, 0x8e,
    0xff, 0xc4, 0x4, 0xff, 0xa0, 0x0, 0x0, 0x0,
    0x29, 0xef, 0xfa, 0x41, 0x12, 0x28, 0xff, 0xa0,
    0x0, 0x8, 0xdf, 0xff, 0xff, 0xff, 0xff, 0xff,
    0xff, 0xff, 0x90, 0x0, 0xaf, 0xff, 0xff, 0xee,
    0xff, 0xcb, 0xa9, 0x89, 0xff, 0x20, 0x3, 0x32,
    0x74, 0x0, 0x2f, 0xf4, 0x1, 0x60, 0x7, 0x20,
    0x0, 0x2, 0xbf, 0xf6, 0x2, 0xff, 0x42, 0xef,
    0xe7, 0x0, 0x0, 0x3a, 0xff, 0xe5, 0x0, 0x3f,
    0xf4, 0x2, 0xaf, 0xfd, 0x40, 0xa, 0xff, 0x91,
    0xa, 0xff, 0xff, 0x30, 0x0, 0x4d, 0xff, 0x30,
    0x6, 0x20, 0x0, 0x4f, 0xfe, 0x80, 0x0, 0x0,
    0x8, 0x20, 0x0, 0x0, 0x0, 0x0, 0x0, 0x0,
    0x0, 0x0, 0x0, 0x0, 0x0,

    /* U+7ECF "经" */
    0x0, 0x0, 0x31, 0x0, 0x0, 0x0, 0x0, 0x0,
    0x0, 0x0, 0x0, 0x0, 0x0, 0xcf, 0x70, 0x4,
    0x44, 0x44, 0x44, 0x45, 0x40, 0x0, 0x0, 0x2,
    0xff, 0x60, 0xd, 0xff, 0xff, 0xff, 0xff, 0xfc,
    0x0, 0x0, 0xa, 0xfd, 0x0, 0xb, 0xdd, 0xdd,
    0xdd, 0xff, 0xf8, 0x0, 0x0, 0x2f, 0xf5, 0x0,
    0x0, 0x0, 0x0, 0x4, 0xff, 0xd0, 0x0, 0x0,
    0xaf, 0xb0, 0x2b, 0x20, 0x0, 0x0, 0x5f, 0xfe,
    0x20, 0x0, 0x4, 0xff, 0x20, 0xbf, 0xe0, 0x0,
    0x8, 0xff, 0xe3, 0x0, 0x0, 0x3e, 0xfd, 0xab,
    0xff, 0x60, 0x5, 0xdf, 0xff, 0xf9, 0x20, 0x0,
    0x5f, 0xff, 0xff, 0xfb, 0x5, 0xcf, 0xff, 0xac,
    0xff, 0xfa, 0x20, 0xc, 0x96, 0xef, 0xe1, 0xdf,
    0xff, 0xb3, 0x0, 0x4c, 0xff, 0xf3, 0x0, 0x8,
    0xff, 0x30, 0x4f, 0xa3, 0x0, 0x0, 0x0, 0x5d,
    0xa0, 0x0, 0x6f, 0xf7, 0x35, 0x24, 0x66, 0x66,
    0x66, 0x66, 0x66, 0x10, 0x6, 0xff, 0xff, 0xff,
    0x58, 0xff, 0xff, 0xff, 0xff, 0xff, 0x20, 0x4f,
    0xff, 0xff, 0xeb, 0x36, 0xcc, 0xcd, 0xff, 0xcc,
    0xcc, 0x10, 0xe, 0xc8, 0x41, 0x0, 0x0, 0x0,
    0x7, 0xfe, 0x0, 0x0, 0x0, 0x1, 0x0, 0x0,
    0x1, 0x0, 0x0, 0x7, 0xfe, 0x0, 0x0, 0x0,
    0x0, 0x2, 0x6a, 0xef, 0x40, 0x0, 0x7, 0xfe,
    0x0, 0x0, 0x0, 0x3b, 0xff, 0xff, 0xff, 0x40,
    0x0, 0x7, 0xfe, 0x0, 0x0, 0x0, 0x3f, 0xff,
    0xd9, 0x40, 0xbd, 0xdd, 0xde, 0xff, 0xdd, 0xdd,
    0xd3, 0xa, 0x62, 0x0, 0x0, 0xdf, 0xff, 0xff,
    0xff, 0xff, 0xff, 0xf4, 0x0, 0x0, 0x0, 0x0,
    0x56, 0x66, 0x66, 0x66, 0x66, 0x66, 0x61,

    /* U+7EDF "统" */
    0x0, 0x0, 0x77, 0x10, 0x0, 0x0, 0x6, 0xa4,
    0x0, 0x0, 0x0, 0x0, 0x0, 0xdf, 0xd0, 0x0,
    0x0, 0xc, 0xfc, 0x0, 0x0, 0x0, 0x0, 0x4,
    0xff, 0x70, 0x0, 0x0, 0x6, 0xff, 0x20, 0x0,
    0x0, 0x0, 0xc, 0xfe, 0x0, 0x1b, 0xbb, 0xbc,
    0xfd, 0xbb, 0xbb, 0xb0, 0x0, 0x4f, 0xf6, 0x0,
    0x2f, 0xff, 0xff, 0xff, 0xff, 0xff, 0xf0, 0x0,
    0xcf, 0xc0, 0x8d, 0x46, 0x66, 0xdf, 0xf7, 0x66,
    0x66, 0x60, 0x6, 0xff, 0x31, 0xff, 0xa0, 0x4,
    0xff, 0x80, 0x3b, 0x60, 0x0, 0x4f, 0xfe, 0xad,
    0xff, 0x10, 0x1e, 0xfc, 0x0, 0x7f, 0xf1, 0x0,
    0x1f, 0xff, 0xff, 0xf6, 0x0, 0xcf, 0xf2, 0x0,
    0x1e, 0xfa, 0x0, 0xb, 0xdb, 0xff, 0xb0, 0x4c,
    0xff, 0xed, 0xef, 0xff, 0xff, 0x40, 0x0, 0xa,
    0xfe, 0x10, 0x6f, 0xff, 0xff, 0xff, 0xfe, 0xef,
    0xc0, 0x0, 0x7f, 0xf4, 0x1, 0x2f, 0xcc, 0xa6,
    0x44, 0x31, 0x2f, 0xc1, 0x7, 0xff, 0xdb, 0xef,
    0x30, 0xf, 0xf4, 0xd, 0xf7, 0x4, 0x0, 0x1f,
    0xff, 0xff, 0xff, 0x30, 0x1f, 0xf3, 0xd, 0xf7,
    0x0, 0x0, 0xb, 0xff, 0xb7, 0x40, 0x0, 0x3f,
    0xf1, 0xd, 0xf7, 0x0, 0x0, 0x4, 0x40, 0x0,
    0x1, 0x10, 0x6f, 0xf0, 0xd, 0xf7, 0x0, 0x0,
    0x0, 0x0, 0x16, 0xcf, 0x60, 0xbf, 0xc0, 0xd,
    0xf7, 0x9, 0x91, 0x1, 0x6b, 0xff, 0xff, 0x73,
    0xff, 0x70, 0xd, 0xf7, 0xb, 0xf4, 0xf, 0xff,
    0xfd, 0x71, 0x4e, 0xfe, 0x10, 0xd, 0xf7, 0xd,
    0xf3, 0xd, 0xfa, 0x40, 0x8, 0xff, 0xf4, 0x0,
    0xc, 0xff, 0xff, 0xf0, 0x3, 0x0, 0x0, 0x2,
    0xfe, 0x40, 0x0, 0x4, 0xef, 0xff, 0x60, 0x0,
    0x0, 0x0, 0x0, 0x30, 0x0, 0x0, 0x0, 0x0,
    0x0, 0x0,

    /* U+7F6E "置" */
    0xb, 0xff, 0xff, 0xff, 0xff, 0xff, 0xff, 0xff,
    0xff, 0x90, 0xb, 0xfd, 0xaa, 0xdf, 0xda, 0xad,
    0xfd, 0xaa, 0xdf, 0x90, 0xb, 0xfa, 0x0, 0x9f,
    0x80, 0xa, 0xf8, 0x0, 0x9f, 0x90, 0xb, 0xfe,
    0xcc, 0xef, 0xec, 0xce, 0xfe, 0xcc, 0xef, 0x90,
    0x9, 0xdd, 0xdd, 0xdd, 0xef, 0xfd, 0xdd, 0xdd,
    0xdd, 0x80, 0x23, 0x33, 0x33, 0x33, 0x8f, 0xf3,
    0x33, 0x33, 0x33, 0x30, 0xcf, 0xff, 0xff, 0xff,
    0xff, 0xff, 0xff, 0xff, 0xff, 0xf1, 0x57, 0x77,
    0x77, 0x77, 0xdf, 0xc7, 0x77, 0x77, 0x77, 0x70,
    0x0, 0x19, 0x99, 0x99, 0xef, 0xc9, 0x99, 0x99,
    0x91, 0x0, 0x0, 0x2f, 0xfd, 0xdd, 0xdd, 0xdd,
    0xdd, 0xef, 0xf2, 0x0, 0x0, 0x2f, 0xf4, 0x33,
    0x33, 0x33, 0x33, 0x5f, 0xf2, 0x0, 0x0, 0x2f,
    0xff, 0xff, 0xff, 0xff, 0xff, 0xff, 0xf2, 0x0,
    0x0, 0x2f, 0xf2, 0x0, 0x0, 0x0, 0x0, 0x4f,
    0xf2, 0x0, 0x0, 0x2f, 0xff, 0xff, 0xff, 0xff,
    0xff, 0xff, 0xf2, 0x0, 0x0, 0x2f, 0xf4, 0x44,
    0x44, 0x44, 0x44, 0x6f, 0xf2, 0x0, 0x0, 0x2f,
    0xf6, 0x66, 0x66, 0x66, 0x66, 0x8f, 0xf2, 0x0,
    0x0, 0x2f, 0xfe, 0xdd, 0xdd, 0xdd, 0xdd, 0xef,
    0xf2, 0x0, 0x22, 0x5f, 0xf4, 0x22, 0x22, 0x22,
    0x22, 0x5f, 0xf4, 0x22, 0xdf, 0xff, 0xff, 0xff,
    0xff, 0xff, 0xff, 0xff, 0xff, 0xfe, 0x68, 0x88,
    0x88, 0x88, 0x88, 0x88, 0x88, 0x88, 0x88, 0x87,

    /* U+81EA "自" */
    0x0, 0x0, 0x0, 0x6c, 0xa2, 0x0, 0x0, 0x0,
    0x0, 0x0, 0x0, 0xaf, 0xf0, 0x0, 0x0, 0x0,
    0x0, 0x0, 0x0, 0xef, 0x90, 0x0, 0x0, 0x0,
    0x9f, 0xff, 0xff, 0xff, 0xff, 0xff, 0xff, 0xfe,
    0x9f, 0xff, 0xff, 0xff, 0xff, 0xff, 0xff, 0xff,
    0x9f, 0xd5, 0x55, 0x55, 0x55, 0x55, 0x5a, 0xff,
    0x9f, 0xc0, 0x0, 0x0, 0x0, 0x0, 0x8, 0xff,
    0x9f, 0xc0, 0x0, 0x0, 0x0, 0x0, 0x8, 0xff,
    0x9f, 0xff, 0xff, 0xff, 0xff, 0xff, 0xff, 0xff,
    0x9f, 0xff, 0xff, 0xff, 0xff, 0xff, 0xff, 0xff,
    0x9f, 0xd3, 0x33, 0x33, 0x33, 0x33, 0x3a, 0xff,
    0x9f, 0xc0, 0x0, 0x0, 0x0, 0x0, 0x8, 0xff,
    0x9f, 0xd3, 0x33, 0x33, 0x33, 0x33, 0x3a, 0xff,
    0x9f, 0xff, 0xff, 0xff, 0xff, 0xff, 0xff, 0xff,
    0x9f, 0xff, 0xff, 0xff, 0xff, 0xff, 0xff, 0xff,
    0x9f, 0xc0, 0x0, 0x0, 0x0, 0x0, 0x8, 0xff,
    0x9f, 0xc0, 0x0, 0x0, 0x0, 0x0, 0x8, 0xff,
    0x9f, 0xd3, 0x33, 0x33, 0x33, 0x33, 0x3a, 0xff,
    0x9f, 0xff, 0xff, 0xff, 0xff, 0xff, 0xff, 0xff,
    0x9f, 0xff, 0xff, 0xff, 0xff, 0xff, 0xff, 0xff,
    0x9f, 0xc0, 0x0, 0x0, 0x0, 0x0, 0x8, 0xff,
    0x0, 0x0, 0x0, 0x0, 0x0, 0x0, 0x0, 0x0,

    /* U+884C "行" */
    0x0, 0x0, 0x4, 0x30, 0x0, 0x0, 0x0, 0x0,
    0x0, 0x0, 0x0, 0x0, 0x0, 0x3f, 0xf9, 0x0,
    0x44, 0x44, 0x44, 0x44, 0x44, 0x30, 0x0, 0x3,
    0xff, 0xe1, 0x1, 0xff, 0xff, 0xff, 0xff, 0xff,
    0xb0, 0x0, 0x4f, 0xfe, 0x20, 0x1, 0xff, 0xff,
    0xff, 0xff, 0xff, 0xa0, 0x7, 0xff, 0xe2, 0x0,
    0x0, 0x0, 0x0, 0x0, 0x0, 0x0, 0x0, 0x1f,
    0xfd, 0x10, 0x97, 0x10, 0x0, 0x0, 0x0, 0x0,
    0x0, 0x0, 0x6, 0xa0, 0x5, 0xff, 0x70, 0x0,
    0x0, 0x0, 0x0, 0x0, 0x0, 0x0, 0x0, 0x2f,
    0xfc, 0x14, 0x44, 0x44, 0x44, 0x44, 0x44, 0x40,
    0x0, 0x1, 0xdf, 0xf2, 0x3f, 0xff, 0xff, 0xff,
    0xff, 0xff, 0xf2, 0x0, 0x1d, 0xff, 0x70, 0x3f,
    0xff, 0xff, 0xff, 0xff, 0xff, 0xf2, 0x1, 0xdf,
    0xff, 0x60, 0x0, 0x0, 0x0, 0x4, 0xff, 0x20,
    0x0, 0x3e, 0xff, 0xff, 0x60, 0x0, 0x0, 0x0,
    0x4, 0xff, 0x20, 0x0, 0x1e, 0xf9, 0xff, 0x60,
    0x0, 0x0, 0x0, 0x4, 0xff, 0x20, 0x0, 0x4,
    0x80, 0xff, 0x60, 0x0, 0x0, 0x0, 0x4, 0xff,
    0x20, 0x0, 0x0, 0x0, 0xff, 0x60, 0x0, 0x0,
    0x0, 0x4, 0xff, 0x20, 0x0, 0x0, 0x0, 0xff,
    0x60, 0x0, 0x0, 0x0, 0x4, 0xff, 0x20, 0x0,
    0x0, 0x0, 0xff, 0x60, 0x0, 0x0, 0x0, 0x4,
    0xff, 0x20, 0x0, 0x0, 0x0, 0xff, 0x60, 0x0,
    0x0, 0x0, 0x4, 0xff, 0x20, 0x0, 0x0, 0x0,
    0xff, 0x60, 0x0, 0x0, 0x44, 0x47, 0xff, 0x20,
    0x0, 0x0, 0x0, 0xff, 0x60, 0x0, 0x0, 0xbf,
    0xff, 0xff, 0x0, 0x0, 0x0, 0x0, 0xff, 0x60,
    0x0, 0x0, 0x6f, 0xff, 0xd5, 0x0, 0x0, 0x0,
    0x0, 0x22, 0x0, 0x0, 0x0, 0x0, 0x0, 0x0,
    0x0, 0x0,

    /* U+8BA1 "计" */
    0x0, 0x0, 0x10, 0x0, 0x0, 0x0, 0x4, 0x76,
    0x0, 0x0, 0x0, 0x0, 0xb, 0xe2, 0x0, 0x0,
    0x0, 0x9, 0xfe, 0x0, 0x0, 0x0, 0x0, 0x2e,
    0xff, 0x40, 0x0, 0x0, 0x9, 0xfe, 0x0, 0x0,
    0x0, 0x0, 0x2, 0xdf, 0xf5, 0x0, 0x0, 0x9,
    0xfe, 0x0, 0x0, 0x0, 0x0, 0x0, 0x1d, 0xf4,
    0x0, 0x0, 0x9, 0xfe, 0x0, 0x0, 0x0, 0x0,
    0x0, 0x1, 0x50, 0x0, 0x0, 0x9, 0xfe, 0x0,
    0x0, 0x0, 0x0, 0x0, 0x0, 0x0, 0x0, 0x0,
    0x9, 0xfe, 0x0, 0x0, 0x0, 0x2b, 0xbb, 0xcb,
    0x50, 0x88, 0x88, 0x8c, 0xff, 0x88, 0x88, 0x81,
    0x3f, 0xff, 0xff, 0x70, 0xff, 0xff, 0xff, 0xff,
    0xff, 0xff, 0xf2, 0x19, 0x99, 0xff, 0x70, 0xff,
    0xff, 0xff, 0xff, 0xff, 0xff, 0xf2, 0x0, 0x0,
    0xef, 0x70, 0x0, 0x0, 0x9, 0xfe, 0x0, 0x0,
    0x0, 0x0, 0x0, 0xef, 0x70, 0x0, 0x0, 0x9,
    0xfe, 0x0, 0x0, 0x0, 0x0, 0x0, 0xef, 0x70,
    0x0, 0x0, 0x9, 0xfe, 0x0, 0x0, 0x0, 0x0,
    0x0, 0xef, 0x70, 0x0, 0x0, 0x9, 0xfe, 0x0,
    0x0, 0x0, 0x0, 0x0, 0xef, 0x70, 0x40, 0x0,
    0x9, 0xfe, 0x0, 0x0, 0x0, 0x0, 0x0, 0xef,
    0x8a, 0xf3, 0x0, 0x9, 0xfe, 0x0, 0x0, 0x0,
    0x0, 0x0, 0xef, 0xff, 0xf6, 0x0, 0x9, 0xfe,
    0x0, 0x0, 0x0, 0x0, 0x2, 0xff, 0xff, 0x50,
    0x0, 0x9, 0xfe, 0x0, 0x0, 0x0, 0x0, 0xd,
    0xff, 0xc2, 0x0, 0x0, 0x9, 0xfe, 0x0, 0x0,
    0x0, 0x0, 0x8, 0xf8, 0x0, 0x0, 0x0, 0x9,
    0xfe, 0x0, 0x0, 0x0, 0x0, 0x1, 0x60, 0x0,
    0x0, 0x0, 0x9, 0xfe, 0x0, 0x0, 0x0,

    /* U+8BBE "设" */
    0x0, 0x1, 0x10, 0x0, 0x0, 0x0, 0x0, 0x0,
    0x0, 0x0, 0x0, 0x0, 0x1d, 0xd2, 0x0, 0x0,
    0x7f, 0xff, 0xff, 0xff, 0x30, 0x0, 0x0, 0x2d,
    0xfe, 0x20, 0x0, 0x8f, 0xff, 0xff, 0xff, 0x40,
    0x0, 0x0, 0x1, 0xdf, 0xe2, 0x0, 0x8f, 0xc3,
    0x33, 0xff, 0x40, 0x0, 0x0, 0x0, 0x2e, 0xd1,
    0x0, 0x9f, 0xa0, 0x0, 0xff, 0x40, 0x0, 0x0,
    0x0, 0x3, 0x20, 0x0, 0xef, 0x70, 0x0, 0xff,
    0x40, 0x0, 0x0, 0x0, 0x0, 0x0, 0x9, 0xff,
    0x20, 0x0, 0xff, 0x62, 0x20, 0xd, 0xdd, 0xdd,
    0x2, 0xbf, 0xf8, 0x0, 0x0, 0xcf, 0xff, 0xf1,
    0xf, 0xff, 0xff, 0x2, 0xff, 0x90, 0x0, 0x0,
    0x3c, 0xdd, 0xd2, 0x7, 0x79, 0xff, 0x0, 0x45,
    0x0, 0x0, 0x0, 0x0, 0x0, 0x0, 0x0, 0x4,
    0xff, 0x0, 0x9f, 0xff, 0xff, 0xff, 0xff, 0xfc,
    0x0, 0x0, 0x4, 0xff, 0x0, 0x9f, 0xff, 0xff,
    0xff, 0xff, 0xfd, 0x0, 0x0, 0x4, 0xff, 0x0,
    0x1b, 0xfa, 0x33, 0x33, 0x3f, 0xf7, 0x0, 0x0,
    0x4, 0xff, 0x0, 0x4, 0xff, 0x30, 0x0, 0x9f,
    0xe0, 0x0, 0x0, 0x4, 0xff, 0x6, 0x10, 0xaf,
    0xe2, 0x6, 0xff, 0x50, 0x0, 0x0, 0x4, 0xff,
    0x9f, 0x70, 0xd, 0xfe, 0x8f, 0xf9, 0x0, 0x0,
    0x0, 0x4, 0xff, 0xff, 0x60, 0x2, 0xef, 0xff,
    0xa0, 0x0, 0x0, 0x0, 0x8, 0xff, 0xf4, 0x0,
    0x29, 0xff, 0xff, 0xd6, 0x0, 0x0, 0x0, 0x2f,
    0xfe, 0x23, 0x7c, 0xff, 0xfd, 0xaf, 0xff, 0xfa,
    0x61, 0x0, 0xb, 0xc1, 0x7, 0xff, 0xfd, 0x60,
    0x3, 0xbf, 0xff, 0xe1, 0x0, 0x2, 0x10, 0x0,
    0xc8, 0x30, 0x0, 0x0, 0x2, 0x7c, 0x50,

    /* U+8BF5 "诵" */
    0x0, 0x1, 0x0, 0x0, 0x0, 0x0, 0x0, 0x0,
    0x0, 0x0, 0x0, 0x4, 0xf8, 0x0, 0x0, 0xff,
    0xff, 0xff, 0xff, 0xff, 0x90, 0x0, 0x7f, 0xfb,
    0x0, 0x1f, 0xff, 0xff, 0xff, 0xff, 0xfc, 0x0,
    0x0, 0x6f, 0xfb, 0x0, 0x0, 0x31, 0x0, 0x5f,
    0xfb, 0x0, 0x0, 0x0, 0x7f, 0xb0, 0x0, 0x1e,
    0xfa, 0xbf, 0xf8, 0x0, 0x0, 0x0, 0x0, 0x60,
    0x0, 0x1, 0x8e, 0xff, 0xfb, 0x0, 0x0, 0x0,
    0x0, 0x0, 0x0, 0x13, 0x33, 0x39, 0xff, 0xfd,
    0x33, 0x10, 0xff, 0xff, 0xe0, 0x5, 0xff, 0xff,
    0xff, 0xff, 0xff, 0xf6, 0xf, 0xff, 0xff, 0x0,
    0x5f, 0xfd, 0xdf, 0xfe, 0xdd, 0xef, 0x60, 0x55,
    0x8f, 0xf0, 0x5, 0xfd, 0x0, 0xef, 0x30, 0x8,
    0xf6, 0x0, 0x4, 0xff, 0x0, 0x5f, 0xd1, 0x1f,
    0xf4, 0x11, 0x9f, 0x60, 0x0, 0x4f, 0xf0, 0x5,
    0xff, 0xff, 0xff, 0xff, 0xff, 0xf6, 0x0, 0x4,
    0xff, 0x0, 0x5f, 0xfe, 0xef, 0xfe, 0xee, 0xff,
    0x60, 0x0, 0x4f, 0xf0, 0x5, 0xfd, 0x0, 0xef,
    0x30, 0x8, 0xf6, 0x0, 0x4, 0xff, 0x5, 0x5f,
    0xd4, 0x4f, 0xf7, 0x44, 0xaf, 0x60, 0x0, 0x4f,
    0xf9, 0xfb, 0xff, 0xff, 0xff, 0xff, 0xff, 0xf6,
    0x0, 0x5, 0xff, 0xff, 0xef, 0xfc, 0xcf, 0xfc,
    0xcc, 0xef, 0x60, 0x0, 0x9f, 0xff, 0x85, 0xfd,
    0x0, 0xef, 0x30, 0x8, 0xf6, 0x0, 0x4f, 0xff,
    0x40, 0x5f, 0xd0, 0xe, 0xf3, 0x1, 0x9f, 0x60,
    0x3, 0xfd, 0x20, 0x5, 0xfd, 0x0, 0xef, 0x37,
    0xff, 0xf5, 0x0, 0x3, 0x10, 0x0, 0x5f, 0xd0,
    0xd, 0xe3, 0x1f, 0xfa, 0x0,

    /* U+8BFB "读" */
    0x0, 0x3, 0x0, 0x0, 0x0, 0x0, 0xa, 0xc5,
    0x0, 0x0, 0x0, 0x0, 0x9f, 0x70, 0x0, 0x0,
    0x0, 0xe, 0xf6, 0x0, 0x0, 0x0, 0x0, 0xbf,
    0xfa, 0x0, 0x4f, 0xff, 0xff, 0xff, 0xff, 0xfc,
    0x0, 0x0, 0x9, 0xff, 0xb0, 0x4f, 0xff, 0xff,
    0xff, 0xff, 0xfd, 0x0, 0x0, 0x0, 0x9f, 0x50,
    0x0, 0x0, 0xe, 0xf7, 0x0, 0x0, 0x0, 0x0,
    0x0, 0x4, 0x0, 0x66, 0x66, 0x6f, 0xfa, 0x66,
    0x77, 0x40, 0x0, 0x0, 0x0, 0x1, 0xff, 0xff,
    0xff, 0xff, 0xff, 0xff, 0xb0, 0x5f, 0xff, 0xfa,
    0x0, 0xbb, 0xbb, 0xbb, 0xbb, 0xbb, 0xef, 0x60,
    0x5f, 0xff, 0xfa, 0x0, 0x1, 0xb6, 0x3, 0xbb,
    0x0, 0xef, 0x20, 0x15, 0x5a, 0xfa, 0x0, 0x2,
    0xbf, 0xd8, 0xff, 0x4, 0xfc, 0x0, 0x0, 0x8,
    0xfa, 0x0, 0x9c, 0x36, 0xfb, 0xff, 0x0, 0x33,
    0x0, 0x0, 0x8, 0xfa, 0x0, 0x7f, 0xf8, 0x16,
    0xfe, 0x0, 0x0, 0x0, 0x0, 0x8, 0xfa, 0x0,
    0x2, 0xcd, 0x17, 0xfd, 0x0, 0x0, 0x0, 0x0,
    0x8, 0xfa, 0x7, 0xff, 0xff, 0xff, 0xff, 0xff,
    0xff, 0xe0, 0x0, 0x8, 0xfa, 0xa, 0xff, 0xff,
    0xff, 0xff, 0xff, 0xff, 0xe0, 0x0, 0x8, 0xfc,
    0xdc, 0x11, 0x11, 0xcf, 0xe2, 0x61, 0x11, 0x10,
    0x0, 0x8, 0xff, 0xfe, 0x0, 0x8, 0xff, 0x6a,
    0xfb, 0x10, 0x0, 0x0, 0xa, 0xff, 0xd2, 0x1,
    0xaf, 0xfa, 0x3, 0xdf, 0xe4, 0x0, 0x0, 0x2f,
    0xfb, 0x1, 0x7e, 0xff, 0xa0, 0x0, 0xa, 0xff,
    0x70, 0x0, 0x2f, 0xa0, 0x8, 0xff, 0xe6, 0x0,
    0x0, 0x0, 0x8f, 0xf2, 0x0, 0x3, 0x0, 0x0,
    0xb8, 0x10, 0x0, 0x0, 0x0, 0x7, 0x40,

    /* U+8D25 "败" */
    0x0, 0x0, 0x0, 0x0, 0x0, 0x0, 0x4, 0x73,
    0x0, 0x0, 0x0, 0x1, 0xcc, 0xcc, 0xcc, 0xcc,
    0x10, 0xa, 0xfa, 0x0, 0x0, 0x0, 0x1, 0xff,
    0xff, 0xff, 0xff, 0x10, 0xe, 0xf6, 0x0, 0x0,
    0x0, 0x1, 0xfd, 0x55, 0x55, 0xef, 0x10, 0x2f,
    0xf2, 0x0, 0x0, 0x0, 0x1, 0xfd, 0x4, 0x50,
    0xef, 0x10, 0x8f, 0xfc, 0xcc, 0xcc, 0xc1, 0x1,
    0xfd, 0xf, 0xf1, 0xef, 0x10, 0xef, 0xff, 0xff,
    0xff, 0xf1, 0x1, 0xfd, 0xf, 0xf1, 0xef, 0x15,
    0xff, 0x54, 0x47, 0xfd, 0x40, 0x1, 0xfd, 0xf,
    0xf1, 0xef, 0x1d, 0xfa, 0x0, 0x6, 0xfa, 0x0,
    0x1, 0xfd, 0xf, 0xf1, 0xef, 0x8f, 0xfb, 0x0,
    0x8, 0xf7, 0x0, 0x1, 0xfd, 0xf, 0xf1, 0xef,
    0xcf, 0xff, 0x10, 0xb, 0xf4, 0x0, 0x1, 0xfd,
    0xf, 0xf1, 0xef, 0x2d, 0xcf, 0x60, 0xf, 0xf1,
    0x0, 0x1, 0xfd, 0xf, 0xf1, 0xef, 0x10, 0x5f,
    0xd0, 0x4f, 0xc0, 0x0, 0x1, 0xfd, 0xf, 0xf0,
    0xef, 0x10, 0xe, 0xf5, 0xaf, 0x70, 0x0, 0x1,
    0xfd, 0x2f, 0xe0, 0xef, 0x10, 0x7, 0xfd, 0xff,
    0x10, 0x0, 0x0, 0xb9, 0x5f, 0xb0, 0x9a, 0x0,
    0x0, 0xef, 0xfa, 0x0, 0x0, 0x0, 0x0, 0xbf,
    0x79, 0x30, 0x0, 0x0, 0x7f, 0xf6, 0x0, 0x0,
    0x0, 0x3, 0xff, 0x7f, 0xd0, 0x0, 0x2, 0xef,
    0xff, 0x30, 0x0, 0x0, 0x1e, 0xf8, 0xc, 0xf9,
    0x0, 0x3e, 0xfc, 0xcf, 0xf5, 0x0, 0x3, 0xef,
    0xc0, 0x2, 0xff, 0x47, 0xff, 0xd1, 0x1c, 0xff,
    0xa1, 0xb, 0xfc, 0x10, 0x0, 0x8b, 0x2b, 0xfc,
    0x10, 0x0, 0xaf, 0xd1, 0x0, 0x70, 0x0, 0x0,
    0x0, 0x1, 0x60, 0x0, 0x0, 0x5, 0x30,

    /* U+8F6E "轮" */
    0x0, 0x1, 0x85, 0x0, 0x0, 0x0, 0x3, 0x96,
    0x10, 0x0, 0x0, 0x0, 0x4, 0xfe, 0x0, 0x0,
    0x0, 0xa, 0xff, 0x20, 0x0, 0x0, 0x3, 0x38,
    0xfc, 0x33, 0x20, 0x0, 0x2f, 0xff, 0x90, 0x0,
    0x0, 0x1f, 0xff, 0xff, 0xff, 0xf0, 0x0, 0xbf,
    0xff, 0xf3, 0x0, 0x0, 0x1f, 0xff, 0xff, 0xff,
    0xf0, 0x6, 0xff, 0x7c, 0xfd, 0x0, 0x0, 0x0,
    0x2f, 0xe0, 0x0, 0x0, 0x2f, 0xfd, 0x2, 0xff,
    0xa0, 0x0, 0x0, 0x6f, 0xa6, 0x60, 0x1, 0xef,
    0xf3, 0x0, 0x8f, 0xf8, 0x0, 0x0, 0xaf, 0x6f,
    0xf0, 0x2d, 0xff, 0x70, 0x0, 0xc, 0xff, 0x90,
    0x0, 0xfe, 0x2f, 0xf0, 0xaf, 0xfe, 0x83, 0x0,
    0x1, 0xef, 0xd1, 0x7, 0xfb, 0x4f, 0xf3, 0x4e,
    0xaf, 0xf6, 0x0, 0x1, 0x2e, 0x20, 0xe, 0xff,
    0xff, 0xff, 0xe2, 0xf, 0xf6, 0x0, 0x7f, 0x50,
    0x0, 0x9, 0xff, 0xff, 0xff, 0xd0, 0xf, 0xf6,
    0x2c, 0xff, 0xe0, 0x0, 0x0, 0x0, 0x1f, 0xf0,
    0x0, 0xf, 0xfc, 0xff, 0xfa, 0x20, 0x0, 0x0,
    0x0, 0x1f, 0xf0, 0x0, 0xf, 0xff, 0xfc, 0x30,
    0x0, 0x0, 0x0, 0x24, 0x7f, 0xfd, 0xf4, 0xf,
    0xfc, 0x40, 0x0, 0x0, 0x0, 0x3f, 0xff, 0xff,
    0xff, 0xf4, 0xf, 0xf6, 0x0, 0x0, 0x65, 0x0,
    0xf, 0xfd, 0xbf, 0xf2, 0x0, 0xf, 0xf6, 0x0,
    0x0, 0xaf, 0x80, 0x2, 0x0, 0x1f, 0xf0, 0x0,
    0xf, 0xf7, 0x0, 0x0, 0xdf, 0x60, 0x0, 0x0,
    0x1f, 0xf0, 0x0, 0xc, 0xff, 0xff, 0xff, 0xff,
    0x20, 0x0, 0x0, 0x1f, 0xf0, 0x0, 0x4, 0xff,
    0xff, 0xff, 0xf8, 0x0, 0x0, 0x0, 0x1f, 0xf0,
    0x0, 0x0, 0x2, 0x33, 0x32, 0x10, 0x0,

    /* U+8FDB "进" */
    0x0, 0x1, 0x0, 0x0, 0x0, 0x13, 0x30, 0x1,
    0x33, 0x0, 0x0, 0x2, 0xde, 0x20, 0x0, 0x0,
    0x7f, 0xe0, 0x7, 0xfe, 0x0, 0x0, 0x1, 0xdf,
    0xe3, 0x0, 0x0, 0x7f, 0xe0, 0x7, 0xfe, 0x0,
    0x0, 0x0, 0x1e, 0xff, 0x20, 0x0, 0x7f, 0xe0,
    0x7, 0xfe, 0x0, 0x0, 0x0, 0x2, 0xff, 0x54,
    0xff, 0xff, 0xff, 0xff, 0xff, 0xff, 0x80, 0x0,
    0x0, 0x43, 0x4, 0xff, 0xff, 0xff, 0xff, 0xff,
    0xff, 0x80, 0x0, 0x0, 0x0, 0x1, 0x55, 0xaf,
    0xf5, 0x5a, 0xff, 0x55, 0x20, 0x0, 0x0, 0x0,
    0x0, 0x0, 0x7f, 0xe0, 0x7, 0xfe, 0x0, 0x0,
    0xb, 0xbb, 0xbb, 0x0, 0x0, 0x7f, 0xe0, 0x7,
    0xfe, 0x0, 0x0, 0xf, 0xff, 0xff, 0x1, 0x33,
    0x9f, 0xe3, 0x38, 0xff, 0x33, 0x30, 0x8, 0x8b,
    0xff, 0x7, 0xff, 0xff, 0xff, 0xff, 0xff, 0xff,
    0xf0, 0x0, 0x5, 0xff, 0x7, 0xff, 0xff, 0xff,
    0xff, 0xff, 0xff, 0xf0, 0x0, 0x5, 0xff, 0x0,
    0x1, 0xff, 0x70, 0x7, 0xfe, 0x0, 0x0, 0x0,
    0x5, 0xff, 0x0, 0x5, 0xff, 0x20, 0x7, 0xfe,
    0x0, 0x0, 0x0, 0x5, 0xff, 0x0, 0x1e, 0xfc,
    0x0, 0x7, 0xfe, 0x0, 0x0, 0x0, 0x5, 0xff,
    0x0, 0xcf, 0xf4, 0x0, 0x7, 0xfe, 0x0, 0x0,
    0x0, 0x2c, 0xff, 0x50, 0x5f, 0x80, 0x0, 0x7,
    0xfe, 0x0, 0x0, 0x5, 0xff, 0xff, 0xfc, 0x54,
    0x0, 0x0, 0x1, 0x33, 0x1, 0x21, 0x3f, 0xfd,
    0x25, 0xef, 0xff, 0xfe, 0xdd, 0xde, 0xef, 0xff,
    0xf2, 0xa, 0xe1, 0x0, 0x7, 0xdf, 0xff, 0xff,
    0xff, 0xff, 0xff, 0xe0, 0x1, 0x40, 0x0, 0x0,
    0x1, 0x34, 0x55, 0x54, 0x44, 0x32, 0x10,

    /* U+9000 "退" */
    0x0, 0x79, 0x0, 0x0, 0x6d, 0xfd, 0xdd, 0xdd,
    0xdd, 0xd3, 0x0, 0x5, 0xff, 0xb0, 0x0, 0x7f,
    0xff, 0xff, 0xff, 0xff, 0xf4, 0x0, 0x0, 0x6f,
    0xfb, 0x0, 0x7f, 0xe0, 0x0, 0x0, 0x1f, 0xf4,
    0x0, 0x0, 0x6, 0xff, 0x30, 0x7f, 0xfa, 0xaa,
    0xaa, 0xaf, 0xf4, 0x0, 0x0, 0x0, 0x82, 0x0,
    0x7f, 0xff, 0xff, 0xff, 0xff, 0xf4, 0x0, 0x0,
    0x0, 0x0, 0x0, 0x7f, 0xf1, 0x11, 0x11, 0x2f,
    0xf4, 0x0, 0x0, 0x0, 0x0, 0x0, 0x7f, 0xf4,
    0x44, 0x44, 0x5f, 0xf4, 0x0, 0xf, 0xff, 0xfe,
    0x0, 0x7f, 0xff, 0xff, 0xff, 0xff, 0xf4, 0x0,
    0xf, 0xff, 0xff, 0x0, 0x7f, 0xf9, 0x99, 0x99,
    0x99, 0xc7, 0x0, 0x4, 0x47, 0xff, 0x0, 0x7f,
    0xe0, 0xa, 0xb1, 0x5, 0xff, 0x90, 0x0, 0x5,
    0xff, 0x0, 0x7f, 0xe0, 0x2d, 0xfe, 0xaf, 0xfc,
    0x20, 0x0, 0x5, 0xff, 0x0, 0x7f, 0xe0, 0x1,
    0xbf, 0xff, 0x60, 0x0, 0x0, 0x5, 0xff, 0x0,
    0x8f, 0xe0, 0x25, 0x39, 0xff, 0x70, 0x0, 0x0,
    0x5, 0xff, 0x0, 0xcf, 0xff, 0xff, 0x60, 0x8f,
    0xf9, 0x0, 0x0, 0x5, 0xff, 0x4, 0xff, 0xff,
    0xeb, 0x40, 0x7, 0xff, 0x50, 0x0, 0x9, 0xff,
    0x50, 0xcb, 0x62, 0x0, 0x0, 0x0, 0x87, 0x0,
    0x3, 0xdf, 0xff, 0xfd, 0x72, 0x0, 0x0, 0x0,
    0x0, 0x1, 0x11, 0x2f, 0xfe, 0x54, 0xcf, 0xff,
    0xff, 0xee, 0xee, 0xff, 0xff, 0xf5, 0xa, 0xe2,
    0x0, 0x4, 0xae, 0xff, 0xff, 0xff, 0xff, 0xff,
    0xf0, 0x1, 0x20, 0x0, 0x0, 0x0, 0x2, 0x23,
    0x32, 0x21, 0x10, 0x0,

    /* U+91CF "量" */
    0x0, 0x0, 0x11, 0x11, 0x11, 0x11, 0x11, 0x11,
    0x11, 0x0, 0x0, 0x0, 0x2, 0xff, 0xff, 0xff,
    0xff, 0xff, 0xff, 0xff, 0x20, 0x0, 0x0, 0x2,
    0xff, 0x43, 0x33, 0x33, 0x33, 0x36, 0xff, 0x20,
    0x0, 0x0, 0x2, 0xff, 0xff, 0xff, 0xff, 0xff,
    0xff, 0xff, 0x20, 0x0, 0x0, 0x2, 0xff, 0x43,
    0x33, 0x33, 0x33, 0x36, 0xff, 0x20, 0x0, 0x0,
    0x2, 0xff, 0xdd, 0xdd, 0xdd, 0xdd, 0xde, 0xff,
    0x20, 0x0, 0x0, 0x1, 0x77, 0x77, 0x77, 0x77,
    0x77, 0x77, 0x77, 0x10, 0x0, 0xb, 0xbb, 0xbb,
    0xbb, 0xbb, 0xbb, 0xbb, 0xbb, 0xbb, 0xbb, 0xb0,
    0xe, 0xff, 0xff, 0xff, 0xff, 0xff, 0xff, 0xff,
    0xff, 0xff, 0xf0, 0x0, 0x3, 0x55, 0x55, 0x55,
    0x55, 0x55, 0x55, 0x55, 0x30, 0x0, 0x0, 0x9,
    0xff, 0xff, 0xff, 0xff, 0xff, 0xff, 0xff, 0xb0,
    0x0, 0x0, 0x9, 0xfb, 0x22, 0x24, 0xff, 0x42,
    0x22, 0xaf, 0xb0, 0x0, 0x0, 0x9, 0xff, 0xff,
    0xff, 0xff, 0xff, 0xff, 0xff, 0xb0, 0x0, 0x0,
    0x9, 0xfb, 0x11, 0x14, 0xff, 0x31, 0x11, 0xaf,
    0xb0, 0x0, 0x0, 0x9, 0xff, 0xff, 0xff, 0xff,
    0xff, 0xff, 0xff, 0xb0, 0x0, 0x0, 0x1, 0x33,
    0x33, 0x35, 0xff, 0x43, 0x33, 0x33, 0x20, 0x0,
    0x0, 0x1f, 0xff, 0xff, 0xff, 0xff, 0xff, 0xff,
    0xff, 0xf2, 0x0, 0x0, 0x9, 0x99, 0x99, 0x9a,
    0xff, 0xa9, 0x99, 0x99, 0x91, 0x0, 0x2, 0x22,
    0x22, 0x22, 0x25, 0xff, 0x42, 0x22, 0x22, 0x22,
    0x20, 0xf, 0xff, 0xff, 0xff, 0xff, 0xff, 0xff,
    0xff, 0xff, 0xff, 0xf1, 0x9, 0x99, 0x99, 0x99,
    0x99, 0x99, 0x99, 0x99, 0x99, 0x99, 0x90,

    /* U+95ED "闭" */
    0x0, 0x20, 0x0, 0x0, 0x0, 0x0, 0x0, 0x0,
    0x0, 0x0, 0x8, 0xf9, 0x0, 0x25, 0x55, 0x55,
    0x55, 0x55, 0x55, 0x51, 0x6, 0xff, 0x70, 0x6f,
    0xff, 0xff, 0xff, 0xff, 0xff, 0xf6, 0x0, 0x9f,
    0xf3, 0x5d, 0xdd, 0xdd, 0xdd, 0xdd, 0xdf, 0xf6,
    0x0, 0xc, 0xa1, 0x0, 0x0, 0x2, 0x21, 0x0,
    0xe, 0xf6, 0x15, 0x40, 0x0, 0x0, 0x0, 0xf,
    0xf7, 0x0, 0xe, 0xf6, 0x6f, 0xf0, 0x0, 0x0,
    0x0, 0xf, 0xf7, 0x0, 0xe, 0xf6, 0x6f, 0xf0,
    0x34, 0x44, 0x44, 0x4f, 0xfa, 0x44, 0xe, 0xf6,
    0x6f, 0xf0, 0xbf, 0xff, 0xff, 0xff, 0xff, 0xff,
    0x2e, 0xf6, 0x6f, 0xf0, 0xaf, 0xff, 0xff, 0xff,
    0xff, 0xff, 0x2e, 0xf6, 0x6f, 0xf0, 0x0, 0x0,
    0xc, 0xff, 0xf7, 0x0, 0xe, 0xf6, 0x6f, 0xf0,
    0x0, 0x0, 0xbf, 0xff, 0xf7, 0x0, 0xe, 0xf6,
    0x6f, 0xf0, 0x0, 0xb, 0xff, 0x6f, 0xf7, 0x0,
    0xe, 0xf6, 0x6f, 0xf0, 0x2, 0xdf, 0xf7, 0xf,
    0xf7, 0x0, 0xe, 0xf6, 0x6f, 0xf0, 0x7f, 0xff,
    0x50, 0xf, 0xf7, 0x0, 0xe, 0xf6, 0x6f, 0xf5,
    0xff, 0xd3, 0x0, 0xf, 0xf7, 0x0, 0xe, 0xf6,
    0x6f, 0xf0, 0x68, 0x1, 0x33, 0x3f, 0xf7, 0x0,
    0xe, 0xf6, 0x6f, 0xf0, 0x0, 0x0, 0xff, 0xff,
    0xf5, 0x0, 0xe, 0xf6, 0x6f, 0xf0, 0x0, 0x0,
    0xaf, 0xfd, 0x80, 0x12, 0x2f, 0xf6, 0x6f, 0xf0,
    0x0, 0x0, 0x0, 0x0, 0x0, 0x4f, 0xff, 0xf4,
    0x6f, 0xf0, 0x0, 0x0, 0x0, 0x0, 0x0, 0xf,
    0xfd, 0x80,

    /* U+969C "障" */
    0x0, 0x0, 0x0, 0x0, 0x0, 0x1, 0x79, 0x0,
    0x0, 0x0, 0xac, 0xcc, 0xcc, 0x50, 0x0, 0x3,
    0xff, 0x30, 0x0, 0x0, 0xdf, 0xff, 0xff, 0xf7,
    0xff, 0xff, 0xff, 0xff, 0xff, 0xf0, 0xdf, 0x85,
    0xcf, 0xa5, 0xcd, 0xfd, 0xcc, 0xcf, 0xdc, 0xb0,
    0xdf, 0x30, 0xef, 0x50, 0x7, 0xf9, 0x0, 0x4f,
    0xf1, 0x0, 0xdf, 0x33, 0xff, 0x4c, 0xcd, 0xff,
    0xcc, 0xef, 0xfc, 0xc7, 0xdf, 0x38, 0xf9, 0x4f,
    0xff, 0xff, 0xff, 0xff, 0xff, 0xfa, 0xdf, 0x3e,
    0xf3, 0x1, 0x11, 0x11, 0x11, 0x11, 0x11, 0x10,
    0xdf, 0x4b, 0xfa, 0x0, 0x89, 0x99, 0x99, 0x99,
    0x99, 0x30, 0xdf, 0x31, 0xef, 0x30, 0xff, 0xff,
    0xff, 0xff, 0xff, 0x60, 0xdf, 0x30, 0x8f, 0x90,
    0xff, 0x52, 0x22, 0x22, 0xef, 0x60, 0xdf, 0x30,
    0x4f, 0xc0, 0xff, 0xff, 0xff, 0xff, 0xff, 0x60,
    0xdf, 0x30, 0x3f, 0xd0, 0xff, 0x63, 0x33, 0x33,
    0xef, 0x60, 0xdf, 0x53, 0xaf, 0xc0, 0xff, 0xcb,
    0xbb, 0xbb, 0xff, 0x60, 0xdf, 0x7f, 0xff, 0x80,
    0xcd, 0xdd, 0xff, 0xed, 0xdd, 0x50, 0xdf, 0x4c,
    0xb7, 0x0, 0x0, 0x0, 0xef, 0x60, 0x0, 0x0,
    0xdf, 0x30, 0x0, 0x3f, 0xff, 0xff, 0xff, 0xff,
    0xff, 0xfb, 0xdf, 0x30, 0x0, 0x3f, 0xff, 0xff,
    0xff, 0xff, 0xff, 0xfa, 0xdf, 0x30, 0x0, 0x0,
    0x0, 0x0, 0xef, 0x60, 0x0, 0x0, 0xdf, 0x30,
    0x0, 0x0, 0x0, 0x0, 0xef, 0x60, 0x0, 0x0,
    0xdf, 0x30, 0x0, 0x0, 0x0, 0x0, 0xef, 0x60,
    0x0, 0x0,

    /* U+97F3 "音" */
    0x0, 0x0, 0x0, 0x0, 0x0, 0x0, 0x0, 0x0,
    0x0, 0x0, 0x0, 0x0, 0x0, 0x0, 0x7d, 0xe0,
    0x0, 0x0, 0x0, 0x0, 0x0, 0x0, 0x0, 0x0,
    0x4f, 0xf6, 0x0, 0x0, 0x0, 0x0, 0x9, 0xff,
    0xff, 0xff, 0xff, 0xff, 0xff, 0xff, 0xff, 0xd0,
    0x9, 0xff, 0xff, 0xff, 0xff, 0xff, 0xff, 0xff,
    0xff, 0xe0, 0x1, 0x22, 0x8d, 0xc2, 0x22, 0x22,
    0x2a, 0xeb, 0x22, 0x10, 0x0, 0x0, 0x6f, 0xf3,
    0x0, 0x0, 0xe, 0xfc, 0x0, 0x0, 0x0, 0x0,
    0xf, 0xf9, 0x0, 0x0, 0x5f, 0xf4, 0x0, 0x0,
    0xcf, 0xff, 0xff, 0xff, 0xff, 0xff, 0xff, 0xff,
    0xff, 0xfd, 0xdf, 0xff, 0xff, 0xff, 0xff, 0xff,
    0xff, 0xff, 0xff, 0xfe, 0x22, 0x22, 0x22, 0x22,
    0x22, 0x22, 0x22, 0x22, 0x22, 0x22, 0x0, 0x0,
    0x0, 0x0, 0x0, 0x0, 0x0, 0x0, 0x0, 0x0,
    0x0, 0xf, 0xff, 0xff, 0xff, 0xff, 0xff, 0xff,
    0xf4, 0x0, 0x0, 0xf, 0xff, 0xee, 0xee, 0xee,
    0xee, 0xff, 0xf4, 0x0, 0x0, 0xf, 0xf5, 0x0,
    0x0, 0x0, 0x0, 0x3f, 0xf4, 0x0, 0x0, 0xf,
    0xfc, 0xaa, 0xaa, 0xaa, 0xaa, 0xbf, 0xf4, 0x0,
    0x0, 0xf, 0xff, 0xff, 0xff, 0xff, 0xff, 0xff,
    0xf4, 0x0, 0x0, 0xf, 0xf6, 0x22, 0x22, 0x22,
    0x22, 0x5f, 0xf4, 0x0, 0x0, 0xf, 0xf5, 0x0,
    0x0, 0x0, 0x0, 0x3f, 0xf4, 0x0, 0x0, 0xf,
    0xff, 0xff, 0xff, 0xff, 0xff, 0xff, 0xf4, 0x0,
    0x0, 0xf, 0xff, 0xff, 0xff, 0xff, 0xff, 0xff,
    0xf4, 0x0, 0x0, 0xf, 0xf5, 0x0, 0x0, 0x0,
    0x0, 0x3f, 0xf4, 0x0, 0x0, 0x0, 0x0, 0x0,
    0x0, 0x0, 0x0, 0x0, 0x0, 0x0,

    /* U+9AD8 "高" */
    0x0, 0x0, 0x0, 0x0, 0x27, 0x90, 0x0, 0x0,
    0x0, 0x0, 0x0, 0x0, 0x0, 0x0, 0x7f, 0xf3,
    0x0, 0x0, 0x0, 0x0, 0x78, 0x88, 0x88, 0x88,
    0xaf, 0xfc, 0x88, 0x88, 0x88, 0x84, 0xef, 0xff,
    0xff, 0xff, 0xff, 0xff, 0xff, 0xff, 0xff, 0xf8,
    0x77, 0x77, 0x77, 0x77, 0x77, 0x77, 0x77, 0x77,
    0x77, 0x74, 0x0, 0x7, 0x88, 0x88, 0x88, 0x88,
    0x88, 0x88, 0x80, 0x0, 0x0, 0xc, 0xff, 0xff,
    0xff, 0xff, 0xff, 0xff, 0xf0, 0x0, 0x0, 0xc,
    0xfa, 0x0, 0x0, 0x0, 0x0, 0x8f, 0xf0, 0x0,
    0x0, 0xc, 0xfd, 0x99, 0x99, 0x99, 0x99, 0xcf,
    0xf0, 0x0, 0x0, 0xc, 0xff, 0xff, 0xff, 0xff,
    0xff, 0xff, 0xf0, 0x0, 0x0, 0x0, 0x0, 0x0,
    0x0, 0x0, 0x0, 0x0, 0x0, 0x0, 0x3f, 0xff,
    0xff, 0xff, 0xff, 0xff, 0xff, 0xff, 0xff, 0xf1,
    0x3f, 0xff, 0xff, 0xff, 0xff, 0xff, 0xff, 0xff,
    0xff, 0xf2, 0x3f, 0xf2, 0x0, 0x10, 0x0, 0x0,
    0x0, 0x0, 0x4f, 0xf2, 0x3f, 0xf2, 0xe, 0xff,
    0xff, 0xff, 0xff, 0x90, 0x4f, 0xf2, 0x3f, 0xf2,
    0xe, 0xfb, 0x99, 0x99, 0xcf, 0x90, 0x4f, 0xf2,
    0x3f, 0xf2, 0xe, 0xf4, 0x0, 0x0, 0x7f, 0x90,
    0x4f, 0xf2, 0x3f, 0xf2, 0xe, 0xff, 0xff, 0xff,
    0xff, 0x90, 0x4f, 0xf2, 0x3f, 0xf2, 0xe, 0xfc,
    0xbb, 0xbb, 0xbb, 0x70, 0x4f, 0xf2, 0x3f, 0xf2,
    0x9, 0xa2, 0x0, 0x0, 0x0, 0xad, 0xef, 0xf0,
    0x3f, 0xf2, 0x0, 0x0, 0x0, 0x0, 0x0, 0x5d,
    0xdb, 0x50,

    /* U+9C7C "鱼" */
    0x0, 0x0, 0x0, 0x4a, 0x61, 0x0, 0x0, 0x0,
    0x0, 0x0, 0x0, 0x0, 0x0, 0xe, 0xfe, 0x10,
    0x0, 0x0, 0x0, 0x0, 0x0, 0x0, 0x0, 0xa,
    0xff, 0xff, 0xff, 0xff, 0xe4, 0x0, 0x0, 0x0,
    0x0, 0x8, 0xff, 0xff, 0xff, 0xff, 0xff, 0x70,
    0x0, 0x0, 0x0, 0x8, 0xff, 0xb1, 0x0, 0x1,
    0xef, 0xc0, 0x0, 0x0, 0x0, 0xa, 0xff, 0xc0,
    0x0, 0x0, 0xaf, 0xf2, 0x0, 0x0, 0x0, 0xd,
    0xff, 0xff, 0xff, 0xff, 0xff, 0xff, 0xff, 0xff,
    0xa0, 0x0, 0x7f, 0xff, 0xff, 0xff, 0xff, 0xff,
    0xff, 0xff, 0xfb, 0x0, 0x0, 0x5a, 0xf9, 0x0,
    0x3, 0xff, 0x10, 0x0, 0xaf, 0xb0, 0x0, 0x0,
    0xaf, 0x90, 0x0, 0x3f, 0xf1, 0x0, 0xa, 0xfb,
    0x0, 0x0, 0xa, 0xfe, 0xdd, 0xdd, 0xff, 0xdd,
    0xdd, 0xff, 0xb0, 0x0, 0x0, 0xaf, 0xff, 0xff,
    0xff, 0xff, 0xff, 0xff, 0xfb, 0x0, 0x0, 0xa,
    0xf9, 0x0, 0x3, 0xff, 0x10, 0x0, 0xaf, 0xb0,
    0x0, 0x0, 0xaf, 0x90, 0x0, 0x3f, 0xf1, 0x0,
    0xa, 0xfb, 0x0, 0x0, 0xa, 0xfe, 0xcc, 0xcd,
    0xff, 0xcc, 0xcc, 0xef, 0xb0, 0x0, 0x0, 0xaf,
    0xff, 0xff, 0xff, 0xff, 0xff, 0xff, 0xfb, 0x0,
    0x0, 0x2, 0x33, 0x33, 0x33, 0x33, 0x33, 0x33,
    0x33, 0x20, 0x0, 0x22, 0x22, 0x22, 0x22, 0x22,
    0x22, 0x22, 0x22, 0x22, 0x21, 0xe, 0xff, 0xff,
    0xff, 0xff, 0xff, 0xff, 0xff, 0xff, 0xff, 0xa0,
    0xef, 0xff, 0xff, 0xff, 0xff, 0xff, 0xff, 0xff,
    0xff, 0xfa, 0x0, 0x11, 0x11, 0x11, 0x11, 0x11,
    0x11, 0x11, 0x11, 0x11, 0x0,

    /* U+FF0C "，" */
    0x0, 0x11, 0x0, 0x8, 0xff, 0x70, 0xf, 0xff,
    0xf1, 0xd, 0xff, 0xf3, 0x1, 0x8e, 0xf2, 0x0,
    0x1f, 0xe0, 0x2, 0xdf, 0x70, 0x6f, 0xf9, 0x0,
    0x2c, 0x50, 0x0,

    /* U+FF1A "：" */
    0x0, 0x10, 0x0, 0xaf, 0xe3, 0x3f, 0xff, 0xa2,
    0xff, 0xf9, 0x5, 0xb9, 0x0, 0x0, 0x0, 0x0,
    0x0, 0x0, 0x0, 0x0, 0x0, 0x0, 0x0, 0x0,
    0x0, 0x0, 0x0, 0x0, 0x5b, 0x90, 0x2f, 0xff,
    0x83, 0xff, 0xfa, 0xb, 0xfe, 0x30, 0x1, 0x0
};


/*---------------------
 *  GLYPH DESCRIPTION
 *--------------------*/

static const lv_font_fmt_txt_glyph_dsc_t glyph_dsc[] = {
    {.bitmap_index = 0, .adv_w = 0, .box_w = 0, .box_h = 0, .ofs_x = 0, .ofs_y = 0} /* id = 0 reserved */,
    {.bitmap_index = 0, .adv_w = 80, .box_w = 0, .box_h = 0, .ofs_x = 0, .ofs_y = 0},
    {.bitmap_index = 0, .adv_w = 126, .box_w = 4, .box_h = 17, .ofs_x = 2, .ofs_y = 0},
    {.bitmap_index = 34, .adv_w = 192, .box_w = 10, .box_h = 8, .ofs_x = 1, .ofs_y = 10},
    {.bitmap_index = 74, .adv_w = 204, .box_w = 13, .box_h = 17, .ofs_x = 0, .ofs_y = 0},
    {.bitmap_index = 185, .adv_w = 204, .box_w = 11, .box_h = 23, .ofs_x = 1, .ofs_y = -3},
    {.bitmap_index = 312, .adv_w = 335, .box_w = 21, .box_h = 17, .ofs_x = 0, .ofs_y = 0},
    {.bitmap_index = 491, .adv_w = 254, .box_w = 16, .box_h = 17, .ofs_x = 0, .ofs_y = 0},
    {.bitmap_index = 627, .adv_w = 109, .box_w = 4, .box_h = 8, .ofs_x = 1, .ofs_y = 10},
    {.bitmap_index = 643, .adv_w = 129, .box_w = 6, .box_h = 24, .ofs_x = 1, .ofs_y = -5},
    {.bitmap_index = 715, .adv_w = 129, .box_w = 6, .box_h = 24, .ofs_x = 1, .ofs_y = -5},
    {.bitmap_index = 787, .adv_w = 174, .box_w = 9, .box_h = 9, .ofs_x = 1, .ofs_y = 9},
    {.bitmap_index = 828, .adv_w = 204, .box_w = 12, .box_h = 12, .ofs_x = 0, .ofs_y = 3},
    {.bitmap_index = 900, .adv_w = 109, .box_w = 5, .box_h = 9, .ofs_x = 1, .ofs_y = -5},
    {.bitmap_index = 923, .adv_w = 128, .box_w = 6, .box_h = 3, .ofs_x = 1, .ofs_y = 5},
    {.bitmap_index = 932, .adv_w = 109, .box_w = 5, .box_h = 5, .ofs_x = 1, .ofs_y = 0},
    {.bitmap_index = 945, .adv_w = 137, .box_w = 9, .box_h = 23, .ofs_x = 0, .ofs_y = -5},
    {.bitmap_index = 1049, .adv_w = 204, .box_w = 11, .box_h = 17, .ofs_x = 1, .ofs_y = 0},
    {.bitmap_index = 1143, .adv_w = 204, .box_w = 11, .box_h = 17, .ofs_x = 1, .ofs_y = 0},
    {.bitmap_index = 1237, .adv_w = 204, .box_w = 12, .box_h = 17, .ofs_x = 0, .ofs_y = 0},
    {.bitmap_index = 1339, .adv_w = 204, .box_w = 12, .box_h = 17, .ofs_x = 0, .ofs_y = 0},
    {.bitmap_index = 1441, .adv_w = 204, .box_w = 13, .box_h = 17, .ofs_x = 0, .ofs_y = 0},
    {.bitmap_index = 1552, .adv_w = 204, .box_w = 12, .box_h = 17, .ofs_x = 0, .ofs_y = 0},
    {.bitmap_index = 1654, .adv_w = 204, .box_w = 11, .box_h = 17, .ofs_x = 1, .ofs_y = 0},
    {.bitmap_index = 1748, .adv_w = 204, .box_w = 11, .box_h = 17, .ofs_x = 1, .ofs_y = 0},
    {.bitmap_index = 1842, .adv_w = 204, .box_w = 11, .box_h = 17, .ofs_x = 1, .ofs_y = 0},
    {.bitmap_index = 1936, .adv_w = 204, .box_w = 12, .box_h = 17, .ofs_x = 0, .ofs_y = 0},
    {.bitmap_index = 2038, .adv_w = 109, .box_w = 5, .box_h = 13, .ofs_x = 1, .ofs_y = 0},
    {.bitmap_index = 2071, .adv_w = 109, .box_w = 5, .box_h = 18, .ofs_x = 1, .ofs_y = -5},
    {.bitmap_index = 2116, .adv_w = 204, .box_w = 12, .box_h = 12, .ofs_x = 0, .ofs_y = 3},
    {.bitmap_index = 2188, .adv_w = 204, .box_w = 12, .box_h = 8, .ofs_x = 0, .ofs_y = 5},
    {.bitmap_index = 2236, .adv_w = 204, .box_w = 12, .box_h = 12, .ofs_x = 0, .ofs_y = 3},
    {.bitmap_index = 2308, .adv_w = 177, .box_w = 10, .box_h = 17, .ofs_x = 0, .ofs_y = 0},
    {.bitmap_index = 2393, .adv_w = 348, .box_w = 20, .box_h = 21, .ofs_x = 1, .ofs_y = -4},
    {.bitmap_index = 2603, .adv_w = 222, .box_w = 15, .box_h = 17, .ofs_x = -1, .ofs_y = 0},
    {.bitmap_index = 2731, .adv_w = 237, .box_w = 12, .box_h = 17, .ofs_x = 2, .ofs_y = 0},
    {.bitmap_index = 2833, .adv_w = 229, .box_w = 13, .box_h = 17, .ofs_x = 1, .ofs_y = 0},
    {.bitmap_index = 2944, .adv_w = 249, .box_w = 13, .box_h = 17, .ofs_x = 2, .ofs_y = 0},
    {.bitmap_index = 3055, .adv_w = 214, .box_w = 11, .box_h = 17, .ofs_x = 2, .ofs_y = 0},
    {.bitmap_index = 3149, .adv_w = 203, .box_w = 10, .box_h = 17, .ofs_x = 2, .ofs_y = 0},
    {.bitmap_index = 3234, .adv_w = 250, .box_w = 14, .box_h = 17, .ofs_x = 1, .ofs_y = 0},
    {.bitmap_index = 3353, .adv_w = 264, .box_w = 13, .box_h = 17, .ofs_x = 2, .ofs_y = 0},
    {.bitmap_index = 3464, .adv_w = 112, .box_w = 3, .box_h = 17, .ofs_x = 2, .ofs_y = 0},
    {.bitmap_index = 3490, .adv_w = 197, .box_w = 11, .box_h = 17, .ofs_x = 0, .ofs_y = 0},
    {.bitmap_index = 3584, .adv_w = 238, .box_w = 13, .box_h = 17, .ofs_x = 2, .ofs_y = 0},
    {.bitmap_index = 3695, .adv_w = 200, .box_w = 10, .box_h = 17, .ofs_x = 2, .ofs_y = 0},
    {.bitmap_index = 3780, .adv_w = 296, .box_w = 15, .box_h = 17, .ofs_x = 2, .ofs_y = 0},
    {.bitmap_index = 3908, .adv_w = 261, .box_w = 13, .box_h = 17, .ofs_x = 2, .ofs_y = 0},
    {.bitmap_index = 4019, .adv_w = 268, .box_w = 15, .box_h = 17, .ofs_x = 1, .ofs_y = 0},
    {.bitmap_index = 4147, .adv_w = 232, .box_w = 12, .box_h = 17, .ofs_x = 2, .ofs_y = 0},
    {.bitmap_index = 4249, .adv_w = 268, .box_w = 16, .box_h = 21, .ofs_x = 1, .ofs_y = -4},
    {.bitmap_index = 4417, .adv_w = 235, .box_w = 13, .box_h = 17, .ofs_x = 2, .ofs_y = 0},
    {.bitmap_index = 4528, .adv_w = 217, .box_w = 13, .box_h = 17, .ofs_x = 0, .ofs_y = 0},
    {.bitmap_index = 4639, .adv_w = 218, .box_w = 13, .box_h = 17, .ofs_x = 0, .ofs_y = 0},
    {.bitmap_index = 4750, .adv_w = 260, .box_w = 13, .box_h = 17, .ofs_x = 2, .ofs_y = 0},
    {.bitmap_index = 4861, .adv_w = 213, .box_w = 15, .box_h = 17, .ofs_x = -1, .ofs_y = 0},
    {.bitmap_index = 4989, .adv_w = 318, .box_w = 20, .box_h = 17, .ofs_x = 0, .ofs_y = 0},
    {.bitmap_index = 5159, .adv_w = 215, .box_w = 14, .box_h = 17, .ofs_x = 0, .ofs_y = 0},
    {.bitmap_index = 5278, .adv_w = 199, .box_w = 14, .box_h = 17, .ofs_x = -1, .ofs_y = 0},
    {.bitmap_index = 5397, .adv_w = 215, .box_w = 13, .box_h = 17, .ofs_x = 0, .ofs_y = 0},
    {.bitmap_index = 5508, .adv_w = 129, .box_w = 6, .box_h = 22, .ofs_x = 2, .ofs_y = -4},
    {.bitmap_index = 5574, .adv_w = 137, .box_w = 9, .box_h = 23, .ofs_x = 0, .ofs_y = -5},
    {.bitmap_index = 5678, .adv_w = 129, .box_w = 6, .box_h = 22, .ofs_x = 0, .ofs_y = -4},
    {.bitmap_index = 5744, .adv_w = 204, .box_w = 11, .box_h = 10, .ofs_x = 1, .ofs_y = 7},
    {.bitmap_index = 5799, .adv_w = 199, .box_w = 13, .box_h = 2, .ofs_x = 0, .ofs_y = -3},
    {.bitmap_index = 5812, .adv_w = 218, .box_w = 7, .box_h = 7, .ofs_x = 2, .ofs_y = 14},
    {.bitmap_index = 5837, .adv_w = 205, .box_w = 11, .box_h = 13, .ofs_x = 1, .ofs_y = 0},
    {.bitmap_index = 5909, .adv_w = 224, .box_w = 12, .box_h = 18, .ofs_x = 1, .ofs_y = 0},
    {.bitmap_index = 6017, .adv_w = 184, .box_w = 10, .box_h = 13, .ofs_x = 1, .ofs_y = 0},
    {.bitmap_index = 6082, .adv_w = 224, .box_w = 12, .box_h = 18, .ofs_x = 1, .ofs_y = 0},
    {.bitmap_index = 6190, .adv_w = 202, .box_w = 11, .box_h = 13, .ofs_x = 1, .ofs_y = 0},
    {.bitmap_index = 6262, .adv_w = 126, .box_w = 9, .box_h = 18, .ofs_x = 0, .ofs_y = 0},
    {.bitmap_index = 6343, .adv_w = 207, .box_w = 13, .box_h = 18, .ofs_x = 0, .ofs_y = -5},
    {.bitmap_index = 6460, .adv_w = 222, .box_w = 12, .box_h = 18, .ofs_x = 1, .ofs_y = 0},
    {.bitmap_index = 6568, .adv_w = 104, .box_w = 4, .box_h = 18, .ofs_x = 1, .ofs_y = 0},
    {.bitmap_index = 6604, .adv_w = 105, .box_w = 8, .box_h = 23, .ofs_x = -2, .ofs_y = -5},
    {.bitmap_index = 6696, .adv_w = 207, .box_w = 12, .box_h = 18, .ofs_x = 1, .ofs_y = 0},
    {.bitmap_index = 6804, .adv_w = 108, .box_w = 6, .box_h = 18, .ofs_x = 1, .ofs_y = 0},
    {.bitmap_index = 6858, .adv_w = 335, .box_w = 19, .box_h = 13, .ofs_x = 1, .ofs_y = 0},
    {.bitmap_index = 6982, .adv_w = 222, .box_w = 12, .box_h = 13, .ofs_x = 1, .ofs_y = 0},
    {.bitmap_index = 7060, .adv_w = 218, .box_w = 12, .box_h = 13, .ofs_x = 1, .ofs_y = 0},
    {.bitmap_index = 7138, .adv_w = 224, .box_w = 12, .box_h = 18, .ofs_x = 1, .ofs_y = -5},
    {.bitmap_index = 7246, .adv_w = 224, .box_w = 12, .box_h = 18, .ofs_x = 1, .ofs_y = -5},
    {.bitmap_index = 7354, .adv_w = 149, .box_w = 9, .box_h = 13, .ofs_x = 1, .ofs_y = 0},
    {.bitmap_index = 7413, .adv_w = 171, .box_w = 10, .box_h = 13, .ofs_x = 0, .ofs_y = 0},
    {.bitmap_index = 7478, .adv_w = 144, .box_w = 9, .box_h = 17, .ofs_x = 0, .ofs_y = 0},
    {.bitmap_index = 7555, .adv_w = 221, .box_w = 12, .box_h = 13, .ofs_x = 1, .ofs_y = 0},
    {.bitmap_index = 7633, .adv_w = 197, .box_w = 13, .box_h = 13, .ofs_x = 0, .ofs_y = 0},
    {.bitmap_index = 7718, .adv_w = 298, .box_w = 19, .box_h = 13, .ofs_x = 0, .ofs_y = 0},
    {.bitmap_index = 7842, .adv_w = 191, .box_w = 12, .box_h = 13, .ofs_x = 0, .ofs_y = 0},
    {.bitmap_index = 7920, .adv_w = 197, .box_w = 13, .box_h = 18, .ofs_x = 0, .ofs_y = -5},
    {.bitmap_index = 8037, .adv_w = 176, .box_w = 11, .box_h = 13, .ofs_x = 0, .ofs_y = 0},
    {.bitmap_index = 8109, .adv_w = 129, .box_w = 8, .box_h = 22, .ofs_x = 0, .ofs_y = -4},
    {.bitmap_index = 8197, .adv_w = 102, .box_w = 3, .box_h = 26, .ofs_x = 2, .ofs_y = -6},
    {.bitmap_index = 8236, .adv_w = 129, .box_w = 8, .box_h = 22, .ofs_x = 0, .ofs_y = -4},
    {.bitmap_index = 8324, .adv_w = 204, .box_w = 12, .box_h = 5, .ofs_x = 0, .ofs_y = 6},
    {.bitmap_index = 8354, .adv_w = 352, .box_w = 6, .box_h = 6, .ofs_x = 8, .ofs_y = 6},
    {.bitmap_index = 8372, .adv_w = 352, .box_w = 8, .box_h = 8, .ofs_x = 0, .ofs_y = -2},
    {.bitmap_index = 8404, .adv_w = 352, .box_w = 19, .box_h = 21, .ofs_x = 1, .ofs_y = -2},
    {.bitmap_index = 8604, .adv_w = 352, .box_w = 20, .box_h = 22, .ofs_x = 1, .ofs_y = -3},
    {.bitmap_index = 8824, .adv_w = 352, .box_w = 22, .box_h = 21, .ofs_x = 0, .ofs_y = -2},
    {.bitmap_index = 9055, .adv_w = 352, .box_w = 22, .box_h = 21, .ofs_x = 0, .ofs_y = -2},
    {.bitmap_index = 9286, .adv_w = 352, .box_w = 22, .box_h = 22, .ofs_x = 0, .ofs_y = -3},
    {.bitmap_index = 9528, .adv_w = 352, .box_w = 22, .box_h = 22, .ofs_x = 0, .ofs_y = -3},
    {.bitmap_index = 9770, .adv_w = 352, .box_w = 21, .box_h = 22, .ofs_x = 1, .ofs_y = -3},
    {.bitmap_index = 10001, .adv_w = 352, .box_w = 22, .box_h = 21, .ofs_x = 0, .ofs_y = -2},
    {.bitmap_index = 10232, .adv_w = 352, .box_w = 19, .box_h = 21, .ofs_x = 1, .ofs_y = -2},
    {.bitmap_index = 10432, .adv_w = 352, .box_w = 20, .box_h = 21, .ofs_x = 1, .ofs_y = -2},
    {.bitmap_index = 10642, .adv_w = 352, .box_w = 21, .box_h = 22, .ofs_x = 1, .ofs_y = -3},
    {.bitmap_index = 10873, .adv_w = 352, .box_w = 20, .box_h = 20, .ofs_x = 1, .ofs_y = -2},
    {.bitmap_index = 11073, .adv_w = 352, .box_w = 20, .box_h = 20, .ofs_x = 1, .ofs_y = -2},
    {.bitmap_index = 11273, .adv_w = 352, .box_w = 20, .box_h = 22, .ofs_x = 0, .ofs_y = -3},
    {.bitmap_index = 11493, .adv_w = 352, .box_w = 22, .box_h = 21, .ofs_x = 0, .ofs_y = -2},
    {.bitmap_index = 11724, .adv_w = 352, .box_w = 22, .box_h = 21, .ofs_x = 0, .ofs_y = -2},
    {.bitmap_index = 11955, .adv_w = 352, .box_w = 22, .box_h = 22, .ofs_x = 0, .ofs_y = -3},
    {.bitmap_index = 12197, .adv_w = 352, .box_w = 20, .box_h = 22, .ofs_x = 1, .ofs_y = -3},
    {.bitmap_index = 12417, .adv_w = 352, .box_w = 22, .box_h = 22, .ofs_x = 0, .ofs_y = -3},
    {.bitmap_index = 12659, .adv_w = 352, .box_w = 21, .box_h = 21, .ofs_x = 0, .ofs_y = -3},
    {.bitmap_index = 12880, .adv_w = 352, .box_w = 21, .box_h = 20, .ofs_x = 1, .ofs_y = -2},
    {.bitmap_index = 13090, .adv_w = 352, .box_w = 22, .box_h = 21, .ofs_x = 0, .ofs_y = -2},
    {.bitmap_index = 13321, .adv_w = 352, .box_w = 22, .box_h = 21, .ofs_x = 0, .ofs_y = -2},
    {.bitmap_index = 13552, .adv_w = 352, .box_w = 21, .box_h = 21, .ofs_x = 0, .ofs_y = -3},
    {.bitmap_index = 13773, .adv_w = 352, .box_w = 22, .box_h = 22, .ofs_x = 0, .ofs_y = -3},
    {.bitmap_index = 14015, .adv_w = 352, .box_w = 22, .box_h = 20, .ofs_x = 0, .ofs_y = -2},
    {.bitmap_index = 14235, .adv_w = 352, .box_w = 22, .box_h = 22, .ofs_x = 0, .ofs_y = -3},
    {.bitmap_index = 14477, .adv_w = 352, .box_w = 22, .box_h = 21, .ofs_x = 0, .ofs_y = -2},
    {.bitmap_index = 14708, .adv_w = 352, .box_w = 22, .box_h = 22, .ofs_x = 0, .ofs_y = -3},
    {.bitmap_index = 14950, .adv_w = 352, .box_w = 22, .box_h = 21, .ofs_x = 0, .ofs_y = -2},
    {.bitmap_index = 15181, .adv_w = 352, .box_w = 16, .box_h = 21, .ofs_x = 3, .ofs_y = -3},
    {.bitmap_index = 15349, .adv_w = 352, .box_w = 21, .box_h = 22, .ofs_x = 1, .ofs_y = -3},
    {.bitmap_index = 15580, .adv_w = 352, .box_w = 21, .box_h = 22, .ofs_x = 1, .ofs_y = -3},
    {.bitmap_index = 15811, .adv_w = 352, .box_w = 22, .box_h = 21, .ofs_x = 0, .ofs_y = -2},
    {.bitmap_index = 16042, .adv_w = 352, .box_w = 22, .box_h = 21, .ofs_x = 0, .ofs_y = -2},
    {.bitmap_index = 16273, .adv_w = 352, .box_w = 22, .box_h = 21, .ofs_x = 0, .ofs_y = -2},
    {.bitmap_index = 16504, .adv_w = 352, .box_w = 22, .box_h = 22, .ofs_x = 0, .ofs_y = -3},
    {.bitmap_index = 16746, .adv_w = 352, .box_w = 22, .box_h = 22, .ofs_x = 0, .ofs_y = -3},
    {.bitmap_index = 16988, .adv_w = 352, .box_w = 21, .box_h = 21, .ofs_x = 0, .ofs_y = -2},
    {.bitmap_index = 17209, .adv_w = 352, .box_w = 22, .box_h = 22, .ofs_x = 0, .ofs_y = -3},
    {.bitmap_index = 17451, .adv_w = 352, .box_w = 22, .box_h = 22, .ofs_x = 0, .ofs_y = -3},
    {.bitmap_index = 17693, .adv_w = 352, .box_w = 20, .box_h = 21, .ofs_x = 2, .ofs_y = -2},
    {.bitmap_index = 17903, .adv_w = 352, .box_w = 22, .box_h = 21, .ofs_x = 0, .ofs_y = -2},
    {.bitmap_index = 18134, .adv_w = 352, .box_w = 20, .box_h = 21, .ofs_x = 1, .ofs_y = -2},
    {.bitmap_index = 18344, .adv_w = 352, .box_w = 21, .box_h = 21, .ofs_x = 0, .ofs_y = -2},
    {.bitmap_index = 18565, .adv_w = 352, .box_w = 21, .box_h = 21, .ofs_x = 0, .ofs_y = -3},
    {.bitmap_index = 18786, .adv_w = 352, .box_w = 22, .box_h = 21, .ofs_x = 0, .ofs_y = -2},
    {.bitmap_index = 19017, .adv_w = 352, .box_w = 22, .box_h = 22, .ofs_x = 0, .ofs_y = -3},
    {.bitmap_index = 19259, .adv_w = 352, .box_w = 20, .box_h = 20, .ofs_x = 1, .ofs_y = -2},
    {.bitmap_index = 19459, .adv_w = 352, .box_w = 16, .box_h = 22, .ofs_x = 3, .ofs_y = -3},
    {.bitmap_index = 19635, .adv_w = 352, .box_w = 22, .box_h = 22, .ofs_x = 0, .ofs_y = -3},
    {.bitmap_index = 19877, .adv_w = 352, .box_w = 22, .box_h = 21, .ofs_x = 0, .ofs_y = -2},
    {.bitmap_index = 20108, .adv_w = 352, .box_w = 22, .box_h = 21, .ofs_x = 0, .ofs_y = -2},
    {.bitmap_index = 20339, .adv_w = 352, .box_w = 21, .box_h = 21, .ofs_x = 0, .ofs_y = -2},
    {.bitmap_index = 20560, .adv_w = 352, .box_w = 22, .box_h = 21, .ofs_x = 0, .ofs_y = -2},
    {.bitmap_index = 20791, .adv_w = 352, .box_w = 22, .box_h = 21, .ofs_x = 0, .ofs_y = -2},
    {.bitmap_index = 21022, .adv_w = 352, .box_w = 22, .box_h = 21, .ofs_x = 0, .ofs_y = -2},
    {.bitmap_index = 21253, .adv_w = 352, .box_w = 22, .box_h = 21, .ofs_x = 0, .ofs_y = -2},
    {.bitmap_index = 21484, .adv_w = 352, .box_w = 22, .box_h = 20, .ofs_x = 0, .ofs_y = -2},
    {.bitmap_index = 21704, .adv_w = 352, .box_w = 22, .box_h = 21, .ofs_x = 0, .ofs_y = -2},
    {.bitmap_index = 21935, .adv_w = 352, .box_w = 20, .box_h = 21, .ofs_x = 1, .ofs_y = -2},
    {.bitmap_index = 22145, .adv_w = 352, .box_w = 20, .box_h = 21, .ofs_x = 1, .ofs_y = -2},
    {.bitmap_index = 22355, .adv_w = 352, .box_w = 20, .box_h = 23, .ofs_x = 1, .ofs_y = -3},
    {.bitmap_index = 22585, .adv_w = 352, .box_w = 20, .box_h = 21, .ofs_x = 1, .ofs_y = -2},
    {.bitmap_index = 22795, .adv_w = 352, .box_w = 21, .box_h = 21, .ofs_x = 0, .ofs_y = -2},
    {.bitmap_index = 23016, .adv_w = 352, .box_w = 6, .box_h = 9, .ofs_x = 3, .ofs_y = -3},
    {.bitmap_index = 23043, .adv_w = 352, .box_w = 5, .box_h = 16, .ofs_x = 3, .ofs_y = -1}
};

/*---------------------
 *  CHARACTER MAPPING
 *--------------------*/

static const uint16_t unicode_list_1[] = {
    0x0, 0x2f4b, 0x4d76, 0x4df7, 0x4e13, 0x4e17, 0x4e97, 0x4fa5,
    0x508e, 0x50bc, 0x5143, 0x5144, 0x51f1, 0x52bc, 0x5355, 0x5378,
    0x587a, 0x587d, 0x5914, 0x5aa0, 0x5ad5, 0x5b98, 0x5d3b, 0x5d9e,
    0x5def, 0x5e49, 0x5ece, 0x5f0c, 0x6159, 0x648e, 0x64bb, 0x64d0,
    0x652e, 0x653f, 0x65cb, 0x6671, 0x6673, 0x6675, 0x676a, 0x6a6a,
    0x6aae, 0x70cd, 0x7191, 0x747e, 0x791b, 0x7a14, 0x7a75, 0x7c78,
    0x7e18, 0x7e28, 0x7eb7, 0x8133, 0x8795, 0x8aea, 0x8b07, 0x8b3e,
    0x8b44, 0x8c6e, 0x8eb7, 0x8f24, 0x8f49, 0x9118, 0x9536, 0x95e5,
    0x973c, 0x9a21, 0x9bc5, 0xfe55, 0xfe63
};

/*Collect the unicode lists and glyph_id offsets*/
static const lv_font_fmt_txt_cmap_t cmaps[] =
{
    {
        .range_start = 32, .range_length = 95, .glyph_id_start = 1,
        .unicode_list = NULL, .glyph_id_ofs_list = NULL, .list_length = 0, .type = LV_FONT_FMT_TXT_CMAP_FORMAT0_TINY
    },
    {
        .range_start = 183, .range_length = 65124, .glyph_id_start = 96,
        .unicode_list = unicode_list_1, .glyph_id_ofs_list = NULL, .list_length = 69, .type = LV_FONT_FMT_TXT_CMAP_SPARSE_TINY
    }
};

/*-----------------
 *    KERNING
 *----------------*/


/*Map glyph_ids to kern left classes*/
static const uint8_t kern_left_class_mapping[] =
{
    0, 0, 0, 1, 0, 0, 0, 0,
    1, 2, 0, 0, 0, 3, 4, 3,
    5, 0, 0, 0, 0, 0, 0, 0,
    0, 0, 0, 6, 6, 0, 0, 0,
    0, 0, 7, 8, 9, 10, 11, 12,
    13, 0, 0, 14, 15, 16, 0, 0,
    10, 17, 10, 18, 19, 20, 21, 22,
    23, 24, 25, 26, 2, 27, 0, 0,
    0, 0, 28, 29, 30, 0, 31, 32,
    33, 34, 0, 0, 35, 36, 34, 34,
    29, 29, 37, 38, 39, 40, 37, 41,
    42, 43, 44, 45, 2, 0, 0, 0,
    0, 0, 0, 0, 0, 0, 0, 0,
    0, 0, 0, 0, 0, 0, 0, 0,
    0, 0, 0, 0, 0, 0, 0, 0,
    0, 0, 0, 0, 0, 0, 0, 0,
    0, 0, 0, 0, 0, 0, 0, 0,
    0, 0, 0, 0, 0, 0, 0, 0,
    0, 0, 0, 0, 0, 0, 0, 0,
    0, 0, 0, 0, 0, 0, 0, 0,
    0, 0, 0, 0, 0
};

/*Map glyph_ids to kern right classes*/
static const uint8_t kern_right_class_mapping[] =
{
    0, 0, 1, 2, 0, 0, 0, 0,
    2, 0, 3, 4, 0, 5, 6, 7,
    8, 0, 0, 0, 0, 0, 0, 0,
    0, 0, 0, 9, 10, 0, 0, 0,
    11, 0, 12, 0, 13, 0, 0, 0,
    13, 0, 0, 14, 0, 0, 0, 0,
    13, 0, 13, 0, 15, 16, 17, 18,
    19, 20, 21, 22, 0, 23, 3, 0,
    0, 0, 24, 0, 25, 25, 25, 26,
    27, 0, 28, 29, 0, 0, 30, 30,
    25, 30, 25, 30, 31, 32, 33, 34,
    35, 36, 37, 38, 0, 0, 3, 0,
    0, 0, 0, 0, 0, 0, 0, 0,
    0, 0, 0, 0, 0, 0, 0, 0,
    0, 0, 0, 0, 0, 0, 0, 0,
    0, 0, 0, 0, 0, 0, 0, 0,
    0, 0, 0, 0, 0, 0, 0, 0,
    0, 0, 0, 0, 0, 0, 0, 0,
    0, 0, 0, 0, 0, 0, 0, 0,
    0, 0, 0, 0, 0, 0, 0, 0,
    0, 0, 0, 0, 0
};

/*Kern values between classes*/
static const int8_t kern_class_values[] =
{
    0, 0, 0, 0, -51, 0, -51, 0,
    0, 0, 0, -27, 0, -43, -6, 0,
    0, 0, 0, -6, 0, 0, 0, 0,
    -11, 0, 0, 0, 0, 0, -10, 0,
    0, 0, 0, 0, 0, 0, 0, 0,
    0, 0, 0, 0, 0, 0, 0, 0,
    0, 0, 0, -10, 0, 0, 0, 0,
    0, 0, 0, 0, 0, 0, 0, 0,
    0, 0, 30, 0, 0, 0, 0, 0,
    0, 0, 0, 0, 0, -45, 0, -62,
    0, 0, 0, 0, 0, 0, 0, 0,
    0, 0, 0, -41, -11, -30, -16, 0,
    -43, 0, 0, 0, -6, 0, 0, 0,
    11, 0, 0, -23, 0, -20, -13, 0,
    -10, 0, 0, 0, 0, 0, 0, 0,
    0, 0, 0, 0, 0, 0, 0, -10,
    -11, -22, 0, -10, -6, -14, -30, -10,
    0, 0, 0, 0, 0, 0, 0, 0,
    0, -11, 0, -6, 0, -8, 0, 0,
    0, 0, 0, 0, 0, 0, 0, 0,
    0, 0, 0, -18, -6, -33, 0, 0,
    0, 0, 0, 0, 0, 0, 0, -12,
    -11, 0, -6, 5, 5, 0, 0, -1,
    -10, 0, 0, 0, 0, 0, 0, 0,
    0, -18, 0, 0, 0, 0, 0, 0,
    0, 0, 0, 0, 0, 0, 0, 0,
    0, 0, -14, 0, 0, 0, 0, 0,
    0, 0, 0, 0, 0, 0, 0, 0,
    0, 0, 0, 0, 0, -27, 0, -37,
    0, 0, 0, 0, 0, 0, -14, -3,
    -6, 0, 0, -27, -7, -8, 0, -2,
    -8, -3, -18, 6, 0, -6, 0, 0,
    0, 0, 6, -8, -3, -6, -4, -4,
    -6, 0, 0, 0, 0, -14, 0, 0,
    0, 0, 0, 0, 0, 0, 0, -8,
    -8, -12, 0, -5, -4, -4, -8, -4,
    0, 0, 0, 0, 0, 0, 0, 0,
    0, -6, 0, -8, -6, -6, -8, 0,
    0, 0, 0, 0, 0, -14, 0, 0,
    0, 0, 0, 0, -14, -6, -12, -7,
    -8, -4, -4, -4, -6, -6, 0, 0,
    0, 0, -10, 0, 0, 0, 0, -14,
    -6, -8, -6, 0, -8, 0, 0, 0,
    0, -13, 0, 0, 0, -7, 0, 0,
    0, -6, 0, -20, 0, -12, 0, -6,
    -3, -11, -10, -10, 0, 0, 0, 0,
    0, 0, 0, 0, 0, 0, 0, 0,
    0, -8, 0, -6, 0, 0, 0, 0,
    0, 0, 0, 0, 0, 0, 0, 0,
    0, 0, 0, 0, 0, 0, 0, 0,
    0, 0, 0, 0, -6, 0, 0, 0,
    0, 0, 0, -12, 0, -6, 0, -17,
    -6, 0, 0, 0, 0, 0, -34, 0,
    -34, -26, 0, 0, 0, -17, -6, -56,
    -11, 0, 0, -2, -2, -12, -4, -14,
    0, -16, -8, 0, -12, 0, 0, -10,
    -11, -6, -8, -13, -10, -14, -10, -18,
    0, 0, 0, -11, 0, 0, 0, 0,
    0, 0, 0, -4, 0, 0, 0, -10,
    0, -8, -4, 0, 0, 0, 0, 0,
    0, 0, 0, 0, 0, 0, 0, 0,
    0, 0, 0, 0, 0, 0, 0, 0,
    0, 0, -12, 0, -12, 0, 0, 0,
    0, 0, 0, -18, 0, 0, 0, 0,
    0, 0, 0, 0, 0, 0, 0, 0,
    0, 0, 0, 0, 0, 0, 0, 0,
    0, 0, 0, 0, 0, -13, 0, -18,
    0, -18, 0, 0, 0, 0, -6, -6,
    -11, 0, -7, -11, -8, -8, -6, 0,
    -10, 0, 0, 0, -6, 0, 0, 0,
    -6, 0, 0, -19, -7, -13, -10, -10,
    -13, -8, 0, -46, 0, -66, 0, -21,
    0, 0, 0, 0, -19, -2, -14, 0,
    -12, -49, -14, -32, -25, 0, -34, 0,
    -33, 0, -7, -8, -4, 0, 0, 0,
    0, -11, -6, -19, -16, 0, -19, 0,
    0, 0, 0, 0, -50, -13, -50, -28,
    0, 0, 0, -21, 0, -59, -6, -9,
    0, 0, 0, -12, -6, -29, 0, -17,
    -11, 0, -11, 0, 0, 0, -6, 0,
    0, 0, 0, -8, 0, -10, 0, 0,
    0, -6, 0, -12, 0, 0, 0, 0,
    0, -4, 0, -7, -7, -8, 0, -3,
    0, -4, -5, -6, 0, -4, -6, 0,
    -4, 0, 0, 0, 0, 0, 0, 0,
    0, -6, 0, -6, 0, 0, 0, -7,
    0, 5, 0, 0, 0, 0, 0, 0,
    0, -8, -8, -10, 0, 0, 0, 0,
    -8, 0, 0, 0, 0, 0, 0, 0,
    0, 0, 0, -12, 0, 0, 0, 0,
    0, -5, 0, 0, 0, 0, -46, -29,
    -46, -33, -10, -10, 0, -18, -12, -51,
    -15, 0, 0, 0, 0, -10, -8, -21,
    0, -29, -30, -7, -29, 0, 0, -19,
    -25, -7, -19, -13, -13, -15, -13, -29,
    0, 0, 0, 0, -10, 0, -10, -11,
    0, 0, 0, -7, 0, -22, -6, 0,
    0, -4, 0, -6, -8, 0, 0, -4,
    0, 0, -6, 0, 0, 0, -4, 0,
    0, 0, 0, -6, 0, 0, 0, 0,
    0, 0, -30, -10, -30, -17, 0, 0,
    0, -8, -6, -29, -6, 0, -6, 2,
    0, 0, 0, -10, 0, -13, -8, 0,
    -10, 0, 0, -10, -8, 0, -14, -6,
    -6, -8, -6, -11, 0, 0, 0, 0,
    -16, -6, -16, -10, 0, 0, 0, 0,
    -3, -25, -3, 0, 0, 0, 0, 0,
    0, -3, 0, -7, 0, 0, -5, 0,
    0, 0, 0, 0, 0, 0, 0, 0,
    0, -6, 0, -6, 0, -6, 0, -14,
    0, 0, 0, 0, 0, -2, -11, -5,
    -8, -10, -6, 0, 0, 0, 0, 0,
    0, -6, -6, -10, 0, 0, 0, 0,
    0, -10, -6, -10, -8, -6, -10, -8,
    0, 0, 0, 0, -42, -30, -42, -25,
    -14, -14, -6, -8, -8, -41, -8, -8,
    -6, 0, 0, 0, 0, -11, 0, -30,
    -21, 0, -26, 0, 0, -18, -21, -18,
    -16, -8, -12, -16, -8, -22, 0, 0,
    0, 0, 0, -13, 0, 0, 0, 0,
    0, -3, -10, -13, -14, 0, -6, -3,
    -3, 0, -8, -7, 0, -7, -8, -10,
    -7, 0, 0, 0, 0, -8, -9, -7,
    -7, -12, -7, 0, 0, 0, 0, 0,
    0, 0, 0, 0, 0, 0, 0, 0,
    0, 0, 0, -32, -11, -21, -11, 0,
    -29, 0, 0, 0, 0, 0, 10, 0,
    25, 0, 0, 0, 0, -10, -6, 0,
    2, 0, 0, 0, 0, -21, 0, 0,
    0, 0, 0, 0, -11, 0, 0, 0,
    0, -12, 0, -10, -4, 0, -12, 0,
    0, 0, 0, 0, 0, 0, 0, 0,
    0, -8, 0, 0, 0, 0, 0, 0,
    0, -11, 0, -8, -6, 0, -6, 0,
    0, 0, -11, 0, 0, 0, 0, -25,
    0, -10, 0, -4, -22, 0, -14, -7,
    0, -3, 0, 0, 0, 0, -3, -11,
    0, -4, -4, -11, -4, -5, 0, 0,
    0, 0, 0, -13, 0, 0, 0, 0,
    0, 0, 0, 0, 0, -10, 0, -8,
    0, 0, -12, 0, 0, -6, -12, 0,
    -6, 0, 0, 0, 0, -6, 0, 0,
    0, -1, 0, 0, 0, 0, 0, -13,
    0, 2, 0, 0, 0, 0, -6, 0,
    0, -10, -10, -12, 0, -10, -6, 0,
    -14, 0, -13, -7, 0, -3, -6, 0,
    0, 0, 0, -6, 0, -2, -2, -6,
    -2, -3, 2, 14, 15, 0, -25, -8,
    -25, -5, 0, 0, 8, 0, 0, 0,
    0, 16, 0, 24, 16, 10, 19, 0,
    17, -10, -6, 0, -7, 0, -6, 0,
    -4, 0, 0, 2, 0, -4, 0, -8,
    0, 0, 2, -13, 0, 0, 0, 13,
    0, 0, -18, 0, 0, 0, 0, -14,
    0, 0, 0, 0, -8, 0, 0, -8,
    -8, 0, 0, 0, 15, 0, 0, 0,
    0, -4, -4, 0, 2, -8, 0, 0,
    0, -13, 0, 0, 0, 0, 0, 0,
    -6, 0, 0, 0, 0, -12, 0, -6,
    0, 0, -10, 0, 0, 0, 0, 0,
    0, 0, 0, 0, 0, 0, 0, 0,
    0, 0, 0, 0, 0, 0, 0, -10,
    2, -26, 2, 0, 2, 2, -11, 0,
    0, 0, 0, -19, 0, 0, 0, 0,
    -7, 0, 0, -6, -11, 0, -6, 0,
    -6, 0, 0, -13, -8, 0, 0, -6,
    0, -6, 0, 0, 0, 0, 0, 0,
    0, 0, 0, 0, 0, 0, 0, 0,
    0, 0, 0, 0, 0, 0, 0, 0,
    0, 0, 0, 0, 0, 0, 2, 0,
    0, 0, 0, 0, 0, 0, 0, 0,
    0, 0, 0, -9, 0, 0, 0, 0,
    0, 0, 0, 0, 0, 0, 0, -10,
    0, -8, 0, 0, -14, 0, 0, 0,
    0, 0, 0, 0, 0, 0, 0, 0,
    0, 0, 0, 0, 0, 0, 0, 0,
    0, 0, -30, -12, -30, -13, 5, 5,
    0, -8, 0, -27, 0, 0, 0, 0,
    0, 0, 0, -6, 2, -12, -6, 0,
    -6, 0, 0, 0, -4, 0, 0, 5,
    3, 0, 5, -4, 0, 0, 0, -18,
    0, 2, 0, 0, 0, 0, -9, 0,
    0, 0, 0, -12, 0, -6, 0, 0,
    -10, 0, 0, 0, 0, 0, 0, 0,
    0, 0, 0, -10, 0, 0, 0, 0,
    0, 0, 0, 0, 0, 0, -3, -14,
    -3, -1, 2, 2, -14, 0, 0, 0,
    0, -8, 0, 0, 0, 0, -4, 0,
    0, -10, -8, 0, -6, 0, 0, 0,
    -6, -10, 0, 0, 0, -7, 0, 0,
    0, 0, 0, -6, -20, -6, -20, -10,
    0, 0, 0, -6, 0, -18, 0, -10,
    0, -6, 0, 0, -8, -6, 0, -10,
    -4, 0, 0, 0, -6, 0, 0, 0,
    0, 0, 0, 0, 0, -12, 0, 0,
    0, -6, -25, 0, -25, -3, 0, 0,
    0, -4, 0, -14, 0, -12, 0, -6,
    0, -8, -12, 0, 0, -6, -4, 0,
    0, 0, -6, 0, 0, 0, 0, 0,
    0, 0, 0, -11, -8, 0, 0, -10,
    3, -8, -6, 0, 0, 3, 0, 0,
    -6, 0, -4, -13, 0, -8, 0, -6,
    -16, 0, 0, -6, -11, 0, 0, 0,
    0, 0, 0, -12, 0, 0, 0, 0,
    -5, 0, 0, 0, 0, 0, -20, 0,
    -20, -5, 0, 0, 0, 0, 0, -18,
    0, -10, 0, -4, 0, -4, -6, 0,
    0, -10, -4, 0, 0, 0, -6, 0,
    0, 0, 0, 0, 0, -8, 0, -12,
    0, 0, 0, 0, 0, -10, 0, 0,
    0, 0, 0, 0, 0, 0, 0, -11,
    0, 0, 0, 0, -11, 0, 0, -9,
    -6, 0, -3, 0, 0, 0, 0, 0,
    -6, -4, 0, 0, -4, 0
};


/*Collect the kern class' data in one place*/
static const lv_font_fmt_txt_kern_classes_t kern_classes =
{
    .class_pair_values   = kern_class_values,
    .left_class_mapping  = kern_left_class_mapping,
    .right_class_mapping = kern_right_class_mapping,
    .left_class_cnt      = 45,
    .right_class_cnt     = 38,
};

/*--------------------
 *  ALL CUSTOM DATA
 *--------------------*/

#if LVGL_VERSION_MAJOR == 8
/*Store all the custom data of the font*/
static  lv_font_fmt_txt_glyph_cache_t cache;
#endif

#if LVGL_VERSION_MAJOR >= 8
static const lv_font_fmt_txt_dsc_t font_dsc = {
#else
static lv_font_fmt_txt_dsc_t font_dsc = {
#endif
    .glyph_bitmap = glyph_bitmap,
    .glyph_dsc = glyph_dsc,
    .cmaps = cmaps,
    .kern_dsc = &kern_classes,
    .kern_scale = 16,
    .cmap_num = 2,
    .bpp = 4,
    .kern_classes = 1,
    .bitmap_format = 0,
#if LVGL_VERSION_MAJOR == 8
    .cache = &cache
#endif
};



/*-----------------
 *  PUBLIC FONT
 *----------------*/

/*Initialize a public general font descriptor*/
#if LVGL_VERSION_MAJOR >= 8
const lv_font_t ui_font_ns600_22 = {
#else
lv_font_t ui_font_ns600_22 = {
#endif
    .get_glyph_dsc = lv_font_get_glyph_dsc_fmt_txt,    /*Function pointer to get glyph's data*/
    .get_glyph_bitmap = lv_font_get_bitmap_fmt_txt,    /*Function pointer to get glyph's bitmap*/
    .line_height = 27,          /*The maximum line height required by the font*/
    .base_line = 6,             /*Baseline measured from the bottom of the line*/
#if !(LVGL_VERSION_MAJOR == 6 && LVGL_VERSION_MINOR == 0)
    .subpx = LV_FONT_SUBPX_NONE,
#endif
#if LV_VERSION_CHECK(7, 4, 0) || LVGL_VERSION_MAJOR >= 8
    .underline_position = -3,
    .underline_thickness = 1,
#endif
    .dsc = &font_dsc,          /*The custom font data. Will be accessed by `get_glyph_bitmap/dsc` */
#if LV_VERSION_CHECK(8, 2, 0) || LVGL_VERSION_MAJOR >= 9
    .fallback = NULL,
#endif
    .user_data = NULL,
};



#endif /*#if UI_FONT_NS600_22*/

