/*******************************************************************************
 * Size: 23 px
 * Bpp: 4
 * Opts: --size 23 --bpp 4 --font lvgl-design/squareline_studio/assets/Fonts/NotoSansSC-700.ttf -r 0x20-0x7e --symbols 、击到动即取受可否听块完待感成振提整无是晰查标检消清滑点烁画的目示等自请超过闪面音，？ --no-compress --no-prefilter --format lvgl --lv-font-name ui_font_ns700_23 -o lvgl-design/squareline_studio/assets/Fonts/ui_font_ns700_23.c
 ******************************************************************************/

#ifdef LV_LVGL_H_INCLUDE_SIMPLE
#include "lvgl.h"
#else
#include "lvgl/lvgl.h"
#endif

#ifndef UI_FONT_NS700_23
#define UI_FONT_NS700_23 1
#endif

#if UI_FONT_NS700_23

/*-----------------
 *    BITMAPS
 *----------------*/

/*Store the image of the glyphs*/
static LV_ATTRIBUTE_LARGE_CONST const uint8_t glyph_bitmap[] = {
    /* U+0020 " " */

    /* U+0021 "!" */
    0x6f, 0xff, 0x6, 0xff, 0xe0, 0x5f, 0xfd, 0x4,
    0xff, 0xd0, 0x4f, 0xfc, 0x3, 0xff, 0xb0, 0x2f,
    0xfa, 0x1, 0xff, 0x90, 0xf, 0xf8, 0x0, 0xff,
    0x70, 0xe, 0xf6, 0x0, 0x78, 0x30, 0x3, 0x40,
    0x6, 0xff, 0xd0, 0xcf, 0xff, 0x4b, 0xff, 0xf3,
    0x2d, 0xf8, 0x0,

    /* U+0022 "\"" */
    0xff, 0xf7, 0x3, 0xff, 0xf3, 0xff, 0xf6, 0x3,
    0xff, 0xf2, 0xef, 0xf5, 0x2, 0xff, 0xf1, 0xdf,
    0xf4, 0x1, 0xff, 0xf0, 0xbf, 0xf2, 0x0, 0xff,
    0xe0, 0x9f, 0xf0, 0x0, 0xdf, 0xc0, 0x6f, 0xe0,
    0x0, 0xaf, 0xa0, 0x4f, 0xb0, 0x0, 0x8f, 0x70,
    0x0, 0x0, 0x0, 0x0, 0x0,

    /* U+0023 "#" */
    0x0, 0x0, 0xbf, 0x40, 0xc, 0xf3, 0x0, 0x0,
    0xd, 0xf2, 0x0, 0xff, 0x0, 0x0, 0x0, 0xff,
    0x0, 0x1f, 0xe0, 0x0, 0x0, 0x2f, 0xd0, 0x3,
    0xfc, 0x0, 0x9, 0xff, 0xff, 0xff, 0xff, 0xff,
    0xc0, 0x9f, 0xff, 0xff, 0xff, 0xff, 0xfc, 0x1,
    0x29, 0xf8, 0x22, 0xaf, 0x72, 0x10, 0x0, 0xaf,
    0x50, 0xb, 0xf4, 0x0, 0x0, 0xb, 0xf4, 0x0,
    0xdf, 0x30, 0x0, 0x22, 0xdf, 0x52, 0x2f, 0xf3,
    0x20, 0x1f, 0xff, 0xff, 0xff, 0xff, 0xff, 0x41,
    0xff, 0xff, 0xff, 0xff, 0xff, 0xf4, 0x0, 0x3f,
    0xd0, 0x4, 0xfb, 0x0, 0x0, 0x4, 0xfb, 0x0,
    0x6f, 0x90, 0x0, 0x0, 0x6f, 0x90, 0x8, 0xf7,
    0x0, 0x0, 0x8, 0xf7, 0x0, 0xaf, 0x60, 0x0,
    0x0, 0xaf, 0x50, 0xc, 0xf4, 0x0, 0x0,

    /* U+0024 "$" */
    0x0, 0x0, 0x28, 0x70, 0x0, 0x0, 0x0, 0x5,
    0xff, 0x0, 0x0, 0x0, 0x0, 0x5f, 0xf0, 0x0,
    0x0, 0x1, 0x8e, 0xff, 0xd8, 0x0, 0x1, 0xef,
    0xff, 0xff, 0xfe, 0x30, 0xbf, 0xff, 0xcc, 0xff,
    0xf6, 0x1f, 0xff, 0x50, 0x0, 0x98, 0x3, 0xff,
    0xf0, 0x0, 0x0, 0x0, 0x2f, 0xff, 0x50, 0x0,
    0x0, 0x0, 0xdf, 0xff, 0x81, 0x0, 0x0, 0x3,
    0xff, 0xff, 0xf8, 0x10, 0x0, 0x2, 0xbf, 0xff,
    0xfe, 0x40, 0x0, 0x0, 0x4c, 0xff, 0xff, 0x30,
    0x0, 0x0, 0x6, 0xff, 0xfb, 0x0, 0x0, 0x0,
    0x7, 0xff, 0xf0, 0x10, 0x0, 0x0, 0x4f, 0xff,
    0xe, 0xa2, 0x0, 0xa, 0xff, 0xc9, 0xff, 0xfd,
    0xbe, 0xff, 0xf6, 0x4e, 0xff, 0xff, 0xff, 0xfa,
    0x0, 0x6, 0xbf, 0xff, 0xb5, 0x0, 0x0, 0x0,
    0x5f, 0xf0, 0x0, 0x0, 0x0, 0x5, 0xff, 0x0,
    0x0, 0x0, 0x0, 0x28, 0x70, 0x0, 0x0,

    /* U+0025 "%" */
    0x0, 0x3c, 0xff, 0xa2, 0x0, 0x0, 0x0, 0x9f,
    0x60, 0x0, 0x0, 0x4, 0xff, 0xff, 0xfe, 0x10,
    0x0, 0x2, 0xfd, 0x0, 0x0, 0x0, 0xd, 0xfb,
    0x1, 0xef, 0x90, 0x0, 0xa, 0xf5, 0x0, 0x0,
    0x0, 0x1f, 0xf4, 0x0, 0x8f, 0xe0, 0x0, 0x3f,
    0xc0, 0x0, 0x0, 0x0, 0x3f, 0xf2, 0x0, 0x6f,
    0xf0, 0x0, 0xcf, 0x40, 0x0, 0x0, 0x0, 0x3f,
    0xf2, 0x0, 0x6f, 0xf0, 0x4, 0xfb, 0x0, 0x0,
    0x0, 0x0, 0x1f, 0xf4, 0x0, 0x8f, 0xe0, 0xd,
    0xf2, 0x7, 0xde, 0xb3, 0x0, 0xc, 0xfb, 0x1,
    0xef, 0x90, 0x6f, 0xa0, 0xaf, 0xff, 0xff, 0x30,
    0x3, 0xff, 0xff, 0xfe, 0x10, 0xef, 0x14, 0xff,
    0x51, 0xbf, 0xc0, 0x0, 0x3c, 0xff, 0xa2, 0x7,
    0xf8, 0xa, 0xfb, 0x0, 0x3f, 0xf2, 0x0, 0x0,
    0x0, 0x0, 0x1f, 0xe1, 0xd, 0xf8, 0x0, 0xf,
    0xf5, 0x0, 0x0, 0x0, 0x0, 0x9f, 0x70, 0xe,
    0xf8, 0x0, 0xf, 0xf6, 0x0, 0x0, 0x0, 0x2,
    0xfe, 0x0, 0xd, 0xf8, 0x0, 0xf, 0xf5, 0x0,
    0x0, 0x0, 0xa, 0xf5, 0x0, 0xa, 0xfb, 0x0,
    0x3f, 0xf2, 0x0, 0x0, 0x0, 0x3f, 0xc0, 0x0,
    0x5, 0xff, 0x30, 0xaf, 0xd0, 0x0, 0x0, 0x0,
    0xcf, 0x40, 0x0, 0x0, 0xbf, 0xff, 0xff, 0x40,
    0x0, 0x0, 0x4, 0xfb, 0x0, 0x0, 0x0, 0x8,
    0xef, 0xc4, 0x0,

    /* U+0026 "&" */
    0x0, 0x0, 0x2a, 0xff, 0xd7, 0x0, 0x0, 0x0,
    0x0, 0x0, 0x3f, 0xff, 0xff, 0xf9, 0x0, 0x0,
    0x0, 0x0, 0xd, 0xff, 0x74, 0xcf, 0xf1, 0x0,
    0x0, 0x0, 0x1, 0xff, 0xb0, 0x6, 0xff, 0x30,
    0x0, 0x0, 0x0, 0x2f, 0xfa, 0x0, 0x9f, 0xf1,
    0x0, 0x0, 0x0, 0x0, 0xff, 0xd0, 0x7f, 0xfa,
    0x0, 0x0, 0x0, 0x0, 0xa, 0xff, 0xdf, 0xfc,
    0x10, 0x0, 0x0, 0x0, 0x0, 0x4f, 0xff, 0xfa,
    0x0, 0x0, 0x57, 0x72, 0x0, 0x4e, 0xff, 0xfd,
    0x0, 0x0, 0xf, 0xff, 0x10, 0x4f, 0xff, 0xff,
    0xfa, 0x0, 0x6, 0xff, 0xa0, 0xe, 0xff, 0x93,
    0xff, 0xfb, 0x0, 0xef, 0xf3, 0x3, 0xff, 0xf0,
    0x4, 0xff, 0xfd, 0xbf, 0xfa, 0x0, 0x4f, 0xff,
    0x0, 0x4, 0xff, 0xff, 0xfe, 0x10, 0x2, 0xff,
    0xf7, 0x0, 0x4, 0xff, 0xff, 0xe6, 0x0, 0xb,
    0xff, 0xfc, 0x9b, 0xff, 0xff, 0xff, 0xff, 0x50,
    0x1d, 0xff, 0xff, 0xff, 0xfd, 0x7d, 0xff, 0xf2,
    0x0, 0x7, 0xcf, 0xfe, 0xb6, 0x0, 0x4, 0xac,
    0x0,

    /* U+0027 "'" */
    0xff, 0xf7, 0xff, 0xf6, 0xef, 0xf5, 0xdf, 0xf4,
    0xbf, 0xf2, 0x9f, 0xf0, 0x6f, 0xe0, 0x4f, 0xb0,
    0x0, 0x0,

    /* U+0028 "(" */
    0x0, 0x0, 0xa6, 0x0, 0x0, 0x6f, 0xf3, 0x0,
    0xd, 0xfb, 0x0, 0x5, 0xff, 0x40, 0x0, 0xbf,
    0xe0, 0x0, 0x1f, 0xf9, 0x0, 0x6, 0xff, 0x50,
    0x0, 0x9f, 0xf1, 0x0, 0xc, 0xff, 0x0, 0x0,
    0xef, 0xd0, 0x0, 0xf, 0xfb, 0x0, 0x0, 0xff,
    0xb0, 0x0, 0xf, 0xfb, 0x0, 0x0, 0xff, 0xc0,
    0x0, 0xe, 0xfd, 0x0, 0x0, 0xbf, 0xf0, 0x0,
    0x8, 0xff, 0x20, 0x0, 0x4f, 0xf6, 0x0, 0x0,
    0xff, 0xa0, 0x0, 0xa, 0xff, 0x0, 0x0, 0x3f,
    0xf6, 0x0, 0x0, 0xcf, 0xd0, 0x0, 0x3, 0xff,
    0x40, 0x0, 0x5, 0x20,

    /* U+0029 ")" */
    0x18, 0x70, 0x0, 0x8f, 0xf1, 0x0, 0x1f, 0xf9,
    0x0, 0x9, 0xff, 0x10, 0x3, 0xff, 0x60, 0x0,
    0xef, 0xc0, 0x0, 0xaf, 0xf1, 0x0, 0x6f, 0xf4,
    0x0, 0x4f, 0xf7, 0x0, 0x2f, 0xf9, 0x0, 0xf,
    0xfb, 0x0, 0xf, 0xfb, 0x0, 0xf, 0xfb, 0x0,
    0x1f, 0xfa, 0x0, 0x2f, 0xf9, 0x0, 0x4f, 0xf6,
    0x0, 0x7f, 0xf3, 0x0, 0xbf, 0xf0, 0x0, 0xff,
    0xa0, 0x5, 0xff, 0x50, 0xb, 0xfe, 0x0, 0x2f,
    0xf7, 0x0, 0x8f, 0xe0, 0x0, 0x3, 0x30, 0x0,

    /* U+002A "*" */
    0x0, 0x2, 0xfc, 0x0, 0x0, 0x0, 0x3, 0xfe,
    0x0, 0x0, 0x47, 0x46, 0xff, 0x25, 0x90, 0xaf,
    0xff, 0xff, 0xff, 0xf5, 0x29, 0xff, 0xff, 0xfd,
    0x70, 0x0, 0x6f, 0xff, 0xf0, 0x0, 0x0, 0xdf,
    0xdf, 0xf8, 0x0, 0x7, 0xfe, 0x15, 0xff, 0x10,
    0x0, 0x92, 0x0, 0x65, 0x0,

    /* U+002B "+" */
    0x0, 0x0, 0x0, 0x0, 0x0, 0x0, 0x0, 0x0,
    0x0, 0x7f, 0xf0, 0x0, 0x0, 0x0, 0x0, 0x7,
    0xff, 0x0, 0x0, 0x0, 0x0, 0x0, 0x7f, 0xf0,
    0x0, 0x0, 0x0, 0x0, 0x7, 0xff, 0x0, 0x0,
    0x0, 0x0, 0x0, 0x7f, 0xf0, 0x0, 0x0, 0x1f,
    0xff, 0xff, 0xff, 0xff, 0xff, 0xa1, 0xff, 0xff,
    0xff, 0xff, 0xff, 0xfa, 0x6, 0x66, 0x6a, 0xff,
    0x66, 0x66, 0x40, 0x0, 0x0, 0x7f, 0xf0, 0x0,
    0x0, 0x0, 0x0, 0x7, 0xff, 0x0, 0x0, 0x0,
    0x0, 0x0, 0x7f, 0xf0, 0x0, 0x0, 0x0, 0x0,
    0x7, 0xff, 0x0, 0x0, 0x0,

    /* U+002C "," */
    0x8, 0xed, 0x40, 0x3f, 0xff, 0xe0, 0x4f, 0xff,
    0xf3, 0x9, 0xff, 0xf4, 0x0, 0x1f, 0xf2, 0x0,
    0x8f, 0xe0, 0x9, 0xff, 0x50, 0x9f, 0xf7, 0x0,
    0x3b, 0x30, 0x0,

    /* U+002D "-" */
    0x56, 0x66, 0x66, 0x2e, 0xff, 0xff, 0xf6, 0xef,
    0xff, 0xff, 0x60,

    /* U+002E "." */
    0x0, 0x43, 0x0, 0xdf, 0xf6, 0x5f, 0xff, 0xc3,
    0xff, 0xfb, 0x8, 0xfd, 0x20,

    /* U+002F "/" */
    0x0, 0x0, 0x1, 0xff, 0x20, 0x0, 0x0, 0x5f,
    0xe0, 0x0, 0x0, 0x9, 0xfa, 0x0, 0x0, 0x0,
    0xdf, 0x60, 0x0, 0x0, 0x1f, 0xf2, 0x0, 0x0,
    0x5, 0xfe, 0x0, 0x0, 0x0, 0x9f, 0xa0, 0x0,
    0x0, 0xd, 0xf6, 0x0, 0x0, 0x1, 0xff, 0x20,
    0x0, 0x0, 0x5f, 0xe0, 0x0, 0x0, 0xa, 0xfa,
    0x0, 0x0, 0x0, 0xef, 0x50, 0x0, 0x0, 0x2f,
    0xf1, 0x0, 0x0, 0x6, 0xfd, 0x0, 0x0, 0x0,
    0xaf, 0x90, 0x0, 0x0, 0xe, 0xf5, 0x0, 0x0,
    0x2, 0xff, 0x10, 0x0, 0x0, 0x6f, 0xd0, 0x0,
    0x0, 0xa, 0xf9, 0x0, 0x0, 0x0, 0xef, 0x50,
    0x0, 0x0, 0x2f, 0xf1, 0x0, 0x0, 0x6, 0xfd,
    0x0, 0x0, 0x0, 0x48, 0x50, 0x0, 0x0, 0x0,

    /* U+0030 "0" */
    0x0, 0x7, 0xdf, 0xfb, 0x40, 0x0, 0x0, 0xcf,
    0xff, 0xff, 0xf6, 0x0, 0xa, 0xff, 0xf9, 0xbf,
    0xff, 0x30, 0x2f, 0xff, 0x30, 0x9, 0xff, 0xb0,
    0x8f, 0xfa, 0x0, 0x1, 0xff, 0xf1, 0xbf, 0xf6,
    0x0, 0x0, 0xdf, 0xf4, 0xef, 0xf4, 0x0, 0x0,
    0xbf, 0xf7, 0xff, 0xf3, 0x0, 0x0, 0xaf, 0xf8,
    0xff, 0xf3, 0x0, 0x0, 0xaf, 0xf8, 0xff, 0xf3,
    0x0, 0x0, 0xaf, 0xf8, 0xdf, 0xf4, 0x0, 0x0,
    0xcf, 0xf7, 0xbf, 0xf7, 0x0, 0x0, 0xef, 0xf4,
    0x7f, 0xfb, 0x0, 0x2, 0xff, 0xf1, 0x1f, 0xff,
    0x30, 0xa, 0xff, 0xb0, 0x9, 0xff, 0xfa, 0xcf,
    0xff, 0x20, 0x0, 0xcf, 0xff, 0xff, 0xf6, 0x0,
    0x0, 0x7, 0xdf, 0xfb, 0x30, 0x0,

    /* U+0031 "1" */
    0x0, 0x1, 0x8f, 0xfe, 0x0, 0x0, 0x5, 0xcf,
    0xff, 0xfe, 0x0, 0x0, 0x8, 0xff, 0xff, 0xfe,
    0x0, 0x0, 0x4, 0x88, 0xbf, 0xfe, 0x0, 0x0,
    0x0, 0x0, 0x7f, 0xfe, 0x0, 0x0, 0x0, 0x0,
    0x7f, 0xfe, 0x0, 0x0, 0x0, 0x0, 0x7f, 0xfe,
    0x0, 0x0, 0x0, 0x0, 0x7f, 0xfe, 0x0, 0x0,
    0x0, 0x0, 0x7f, 0xfe, 0x0, 0x0, 0x0, 0x0,
    0x7f, 0xfe, 0x0, 0x0, 0x0, 0x0, 0x7f, 0xfe,
    0x0, 0x0, 0x0, 0x0, 0x7f, 0xfe, 0x0, 0x0,
    0x0, 0x0, 0x7f, 0xfe, 0x0, 0x0, 0x0, 0x0,
    0x7f, 0xfe, 0x0, 0x0, 0x1b, 0xbb, 0xdf, 0xff,
    0xbb, 0xb1, 0x1f, 0xff, 0xff, 0xff, 0xff, 0xf2,
    0x1f, 0xff, 0xff, 0xff, 0xff, 0xf2,

    /* U+0032 "2" */
    0x0, 0x7, 0xcf, 0xfe, 0x91, 0x0, 0x0, 0x2d,
    0xff, 0xff, 0xff, 0xf3, 0x0, 0xe, 0xff, 0xea,
    0xbf, 0xff, 0xe0, 0x0, 0x3f, 0x90, 0x0, 0x3f,
    0xff, 0x50, 0x0, 0x10, 0x0, 0x0, 0xcf, 0xf8,
    0x0, 0x0, 0x0, 0x0, 0xa, 0xff, 0x90, 0x0,
    0x0, 0x0, 0x0, 0xdf, 0xf6, 0x0, 0x0, 0x0,
    0x0, 0x3f, 0xff, 0x20, 0x0, 0x0, 0x0, 0xc,
    0xff, 0xa0, 0x0, 0x0, 0x0, 0x8, 0xff, 0xf2,
    0x0, 0x0, 0x0, 0x5, 0xff, 0xf6, 0x0, 0x0,
    0x0, 0x4, 0xff, 0xf9, 0x0, 0x0, 0x0, 0x4,
    0xff, 0xfb, 0x0, 0x0, 0x0, 0x4, 0xff, 0xfc,
    0x0, 0x0, 0x0, 0x6, 0xff, 0xff, 0xbc, 0xcd,
    0xdd, 0x50, 0xff, 0xff, 0xff, 0xff, 0xff, 0xf6,
    0xf, 0xff, 0xff, 0xff, 0xff, 0xff, 0x60,

    /* U+0033 "3" */
    0x0, 0x7, 0xcf, 0xfe, 0xa4, 0x0, 0x0, 0x4e,
    0xff, 0xff, 0xff, 0xf9, 0x0, 0x7, 0xff, 0xea,
    0xae, 0xff, 0xf5, 0x0, 0x9, 0x80, 0x0, 0x1e,
    0xff, 0xa0, 0x0, 0x0, 0x0, 0x0, 0xbf, 0xfb,
    0x0, 0x0, 0x0, 0x0, 0xd, 0xff, 0x80, 0x0,
    0x0, 0x1, 0x4b, 0xff, 0xe1, 0x0, 0x0, 0xc,
    0xff, 0xff, 0xb2, 0x0, 0x0, 0x0, 0xcf, 0xff,
    0xfa, 0x20, 0x0, 0x0, 0x5, 0x79, 0xef, 0xff,
    0x40, 0x0, 0x0, 0x0, 0x0, 0xaf, 0xfe, 0x0,
    0x0, 0x0, 0x0, 0x3, 0xff, 0xf3, 0x0, 0x20,
    0x0, 0x0, 0x3f, 0xff, 0x40, 0x8f, 0x70, 0x0,
    0xb, 0xff, 0xf1, 0x2f, 0xff, 0xfc, 0xcf, 0xff,
    0xfa, 0x0, 0x7f, 0xff, 0xff, 0xff, 0xfb, 0x0,
    0x0, 0x28, 0xdf, 0xfe, 0xb5, 0x0, 0x0,

    /* U+0034 "4" */
    0x0, 0x0, 0x0, 0x7f, 0xff, 0xe0, 0x0, 0x0,
    0x0, 0x2f, 0xff, 0xfe, 0x0, 0x0, 0x0, 0xb,
    0xff, 0xff, 0xe0, 0x0, 0x0, 0x5, 0xff, 0xbf,
    0xfe, 0x0, 0x0, 0x0, 0xef, 0xf4, 0xff, 0xe0,
    0x0, 0x0, 0x9f, 0xf9, 0x3f, 0xfe, 0x0, 0x0,
    0x3f, 0xfe, 0x14, 0xff, 0xe0, 0x0, 0xc, 0xff,
    0x50, 0x4f, 0xfe, 0x0, 0x6, 0xff, 0xb0, 0x4,
    0xff, 0xe0, 0x1, 0xff, 0xf1, 0x0, 0x4f, 0xfe,
    0x0, 0x7f, 0xff, 0xff, 0xff, 0xff, 0xff, 0xe8,
    0xff, 0xff, 0xff, 0xff, 0xff, 0xfe, 0x48, 0x88,
    0x88, 0x8a, 0xff, 0xf8, 0x80, 0x0, 0x0, 0x0,
    0x4f, 0xfe, 0x0, 0x0, 0x0, 0x0, 0x4, 0xff,
    0xe0, 0x0, 0x0, 0x0, 0x0, 0x4f, 0xfe, 0x0,
    0x0, 0x0, 0x0, 0x4, 0xff, 0xe0, 0x0,

    /* U+0035 "5" */
    0x0, 0x9f, 0xff, 0xff, 0xff, 0xf8, 0x0, 0xa,
    0xff, 0xff, 0xff, 0xff, 0x80, 0x0, 0xbf, 0xfe,
    0xdd, 0xdd, 0xd6, 0x0, 0xc, 0xff, 0x40, 0x0,
    0x0, 0x0, 0x0, 0xdf, 0xf2, 0x0, 0x0, 0x0,
    0x0, 0xe, 0xff, 0x25, 0x53, 0x0, 0x0, 0x0,
    0xff, 0xff, 0xff, 0xfd, 0x40, 0x0, 0xf, 0xff,
    0xff, 0xff, 0xff, 0x40, 0x0, 0x4b, 0x50, 0x5,
    0xff, 0xfd, 0x0, 0x0, 0x0, 0x0, 0x6, 0xff,
    0xf2, 0x0, 0x0, 0x0, 0x0, 0x2f, 0xff, 0x40,
    0x0, 0x0, 0x0, 0x1, 0xff, 0xf4, 0x0, 0x20,
    0x0, 0x0, 0x5f, 0xff, 0x20, 0x8f, 0x60, 0x0,
    0x2e, 0xff, 0xd0, 0x2f, 0xff, 0xec, 0xcf, 0xff,
    0xf4, 0x0, 0x7f, 0xff, 0xff, 0xff, 0xf6, 0x0,
    0x0, 0x18, 0xdf, 0xfe, 0xa2, 0x0, 0x0,

    /* U+0036 "6" */
    0x0, 0x1, 0x9d, 0xff, 0xc6, 0x0, 0x0, 0x4f,
    0xff, 0xff, 0xff, 0xc1, 0x3, 0xff, 0xff, 0xbb,
    0xff, 0xb0, 0xc, 0xff, 0xc1, 0x0, 0x18, 0x0,
    0x3f, 0xff, 0x10, 0x0, 0x0, 0x0, 0x7f, 0xfa,
    0x0, 0x0, 0x0, 0x0, 0xaf, 0xf6, 0x4c, 0xff,
    0xb4, 0x0, 0xcf, 0xfb, 0xff, 0xff, 0xff, 0x60,
    0xdf, 0xff, 0xd7, 0x6c, 0xff, 0xf1, 0xdf, 0xfc,
    0x0, 0x0, 0xdf, 0xf6, 0xbf, 0xf5, 0x0, 0x0,
    0x8f, 0xf9, 0x9f, 0xf7, 0x0, 0x0, 0x8f, 0xf9,
    0x5f, 0xfc, 0x0, 0x0, 0xaf, 0xf8, 0xe, 0xff,
    0x50, 0x2, 0xff, 0xf4, 0x6, 0xff, 0xfa, 0x8e,
    0xff, 0xc0, 0x0, 0x8f, 0xff, 0xff, 0xfd, 0x10,
    0x0, 0x4, 0xbe, 0xfd, 0x80, 0x0,

    /* U+0037 "7" */
    0xdf, 0xff, 0xff, 0xff, 0xff, 0xf7, 0xdf, 0xff,
    0xff, 0xff, 0xff, 0xf7, 0xbd, 0xdd, 0xdd, 0xdd,
    0xff, 0xf2, 0x0, 0x0, 0x0, 0xa, 0xff, 0x50,
    0x0, 0x0, 0x0, 0x5f, 0xfb, 0x0, 0x0, 0x0,
    0x0, 0xdf, 0xf2, 0x0, 0x0, 0x0, 0x6, 0xff,
    0x90, 0x0, 0x0, 0x0, 0xd, 0xff, 0x20, 0x0,
    0x0, 0x0, 0x4f, 0xfc, 0x0, 0x0, 0x0, 0x0,
    0x9f, 0xf8, 0x0, 0x0, 0x0, 0x0, 0xdf, 0xf5,
    0x0, 0x0, 0x0, 0x1, 0xff, 0xf2, 0x0, 0x0,
    0x0, 0x4, 0xff, 0xf0, 0x0, 0x0, 0x0, 0x6,
    0xff, 0xe0, 0x0, 0x0, 0x0, 0x8, 0xff, 0xd0,
    0x0, 0x0, 0x0, 0x9, 0xff, 0xc0, 0x0, 0x0,
    0x0, 0xb, 0xff, 0xb0, 0x0, 0x0,

    /* U+0038 "8" */
    0x0, 0x19, 0xdf, 0xfc, 0x60, 0x0, 0x2, 0xef,
    0xff, 0xff, 0xfb, 0x0, 0xd, 0xff, 0xc5, 0x6e,
    0xff, 0x60, 0x2f, 0xfe, 0x0, 0x3, 0xff, 0xb0,
    0x3f, 0xfc, 0x0, 0x0, 0xff, 0xd0, 0x1f, 0xff,
    0x10, 0x1, 0xff, 0xa0, 0xa, 0xff, 0xc2, 0x7,
    0xff, 0x30, 0x0, 0xcf, 0xff, 0xbf, 0xf6, 0x0,
    0x0, 0x6f, 0xff, 0xff, 0xe3, 0x0, 0x9, 0xff,
    0x69, 0xff, 0xff, 0x50, 0x5f, 0xf7, 0x0, 0x1b,
    0xff, 0xf1, 0xcf, 0xf1, 0x0, 0x0, 0xdf, 0xf6,
    0xef, 0xf0, 0x0, 0x0, 0xaf, 0xf8, 0xcf, 0xf6,
    0x0, 0x0, 0xef, 0xf6, 0x6f, 0xff, 0xa6, 0x6c,
    0xff, 0xe1, 0x9, 0xff, 0xff, 0xff, 0xfe, 0x30,
    0x0, 0x4a, 0xef, 0xfd, 0x81, 0x0,

    /* U+0039 "9" */
    0x0, 0x4, 0xbe, 0xfd, 0x81, 0x0, 0x0, 0x8,
    0xff, 0xff, 0xff, 0xe2, 0x0, 0x5, 0xff, 0xfb,
    0x8d, 0xff, 0xe0, 0x0, 0xcf, 0xf8, 0x0, 0xc,
    0xff, 0x80, 0xf, 0xff, 0x10, 0x0, 0x3f, 0xfe,
    0x1, 0xff, 0xf0, 0x0, 0x0, 0xef, 0xf2, 0xf,
    0xff, 0x30, 0x0, 0xe, 0xff, 0x40, 0xbf, 0xfc,
    0x20, 0x3c, 0xff, 0xf6, 0x3, 0xff, 0xff, 0xff,
    0xfe, 0xff, 0x60, 0x4, 0xef, 0xff, 0xe5, 0xbf,
    0xf5, 0x0, 0x0, 0x35, 0x40, 0xd, 0xff, 0x30,
    0x0, 0x0, 0x0, 0x1, 0xff, 0xf0, 0x0, 0x0,
    0x0, 0x0, 0x8f, 0xfb, 0x0, 0x6, 0x80, 0x0,
    0x5f, 0xff, 0x40, 0x4, 0xff, 0xeb, 0xdf, 0xff,
    0xb0, 0x0, 0x5f, 0xff, 0xff, 0xff, 0xb0, 0x0,
    0x0, 0x29, 0xdf, 0xfc, 0x50, 0x0, 0x0,

    /* U+003A ":" */
    0x9, 0xfd, 0x23, 0xff, 0xfb, 0x5f, 0xff, 0xc0,
    0xdf, 0xf6, 0x0, 0x42, 0x0, 0x0, 0x0, 0x0,
    0x0, 0x0, 0x0, 0x0, 0x0, 0x43, 0x0, 0xdf,
    0xf6, 0x5f, 0xff, 0xc3, 0xff, 0xfb, 0x8, 0xfd,
    0x20,

    /* U+003B ";" */
    0x9, 0xfd, 0x20, 0x3f, 0xff, 0xb0, 0x5f, 0xff,
    0xc0, 0xd, 0xff, 0x60, 0x0, 0x42, 0x0, 0x0,
    0x0, 0x0, 0x0, 0x0, 0x0, 0x0, 0x0, 0x0,
    0x0, 0x0, 0x0, 0x8, 0xed, 0x40, 0x3f, 0xff,
    0xe0, 0x4f, 0xff, 0xf3, 0x9, 0xff, 0xf4, 0x0,
    0x1f, 0xf2, 0x0, 0x8f, 0xe0, 0x9, 0xff, 0x50,
    0x9f, 0xf7, 0x0, 0x3b, 0x30, 0x0,

    /* U+003C "<" */
    0x0, 0x0, 0x0, 0x0, 0x0, 0x0, 0x0, 0x0,
    0x0, 0x0, 0x0, 0x6, 0xca, 0x0, 0x0, 0x0,
    0x3, 0x9f, 0xff, 0xa0, 0x0, 0x1, 0x7d, 0xff,
    0xff, 0xe7, 0x0, 0x5b, 0xff, 0xff, 0xe9, 0x40,
    0x1, 0xef, 0xff, 0xfa, 0x40, 0x0, 0x0, 0x1f,
    0xff, 0xc2, 0x0, 0x0, 0x0, 0x1, 0xdf, 0xff,
    0xfb, 0x50, 0x0, 0x0, 0x0, 0x4a, 0xff, 0xff,
    0xfa, 0x50, 0x0, 0x0, 0x0, 0x6c, 0xff, 0xff,
    0xf7, 0x0, 0x0, 0x0, 0x2, 0x8e, 0xff, 0xa0,
    0x0, 0x0, 0x0, 0x0, 0x5, 0xba, 0x0, 0x0,
    0x0, 0x0, 0x0, 0x0, 0x0,

    /* U+003D "=" */
    0x1f, 0xff, 0xff, 0xff, 0xff, 0xff, 0xa1, 0xff,
    0xff, 0xff, 0xff, 0xff, 0xfa, 0x5, 0x55, 0x55,
    0x55, 0x55, 0x55, 0x30, 0x0, 0x0, 0x0, 0x0,
    0x0, 0x0, 0x0, 0x0, 0x0, 0x0, 0x0, 0x0,
    0x0, 0x0, 0x0, 0x0, 0x0, 0x0, 0x0, 0x1f,
    0xff, 0xff, 0xff, 0xff, 0xff, 0xa1, 0xff, 0xff,
    0xff, 0xff, 0xff, 0xfa, 0x6, 0x66, 0x66, 0x66,
    0x66, 0x66, 0x40,

    /* U+003E ">" */
    0x0, 0x0, 0x0, 0x0, 0x0, 0x0, 0x1, 0xf9,
    0x30, 0x0, 0x0, 0x0, 0x0, 0x1f, 0xff, 0xd7,
    0x10, 0x0, 0x0, 0x1, 0xcf, 0xff, 0xff, 0xb4,
    0x0, 0x0, 0x0, 0x16, 0xcf, 0xff, 0xfe, 0x82,
    0x0, 0x0, 0x0, 0x17, 0xcf, 0xff, 0xf9, 0x0,
    0x0, 0x0, 0x0, 0x6f, 0xff, 0xa0, 0x0, 0x0,
    0x28, 0xef, 0xff, 0xf8, 0x0, 0x27, 0xdf, 0xff,
    0xfd, 0x71, 0x1, 0xdf, 0xff, 0xff, 0x93, 0x0,
    0x0, 0x1f, 0xff, 0xc6, 0x0, 0x0, 0x0, 0x1,
    0xe8, 0x20, 0x0, 0x0, 0x0, 0x0, 0x0, 0x0,
    0x0, 0x0, 0x0, 0x0, 0x0,

    /* U+003F "?" */
    0x1, 0x8d, 0xff, 0xc7, 0x0, 0x3e, 0xff, 0xff,
    0xff, 0xc0, 0xaf, 0xfe, 0xbe, 0xff, 0xf6, 0x8,
    0x60, 0x0, 0xdf, 0xfa, 0x0, 0x0, 0x0, 0x9f,
    0xfa, 0x0, 0x0, 0x1, 0xef, 0xf5, 0x0, 0x0,
    0xb, 0xff, 0xb0, 0x0, 0x0, 0xaf, 0xfc, 0x0,
    0x0, 0x6, 0xff, 0xd1, 0x0, 0x0, 0xd, 0xff,
    0x40, 0x0, 0x0, 0xf, 0xff, 0x0, 0x0, 0x0,
    0x1, 0x11, 0x0, 0x0, 0x0, 0x1, 0x52, 0x0,
    0x0, 0x0, 0x2f, 0xff, 0x30, 0x0, 0x0, 0x8f,
    0xff, 0x90, 0x0, 0x0, 0x6f, 0xff, 0x80, 0x0,
    0x0, 0xb, 0xfc, 0x10, 0x0,

    /* U+0040 "@" */
    0x0, 0x0, 0x0, 0x3, 0x8c, 0xef, 0xfe, 0xa5,
    0x0, 0x0, 0x0, 0x0, 0x0, 0x3c, 0xff, 0xff,
    0xff, 0xff, 0xfe, 0x40, 0x0, 0x0, 0x0, 0x7f,
    0xff, 0xa4, 0x10, 0x13, 0x8e, 0xff, 0x60, 0x0,
    0x0, 0x9f, 0xfb, 0x10, 0x0, 0x0, 0x0, 0xa,
    0xff, 0x30, 0x0, 0x6f, 0xf8, 0x0, 0x0, 0x0,
    0x0, 0x0, 0xb, 0xfd, 0x0, 0x2f, 0xfa, 0x0,
    0x0, 0x2, 0x10, 0x22, 0x0, 0x1f, 0xf4, 0xa,
    0xfe, 0x0, 0x0, 0x7e, 0xff, 0x6e, 0xf3, 0x0,
    0xaf, 0x81, 0xff, 0x60, 0x0, 0x9f, 0xff, 0xff,
    0xff, 0x0, 0x6, 0xfb, 0x5f, 0xf1, 0x0, 0x5f,
    0xfa, 0x12, 0xef, 0xd0, 0x0, 0x5f, 0xd8, 0xfc,
    0x0, 0xd, 0xfd, 0x0, 0xd, 0xf9, 0x0, 0x4,
    0xfd, 0xaf, 0xa0, 0x2, 0xff, 0x60, 0x0, 0xff,
    0x60, 0x0, 0x6f, 0xbb, 0xf9, 0x0, 0x5f, 0xf3,
    0x0, 0x3f, 0xf3, 0x0, 0xb, 0xf8, 0xbf, 0xa0,
    0x5, 0xff, 0x40, 0x8, 0xff, 0x10, 0x4, 0xff,
    0x29, 0xfc, 0x0, 0x2f, 0xfd, 0x59, 0xff, 0xf7,
    0x15, 0xff, 0x90, 0x6f, 0xf1, 0x0, 0xbf, 0xff,
    0xfc, 0xaf, 0xff, 0xff, 0xb0, 0x1, 0xff, 0x80,
    0x1, 0xaf, 0xe8, 0x1, 0xaf, 0xfc, 0x60, 0x0,
    0x9, 0xff, 0x40, 0x0, 0x0, 0x0, 0x0, 0x0,
    0x0, 0x0, 0x0, 0xd, 0xff, 0x50, 0x0, 0x0,
    0x0, 0x0, 0x0, 0x0, 0x0, 0x0, 0x2e, 0xff,
    0xc6, 0x20, 0x1, 0x49, 0x70, 0x0, 0x0, 0x0,
    0x0, 0x1a, 0xff, 0xff, 0xff, 0xff, 0xfd, 0x0,
    0x0, 0x0, 0x0, 0x0, 0x2, 0x8c, 0xff, 0xff,
    0xc7, 0x10, 0x0, 0x0, 0x0, 0x0, 0x0, 0x0,
    0x0, 0x0, 0x0, 0x0, 0x0, 0x0, 0x0,

    /* U+0041 "A" */
    0x0, 0x0, 0x0, 0xcf, 0xff, 0x80, 0x0, 0x0,
    0x0, 0x0, 0x1, 0xff, 0xff, 0xd0, 0x0, 0x0,
    0x0, 0x0, 0x7, 0xff, 0xef, 0xf3, 0x0, 0x0,
    0x0, 0x0, 0xc, 0xff, 0x7f, 0xf8, 0x0, 0x0,
    0x0, 0x0, 0x1f, 0xfc, 0x2f, 0xfd, 0x0, 0x0,
    0x0, 0x0, 0x6f, 0xf8, 0xe, 0xff, 0x20, 0x0,
    0x0, 0x0, 0xbf, 0xf3, 0xa, 0xff, 0x70, 0x0,
    0x0, 0x1, 0xff, 0xf0, 0x5, 0xff, 0xc0, 0x0,
    0x0, 0x5, 0xff, 0xb0, 0x1, 0xff, 0xf1, 0x0,
    0x0, 0xb, 0xff, 0x60, 0x0, 0xcf, 0xf6, 0x0,
    0x0, 0xf, 0xff, 0xff, 0xff, 0xff, 0xfb, 0x0,
    0x0, 0x5f, 0xff, 0xff, 0xff, 0xff, 0xff, 0x10,
    0x0, 0xaf, 0xfd, 0x99, 0x99, 0x9f, 0xff, 0x60,
    0x0, 0xff, 0xf5, 0x0, 0x0, 0xb, 0xff, 0xb0,
    0x4, 0xff, 0xf1, 0x0, 0x0, 0x6, 0xff, 0xf0,
    0x9, 0xff, 0xc0, 0x0, 0x0, 0x2, 0xff, 0xf5,
    0xe, 0xff, 0x70, 0x0, 0x0, 0x0, 0xef, 0xfa,

    /* U+0042 "B" */
    0xef, 0xff, 0xff, 0xfe, 0xb5, 0x0, 0xe, 0xff,
    0xff, 0xff, 0xff, 0xfc, 0x0, 0xef, 0xfc, 0x99,
    0xae, 0xff, 0xf8, 0xe, 0xff, 0x80, 0x0, 0xc,
    0xff, 0xd0, 0xef, 0xf8, 0x0, 0x0, 0x7f, 0xfd,
    0xe, 0xff, 0x80, 0x0, 0x9, 0xff, 0xa0, 0xef,
    0xf8, 0x0, 0x16, 0xff, 0xf3, 0xe, 0xff, 0xff,
    0xff, 0xff, 0xf6, 0x0, 0xef, 0xff, 0xff, 0xff,
    0xff, 0xa1, 0xe, 0xff, 0xb7, 0x78, 0xaf, 0xff,
    0xd1, 0xef, 0xf8, 0x0, 0x0, 0x1e, 0xff, 0x7e,
    0xff, 0x80, 0x0, 0x0, 0x9f, 0xfb, 0xef, 0xf8,
    0x0, 0x0, 0xa, 0xff, 0xbe, 0xff, 0x80, 0x0,
    0x3, 0xff, 0xf8, 0xef, 0xfc, 0x99, 0x9c, 0xff,
    0xff, 0x2e, 0xff, 0xff, 0xff, 0xff, 0xfe, 0x40,
    0xef, 0xff, 0xff, 0xfe, 0xc7, 0x10, 0x0,

    /* U+0043 "C" */
    0x0, 0x0, 0x28, 0xdf, 0xfd, 0x92, 0x0, 0x0,
    0x8, 0xff, 0xff, 0xff, 0xff, 0x60, 0x0, 0xaf,
    0xff, 0xff, 0xef, 0xff, 0xc0, 0x6, 0xff, 0xfd,
    0x40, 0x1, 0x9e, 0x10, 0xe, 0xff, 0xd1, 0x0,
    0x0, 0x0, 0x0, 0x5f, 0xff, 0x50, 0x0, 0x0,
    0x0, 0x0, 0x9f, 0xff, 0x0, 0x0, 0x0, 0x0,
    0x0, 0xbf, 0xfc, 0x0, 0x0, 0x0, 0x0, 0x0,
    0xcf, 0xfb, 0x0, 0x0, 0x0, 0x0, 0x0, 0xbf,
    0xfc, 0x0, 0x0, 0x0, 0x0, 0x0, 0x9f, 0xff,
    0x0, 0x0, 0x0, 0x0, 0x0, 0x5f, 0xff, 0x40,
    0x0, 0x0, 0x0, 0x0, 0xf, 0xff, 0xd0, 0x0,
    0x0, 0x3, 0x0, 0x7, 0xff, 0xfc, 0x30, 0x1,
    0x9f, 0x80, 0x0, 0xbf, 0xff, 0xff, 0xef, 0xff,
    0xf3, 0x0, 0xa, 0xff, 0xff, 0xff, 0xff, 0x70,
    0x0, 0x0, 0x39, 0xdf, 0xfd, 0x92, 0x0,

    /* U+0044 "D" */
    0xef, 0xff, 0xff, 0xdb, 0x60, 0x0, 0x0, 0xef,
    0xff, 0xff, 0xff, 0xfe, 0x40, 0x0, 0xef, 0xfd,
    0xbc, 0xff, 0xff, 0xf4, 0x0, 0xef, 0xf8, 0x0,
    0x6, 0xff, 0xff, 0x10, 0xef, 0xf8, 0x0, 0x0,
    0x4f, 0xff, 0x80, 0xef, 0xf8, 0x0, 0x0, 0xc,
    0xff, 0xd0, 0xef, 0xf8, 0x0, 0x0, 0x7, 0xff,
    0xf0, 0xef, 0xf8, 0x0, 0x0, 0x5, 0xff, 0xf2,
    0xef, 0xf8, 0x0, 0x0, 0x4, 0xff, 0xf2, 0xef,
    0xf8, 0x0, 0x0, 0x5, 0xff, 0xf2, 0xef, 0xf8,
    0x0, 0x0, 0x8, 0xff, 0xf0, 0xef, 0xf8, 0x0,
    0x0, 0xc, 0xff, 0xc0, 0xef, 0xf8, 0x0, 0x0,
    0x5f, 0xff, 0x70, 0xef, 0xf8, 0x0, 0x6, 0xff,
    0xfe, 0x10, 0xef, 0xfd, 0xbc, 0xff, 0xff, 0xf4,
    0x0, 0xef, 0xff, 0xff, 0xff, 0xfe, 0x40, 0x0,
    0xef, 0xff, 0xff, 0xeb, 0x60, 0x0, 0x0,

    /* U+0045 "E" */
    0xef, 0xff, 0xff, 0xff, 0xff, 0x8e, 0xff, 0xff,
    0xff, 0xff, 0xf8, 0xef, 0xfe, 0xdd, 0xdd, 0xdd,
    0x6e, 0xff, 0x80, 0x0, 0x0, 0x0, 0xef, 0xf8,
    0x0, 0x0, 0x0, 0xe, 0xff, 0x80, 0x0, 0x0,
    0x0, 0xef, 0xf8, 0x0, 0x0, 0x0, 0xe, 0xff,
    0xff, 0xff, 0xff, 0x70, 0xef, 0xff, 0xff, 0xff,
    0xf7, 0xe, 0xff, 0xec, 0xcc, 0xcc, 0x50, 0xef,
    0xf8, 0x0, 0x0, 0x0, 0xe, 0xff, 0x80, 0x0,
    0x0, 0x0, 0xef, 0xf8, 0x0, 0x0, 0x0, 0xe,
    0xff, 0x80, 0x0, 0x0, 0x0, 0xef, 0xfe, 0xdd,
    0xdd, 0xdd, 0xae, 0xff, 0xff, 0xff, 0xff, 0xfc,
    0xef, 0xff, 0xff, 0xff, 0xff, 0xc0,

    /* U+0046 "F" */
    0xef, 0xff, 0xff, 0xff, 0xff, 0x9e, 0xff, 0xff,
    0xff, 0xff, 0xf9, 0xef, 0xfe, 0xdd, 0xdd, 0xdd,
    0x7e, 0xff, 0x80, 0x0, 0x0, 0x0, 0xef, 0xf8,
    0x0, 0x0, 0x0, 0xe, 0xff, 0x80, 0x0, 0x0,
    0x0, 0xef, 0xf8, 0x0, 0x0, 0x0, 0xe, 0xff,
    0xed, 0xdd, 0xdd, 0x70, 0xef, 0xff, 0xff, 0xff,
    0xf8, 0xe, 0xff, 0xff, 0xff, 0xff, 0x80, 0xef,
    0xf8, 0x0, 0x0, 0x0, 0xe, 0xff, 0x80, 0x0,
    0x0, 0x0, 0xef, 0xf8, 0x0, 0x0, 0x0, 0xe,
    0xff, 0x80, 0x0, 0x0, 0x0, 0xef, 0xf8, 0x0,
    0x0, 0x0, 0xe, 0xff, 0x80, 0x0, 0x0, 0x0,
    0xef, 0xf8, 0x0, 0x0, 0x0, 0x0,

    /* U+0047 "G" */
    0x0, 0x0, 0x18, 0xcf, 0xfe, 0xb5, 0x0, 0x0,
    0x7, 0xff, 0xff, 0xff, 0xff, 0xc1, 0x0, 0x9f,
    0xff, 0xff, 0xef, 0xff, 0xf5, 0x5, 0xff, 0xfd,
    0x50, 0x0, 0x4d, 0x70, 0xe, 0xff, 0xe1, 0x0,
    0x0, 0x0, 0x0, 0x5f, 0xff, 0x50, 0x0, 0x0,
    0x0, 0x0, 0x9f, 0xff, 0x0, 0x0, 0x0, 0x0,
    0x0, 0xbf, 0xfc, 0x0, 0x1, 0xcc, 0xcc, 0xcb,
    0xcf, 0xfb, 0x0, 0x2, 0xff, 0xff, 0xff, 0xbf,
    0xfc, 0x0, 0x2, 0xff, 0xff, 0xff, 0x9f, 0xff,
    0x0, 0x0, 0x0, 0x1f, 0xff, 0x6f, 0xff, 0x50,
    0x0, 0x0, 0x1f, 0xff, 0xf, 0xff, 0xd1, 0x0,
    0x0, 0x1f, 0xff, 0x7, 0xff, 0xfd, 0x50, 0x0,
    0x5f, 0xff, 0x0, 0xaf, 0xff, 0xff, 0xef, 0xff,
    0xff, 0x0, 0x8, 0xff, 0xff, 0xff, 0xff, 0xe5,
    0x0, 0x0, 0x28, 0xcf, 0xfe, 0xc7, 0x10,

    /* U+0048 "H" */
    0xef, 0xf8, 0x0, 0x0, 0x1, 0xff, 0xf5, 0xef,
    0xf8, 0x0, 0x0, 0x1, 0xff, 0xf5, 0xef, 0xf8,
    0x0, 0x0, 0x1, 0xff, 0xf5, 0xef, 0xf8, 0x0,
    0x0, 0x1, 0xff, 0xf5, 0xef, 0xf8, 0x0, 0x0,
    0x1, 0xff, 0xf5, 0xef, 0xf8, 0x0, 0x0, 0x1,
    0xff, 0xf5, 0xef, 0xf8, 0x0, 0x0, 0x1, 0xff,
    0xf5, 0xef, 0xff, 0xff, 0xff, 0xff, 0xff, 0xf5,
    0xef, 0xff, 0xff, 0xff, 0xff, 0xff, 0xf5, 0xef,
    0xff, 0xee, 0xee, 0xee, 0xff, 0xf5, 0xef, 0xf8,
    0x0, 0x0, 0x1, 0xff, 0xf5, 0xef, 0xf8, 0x0,
    0x0, 0x1, 0xff, 0xf5, 0xef, 0xf8, 0x0, 0x0,
    0x1, 0xff, 0xf5, 0xef, 0xf8, 0x0, 0x0, 0x1,
    0xff, 0xf5, 0xef, 0xf8, 0x0, 0x0, 0x1, 0xff,
    0xf5, 0xef, 0xf8, 0x0, 0x0, 0x1, 0xff, 0xf5,
    0xef, 0xf8, 0x0, 0x0, 0x1, 0xff, 0xf5,

    /* U+0049 "I" */
    0xef, 0xf8, 0xef, 0xf8, 0xef, 0xf8, 0xef, 0xf8,
    0xef, 0xf8, 0xef, 0xf8, 0xef, 0xf8, 0xef, 0xf8,
    0xef, 0xf8, 0xef, 0xf8, 0xef, 0xf8, 0xef, 0xf8,
    0xef, 0xf8, 0xef, 0xf8, 0xef, 0xf8, 0xef, 0xf8,
    0xef, 0xf8,

    /* U+004A "J" */
    0x0, 0x0, 0x0, 0x5, 0xff, 0xf1, 0x0, 0x0,
    0x0, 0x5, 0xff, 0xf1, 0x0, 0x0, 0x0, 0x5,
    0xff, 0xf1, 0x0, 0x0, 0x0, 0x5, 0xff, 0xf1,
    0x0, 0x0, 0x0, 0x5, 0xff, 0xf1, 0x0, 0x0,
    0x0, 0x5, 0xff, 0xf1, 0x0, 0x0, 0x0, 0x5,
    0xff, 0xf1, 0x0, 0x0, 0x0, 0x5, 0xff, 0xf1,
    0x0, 0x0, 0x0, 0x5, 0xff, 0xf1, 0x0, 0x0,
    0x0, 0x5, 0xff, 0xf1, 0x0, 0x0, 0x0, 0x5,
    0xff, 0xf1, 0x0, 0x0, 0x0, 0x5, 0xff, 0xf0,
    0x0, 0x50, 0x0, 0x8, 0xff, 0xf0, 0xa, 0xfb,
    0x10, 0x2e, 0xff, 0xb0, 0x3f, 0xff, 0xfe, 0xff,
    0xff, 0x50, 0x5, 0xff, 0xff, 0xff, 0xfa, 0x0,
    0x0, 0x2a, 0xef, 0xfc, 0x60, 0x0,

    /* U+004B "K" */
    0xef, 0xf8, 0x0, 0x0, 0x3f, 0xff, 0x90, 0xef,
    0xf8, 0x0, 0x1, 0xdf, 0xfc, 0x0, 0xef, 0xf8,
    0x0, 0xb, 0xff, 0xe1, 0x0, 0xef, 0xf8, 0x0,
    0x7f, 0xff, 0x40, 0x0, 0xef, 0xf8, 0x3, 0xff,
    0xf7, 0x0, 0x0, 0xef, 0xf8, 0x1e, 0xff, 0xa0,
    0x0, 0x0, 0xef, 0xf8, 0xbf, 0xfe, 0x0, 0x0,
    0x0, 0xef, 0xfe, 0xff, 0xff, 0x30, 0x0, 0x0,
    0xef, 0xff, 0xff, 0xff, 0xc0, 0x0, 0x0, 0xef,
    0xff, 0xfb, 0xff, 0xf6, 0x0, 0x0, 0xef, 0xff,
    0xd0, 0x9f, 0xfe, 0x10, 0x0, 0xef, 0xfe, 0x20,
    0x1f, 0xff, 0x90, 0x0, 0xef, 0xf8, 0x0, 0x7,
    0xff, 0xf3, 0x0, 0xef, 0xf8, 0x0, 0x0, 0xdf,
    0xfc, 0x0, 0xef, 0xf8, 0x0, 0x0, 0x4f, 0xff,
    0x60, 0xef, 0xf8, 0x0, 0x0, 0xb, 0xff, 0xe1,
    0xef, 0xf8, 0x0, 0x0, 0x2, 0xff, 0xf9,

    /* U+004C "L" */
    0xef, 0xf8, 0x0, 0x0, 0x0, 0xe, 0xff, 0x80,
    0x0, 0x0, 0x0, 0xef, 0xf8, 0x0, 0x0, 0x0,
    0xe, 0xff, 0x80, 0x0, 0x0, 0x0, 0xef, 0xf8,
    0x0, 0x0, 0x0, 0xe, 0xff, 0x80, 0x0, 0x0,
    0x0, 0xef, 0xf8, 0x0, 0x0, 0x0, 0xe, 0xff,
    0x80, 0x0, 0x0, 0x0, 0xef, 0xf8, 0x0, 0x0,
    0x0, 0xe, 0xff, 0x80, 0x0, 0x0, 0x0, 0xef,
    0xf8, 0x0, 0x0, 0x0, 0xe, 0xff, 0x80, 0x0,
    0x0, 0x0, 0xef, 0xf8, 0x0, 0x0, 0x0, 0xe,
    0xff, 0x80, 0x0, 0x0, 0x0, 0xef, 0xfe, 0xdd,
    0xdd, 0xdd, 0x5e, 0xff, 0xff, 0xff, 0xff, 0xf6,
    0xef, 0xff, 0xff, 0xff, 0xff, 0x60,

    /* U+004D "M" */
    0xef, 0xff, 0x10, 0x0, 0x0, 0x6, 0xff, 0xf8,
    0xef, 0xff, 0x60, 0x0, 0x0, 0xc, 0xff, 0xf8,
    0xef, 0xff, 0xc0, 0x0, 0x0, 0x1f, 0xff, 0xf8,
    0xef, 0xff, 0xf2, 0x0, 0x0, 0x7f, 0xff, 0xf8,
    0xef, 0xef, 0xf8, 0x0, 0x0, 0xdf, 0xef, 0xf8,
    0xef, 0xdc, 0xfd, 0x0, 0x3, 0xff, 0xaf, 0xf8,
    0xef, 0xe7, 0xff, 0x30, 0x8, 0xff, 0x6f, 0xf8,
    0xef, 0xf2, 0xff, 0x90, 0xe, 0xfa, 0x7f, 0xf8,
    0xef, 0xf1, 0xcf, 0xe0, 0x3f, 0xf5, 0x8f, 0xf8,
    0xef, 0xf2, 0x6f, 0xf4, 0x8f, 0xe0, 0x8f, 0xf8,
    0xef, 0xf2, 0x1f, 0xf9, 0xdf, 0x90, 0x9f, 0xf8,
    0xef, 0xf2, 0xa, 0xff, 0xff, 0x30, 0x9f, 0xf8,
    0xef, 0xf2, 0x4, 0xff, 0xfd, 0x0, 0x9f, 0xf8,
    0xef, 0xf2, 0x0, 0xef, 0xf7, 0x0, 0x9f, 0xf8,
    0xef, 0xf2, 0x0, 0x8f, 0xf2, 0x0, 0x9f, 0xf8,
    0xef, 0xf2, 0x0, 0x27, 0x60, 0x0, 0x9f, 0xf8,
    0xef, 0xf2, 0x0, 0x0, 0x0, 0x0, 0x9f, 0xf8,

    /* U+004E "N" */
    0xef, 0xfd, 0x0, 0x0, 0x1, 0xff, 0xf1, 0xef,
    0xff, 0x60, 0x0, 0x1, 0xff, 0xf1, 0xef, 0xff,
    0xe0, 0x0, 0x1, 0xff, 0xf1, 0xef, 0xff, 0xf7,
    0x0, 0x1, 0xff, 0xf1, 0xef, 0xfd, 0xff, 0x10,
    0x1, 0xff, 0xf1, 0xef, 0xf6, 0xff, 0x90, 0x1,
    0xff, 0xf1, 0xef, 0xf2, 0xef, 0xf2, 0x1, 0xff,
    0xf1, 0xef, 0xf3, 0x7f, 0xfa, 0x1, 0xff, 0xf1,
    0xef, 0xf4, 0xe, 0xff, 0x30, 0xff, 0xf1, 0xef,
    0xf5, 0x6, 0xff, 0xb0, 0xff, 0xf1, 0xef, 0xf5,
    0x0, 0xdf, 0xf3, 0xef, 0xf1, 0xef, 0xf5, 0x0,
    0x5f, 0xfa, 0xcf, 0xf1, 0xef, 0xf5, 0x0, 0xc,
    0xff, 0xdf, 0xf1, 0xef, 0xf5, 0x0, 0x4, 0xff,
    0xff, 0xf1, 0xef, 0xf5, 0x0, 0x0, 0xbf, 0xff,
    0xf1, 0xef, 0xf5, 0x0, 0x0, 0x2f, 0xff, 0xf1,
    0xef, 0xf5, 0x0, 0x0, 0xa, 0xff, 0xf1,

    /* U+004F "O" */
    0x0, 0x0, 0x4a, 0xef, 0xfd, 0x92, 0x0, 0x0,
    0x0, 0x1b, 0xff, 0xff, 0xff, 0xff, 0x80, 0x0,
    0x0, 0xdf, 0xff, 0xfe, 0xff, 0xff, 0xf8, 0x0,
    0x9, 0xff, 0xfb, 0x20, 0x3, 0xdf, 0xff, 0x40,
    0x1f, 0xff, 0xc0, 0x0, 0x0, 0x1f, 0xff, 0xc0,
    0x6f, 0xff, 0x30, 0x0, 0x0, 0x8, 0xff, 0xf1,
    0x9f, 0xfe, 0x0, 0x0, 0x0, 0x3, 0xff, 0xf4,
    0xbf, 0xfc, 0x0, 0x0, 0x0, 0x0, 0xff, 0xf6,
    0xcf, 0xfb, 0x0, 0x0, 0x0, 0x0, 0xff, 0xf7,
    0xbf, 0xfc, 0x0, 0x0, 0x0, 0x1, 0xff, 0xf6,
    0x9f, 0xff, 0x0, 0x0, 0x0, 0x3, 0xff, 0xf4,
    0x5f, 0xff, 0x40, 0x0, 0x0, 0x8, 0xff, 0xf1,
    0xf, 0xff, 0xc0, 0x0, 0x0, 0x2f, 0xff, 0xb0,
    0x8, 0xff, 0xfb, 0x20, 0x4, 0xef, 0xff, 0x30,
    0x0, 0xcf, 0xff, 0xfe, 0xff, 0xff, 0xf8, 0x0,
    0x0, 0xb, 0xff, 0xff, 0xff, 0xff, 0x70, 0x0,
    0x0, 0x0, 0x4a, 0xef, 0xfd, 0x92, 0x0, 0x0,

    /* U+0050 "P" */
    0xef, 0xff, 0xff, 0xfd, 0xa4, 0x0, 0xe, 0xff,
    0xff, 0xff, 0xff, 0xfb, 0x0, 0xef, 0xfd, 0xaa,
    0xcf, 0xff, 0xfa, 0xe, 0xff, 0x80, 0x0, 0xa,
    0xff, 0xf1, 0xef, 0xf8, 0x0, 0x0, 0x1f, 0xff,
    0x4e, 0xff, 0x80, 0x0, 0x0, 0xff, 0xf5, 0xef,
    0xf8, 0x0, 0x0, 0x2f, 0xff, 0x4e, 0xff, 0x80,
    0x0, 0x1b, 0xff, 0xf0, 0xef, 0xfd, 0xaa, 0xbf,
    0xff, 0xf7, 0xe, 0xff, 0xff, 0xff, 0xff, 0xf8,
    0x0, 0xef, 0xff, 0xff, 0xfd, 0x93, 0x0, 0xe,
    0xff, 0x80, 0x0, 0x0, 0x0, 0x0, 0xef, 0xf8,
    0x0, 0x0, 0x0, 0x0, 0xe, 0xff, 0x80, 0x0,
    0x0, 0x0, 0x0, 0xef, 0xf8, 0x0, 0x0, 0x0,
    0x0, 0xe, 0xff, 0x80, 0x0, 0x0, 0x0, 0x0,
    0xef, 0xf8, 0x0, 0x0, 0x0, 0x0, 0x0,

    /* U+0051 "Q" */
    0x0, 0x0, 0x4a, 0xef, 0xfd, 0x92, 0x0, 0x0,
    0x0, 0x1, 0xbf, 0xff, 0xff, 0xff, 0xf8, 0x0,
    0x0, 0x0, 0xdf, 0xff, 0xfe, 0xff, 0xff, 0xf8,
    0x0, 0x0, 0x9f, 0xff, 0xb2, 0x0, 0x3d, 0xff,
    0xf4, 0x0, 0x1f, 0xff, 0xc0, 0x0, 0x0, 0x1f,
    0xff, 0xc0, 0x6, 0xff, 0xf3, 0x0, 0x0, 0x0,
    0x8f, 0xff, 0x10, 0x9f, 0xfe, 0x0, 0x0, 0x0,
    0x3, 0xff, 0xf4, 0xb, 0xff, 0xc0, 0x0, 0x0,
    0x0, 0xf, 0xff, 0x60, 0xcf, 0xfb, 0x0, 0x0,
    0x0, 0x0, 0xff, 0xf7, 0xb, 0xff, 0xc0, 0x0,
    0x0, 0x0, 0x1f, 0xff, 0x60, 0x9f, 0xff, 0x0,
    0x0, 0x0, 0x3, 0xff, 0xf4, 0x5, 0xff, 0xf3,
    0x0, 0x0, 0x0, 0x8f, 0xff, 0x10, 0xf, 0xff,
    0xb0, 0x0, 0x0, 0x1e, 0xff, 0xb0, 0x0, 0x8f,
    0xff, 0x90, 0x0, 0x2c, 0xff, 0xf3, 0x0, 0x0,
    0xcf, 0xff, 0xfc, 0xcf, 0xff, 0xf8, 0x0, 0x0,
    0x0, 0xbf, 0xff, 0xff, 0xff, 0xf7, 0x0, 0x0,
    0x0, 0x0, 0x4a, 0xff, 0xff, 0x92, 0x0, 0x0,
    0x0, 0x0, 0x0, 0x6, 0xff, 0xf4, 0x0, 0x0,
    0x0, 0x0, 0x0, 0x0, 0xd, 0xff, 0xf4, 0x0,
    0x0, 0x0, 0x0, 0x0, 0x0, 0x3f, 0xff, 0xfd,
    0xbc, 0xb0, 0x0, 0x0, 0x0, 0x0, 0x3e, 0xff,
    0xff, 0xff, 0x0, 0x0, 0x0, 0x0, 0x0, 0x7,
    0xcf, 0xfe, 0xb1,

    /* U+0052 "R" */
    0xef, 0xff, 0xff, 0xfe, 0xb7, 0x0, 0x0, 0xef,
    0xff, 0xff, 0xff, 0xff, 0xd2, 0x0, 0xef, 0xfd,
    0xaa, 0xbe, 0xff, 0xfc, 0x0, 0xef, 0xf8, 0x0,
    0x0, 0x8f, 0xff, 0x30, 0xef, 0xf8, 0x0, 0x0,
    0xf, 0xff, 0x60, 0xef, 0xf8, 0x0, 0x0, 0xe,
    0xff, 0x60, 0xef, 0xf8, 0x0, 0x0, 0x3f, 0xff,
    0x40, 0xef, 0xf8, 0x0, 0x15, 0xef, 0xff, 0x0,
    0xef, 0xff, 0xff, 0xff, 0xff, 0xf6, 0x0, 0xef,
    0xff, 0xff, 0xff, 0xfe, 0x60, 0x0, 0xef, 0xfd,
    0xaa, 0xff, 0xf6, 0x0, 0x0, 0xef, 0xf8, 0x0,
    0xaf, 0xfe, 0x10, 0x0, 0xef, 0xf8, 0x0, 0x2f,
    0xff, 0x80, 0x0, 0xef, 0xf8, 0x0, 0x9, 0xff,
    0xf2, 0x0, 0xef, 0xf8, 0x0, 0x1, 0xff, 0xfb,
    0x0, 0xef, 0xf8, 0x0, 0x0, 0x7f, 0xff, 0x40,
    0xef, 0xf8, 0x0, 0x0, 0xe, 0xff, 0xd0,

    /* U+0053 "S" */
    0x0, 0x0, 0x5b, 0xef, 0xeb, 0x60, 0x0, 0x0,
    0xb, 0xff, 0xff, 0xff, 0xfd, 0x30, 0x0, 0xaf,
    0xff, 0xfe, 0xff, 0xff, 0x90, 0x2, 0xff, 0xfa,
    0x0, 0x3, 0xbc, 0x0, 0x5, 0xff, 0xf2, 0x0,
    0x0, 0x0, 0x0, 0x4, 0xff, 0xf8, 0x0, 0x0,
    0x0, 0x0, 0x0, 0xef, 0xff, 0xc5, 0x0, 0x0,
    0x0, 0x0, 0x4f, 0xff, 0xff, 0xe9, 0x20, 0x0,
    0x0, 0x3, 0xcf, 0xff, 0xff, 0xf9, 0x0, 0x0,
    0x0, 0x3, 0xaf, 0xff, 0xff, 0xa0, 0x0, 0x0,
    0x0, 0x1, 0x8f, 0xff, 0xf2, 0x0, 0x0, 0x0,
    0x0, 0x4, 0xff, 0xf6, 0x0, 0x43, 0x0, 0x0,
    0x1, 0xff, 0xf6, 0x2, 0xff, 0x93, 0x0, 0x1a,
    0xff, 0xf2, 0xc, 0xff, 0xff, 0xfe, 0xff, 0xff,
    0xa0, 0x1, 0xbf, 0xff, 0xff, 0xff, 0xfb, 0x0,
    0x0, 0x3, 0x9d, 0xff, 0xeb, 0x50, 0x0,

    /* U+0054 "T" */
    0x5f, 0xff, 0xff, 0xff, 0xff, 0xff, 0xfb, 0x5f,
    0xff, 0xff, 0xff, 0xff, 0xff, 0xfb, 0x4d, 0xdd,
    0xde, 0xff, 0xfd, 0xdd, 0xd8, 0x0, 0x0, 0x8,
    0xff, 0xe0, 0x0, 0x0, 0x0, 0x0, 0x8, 0xff,
    0xe0, 0x0, 0x0, 0x0, 0x0, 0x8, 0xff, 0xe0,
    0x0, 0x0, 0x0, 0x0, 0x8, 0xff, 0xe0, 0x0,
    0x0, 0x0, 0x0, 0x8, 0xff, 0xe0, 0x0, 0x0,
    0x0, 0x0, 0x8, 0xff, 0xe0, 0x0, 0x0, 0x0,
    0x0, 0x8, 0xff, 0xe0, 0x0, 0x0, 0x0, 0x0,
    0x8, 0xff, 0xe0, 0x0, 0x0, 0x0, 0x0, 0x8,
    0xff, 0xe0, 0x0, 0x0, 0x0, 0x0, 0x8, 0xff,
    0xe0, 0x0, 0x0, 0x0, 0x0, 0x8, 0xff, 0xe0,
    0x0, 0x0, 0x0, 0x0, 0x8, 0xff, 0xe0, 0x0,
    0x0, 0x0, 0x0, 0x8, 0xff, 0xe0, 0x0, 0x0,
    0x0, 0x0, 0x8, 0xff, 0xe0, 0x0, 0x0,

    /* U+0055 "U" */
    0xff, 0xf6, 0x0, 0x0, 0x1, 0xff, 0xf3, 0xff,
    0xf6, 0x0, 0x0, 0x1, 0xff, 0xf3, 0xff, 0xf6,
    0x0, 0x0, 0x1, 0xff, 0xf3, 0xff, 0xf6, 0x0,
    0x0, 0x1, 0xff, 0xf3, 0xff, 0xf6, 0x0, 0x0,
    0x1, 0xff, 0xf3, 0xff, 0xf6, 0x0, 0x0, 0x1,
    0xff, 0xf3, 0xff, 0xf6, 0x0, 0x0, 0x1, 0xff,
    0xf3, 0xff, 0xf6, 0x0, 0x0, 0x1, 0xff, 0xf3,
    0xff, 0xf6, 0x0, 0x0, 0x1, 0xff, 0xf3, 0xff,
    0xf6, 0x0, 0x0, 0x1, 0xff, 0xf3, 0xef, 0xf7,
    0x0, 0x0, 0x1, 0xff, 0xf2, 0xcf, 0xf9, 0x0,
    0x0, 0x4, 0xff, 0xf0, 0x9f, 0xfe, 0x0, 0x0,
    0x9, 0xff, 0xd0, 0x4f, 0xff, 0xa1, 0x0, 0x7f,
    0xff, 0x70, 0xb, 0xff, 0xff, 0xef, 0xff, 0xfe,
    0x10, 0x1, 0xcf, 0xff, 0xff, 0xff, 0xe3, 0x0,
    0x0, 0x6, 0xbe, 0xff, 0xc8, 0x10, 0x0,

    /* U+0056 "V" */
    0xf, 0xff, 0x90, 0x0, 0x0, 0x3, 0xff, 0xf3,
    0xa, 0xff, 0xd0, 0x0, 0x0, 0x7, 0xff, 0xe0,
    0x5, 0xff, 0xf2, 0x0, 0x0, 0xc, 0xff, 0x90,
    0x1, 0xff, 0xf6, 0x0, 0x0, 0xf, 0xff, 0x40,
    0x0, 0xbf, 0xfa, 0x0, 0x0, 0x4f, 0xff, 0x0,
    0x0, 0x6f, 0xff, 0x0, 0x0, 0x9f, 0xfa, 0x0,
    0x0, 0x2f, 0xff, 0x30, 0x0, 0xdf, 0xf5, 0x0,
    0x0, 0xd, 0xff, 0x70, 0x1, 0xff, 0xf1, 0x0,
    0x0, 0x8, 0xff, 0xc0, 0x5, 0xff, 0xc0, 0x0,
    0x0, 0x3, 0xff, 0xf0, 0xa, 0xff, 0x70, 0x0,
    0x0, 0x0, 0xef, 0xf4, 0xe, 0xff, 0x20, 0x0,
    0x0, 0x0, 0x9f, 0xf8, 0x2f, 0xfd, 0x0, 0x0,
    0x0, 0x0, 0x4f, 0xfc, 0x6f, 0xf8, 0x0, 0x0,
    0x0, 0x0, 0xf, 0xff, 0xcf, 0xf3, 0x0, 0x0,
    0x0, 0x0, 0xa, 0xff, 0xff, 0xe0, 0x0, 0x0,
    0x0, 0x0, 0x6, 0xff, 0xff, 0x90, 0x0, 0x0,
    0x0, 0x0, 0x1, 0xff, 0xff, 0x40, 0x0, 0x0,

    /* U+0057 "W" */
    0x7f, 0xff, 0x0, 0x0, 0xf, 0xff, 0x30, 0x0,
    0xb, 0xff, 0x74, 0xff, 0xf2, 0x0, 0x3, 0xff,
    0xf6, 0x0, 0x0, 0xef, 0xf4, 0x1f, 0xff, 0x40,
    0x0, 0x6f, 0xff, 0xa0, 0x0, 0xf, 0xff, 0x10,
    0xef, 0xf7, 0x0, 0xa, 0xff, 0xfe, 0x0, 0x3,
    0xff, 0xe0, 0xb, 0xff, 0x90, 0x0, 0xef, 0xff,
    0xf2, 0x0, 0x5f, 0xfb, 0x0, 0x8f, 0xfc, 0x0,
    0x2f, 0xf9, 0xff, 0x60, 0x8, 0xff, 0x80, 0x5,
    0xff, 0xe0, 0x5, 0xff, 0x3f, 0xf9, 0x0, 0xbf,
    0xf6, 0x0, 0x1f, 0xff, 0x10, 0x9f, 0xe0, 0xef,
    0xd0, 0xd, 0xff, 0x30, 0x0, 0xef, 0xf4, 0xd,
    0xfb, 0xb, 0xff, 0x10, 0xff, 0xf0, 0x0, 0xb,
    0xff, 0x60, 0xff, 0x80, 0x7f, 0xf4, 0x2f, 0xfd,
    0x0, 0x0, 0x8f, 0xf9, 0x3f, 0xf4, 0x4, 0xff,
    0x74, 0xff, 0xa0, 0x0, 0x5, 0xff, 0xb6, 0xff,
    0x10, 0xf, 0xfb, 0x7f, 0xf7, 0x0, 0x0, 0x2f,
    0xfd, 0xaf, 0xd0, 0x0, 0xdf, 0xe9, 0xff, 0x40,
    0x0, 0x0, 0xff, 0xfd, 0xfa, 0x0, 0x9, 0xff,
    0xdf, 0xf1, 0x0, 0x0, 0xc, 0xff, 0xff, 0x60,
    0x0, 0x5f, 0xff, 0xfe, 0x0, 0x0, 0x0, 0x9f,
    0xff, 0xf3, 0x0, 0x2, 0xff, 0xff, 0xb0, 0x0,
    0x0, 0x6, 0xff, 0xff, 0x0, 0x0, 0xe, 0xff,
    0xf8, 0x0, 0x0,

    /* U+0058 "X" */
    0x2f, 0xff, 0xa0, 0x0, 0x1, 0xff, 0xf8, 0x0,
    0x9f, 0xff, 0x20, 0x0, 0x7f, 0xfe, 0x10, 0x1,
    0xff, 0xf9, 0x0, 0xe, 0xff, 0x70, 0x0, 0x7,
    0xff, 0xf1, 0x6, 0xff, 0xe0, 0x0, 0x0, 0xe,
    0xff, 0x90, 0xdf, 0xf6, 0x0, 0x0, 0x0, 0x6f,
    0xff, 0x5f, 0xfd, 0x0, 0x0, 0x0, 0x0, 0xdf,
    0xff, 0xff, 0x50, 0x0, 0x0, 0x0, 0x5, 0xff,
    0xff, 0xc0, 0x0, 0x0, 0x0, 0x0, 0x1f, 0xff,
    0xf7, 0x0, 0x0, 0x0, 0x0, 0x9, 0xff, 0xff,
    0xe0, 0x0, 0x0, 0x0, 0x2, 0xff, 0xee, 0xff,
    0x70, 0x0, 0x0, 0x0, 0xaf, 0xf8, 0x6f, 0xff,
    0x10, 0x0, 0x0, 0x3f, 0xff, 0x10, 0xef, 0xf9,
    0x0, 0x0, 0xb, 0xff, 0x90, 0x7, 0xff, 0xf2,
    0x0, 0x4, 0xff, 0xf2, 0x0, 0xe, 0xff, 0xb0,
    0x0, 0xdf, 0xfa, 0x0, 0x0, 0x7f, 0xff, 0x40,
    0x6f, 0xff, 0x30, 0x0, 0x0, 0xef, 0xfd, 0x0,

    /* U+0059 "Y" */
    0xe, 0xff, 0xa0, 0x0, 0x0, 0x4f, 0xff, 0x40,
    0x6f, 0xff, 0x10, 0x0, 0xa, 0xff, 0xc0, 0x0,
    0xef, 0xf7, 0x0, 0x1, 0xff, 0xf5, 0x0, 0x7,
    0xff, 0xe0, 0x0, 0x7f, 0xfd, 0x0, 0x0, 0x1f,
    0xff, 0x40, 0xe, 0xff, 0x50, 0x0, 0x0, 0x8f,
    0xfb, 0x4, 0xff, 0xd0, 0x0, 0x0, 0x1, 0xff,
    0xf1, 0xbf, 0xf6, 0x0, 0x0, 0x0, 0x9, 0xff,
    0x9f, 0xfe, 0x0, 0x0, 0x0, 0x0, 0x1f, 0xff,
    0xff, 0x70, 0x0, 0x0, 0x0, 0x0, 0xaf, 0xff,
    0xe0, 0x0, 0x0, 0x0, 0x0, 0x2, 0xff, 0xf8,
    0x0, 0x0, 0x0, 0x0, 0x0, 0xf, 0xff, 0x60,
    0x0, 0x0, 0x0, 0x0, 0x0, 0xff, 0xf6, 0x0,
    0x0, 0x0, 0x0, 0x0, 0xf, 0xff, 0x60, 0x0,
    0x0, 0x0, 0x0, 0x0, 0xff, 0xf6, 0x0, 0x0,
    0x0, 0x0, 0x0, 0xf, 0xff, 0x60, 0x0, 0x0,
    0x0, 0x0, 0x0, 0xff, 0xf6, 0x0, 0x0, 0x0,

    /* U+005A "Z" */
    0x4, 0xff, 0xff, 0xff, 0xff, 0xff, 0xf1, 0x4,
    0xff, 0xff, 0xff, 0xff, 0xff, 0xf1, 0x3, 0xdd,
    0xdd, 0xdd, 0xdf, 0xff, 0xc0, 0x0, 0x0, 0x0,
    0x0, 0x8f, 0xff, 0x20, 0x0, 0x0, 0x0, 0x3,
    0xff, 0xf7, 0x0, 0x0, 0x0, 0x0, 0xd, 0xff,
    0xd0, 0x0, 0x0, 0x0, 0x0, 0x7f, 0xff, 0x30,
    0x0, 0x0, 0x0, 0x2, 0xff, 0xf8, 0x0, 0x0,
    0x0, 0x0, 0xc, 0xff, 0xd0, 0x0, 0x0, 0x0,
    0x0, 0x7f, 0xff, 0x30, 0x0, 0x0, 0x0, 0x2,
    0xff, 0xf9, 0x0, 0x0, 0x0, 0x0, 0xb, 0xff,
    0xe0, 0x0, 0x0, 0x0, 0x0, 0x6f, 0xff, 0x40,
    0x0, 0x0, 0x0, 0x1, 0xff, 0xf9, 0x0, 0x0,
    0x0, 0x0, 0xb, 0xff, 0xfd, 0xdd, 0xdd, 0xdd,
    0xd2, 0xf, 0xff, 0xff, 0xff, 0xff, 0xff, 0xf2,
    0xf, 0xff, 0xff, 0xff, 0xff, 0xff, 0xf2,

    /* U+005B "[" */
    0xaf, 0xff, 0xf9, 0xaf, 0xfc, 0xc7, 0xaf, 0xd0,
    0x0, 0xaf, 0xd0, 0x0, 0xaf, 0xd0, 0x0, 0xaf,
    0xd0, 0x0, 0xaf, 0xd0, 0x0, 0xaf, 0xd0, 0x0,
    0xaf, 0xd0, 0x0, 0xaf, 0xd0, 0x0, 0xaf, 0xd0,
    0x0, 0xaf, 0xd0, 0x0, 0xaf, 0xd0, 0x0, 0xaf,
    0xd0, 0x0, 0xaf, 0xd0, 0x0, 0xaf, 0xd0, 0x0,
    0xaf, 0xd0, 0x0, 0xaf, 0xd0, 0x0, 0xaf, 0xd0,
    0x0, 0xaf, 0xd0, 0x0, 0xaf, 0xfc, 0xc7, 0xaf,
    0xff, 0xf9,

    /* U+005C "\\" */
    0x3f, 0xf0, 0x0, 0x0, 0x0, 0xff, 0x40, 0x0,
    0x0, 0xb, 0xf8, 0x0, 0x0, 0x0, 0x7f, 0xc0,
    0x0, 0x0, 0x3, 0xff, 0x0, 0x0, 0x0, 0xf,
    0xf4, 0x0, 0x0, 0x0, 0xbf, 0x80, 0x0, 0x0,
    0x7, 0xfc, 0x0, 0x0, 0x0, 0x3f, 0xf0, 0x0,
    0x0, 0x0, 0xff, 0x40, 0x0, 0x0, 0xb, 0xf8,
    0x0, 0x0, 0x0, 0x7f, 0xc0, 0x0, 0x0, 0x3,
    0xff, 0x10, 0x0, 0x0, 0xe, 0xf5, 0x0, 0x0,
    0x0, 0xbf, 0x90, 0x0, 0x0, 0x7, 0xfd, 0x0,
    0x0, 0x0, 0x2f, 0xf1, 0x0, 0x0, 0x0, 0xef,
    0x50, 0x0, 0x0, 0xa, 0xf9, 0x0, 0x0, 0x0,
    0x6f, 0xd0, 0x0, 0x0, 0x2, 0xff, 0x10, 0x0,
    0x0, 0xe, 0xf5, 0x0, 0x0, 0x0, 0x58, 0x40,

    /* U+005D "]" */
    0xef, 0xff, 0xf5, 0xbc, 0xdf, 0xf5, 0x0, 0x2f,
    0xf5, 0x0, 0x2f, 0xf5, 0x0, 0x2f, 0xf5, 0x0,
    0x2f, 0xf5, 0x0, 0x2f, 0xf5, 0x0, 0x2f, 0xf5,
    0x0, 0x2f, 0xf5, 0x0, 0x2f, 0xf5, 0x0, 0x2f,
    0xf5, 0x0, 0x2f, 0xf5, 0x0, 0x2f, 0xf5, 0x0,
    0x2f, 0xf5, 0x0, 0x2f, 0xf5, 0x0, 0x2f, 0xf5,
    0x0, 0x2f, 0xf5, 0x0, 0x2f, 0xf5, 0x0, 0x2f,
    0xf5, 0x0, 0x2f, 0xf5, 0xac, 0xcf, 0xf5, 0xef,
    0xff, 0xf5,

    /* U+005E "^" */
    0x0, 0x0, 0xcf, 0xf6, 0x0, 0x0, 0x0, 0x3,
    0xff, 0xfc, 0x0, 0x0, 0x0, 0x9, 0xff, 0xff,
    0x20, 0x0, 0x0, 0xf, 0xf9, 0xff, 0x90, 0x0,
    0x0, 0x6f, 0xf3, 0xaf, 0xf0, 0x0, 0x0, 0xdf,
    0xd0, 0x4f, 0xf6, 0x0, 0x3, 0xff, 0x70, 0xe,
    0xfc, 0x0, 0x9, 0xff, 0x10, 0x9, 0xff, 0x20,
    0x1f, 0xfc, 0x0, 0x3, 0xff, 0x90, 0x6f, 0xf6,
    0x0, 0x0, 0xdf, 0xf0,

    /* U+005F "_" */
    0xaf, 0xff, 0xff, 0xff, 0xff, 0xff, 0xaa, 0xff,
    0xff, 0xff, 0xff, 0xff, 0xfb,

    /* U+0060 "`" */
    0x0, 0x93, 0x0, 0x0, 0xaf, 0xe2, 0x0, 0x2f,
    0xff, 0xd1, 0x0, 0x2e, 0xff, 0xb0, 0x0, 0x1c,
    0xff, 0x80, 0x0, 0xb, 0xd1, 0x0, 0x0, 0x1,
    0x0,

    /* U+0061 "a" */
    0x0, 0x39, 0xdf, 0xfd, 0x70, 0x1, 0xcf, 0xff,
    0xff, 0xff, 0xb0, 0xd, 0xff, 0xcb, 0xef, 0xff,
    0x60, 0x58, 0x10, 0x0, 0xcf, 0xfb, 0x0, 0x0,
    0x0, 0x19, 0xff, 0xe0, 0x1, 0x6b, 0xef, 0xff,
    0xff, 0x6, 0xff, 0xff, 0xee, 0xff, 0xf5, 0xff,
    0xf8, 0x20, 0x6f, 0xff, 0xbf, 0xf8, 0x0, 0x6,
    0xff, 0xfd, 0xff, 0x80, 0x1, 0xbf, 0xff, 0xaf,
    0xff, 0xaa, 0xef, 0xff, 0xf3, 0xff, 0xff, 0xff,
    0xbf, 0xff, 0x3, 0xbf, 0xfc, 0x50, 0xef, 0xf0,

    /* U+0062 "b" */
    0x3f, 0xff, 0x30, 0x0, 0x0, 0x0, 0x3, 0xff,
    0xf3, 0x0, 0x0, 0x0, 0x0, 0x3f, 0xff, 0x30,
    0x0, 0x0, 0x0, 0x3, 0xff, 0xf3, 0x0, 0x0,
    0x0, 0x0, 0x3f, 0xff, 0x30, 0x0, 0x0, 0x0,
    0x3, 0xff, 0xf2, 0x6d, 0xfe, 0xa2, 0x0, 0x3f,
    0xff, 0xdf, 0xff, 0xff, 0xf3, 0x3, 0xff, 0xff,
    0xfc, 0xdf, 0xff, 0xd0, 0x3f, 0xff, 0xb1, 0x0,
    0x8f, 0xff, 0x53, 0xff, 0xf3, 0x0, 0x0, 0xff,
    0xf9, 0x3f, 0xff, 0x30, 0x0, 0xc, 0xff, 0xb3,
    0xff, 0xf3, 0x0, 0x0, 0xbf, 0xfb, 0x3f, 0xff,
    0x30, 0x0, 0xd, 0xff, 0xa3, 0xff, 0xf3, 0x0,
    0x1, 0xff, 0xf7, 0x3f, 0xff, 0x70, 0x0, 0xbf,
    0xff, 0x23, 0xff, 0xff, 0xec, 0xef, 0xff, 0x90,
    0x3f, 0xfd, 0xef, 0xff, 0xff, 0xb0, 0x3, 0xff,
    0x81, 0x9e, 0xfd, 0x70, 0x0,

    /* U+0063 "c" */
    0x0, 0x4, 0xae, 0xfe, 0xa2, 0x0, 0xa, 0xff,
    0xff, 0xff, 0xf1, 0xb, 0xff, 0xfe, 0xcd, 0xf8,
    0x5, 0xff, 0xfa, 0x0, 0x4, 0x0, 0xbf, 0xfe,
    0x0, 0x0, 0x0, 0xe, 0xff, 0x90, 0x0, 0x0,
    0x0, 0xff, 0xf7, 0x0, 0x0, 0x0, 0xe, 0xff,
    0x90, 0x0, 0x0, 0x0, 0xbf, 0xfe, 0x0, 0x0,
    0x0, 0x6, 0xff, 0xfa, 0x0, 0x4, 0x40, 0xc,
    0xff, 0xfe, 0xbd, 0xfd, 0x0, 0x1c, 0xff, 0xff,
    0xff, 0xf4, 0x0, 0x6, 0xcf, 0xfd, 0x92, 0x0,

    /* U+0064 "d" */
    0x0, 0x0, 0x0, 0x0, 0x5f, 0xff, 0x0, 0x0,
    0x0, 0x0, 0x5, 0xff, 0xf0, 0x0, 0x0, 0x0,
    0x0, 0x5f, 0xff, 0x0, 0x0, 0x0, 0x0, 0x5,
    0xff, 0xf0, 0x0, 0x0, 0x0, 0x0, 0x5f, 0xff,
    0x0, 0x0, 0x8e, 0xfe, 0x85, 0xff, 0xf0, 0x1,
    0xdf, 0xff, 0xff, 0xef, 0xff, 0x0, 0xcf, 0xff,
    0xec, 0xff, 0xff, 0xf0, 0x5f, 0xff, 0x90, 0x0,
    0x9f, 0xff, 0xa, 0xff, 0xe0, 0x0, 0x5, 0xff,
    0xf0, 0xdf, 0xfa, 0x0, 0x0, 0x5f, 0xff, 0xe,
    0xff, 0x80, 0x0, 0x5, 0xff, 0xf0, 0xdf, 0xf9,
    0x0, 0x0, 0x5f, 0xff, 0xb, 0xff, 0xd0, 0x0,
    0x5, 0xff, 0xf0, 0x7f, 0xff, 0x70, 0x1, 0xcf,
    0xff, 0x1, 0xef, 0xff, 0xdc, 0xff, 0xff, 0xf0,
    0x4, 0xff, 0xff, 0xff, 0xcf, 0xff, 0x0, 0x3,
    0xae, 0xfd, 0x60, 0xdf, 0xf0,

    /* U+0065 "e" */
    0x0, 0x6, 0xcf, 0xfd, 0x70, 0x0, 0x1, 0xcf,
    0xff, 0xff, 0xfd, 0x10, 0xb, 0xff, 0xfa, 0x9e,
    0xff, 0x90, 0x5f, 0xfd, 0x10, 0x0, 0xdf, 0xf1,
    0xbf, 0xf6, 0x0, 0x0, 0x8f, 0xf4, 0xef, 0xff,
    0xff, 0xff, 0xff, 0xf6, 0xff, 0xff, 0xff, 0xff,
    0xff, 0xf5, 0xef, 0xf8, 0x33, 0x33, 0x33, 0x31,
    0xbf, 0xfa, 0x0, 0x0, 0x0, 0x0, 0x5f, 0xff,
    0x60, 0x0, 0x3, 0x0, 0xc, 0xff, 0xfd, 0x9a,
    0xdf, 0x40, 0x1, 0xcf, 0xff, 0xff, 0xff, 0xa0,
    0x0, 0x5, 0xbe, 0xfe, 0xb5, 0x0,

    /* U+0066 "f" */
    0x0, 0x0, 0x8d, 0xff, 0xc2, 0x0, 0xb, 0xff,
    0xff, 0xf0, 0x0, 0x3f, 0xff, 0xda, 0x90, 0x0,
    0x8f, 0xfe, 0x0, 0x0, 0x0, 0x9f, 0xfc, 0x0,
    0x0, 0x4e, 0xff, 0xff, 0xff, 0x30, 0x5f, 0xff,
    0xff, 0xff, 0x30, 0x3a, 0xdf, 0xfe, 0xaa, 0x20,
    0x0, 0x9f, 0xfc, 0x0, 0x0, 0x0, 0x9f, 0xfc,
    0x0, 0x0, 0x0, 0x9f, 0xfc, 0x0, 0x0, 0x0,
    0x9f, 0xfc, 0x0, 0x0, 0x0, 0x9f, 0xfc, 0x0,
    0x0, 0x0, 0x9f, 0xfc, 0x0, 0x0, 0x0, 0x9f,
    0xfc, 0x0, 0x0, 0x0, 0x9f, 0xfc, 0x0, 0x0,
    0x0, 0x9f, 0xfc, 0x0, 0x0, 0x0, 0x9f, 0xfc,
    0x0, 0x0,

    /* U+0067 "g" */
    0x0, 0x4, 0xbe, 0xff, 0xff, 0xff, 0xf2, 0x0,
    0x9f, 0xff, 0xff, 0xff, 0xff, 0xf2, 0x4, 0xff,
    0xf8, 0x48, 0xff, 0xf8, 0x71, 0x9, 0xff, 0xa0,
    0x0, 0x8f, 0xf6, 0x0, 0x9, 0xff, 0x90, 0x0,
    0x7f, 0xf7, 0x0, 0x4, 0xff, 0xf4, 0x3, 0xef,
    0xf4, 0x0, 0x0, 0x7f, 0xff, 0xff, 0xff, 0xa0,
    0x0, 0x0, 0x5f, 0xfe, 0xff, 0xc6, 0x0, 0x0,
    0x1, 0xff, 0x70, 0x0, 0x0, 0x0, 0x0, 0x5,
    0xff, 0x60, 0x0, 0x0, 0x0, 0x0, 0x3, 0xff,
    0xfa, 0x99, 0x98, 0x62, 0x0, 0x0, 0xbf, 0xff,
    0xff, 0xff, 0xff, 0x80, 0x0, 0x9f, 0xff, 0xff,
    0xff, 0xff, 0xf2, 0x9, 0xff, 0x10, 0x0, 0x4,
    0xff, 0xf5, 0xf, 0xfd, 0x0, 0x0, 0x0, 0xff,
    0xf3, 0xe, 0xff, 0xa4, 0x22, 0x5d, 0xff, 0xb0,
    0x5, 0xff, 0xff, 0xff, 0xff, 0xfa, 0x0, 0x0,
    0x39, 0xdf, 0xff, 0xd9, 0x30, 0x0,

    /* U+0068 "h" */
    0x3f, 0xff, 0x30, 0x0, 0x0, 0x0, 0x3, 0xff,
    0xf3, 0x0, 0x0, 0x0, 0x0, 0x3f, 0xff, 0x30,
    0x0, 0x0, 0x0, 0x3, 0xff, 0xf3, 0x0, 0x0,
    0x0, 0x0, 0x3f, 0xff, 0x30, 0x0, 0x0, 0x0,
    0x3, 0xff, 0xf2, 0x3b, 0xff, 0xc4, 0x0, 0x3f,
    0xff, 0x9f, 0xff, 0xff, 0xf3, 0x3, 0xff, 0xff,
    0xfe, 0xff, 0xff, 0xa0, 0x3f, 0xff, 0xe3, 0x0,
    0xbf, 0xfe, 0x3, 0xff, 0xf3, 0x0, 0x6, 0xff,
    0xf0, 0x3f, 0xff, 0x30, 0x0, 0x5f, 0xff, 0x13,
    0xff, 0xf3, 0x0, 0x5, 0xff, 0xf1, 0x3f, 0xff,
    0x30, 0x0, 0x5f, 0xff, 0x13, 0xff, 0xf3, 0x0,
    0x5, 0xff, 0xf1, 0x3f, 0xff, 0x30, 0x0, 0x5f,
    0xff, 0x13, 0xff, 0xf3, 0x0, 0x5, 0xff, 0xf1,
    0x3f, 0xff, 0x30, 0x0, 0x5f, 0xff, 0x13, 0xff,
    0xf3, 0x0, 0x5, 0xff, 0xf1,

    /* U+0069 "i" */
    0x1b, 0xfc, 0x16, 0xff, 0xf6, 0x4f, 0xff, 0x50,
    0x59, 0x50, 0x0, 0x0, 0x3, 0xff, 0xf3, 0x3f,
    0xff, 0x33, 0xff, 0xf3, 0x3f, 0xff, 0x33, 0xff,
    0xf3, 0x3f, 0xff, 0x33, 0xff, 0xf3, 0x3f, 0xff,
    0x33, 0xff, 0xf3, 0x3f, 0xff, 0x33, 0xff, 0xf3,
    0x3f, 0xff, 0x33, 0xff, 0xf3,

    /* U+006A "j" */
    0x0, 0x0, 0xbf, 0xc1, 0x0, 0x6, 0xff, 0xf7,
    0x0, 0x4, 0xff, 0xf5, 0x0, 0x0, 0x59, 0x60,
    0x0, 0x0, 0x0, 0x0, 0x0, 0x2, 0xff, 0xf4,
    0x0, 0x2, 0xff, 0xf4, 0x0, 0x2, 0xff, 0xf4,
    0x0, 0x2, 0xff, 0xf4, 0x0, 0x2, 0xff, 0xf4,
    0x0, 0x2, 0xff, 0xf4, 0x0, 0x2, 0xff, 0xf4,
    0x0, 0x2, 0xff, 0xf4, 0x0, 0x2, 0xff, 0xf4,
    0x0, 0x2, 0xff, 0xf4, 0x0, 0x2, 0xff, 0xf4,
    0x0, 0x2, 0xff, 0xf4, 0x0, 0x2, 0xff, 0xf4,
    0x0, 0x2, 0xff, 0xf3, 0x0, 0x5, 0xff, 0xf1,
    0x8, 0xae, 0xff, 0xd0, 0xf, 0xff, 0xff, 0x50,
    0x1d, 0xff, 0xc4, 0x0,

    /* U+006B "k" */
    0x3f, 0xff, 0x20, 0x0, 0x0, 0x0, 0x3, 0xff,
    0xf2, 0x0, 0x0, 0x0, 0x0, 0x3f, 0xff, 0x20,
    0x0, 0x0, 0x0, 0x3, 0xff, 0xf2, 0x0, 0x0,
    0x0, 0x0, 0x3f, 0xff, 0x20, 0x0, 0x0, 0x0,
    0x3, 0xff, 0xf2, 0x0, 0xb, 0xff, 0xd1, 0x3f,
    0xff, 0x20, 0x8, 0xff, 0xf2, 0x3, 0xff, 0xf2,
    0x5, 0xff, 0xf4, 0x0, 0x3f, 0xff, 0x22, 0xff,
    0xf7, 0x0, 0x3, 0xff, 0xf3, 0xdf, 0xfa, 0x0,
    0x0, 0x3f, 0xff, 0xdf, 0xff, 0x10, 0x0, 0x3,
    0xff, 0xff, 0xff, 0xfa, 0x0, 0x0, 0x3f, 0xff,
    0xfe, 0xff, 0xf4, 0x0, 0x3, 0xff, 0xff, 0x38,
    0xff, 0xd0, 0x0, 0x3f, 0xff, 0x50, 0xe, 0xff,
    0x80, 0x3, 0xff, 0xf2, 0x0, 0x5f, 0xff, 0x30,
    0x3f, 0xff, 0x20, 0x0, 0xcf, 0xfc, 0x3, 0xff,
    0xf2, 0x0, 0x3, 0xff, 0xf6,

    /* U+006C "l" */
    0x3f, 0xff, 0x30, 0x3f, 0xff, 0x30, 0x3f, 0xff,
    0x30, 0x3f, 0xff, 0x30, 0x3f, 0xff, 0x30, 0x3f,
    0xff, 0x30, 0x3f, 0xff, 0x30, 0x3f, 0xff, 0x30,
    0x3f, 0xff, 0x30, 0x3f, 0xff, 0x30, 0x3f, 0xff,
    0x30, 0x3f, 0xff, 0x30, 0x3f, 0xff, 0x30, 0x3f,
    0xff, 0x30, 0x2f, 0xff, 0x30, 0x1f, 0xff, 0xd4,
    0xb, 0xff, 0xf8, 0x1, 0xbf, 0xf9,

    /* U+006D "m" */
    0x3f, 0xfa, 0x5, 0xcf, 0xfb, 0x20, 0x7, 0xef,
    0xe8, 0x0, 0x3f, 0xfc, 0x9f, 0xff, 0xff, 0xe3,
    0xcf, 0xff, 0xff, 0x90, 0x3f, 0xff, 0xff, 0xef,
    0xff, 0xff, 0xff, 0xef, 0xff, 0xf1, 0x3f, 0xff,
    0xe3, 0x1, 0xef, 0xff, 0xa1, 0x5, 0xff, 0xf5,
    0x3f, 0xff, 0x30, 0x0, 0xaf, 0xfd, 0x0, 0x0,
    0xff, 0xf7, 0x3f, 0xff, 0x30, 0x0, 0x8f, 0xfd,
    0x0, 0x0, 0xef, 0xf7, 0x3f, 0xff, 0x30, 0x0,
    0x8f, 0xfd, 0x0, 0x0, 0xef, 0xf7, 0x3f, 0xff,
    0x30, 0x0, 0x8f, 0xfd, 0x0, 0x0, 0xef, 0xf7,
    0x3f, 0xff, 0x30, 0x0, 0x8f, 0xfd, 0x0, 0x0,
    0xef, 0xf7, 0x3f, 0xff, 0x30, 0x0, 0x8f, 0xfd,
    0x0, 0x0, 0xef, 0xf7, 0x3f, 0xff, 0x30, 0x0,
    0x8f, 0xfd, 0x0, 0x0, 0xef, 0xf7, 0x3f, 0xff,
    0x30, 0x0, 0x8f, 0xfd, 0x0, 0x0, 0xef, 0xf7,
    0x3f, 0xff, 0x30, 0x0, 0x8f, 0xfd, 0x0, 0x0,
    0xef, 0xf7,

    /* U+006E "n" */
    0x3f, 0xfa, 0x4, 0xbf, 0xfc, 0x40, 0x3, 0xff,
    0xc9, 0xff, 0xff, 0xff, 0x30, 0x3f, 0xff, 0xff,
    0xef, 0xff, 0xfa, 0x3, 0xff, 0xfe, 0x30, 0xb,
    0xff, 0xe0, 0x3f, 0xff, 0x30, 0x0, 0x6f, 0xff,
    0x3, 0xff, 0xf3, 0x0, 0x5, 0xff, 0xf1, 0x3f,
    0xff, 0x30, 0x0, 0x5f, 0xff, 0x13, 0xff, 0xf3,
    0x0, 0x5, 0xff, 0xf1, 0x3f, 0xff, 0x30, 0x0,
    0x5f, 0xff, 0x13, 0xff, 0xf3, 0x0, 0x5, 0xff,
    0xf1, 0x3f, 0xff, 0x30, 0x0, 0x5f, 0xff, 0x13,
    0xff, 0xf3, 0x0, 0x5, 0xff, 0xf1, 0x3f, 0xff,
    0x30, 0x0, 0x5f, 0xff, 0x10,

    /* U+006F "o" */
    0x0, 0x5, 0xcf, 0xfd, 0x81, 0x0, 0x0, 0x1b,
    0xff, 0xff, 0xff, 0xf4, 0x0, 0xb, 0xff, 0xfd,
    0xcf, 0xff, 0xf3, 0x5, 0xff, 0xf6, 0x0, 0x2e,
    0xff, 0xc0, 0xbf, 0xfd, 0x0, 0x0, 0x6f, 0xff,
    0x2e, 0xff, 0x90, 0x0, 0x2, 0xff, 0xf5, 0xff,
    0xf7, 0x0, 0x0, 0x1f, 0xff, 0x6e, 0xff, 0x90,
    0x0, 0x2, 0xff, 0xf5, 0xbf, 0xfd, 0x0, 0x0,
    0x6f, 0xff, 0x25, 0xff, 0xf6, 0x0, 0x2e, 0xff,
    0xc0, 0xc, 0xff, 0xfd, 0xcf, 0xff, 0xf3, 0x0,
    0x1c, 0xff, 0xff, 0xff, 0xf4, 0x0, 0x0, 0x5,
    0xcf, 0xfd, 0x81, 0x0, 0x0,

    /* U+0070 "p" */
    0x3f, 0xfa, 0x7, 0xdf, 0xea, 0x20, 0x3, 0xff,
    0xed, 0xff, 0xff, 0xff, 0x30, 0x3f, 0xff, 0xff,
    0xcd, 0xff, 0xfd, 0x3, 0xff, 0xfb, 0x10, 0x8,
    0xff, 0xf5, 0x3f, 0xff, 0x30, 0x0, 0xf, 0xff,
    0x93, 0xff, 0xf3, 0x0, 0x0, 0xcf, 0xfb, 0x3f,
    0xff, 0x30, 0x0, 0xb, 0xff, 0xb3, 0xff, 0xf3,
    0x0, 0x0, 0xdf, 0xfa, 0x3f, 0xff, 0x30, 0x0,
    0x1f, 0xff, 0x73, 0xff, 0xf7, 0x0, 0xb, 0xff,
    0xf2, 0x3f, 0xff, 0xfe, 0xce, 0xff, 0xf9, 0x3,
    0xff, 0xfe, 0xff, 0xff, 0xfb, 0x0, 0x3f, 0xff,
    0x39, 0xef, 0xd7, 0x0, 0x3, 0xff, 0xf2, 0x0,
    0x0, 0x0, 0x0, 0x3f, 0xff, 0x30, 0x0, 0x0,
    0x0, 0x3, 0xff, 0xf3, 0x0, 0x0, 0x0, 0x0,
    0x3f, 0xff, 0x30, 0x0, 0x0, 0x0, 0x3, 0xff,
    0xf3, 0x0, 0x0, 0x0, 0x0,

    /* U+0071 "q" */
    0x0, 0x8, 0xef, 0xe9, 0x1b, 0xff, 0x0, 0x1d,
    0xff, 0xff, 0xfe, 0xff, 0xf0, 0xc, 0xff, 0xfe,
    0xcf, 0xff, 0xff, 0x5, 0xff, 0xf9, 0x0, 0x9,
    0xff, 0xf0, 0xaf, 0xfe, 0x0, 0x0, 0x5f, 0xff,
    0xd, 0xff, 0xa0, 0x0, 0x5, 0xff, 0xf0, 0xef,
    0xf8, 0x0, 0x0, 0x5f, 0xff, 0xd, 0xff, 0x90,
    0x0, 0x5, 0xff, 0xf0, 0xbf, 0xfd, 0x0, 0x0,
    0x5f, 0xff, 0x7, 0xff, 0xf7, 0x0, 0x1c, 0xff,
    0xf0, 0x1e, 0xff, 0xfd, 0xcf, 0xff, 0xff, 0x0,
    0x4f, 0xff, 0xff, 0xfd, 0xff, 0xf0, 0x0, 0x3a,
    0xef, 0xd6, 0x4f, 0xff, 0x0, 0x0, 0x0, 0x0,
    0x5, 0xff, 0xf0, 0x0, 0x0, 0x0, 0x0, 0x5f,
    0xff, 0x0, 0x0, 0x0, 0x0, 0x5, 0xff, 0xf0,
    0x0, 0x0, 0x0, 0x0, 0x5f, 0xff, 0x0, 0x0,
    0x0, 0x0, 0x5, 0xff, 0xf0,

    /* U+0072 "r" */
    0x3f, 0xfa, 0x4, 0xcf, 0xf0, 0x3f, 0xfb, 0x6f,
    0xff, 0xc0, 0x3f, 0xfe, 0xff, 0xff, 0x90, 0x3f,
    0xff, 0xf9, 0x10, 0x0, 0x3f, 0xff, 0xb0, 0x0,
    0x0, 0x3f, 0xff, 0x30, 0x0, 0x0, 0x3f, 0xff,
    0x30, 0x0, 0x0, 0x3f, 0xff, 0x30, 0x0, 0x0,
    0x3f, 0xff, 0x30, 0x0, 0x0, 0x3f, 0xff, 0x30,
    0x0, 0x0, 0x3f, 0xff, 0x30, 0x0, 0x0, 0x3f,
    0xff, 0x30, 0x0, 0x0, 0x3f, 0xff, 0x30, 0x0,
    0x0,

    /* U+0073 "s" */
    0x0, 0x7, 0xcf, 0xfd, 0x81, 0x0, 0xc, 0xff,
    0xff, 0xff, 0xf3, 0x7, 0xff, 0xf9, 0x8b, 0xfc,
    0x0, 0xaf, 0xf8, 0x0, 0x3, 0x10, 0x9, 0xff,
    0xd3, 0x0, 0x0, 0x0, 0x2f, 0xff, 0xfc, 0x60,
    0x0, 0x0, 0x3c, 0xff, 0xff, 0xe5, 0x0, 0x0,
    0x4, 0xaf, 0xff, 0xf3, 0x0, 0x0, 0x0, 0x2d,
    0xff, 0x90, 0x29, 0x10, 0x0, 0xaf, 0xf9, 0xd,
    0xff, 0xa8, 0x9f, 0xff, 0x52, 0xdf, 0xff, 0xff,
    0xff, 0xa0, 0x0, 0x5b, 0xef, 0xec, 0x60, 0x0,

    /* U+0074 "t" */
    0x0, 0x18, 0x85, 0x0, 0x0, 0x0, 0x3f, 0xfa,
    0x0, 0x0, 0x0, 0x5f, 0xfa, 0x0, 0x0, 0x0,
    0x7f, 0xfa, 0x0, 0x0, 0x7e, 0xff, 0xff, 0xff,
    0xd0, 0x8f, 0xff, 0xff, 0xff, 0xd0, 0x5a, 0xef,
    0xfd, 0xaa, 0x80, 0x0, 0xbf, 0xfa, 0x0, 0x0,
    0x0, 0xbf, 0xfa, 0x0, 0x0, 0x0, 0xbf, 0xfa,
    0x0, 0x0, 0x0, 0xbf, 0xfa, 0x0, 0x0, 0x0,
    0xbf, 0xfa, 0x0, 0x0, 0x0, 0xbf, 0xfa, 0x0,
    0x0, 0x0, 0x9f, 0xfe, 0x0, 0x0, 0x0, 0x5f,
    0xff, 0xda, 0xa0, 0x0, 0xd, 0xff, 0xff, 0xf0,
    0x0, 0x1, 0x9e, 0xfe, 0xb1,

    /* U+0075 "u" */
    0x5f, 0xff, 0x0, 0x0, 0x8f, 0xfd, 0x5f, 0xff,
    0x0, 0x0, 0x8f, 0xfd, 0x5f, 0xff, 0x0, 0x0,
    0x8f, 0xfd, 0x5f, 0xff, 0x0, 0x0, 0x8f, 0xfd,
    0x5f, 0xff, 0x0, 0x0, 0x8f, 0xfd, 0x5f, 0xff,
    0x0, 0x0, 0x8f, 0xfd, 0x5f, 0xff, 0x0, 0x0,
    0x8f, 0xfd, 0x5f, 0xff, 0x0, 0x0, 0x8f, 0xfd,
    0x4f, 0xff, 0x10, 0x0, 0x9f, 0xfd, 0x3f, 0xff,
    0x70, 0x6, 0xff, 0xfd, 0xe, 0xff, 0xfe, 0xef,
    0xff, 0xfd, 0x7, 0xff, 0xff, 0xff, 0x5f, 0xfd,
    0x0, 0x7d, 0xfe, 0xa2, 0xf, 0xfd,

    /* U+0076 "v" */
    0x8f, 0xfd, 0x0, 0x0, 0x7, 0xff, 0xc2, 0xff,
    0xf2, 0x0, 0x0, 0xcf, 0xf6, 0xd, 0xff, 0x70,
    0x0, 0x1f, 0xff, 0x10, 0x7f, 0xfb, 0x0, 0x5,
    0xff, 0xc0, 0x2, 0xff, 0xf0, 0x0, 0xaf, 0xf6,
    0x0, 0xd, 0xff, 0x50, 0xe, 0xff, 0x10, 0x0,
    0x7f, 0xf9, 0x3, 0xff, 0xc0, 0x0, 0x2, 0xff,
    0xd0, 0x7f, 0xf7, 0x0, 0x0, 0xc, 0xff, 0x2b,
    0xff, 0x10, 0x0, 0x0, 0x7f, 0xf6, 0xff, 0xc0,
    0x0, 0x0, 0x2, 0xff, 0xef, 0xf7, 0x0, 0x0,
    0x0, 0xc, 0xff, 0xff, 0x10, 0x0, 0x0, 0x0,
    0x7f, 0xff, 0xc0, 0x0, 0x0,

    /* U+0077 "w" */
    0x3f, 0xff, 0x10, 0x0, 0x9f, 0xfa, 0x0, 0x1,
    0xff, 0xf1, 0xf, 0xff, 0x50, 0x0, 0xdf, 0xfe,
    0x0, 0x4, 0xff, 0xd0, 0xb, 0xff, 0x80, 0x1,
    0xff, 0xff, 0x20, 0x7, 0xff, 0x90, 0x7, 0xff,
    0xc0, 0x5, 0xfe, 0xff, 0x60, 0xb, 0xff, 0x50,
    0x3, 0xff, 0xf0, 0x9, 0xfa, 0xef, 0xa0, 0xe,
    0xff, 0x10, 0x0, 0xff, 0xf3, 0xd, 0xf7, 0xaf,
    0xe0, 0x1f, 0xfd, 0x0, 0x0, 0xbf, 0xf6, 0x1f,
    0xf4, 0x7f, 0xf2, 0x5f, 0xf9, 0x0, 0x0, 0x7f,
    0xf9, 0x4f, 0xf1, 0x4f, 0xf5, 0x7f, 0xf6, 0x0,
    0x0, 0x3f, 0xfc, 0x8f, 0xd0, 0xf, 0xf9, 0xaf,
    0xf2, 0x0, 0x0, 0xe, 0xfe, 0xbf, 0x90, 0xc,
    0xfc, 0xdf, 0xe0, 0x0, 0x0, 0xb, 0xff, 0xff,
    0x60, 0x8, 0xff, 0xff, 0xa0, 0x0, 0x0, 0x6,
    0xff, 0xff, 0x20, 0x5, 0xff, 0xff, 0x60, 0x0,
    0x0, 0x2, 0xff, 0xfe, 0x0, 0x1, 0xff, 0xff,
    0x20, 0x0,

    /* U+0078 "x" */
    0x1f, 0xff, 0x80, 0x0, 0x6f, 0xff, 0x10, 0x7f,
    0xff, 0x20, 0xd, 0xff, 0x70, 0x0, 0xdf, 0xfa,
    0x5, 0xff, 0xd0, 0x0, 0x4, 0xff, 0xf2, 0xcf,
    0xf4, 0x0, 0x0, 0xa, 0xff, 0xdf, 0xfb, 0x0,
    0x0, 0x0, 0x1f, 0xff, 0xff, 0x20, 0x0, 0x0,
    0x0, 0xcf, 0xff, 0xb0, 0x0, 0x0, 0x0, 0x5f,
    0xff, 0xff, 0x20, 0x0, 0x0, 0xe, 0xff, 0xbf,
    0xfb, 0x0, 0x0, 0x8, 0xff, 0x92, 0xff, 0xf5,
    0x0, 0x2, 0xff, 0xf2, 0x8, 0xff, 0xe1, 0x0,
    0xbf, 0xfa, 0x0, 0xe, 0xff, 0x90, 0x5f, 0xff,
    0x20, 0x0, 0x6f, 0xff, 0x40,

    /* U+0079 "y" */
    0x7f, 0xfe, 0x0, 0x0, 0x7, 0xff, 0xb1, 0xff,
    0xf3, 0x0, 0x0, 0xcf, 0xf6, 0xa, 0xff, 0x90,
    0x0, 0x1f, 0xff, 0x10, 0x4f, 0xfe, 0x0, 0x6,
    0xff, 0xb0, 0x0, 0xef, 0xf4, 0x0, 0xaf, 0xf5,
    0x0, 0x7, 0xff, 0x90, 0xf, 0xff, 0x0, 0x0,
    0x1f, 0xfe, 0x3, 0xff, 0xa0, 0x0, 0x0, 0xbf,
    0xf3, 0x8f, 0xf5, 0x0, 0x0, 0x4, 0xff, 0x8c,
    0xff, 0x0, 0x0, 0x0, 0xe, 0xfd, 0xff, 0xa0,
    0x0, 0x0, 0x0, 0x8f, 0xff, 0xf4, 0x0, 0x0,
    0x0, 0x1, 0xff, 0xfe, 0x0, 0x0, 0x0, 0x0,
    0xc, 0xff, 0x90, 0x0, 0x0, 0x0, 0x0, 0xef,
    0xf3, 0x0, 0x0, 0x0, 0x0, 0x7f, 0xfc, 0x0,
    0x0, 0x0, 0x3a, 0xcf, 0xff, 0x40, 0x0, 0x0,
    0x8, 0xff, 0xff, 0x80, 0x0, 0x0, 0x0, 0xaf,
    0xfc, 0x50, 0x0, 0x0, 0x0,

    /* U+007A "z" */
    0x6, 0xff, 0xff, 0xff, 0xff, 0xe0, 0x6, 0xff,
    0xff, 0xff, 0xff, 0xe0, 0x4, 0xaa, 0xaa, 0xcf,
    0xff, 0x70, 0x0, 0x0, 0x0, 0xdf, 0xfc, 0x0,
    0x0, 0x0, 0x8, 0xff, 0xf2, 0x0, 0x0, 0x0,
    0x3f, 0xff, 0x60, 0x0, 0x0, 0x0, 0xdf, 0xfc,
    0x0, 0x0, 0x0, 0x9, 0xff, 0xf2, 0x0, 0x0,
    0x0, 0x3f, 0xff, 0x60, 0x0, 0x0, 0x0, 0xdf,
    0xfb, 0x0, 0x0, 0x0, 0x9, 0xff, 0xfb, 0xaa,
    0xaa, 0xa1, 0xf, 0xff, 0xff, 0xff, 0xff, 0xf2,
    0x1f, 0xff, 0xff, 0xff, 0xff, 0xf2,

    /* U+007B "{" */
    0x0, 0x2, 0xbf, 0xf9, 0x0, 0xd, 0xff, 0xe7,
    0x0, 0x1f, 0xfc, 0x0, 0x0, 0x2f, 0xf9, 0x0,
    0x0, 0x2f, 0xf9, 0x0, 0x0, 0x1f, 0xf9, 0x0,
    0x0, 0xf, 0xfa, 0x0, 0x0, 0xf, 0xfa, 0x0,
    0x0, 0xf, 0xfa, 0x0, 0x1, 0x8f, 0xf7, 0x0,
    0x2f, 0xff, 0xa0, 0x0, 0x2f, 0xff, 0xa0, 0x0,
    0x1, 0x9f, 0xf7, 0x0, 0x0, 0xf, 0xfa, 0x0,
    0x0, 0xf, 0xfa, 0x0, 0x0, 0xf, 0xfa, 0x0,
    0x0, 0x1f, 0xf9, 0x0, 0x0, 0x2f, 0xf9, 0x0,
    0x0, 0x2f, 0xf9, 0x0, 0x0, 0x1f, 0xfc, 0x0,
    0x0, 0xd, 0xff, 0xd7, 0x0, 0x3, 0xcf, 0xf9,

    /* U+007C "|" */
    0x7b, 0x5b, 0xf8, 0xbf, 0x8b, 0xf8, 0xbf, 0x8b,
    0xf8, 0xbf, 0x8b, 0xf8, 0xbf, 0x8b, 0xf8, 0xbf,
    0x8b, 0xf8, 0xbf, 0x8b, 0xf8, 0xbf, 0x8b, 0xf8,
    0xbf, 0x8b, 0xf8, 0xbf, 0x8b, 0xf8, 0xbf, 0x8b,
    0xf8, 0xbf, 0x8b, 0xf8, 0xbf, 0x8b, 0xf8,

    /* U+007D "}" */
    0xef, 0xe9, 0x0, 0xb, 0xef, 0xf8, 0x0, 0x1,
    0xff, 0xc0, 0x0, 0xe, 0xfd, 0x0, 0x0, 0xef,
    0xd0, 0x0, 0xe, 0xfc, 0x0, 0x0, 0xff, 0xb0,
    0x0, 0xf, 0xfa, 0x0, 0x0, 0xff, 0xb0, 0x0,
    0xc, 0xff, 0x50, 0x0, 0x3d, 0xff, 0xd0, 0x3,
    0xdf, 0xfd, 0x0, 0xcf, 0xf5, 0x0, 0xf, 0xfb,
    0x0, 0x0, 0xff, 0xa0, 0x0, 0xf, 0xfb, 0x0,
    0x0, 0xef, 0xc0, 0x0, 0xe, 0xfd, 0x0, 0x0,
    0xef, 0xd0, 0x0, 0x1f, 0xfc, 0x0, 0xbe, 0xff,
    0x80, 0xe, 0xfe, 0x90, 0x0,

    /* U+007E "~" */
    0x0, 0x2, 0x53, 0x0, 0x0, 0x0, 0x0, 0xa,
    0xff, 0xfc, 0x20, 0x4, 0x70, 0xa, 0xff, 0xff,
    0xff, 0x88, 0xff, 0x80, 0xbf, 0x60, 0x5e, 0xff,
    0xff, 0xd1, 0x0, 0x30, 0x0, 0x19, 0xff, 0x91,
    0x0,

    /* U+3001 "、" */
    0x0, 0x5, 0x0, 0x0, 0x0, 0x1c, 0xf8, 0x0,
    0x0, 0xc, 0xff, 0xf9, 0x0, 0x0, 0x1d, 0xff,
    0xf8, 0x0, 0x0, 0x1d, 0xff, 0xf7, 0x0, 0x0,
    0x1e, 0xff, 0xf1, 0x0, 0x0, 0x2e, 0xe3, 0x0,
    0x0, 0x0, 0x32, 0x0,

    /* U+51FB "击" */
    0x0, 0x0, 0x0, 0x0, 0x4, 0x55, 0x0, 0x0,
    0x0, 0x0, 0x0, 0x0, 0x0, 0x0, 0x0, 0xdf,
    0xf1, 0x0, 0x0, 0x0, 0x0, 0x0, 0x0, 0x0,
    0x0, 0xd, 0xff, 0x10, 0x0, 0x0, 0x0, 0x0,
    0x1, 0x11, 0x11, 0x11, 0xef, 0xf3, 0x11, 0x11,
    0x11, 0x0, 0x3, 0xff, 0xff, 0xff, 0xff, 0xff,
    0xff, 0xff, 0xff, 0xf5, 0x0, 0x3f, 0xff, 0xff,
    0xff, 0xff, 0xff, 0xff, 0xff, 0xff, 0x50, 0x2,
    0x99, 0x99, 0x99, 0x9f, 0xff, 0xa9, 0x99, 0x99,
    0x93, 0x0, 0x0, 0x0, 0x0, 0x0, 0xdf, 0xf1,
    0x0, 0x0, 0x0, 0x0, 0x0, 0x0, 0x0, 0x0,
    0xd, 0xff, 0x10, 0x0, 0x0, 0x0, 0xd, 0xff,
    0xff, 0xff, 0xff, 0xff, 0xff, 0xff, 0xff, 0xff,
    0xfd, 0xef, 0xff, 0xff, 0xff, 0xff, 0xff, 0xff,
    0xff, 0xff, 0xff, 0xdb, 0xdd, 0xdd, 0xdd, 0xdd,
    0xff, 0xfd, 0xdd, 0xdd, 0xdd, 0xdb, 0x0, 0x0,
    0x0, 0x0, 0xd, 0xff, 0x10, 0x0, 0x0, 0x0,
    0x0, 0xd, 0xee, 0x0, 0x0, 0xdf, 0xf1, 0x0,
    0xd, 0xee, 0x0, 0x0, 0xff, 0xf0, 0x0, 0xd,
    0xff, 0x10, 0x0, 0xef, 0xf0, 0x0, 0xf, 0xff,
    0x0, 0x0, 0xdf, 0xf1, 0x0, 0xe, 0xff, 0x0,
    0x0, 0xff, 0xf0, 0x0, 0xd, 0xff, 0x10, 0x0,
    0xef, 0xf0, 0x0, 0xf, 0xff, 0x0, 0x0, 0xdf,
    0xf1, 0x0, 0xe, 0xff, 0x0, 0x0, 0xff, 0xfb,
    0xbb, 0xbf, 0xff, 0xbb, 0xbb, 0xff, 0xf0, 0x0,
    0xf, 0xff, 0xff, 0xff, 0xff, 0xff, 0xff, 0xff,
    0xff, 0x0, 0x0, 0xef, 0xff, 0xff, 0xff, 0xff,
    0xff, 0xff, 0xff, 0xf0, 0x0, 0x0, 0x0, 0x0,
    0x0, 0x0, 0x0, 0x0, 0xe, 0xff, 0x0,

    /* U+5230 "到" */
    0x0, 0x0, 0x0, 0x0, 0x0, 0x0, 0x0, 0x0,
    0x0, 0x11, 0x0, 0x0, 0x0, 0x0, 0x0, 0x0,
    0x0, 0x0, 0x0, 0x9f, 0xf1, 0xbf, 0xff, 0xff,
    0xff, 0xff, 0xff, 0x42, 0x21, 0x9, 0xff, 0x1c,
    0xff, 0xff, 0xff, 0xff, 0xff, 0xf4, 0xef, 0x90,
    0x9f, 0xf1, 0x45, 0x5f, 0xff, 0x65, 0xb9, 0x55,
    0x1e, 0xf9, 0x9, 0xff, 0x10, 0x6, 0xff, 0x80,
    0xaf, 0xe1, 0x0, 0xef, 0x90, 0x9f, 0xf1, 0x1,
    0xef, 0xd0, 0x2, 0xff, 0xa0, 0xe, 0xf9, 0x9,
    0xff, 0x10, 0xbf, 0xfb, 0x9b, 0xcf, 0xff, 0x50,
    0xef, 0x90, 0x9f, 0xf1, 0xe, 0xff, 0xff, 0xff,
    0xff, 0xfe, 0xe, 0xf9, 0x9, 0xff, 0x10, 0xaf,
    0xec, 0xb9, 0x87, 0x7f, 0x90, 0xef, 0x90, 0x9f,
    0xf1, 0x1, 0x0, 0xb, 0xb7, 0x0, 0x30, 0xe,
    0xf9, 0x9, 0xff, 0x10, 0x0, 0x0, 0xff, 0xb0,
    0x0, 0x0, 0xef, 0x90, 0x9f, 0xf1, 0x8, 0x88,
    0x8f, 0xfd, 0x88, 0x88, 0xe, 0xf9, 0x9, 0xff,
    0x10, 0xff, 0xff, 0xff, 0xff, 0xff, 0xe0, 0xef,
    0x90, 0x9f, 0xf1, 0xf, 0xff, 0xff, 0xff, 0xff,
    0xfd, 0xe, 0xf9, 0x9, 0xff, 0x10, 0x0, 0x0,
    0xff, 0xb0, 0x0, 0x0, 0xef, 0x90, 0x9f, 0xf1,
    0x0, 0x0, 0xf, 0xfb, 0x0, 0x0, 0xb, 0xc7,
    0x9, 0xff, 0x10, 0x0, 0x0, 0xff, 0xc7, 0xac,
    0xf0, 0x0, 0x0, 0x9f, 0xf1, 0x25, 0x7a, 0xcf,
    0xff, 0xff, 0xff, 0x10, 0x0, 0x9, 0xff, 0x1b,
    0xff, 0xff, 0xff, 0xff, 0xda, 0x71, 0x7, 0x99,
    0xef, 0xf0, 0x7f, 0xff, 0xc9, 0x63, 0x0, 0x0,
    0x0, 0x6f, 0xff, 0xfd, 0x2, 0x41, 0x0, 0x0,
    0x0, 0x0, 0x0, 0x1, 0xff, 0xda, 0x20,

    /* U+52A8 "动" */
    0x0, 0x0, 0x0, 0x0, 0x0, 0x0, 0x1, 0x22,
    0x0, 0x0, 0x0, 0x0, 0x0, 0x0, 0x0, 0x0,
    0x0, 0xdf, 0xe0, 0x0, 0x0, 0x2f, 0xff, 0xff,
    0xff, 0xfd, 0x0, 0xd, 0xfe, 0x0, 0x0, 0x2,
    0xff, 0xff, 0xff, 0xff, 0xe0, 0x0, 0xdf, 0xe0,
    0x0, 0x0, 0x17, 0x77, 0x77, 0x77, 0x76, 0x0,
    0xd, 0xfd, 0x0, 0x0, 0x0, 0x0, 0x0, 0x0,
    0x0, 0x4, 0xbb, 0xff, 0xfb, 0xbc, 0xb9, 0x0,
    0x0, 0x0, 0x0, 0x0, 0x7f, 0xff, 0xff, 0xff,
    0xff, 0xd6, 0x77, 0x77, 0x77, 0x77, 0x79, 0xff,
    0xff, 0xff, 0xff, 0xfd, 0xef, 0xff, 0xff, 0xff,
    0xff, 0x41, 0x1f, 0xfc, 0x11, 0xef, 0xce, 0xff,
    0xff, 0xff, 0xff, 0xf4, 0x0, 0xff, 0xa0, 0xe,
    0xfc, 0x0, 0x3f, 0xfa, 0x0, 0x0, 0x0, 0x2f,
    0xf9, 0x0, 0xff, 0xb0, 0x6, 0xff, 0x50, 0x15,
    0x0, 0x3, 0xff, 0x80, 0xf, 0xfb, 0x0, 0xbf,
    0xf1, 0x2f, 0xf4, 0x0, 0x6f, 0xf5, 0x0, 0xff,
    0xa0, 0xf, 0xfb, 0x0, 0xdf, 0xa0, 0x8, 0xff,
    0x30, 0x1f, 0xfa, 0x5, 0xff, 0x50, 0x7, 0xff,
    0x10, 0xcf, 0xf0, 0x2, 0xff, 0x90, 0xbf, 0xe2,
    0x59, 0xdf, 0xf6, 0x1f, 0xfc, 0x0, 0x3f, 0xf8,
    0x4f, 0xff, 0xff, 0xff, 0xff, 0xb6, 0xff, 0x80,
    0x4, 0xff, 0x7a, 0xff, 0xff, 0xff, 0xbc, 0xff,
    0xdf, 0xf2, 0x0, 0x6f, 0xf5, 0x4f, 0xfd, 0x94,
    0x0, 0x35, 0x8f, 0xfc, 0x0, 0x9, 0xff, 0x30,
    0x82, 0x0, 0x0, 0x0, 0x4f, 0xff, 0x5a, 0x9a,
    0xff, 0xf0, 0x0, 0x0, 0x0, 0x0, 0x6, 0xff,
    0xa0, 0xbf, 0xff, 0xfa, 0x0, 0x0, 0x0, 0x0,
    0x0, 0x6, 0xd1, 0x7, 0xff, 0xea, 0x10, 0x0,
    0x0, 0x0, 0x0, 0x0, 0x0, 0x0, 0x0, 0x0,
    0x0, 0x0,

    /* U+5373 "即" */
    0x5, 0x87, 0x66, 0x66, 0x66, 0x50, 0x23, 0x33,
    0x33, 0x43, 0x10, 0xef, 0xff, 0xff, 0xff, 0xfd,
    0xd, 0xff, 0xff, 0xff, 0xf6, 0xe, 0xff, 0xff,
    0xff, 0xff, 0xd0, 0xdf, 0xff, 0xff, 0xff, 0x60,
    0xef, 0xf1, 0x11, 0x1f, 0xfd, 0xd, 0xff, 0x55,
    0x8f, 0xf6, 0xe, 0xfe, 0x0, 0x0, 0xff, 0xd0,
    0xdf, 0xe0, 0x5, 0xff, 0x60, 0xef, 0xff, 0xff,
    0xff, 0xfd, 0xd, 0xfe, 0x0, 0x5f, 0xf6, 0xe,
    0xff, 0xff, 0xff, 0xff, 0xd0, 0xdf, 0xe0, 0x5,
    0xff, 0x60, 0xef, 0xf7, 0x77, 0x7f, 0xfd, 0xd,
    0xfe, 0x0, 0x5f, 0xf6, 0xe, 0xfe, 0x0, 0x0,
    0xff, 0xd0, 0xdf, 0xe0, 0x5, 0xff, 0x60, 0xef,
    0xf6, 0x66, 0x6f, 0xfd, 0xd, 0xfe, 0x0, 0x5f,
    0xf6, 0xe, 0xff, 0xff, 0xff, 0xff, 0xd0, 0xdf,
    0xe0, 0x5, 0xff, 0x60, 0xef, 0xff, 0xff, 0xff,
    0xfd, 0xd, 0xfe, 0x0, 0x5f, 0xf6, 0xe, 0xfe,
    0x0, 0x1, 0x20, 0x0, 0xdf, 0xe0, 0x5, 0xff,
    0x60, 0xef, 0xe0, 0x8, 0xfc, 0x0, 0xd, 0xfe,
    0x0, 0x5f, 0xf6, 0xe, 0xfe, 0x0, 0xaf, 0xf6,
    0x0, 0xdf, 0xe4, 0x9c, 0xff, 0x50, 0xef, 0xe0,
    0x4, 0xff, 0xe0, 0xd, 0xfe, 0x3f, 0xff, 0xf3,
    0xf, 0xff, 0x9d, 0xff, 0xff, 0x80, 0xdf, 0xe0,
    0xef, 0xd6, 0x9, 0xff, 0xff, 0xff, 0xff, 0xff,
    0x1d, 0xfe, 0x0, 0x0, 0x0, 0x9f, 0xff, 0xfd,
    0x83, 0xaf, 0xf4, 0xdf, 0xe0, 0x0, 0x0, 0x3,
    0xfd, 0x72, 0x0, 0x3, 0xa2, 0xd, 0xfe, 0x0,
    0x0, 0x0, 0x4, 0x0, 0x0, 0x0, 0x0, 0x0,
    0xdf, 0xe0, 0x0, 0x0, 0x0,

    /* U+53D6 "取" */
    0x7, 0x88, 0x88, 0x88, 0x88, 0x82, 0x0, 0x0,
    0x0, 0x0, 0x0, 0x0, 0xff, 0xff, 0xff, 0xff,
    0xff, 0x50, 0x0, 0x0, 0x0, 0x0, 0x0, 0xe,
    0xff, 0xff, 0xff, 0xff, 0xf9, 0xff, 0xff, 0xff,
    0xff, 0xf8, 0x0, 0xb, 0xff, 0x0, 0xbf, 0xf0,
    0x4f, 0xff, 0xff, 0xff, 0xff, 0xa0, 0x0, 0xbf,
    0xf0, 0xb, 0xff, 0x1, 0xcf, 0xe6, 0x66, 0x7f,
    0xf7, 0x0, 0xb, 0xff, 0xff, 0xff, 0xf0, 0x7,
    0xff, 0x0, 0x4, 0xff, 0x50, 0x0, 0xbf, 0xff,
    0xff, 0xff, 0x0, 0x4f, 0xf3, 0x0, 0x7f, 0xf2,
    0x0, 0xb, 0xff, 0x66, 0xdf, 0xf0, 0x1, 0xff,
    0x70, 0xb, 0xfe, 0x0, 0x0, 0xbf, 0xf0, 0xb,
    0xff, 0x0, 0xc, 0xfb, 0x0, 0xff, 0xb0, 0x0,
    0xb, 0xff, 0x0, 0xbf, 0xf0, 0x0, 0x8f, 0xf1,
    0x5f, 0xf6, 0x0, 0x0, 0xbf, 0xff, 0xff, 0xff,
    0x0, 0x3, 0xff, 0x6b, 0xff, 0x10, 0x0, 0xb,
    0xff, 0xff, 0xff, 0xf0, 0x0, 0xe, 0xfd, 0xff,
    0xc0, 0x0, 0x0, 0xbf, 0xf6, 0x6d, 0xff, 0x0,
    0x0, 0x9f, 0xff, 0xf5, 0x0, 0x0, 0xb, 0xff,
    0x0, 0xbf, 0xf0, 0x0, 0x2, 0xff, 0xfe, 0x0,
    0x0, 0x0, 0xbf, 0xf0, 0x3c, 0xff, 0xcb, 0x0,
    0xd, 0xff, 0x80, 0x0, 0x1, 0x8e, 0xff, 0xff,
    0xff, 0xff, 0xd0, 0x6, 0xff, 0xfe, 0x10, 0x0,
    0xf, 0xff, 0xff, 0xff, 0xff, 0x95, 0x4, 0xff,
    0xff, 0xfc, 0x0, 0x0, 0xdf, 0xda, 0x74, 0xcf,
    0xf0, 0x4, 0xff, 0xf7, 0xdf, 0xfc, 0x10, 0x1,
    0x0, 0x0, 0xb, 0xff, 0x7, 0xff, 0xf8, 0x2,
    0xef, 0xfe, 0x20, 0x0, 0x0, 0x0, 0xbf, 0xf0,
    0xbf, 0xf8, 0x0, 0x2, 0xef, 0xb0, 0x0, 0x0,
    0x0, 0xb, 0xff, 0x0, 0xc5, 0x0, 0x0, 0x1,
    0xa1, 0x0, 0x0, 0x0, 0x0, 0x0, 0x0, 0x0,
    0x0, 0x0, 0x0, 0x0, 0x0,

    /* U+53D7 "受" */
    0x0, 0x0, 0x0, 0x0, 0x0, 0x0, 0x0, 0x2,
    0x46, 0x92, 0x0, 0x0, 0x2, 0x23, 0x45, 0x67,
    0x89, 0xbc, 0xef, 0xff, 0xff, 0xd1, 0x0, 0x2,
    0xff, 0xff, 0xff, 0xff, 0xff, 0xff, 0xff, 0xff,
    0xfc, 0x50, 0x0, 0xd, 0xff, 0xff, 0xff, 0xed,
    0xfc, 0x97, 0x53, 0x61, 0x0, 0x0, 0x0, 0x24,
    0xbf, 0x70, 0x1, 0xef, 0x90, 0x0, 0x3f, 0xfa,
    0x0, 0x0, 0x0, 0xd, 0xfe, 0x0, 0xb, 0xff,
    0x0, 0xa, 0xff, 0x50, 0x0, 0x0, 0x0, 0x6f,
    0xf4, 0x0, 0x7f, 0xd2, 0x2, 0xff, 0xb0, 0x0,
    0x0, 0x8f, 0xff, 0xff, 0xff, 0xff, 0xff, 0xff,
    0xff, 0xff, 0xff, 0x90, 0x9, 0xff, 0xff, 0xff,
    0xff, 0xff, 0xff, 0xff, 0xff, 0xff, 0xf9, 0x0,
    0x9f, 0xf7, 0x77, 0x77, 0x77, 0x77, 0x77, 0x77,
    0x77, 0xff, 0x90, 0x9, 0xff, 0x0, 0x0, 0x0,
    0x0, 0x0, 0x0, 0x0, 0x1f, 0xf9, 0x0, 0x9f,
    0xf3, 0xff, 0xff, 0xff, 0xff, 0xff, 0xff, 0xa2,
    0xff, 0x90, 0x0, 0x11, 0x3f, 0xff, 0xff, 0xff,
    0xff, 0xff, 0xff, 0xa1, 0x10, 0x0, 0x0, 0x1,
    0xdf, 0xfb, 0x99, 0x99, 0x9c, 0xff, 0xf2, 0x0,
    0x0, 0x0, 0x0, 0x6, 0xff, 0xe2, 0x0, 0x2,
    0xef, 0xf7, 0x0, 0x0, 0x0, 0x0, 0x0, 0x8,
    0xff, 0xf6, 0x5, 0xff, 0xfa, 0x0, 0x0, 0x0,
    0x0, 0x0, 0x0, 0x7, 0xff, 0xfe, 0xff, 0xfa,
    0x0, 0x0, 0x0, 0x0, 0x0, 0x0, 0x0, 0xa,
    0xff, 0xff, 0xfd, 0x30, 0x0, 0x0, 0x0, 0x0,
    0x2, 0x48, 0xcf, 0xff, 0xff, 0xff, 0xff, 0xea,
    0x74, 0x20, 0x0, 0xaf, 0xff, 0xff, 0xff, 0xfa,
    0x59, 0xff, 0xff, 0xff, 0xff, 0xa0, 0x2, 0xff,
    0xff, 0xea, 0x51, 0x0, 0x0, 0x5a, 0xef, 0xff,
    0xe1, 0x0, 0x6, 0x85, 0x20, 0x0, 0x0, 0x0,
    0x0, 0x0, 0x25, 0x84, 0x0,

    /* U+53EF "可" */
    0x1d, 0xdd, 0xdd, 0xdd, 0xdd, 0xdd, 0xdd, 0xdd,
    0xdd, 0xdd, 0xda, 0x1f, 0xff, 0xff, 0xff, 0xff,
    0xff, 0xff, 0xff, 0xff, 0xff, 0xfb, 0x1f, 0xff,
    0xff, 0xff, 0xff, 0xff, 0xff, 0xff, 0xff, 0xff,
    0xfb, 0x0, 0x0, 0x0, 0x0, 0x0, 0x0, 0x0,
    0x0, 0xdf, 0xf1, 0x0, 0x0, 0x0, 0x0, 0x0,
    0x0, 0x0, 0x0, 0x0, 0xdf, 0xf1, 0x0, 0x0,
    0x7, 0xbb, 0xaa, 0xaa, 0xaa, 0xa0, 0x0, 0xdf,
    0xf1, 0x0, 0x0, 0xb, 0xff, 0xff, 0xff, 0xff,
    0xf1, 0x0, 0xdf, 0xf1, 0x0, 0x0, 0xb, 0xff,
    0xff, 0xff, 0xff, 0xf1, 0x0, 0xdf, 0xf1, 0x0,
    0x0, 0xb, 0xfe, 0x0, 0x0, 0xaf, 0xf1, 0x0,
    0xdf, 0xf1, 0x0, 0x0, 0xb, 0xfe, 0x0, 0x0,
    0xaf, 0xf1, 0x0, 0xdf, 0xf1, 0x0, 0x0, 0xb,
    0xfe, 0x0, 0x0, 0xaf, 0xf1, 0x0, 0xdf, 0xf1,
    0x0, 0x0, 0xb, 0xff, 0x88, 0x88, 0xdf, 0xf1,
    0x0, 0xdf, 0xf1, 0x0, 0x0, 0xb, 0xff, 0xff,
    0xff, 0xff, 0xf1, 0x0, 0xdf, 0xf1, 0x0, 0x0,
    0xb, 0xff, 0xff, 0xff, 0xff, 0xf1, 0x0, 0xdf,
    0xf1, 0x0, 0x0, 0xb, 0xff, 0x11, 0x11, 0x11,
    0x10, 0x0, 0xdf, 0xf1, 0x0, 0x0, 0xa, 0xec,
    0x0, 0x0, 0x0, 0x0, 0x0, 0xdf, 0xf1, 0x0,
    0x0, 0x0, 0x0, 0x0, 0x0, 0x0, 0x0, 0x0,
    0xdf, 0xf1, 0x0, 0x0, 0x0, 0x0, 0x0, 0x0,
    0x4, 0xdc, 0xcc, 0xff, 0xf0, 0x0, 0x0, 0x0,
    0x0, 0x0, 0x0, 0x0, 0xef, 0xff, 0xff, 0xc0,
    0x0, 0x0, 0x0, 0x0, 0x0, 0x0, 0x0, 0x8f,
    0xff, 0xe9, 0x10, 0x0, 0x0, 0x0, 0x0, 0x0,
    0x0, 0x0, 0x1, 0x0, 0x0, 0x0, 0x0,

    /* U+5426 "否" */
    0x6, 0x88, 0x88, 0x88, 0x88, 0x88, 0x88, 0x88,
    0x88, 0x88, 0x84, 0x0, 0xcf, 0xff, 0xff, 0xff,
    0xff, 0xff, 0xff, 0xff, 0xff, 0xff, 0x80, 0xc,
    0xff, 0xff, 0xff, 0xff, 0xff, 0xff, 0xff, 0xff,
    0xff, 0xf8, 0x0, 0x0, 0x0, 0x0, 0x0, 0x5f,
    0xff, 0xb1, 0x0, 0x0, 0x0, 0x0, 0x0, 0x0,
    0x0, 0x0, 0x7f, 0xff, 0xd0, 0x2, 0x0, 0x0,
    0x0, 0x0, 0x0, 0x0, 0x3, 0xcf, 0xff, 0xfb,
    0xc, 0xfa, 0x30, 0x0, 0x0, 0x0, 0x0, 0x2a,
    0xff, 0xff, 0xff, 0xb8, 0xff, 0xff, 0xa2, 0x0,
    0x0, 0x4, 0xbf, 0xff, 0xfd, 0x4f, 0xfb, 0x3,
    0xbf, 0xff, 0xf9, 0x0, 0x4e, 0xff, 0xff, 0xe7,
    0x1, 0xff, 0xb0, 0x0, 0x4d, 0xff, 0xfe, 0x10,
    0xcf, 0xfe, 0x81, 0x0, 0x1f, 0xfb, 0x0, 0x0,
    0x7, 0xff, 0x50, 0x1, 0xc6, 0x0, 0x0, 0x1,
    0xff, 0xb0, 0x0, 0x0, 0x2, 0x40, 0x0, 0x0,
    0x1, 0x11, 0x11, 0x13, 0x33, 0x11, 0x11, 0x11,
    0x0, 0x0, 0x0, 0x7, 0xff, 0xff, 0xff, 0xff,
    0xff, 0xff, 0xff, 0xf1, 0x0, 0x0, 0x0, 0x7f,
    0xff, 0xff, 0xff, 0xff, 0xff, 0xff, 0xff, 0x10,
    0x0, 0x0, 0x7, 0xff, 0x95, 0x55, 0x55, 0x55,
    0x55, 0xff, 0xf1, 0x0, 0x0, 0x0, 0x7f, 0xf6,
    0x0, 0x0, 0x0, 0x0, 0xe, 0xff, 0x10, 0x0,
    0x0, 0x7, 0xff, 0x60, 0x0, 0x0, 0x0, 0x0,
    0xef, 0xf1, 0x0, 0x0, 0x0, 0x7f, 0xf8, 0x33,
    0x33, 0x33, 0x33, 0x3f, 0xff, 0x10, 0x0, 0x0,
    0x7, 0xff, 0xff, 0xff, 0xff, 0xff, 0xff, 0xff,
    0xf1, 0x0, 0x0, 0x0, 0x7f, 0xff, 0xff, 0xff,
    0xff, 0xff, 0xff, 0xff, 0x10, 0x0, 0x0, 0x7,
    0xff, 0x83, 0x33, 0x33, 0x33, 0x33, 0xff, 0xf1,
    0x0, 0x0, 0x0, 0x0, 0x0, 0x0, 0x0, 0x0,
    0x0, 0x0, 0x0, 0x0, 0x0,

    /* U+542C "听" */
    0x0, 0x0, 0x0, 0x0, 0x0, 0x0, 0x0, 0x0,
    0x0, 0x10, 0x0, 0x0, 0x0, 0x0, 0x0, 0x0,
    0x0, 0x0, 0x4, 0x9f, 0xe2, 0x0, 0x5a, 0xca,
    0xaa, 0xa7, 0x0, 0x3, 0x7b, 0xff, 0xff, 0xfe,
    0x20, 0x8f, 0xff, 0xff, 0xfb, 0x2, 0xff, 0xff,
    0xff, 0xfd, 0x94, 0x0, 0x8f, 0xff, 0xff, 0xfb,
    0x2, 0xff, 0xfb, 0x85, 0x10, 0x0, 0x0, 0x8f,
    0xf3, 0xf, 0xfb, 0x2, 0xff, 0xb0, 0x0, 0x0,
    0x0, 0x0, 0x8f, 0xf2, 0xf, 0xfb, 0x2, 0xff,
    0xb0, 0x0, 0x0, 0x0, 0x0, 0x8f, 0xf2, 0xf,
    0xfb, 0x2, 0xff, 0xb1, 0x11, 0x11, 0x11, 0x10,
    0x8f, 0xf2, 0xf, 0xfb, 0x2, 0xff, 0xff, 0xff,
    0xff, 0xff, 0xf1, 0x8f, 0xf2, 0xf, 0xfb, 0x2,
    0xff, 0xff, 0xff, 0xff, 0xff, 0xf1, 0x8f, 0xf2,
    0xf, 0xfb, 0x3, 0xff, 0xea, 0xab, 0xff, 0xea,
    0xa1, 0x8f, 0xf2, 0xf, 0xfb, 0x3, 0xff, 0xa0,
    0x1, 0xff, 0xc0, 0x0, 0x8f, 0xf2, 0xf, 0xfb,
    0x4, 0xff, 0x90, 0x1, 0xff, 0xc0, 0x0, 0x8f,
    0xfb, 0xaf, 0xfb, 0x6, 0xff, 0x70, 0x1, 0xff,
    0xc0, 0x0, 0x8f, 0xff, 0xff, 0xfb, 0x8, 0xff,
    0x60, 0x1, 0xff, 0xc0, 0x0, 0x8f, 0xff, 0xff,
    0xfb, 0xb, 0xff, 0x30, 0x1, 0xff, 0xc0, 0x0,
    0x8f, 0xf3, 0x11, 0x10, 0xf, 0xff, 0x0, 0x1,
    0xff, 0xc0, 0x0, 0x7e, 0xe2, 0x0, 0x0, 0x4f,
    0xfc, 0x0, 0x1, 0xff, 0xc0, 0x0, 0x0, 0x0,
    0x0, 0x0, 0xbf, 0xf7, 0x0, 0x1, 0xff, 0xc0,
    0x0, 0x0, 0x0, 0x0, 0x4, 0xff, 0xf2, 0x0,
    0x1, 0xff, 0xc0, 0x0, 0x0, 0x0, 0x0, 0x6,
    0xff, 0xa0, 0x0, 0x1, 0xff, 0xc0, 0x0, 0x0,
    0x0, 0x0, 0x0, 0x4e, 0x20, 0x0, 0x1, 0xff,
    0xc0, 0x0, 0x0, 0x0, 0x0, 0x0, 0x0, 0x0,
    0x0, 0x0, 0x0, 0x0, 0x0,

    /* U+5757 "块" */
    0x0, 0x2, 0x33, 0x0, 0x0, 0x0, 0x24, 0x40,
    0x0, 0x0, 0x0, 0x0, 0x0, 0x8f, 0xf0, 0x0,
    0x0, 0x9, 0xff, 0x10, 0x0, 0x0, 0x0, 0x0,
    0x8, 0xff, 0x0, 0x0, 0x0, 0x9f, 0xf1, 0x0,
    0x0, 0x0, 0x0, 0x0, 0x8f, 0xf0, 0x0, 0x0,
    0x9, 0xff, 0x10, 0x0, 0x0, 0x0, 0x0, 0x8,
    0xff, 0x0, 0xc, 0xcc, 0xef, 0xfc, 0xcc, 0xcc,
    0x60, 0x0, 0x0, 0x8f, 0xf1, 0x0, 0xff, 0xff,
    0xff, 0xff, 0xff, 0xf8, 0x0, 0xf, 0xff, 0xff,
    0xff, 0x4d, 0xdd, 0xff, 0xfd, 0xdd, 0xff, 0x80,
    0x0, 0xff, 0xff, 0xff, 0xf4, 0x0, 0x9, 0xff,
    0x10, 0x1f, 0xf8, 0x0, 0x9, 0x9c, 0xff, 0x99,
    0x20, 0x0, 0x9f, 0xf1, 0x1, 0xff, 0x80, 0x0,
    0x0, 0x8f, 0xf0, 0x0, 0x0, 0x9, 0xff, 0x10,
    0x1f, 0xf8, 0x0, 0x0, 0x8, 0xff, 0x0, 0x13,
    0x33, 0xbf, 0xf3, 0x34, 0xff, 0x93, 0x0, 0x0,
    0x8f, 0xf0, 0x6, 0xff, 0xff, 0xff, 0xff, 0xff,
    0xff, 0xf0, 0x0, 0x8, 0xff, 0x2, 0x7f, 0xff,
    0xff, 0xff, 0xff, 0xff, 0xff, 0x0, 0x0, 0x8f,
    0xfb, 0xf7, 0x66, 0x7f, 0xff, 0xfd, 0x66, 0x66,
    0x60, 0x0, 0xa, 0xff, 0xff, 0x80, 0x5, 0xff,
    0xff, 0xf1, 0x0, 0x0, 0x1, 0x9f, 0xff, 0xff,
    0xc3, 0x0, 0xcf, 0xf8, 0xff, 0x90, 0x0, 0x0,
    0x1f, 0xff, 0xfc, 0x40, 0x0, 0x5f, 0xfd, 0xd,
    0xff, 0x40, 0x0, 0x0, 0xbf, 0xb4, 0x0, 0x0,
    0x2f, 0xff, 0x50, 0x5f, 0xfe, 0x20, 0x0, 0x3,
    0x30, 0x0, 0x0, 0x3e, 0xff, 0xb0, 0x0, 0xbf,
    0xfe, 0x30, 0x0, 0x0, 0x0, 0x0, 0x8f, 0xff,
    0xd1, 0x0, 0x1, 0xef, 0xff, 0x91, 0x0, 0x0,
    0x0, 0x6f, 0xff, 0xc1, 0x0, 0x0, 0x2, 0xef,
    0xfc, 0x0, 0x0, 0x0, 0x0, 0x8f, 0x70, 0x0,
    0x0, 0x0, 0x1, 0xbe, 0x10, 0x0, 0x0, 0x0,
    0x0, 0x10, 0x0, 0x0, 0x0, 0x0, 0x0, 0x10,
    0x0,

    /* U+5B8C "完" */
    0x0, 0x0, 0x0, 0x0, 0x0, 0x48, 0x0, 0x0,
    0x0, 0x0, 0x0, 0x0, 0x0, 0x0, 0x0, 0x0,
    0xcf, 0xf6, 0x0, 0x0, 0x0, 0x0, 0x0, 0x0,
    0x0, 0x0, 0x0, 0x7, 0xff, 0xd0, 0x0, 0x0,
    0x0, 0x0, 0x0, 0x9f, 0xff, 0xff, 0xff, 0xff,
    0xff, 0xff, 0xff, 0xff, 0xff, 0x10, 0x9, 0xff,
    0xff, 0xff, 0xff, 0xff, 0xff, 0xff, 0xff, 0xff,
    0xf1, 0x0, 0x9f, 0xfa, 0x99, 0x99, 0x99, 0x99,
    0x99, 0x99, 0x9e, 0xff, 0x10, 0x9, 0xff, 0x20,
    0x0, 0x0, 0x0, 0x0, 0x0, 0x0, 0xcf, 0xf1,
    0x0, 0x9f, 0xf2, 0xdf, 0xff, 0xff, 0xff, 0xff,
    0xff, 0x1c, 0xff, 0x10, 0x6, 0xbb, 0x1d, 0xff,
    0xff, 0xff, 0xff, 0xff, 0xf1, 0x8b, 0xb0, 0x0,
    0x0, 0x0, 0x79, 0x99, 0x99, 0x99, 0x99, 0x99,
    0x0, 0x0, 0x0, 0x0, 0x0, 0x0, 0x0, 0x0,
    0x0, 0x0, 0x0, 0x0, 0x0, 0x0, 0x0, 0x8a,
    0xaa, 0xaa, 0xaa, 0xaa, 0xaa, 0xaa, 0xaa, 0xaa,
    0xaa, 0x80, 0xc, 0xff, 0xff, 0xff, 0xff, 0xff,
    0xff, 0xff, 0xff, 0xff, 0xfc, 0x0, 0xcf, 0xff,
    0xff, 0xff, 0xff, 0xff, 0xff, 0xff, 0xff, 0xff,
    0xc0, 0x0, 0x0, 0x0, 0x7f, 0xf5, 0x0, 0x7f,
    0xf5, 0x0, 0x0, 0x0, 0x0, 0x0, 0x0, 0x9,
    0xff, 0x40, 0x7, 0xff, 0x50, 0x0, 0x0, 0x0,
    0x0, 0x0, 0x0, 0xcf, 0xf1, 0x0, 0x7f, 0xf5,
    0x0, 0x2, 0x0, 0x0, 0x0, 0x0, 0x3f, 0xfd,
    0x0, 0x7, 0xff, 0x50, 0x0, 0x8e, 0x91, 0x0,
    0x0, 0x4e, 0xff, 0x60, 0x0, 0x7f, 0xf5, 0x0,
    0xa, 0xff, 0x20, 0x26, 0xcf, 0xff, 0xc0, 0x0,
    0x6, 0xff, 0xc8, 0x88, 0xff, 0xf0, 0xd, 0xff,
    0xff, 0xa0, 0x0, 0x0, 0x3f, 0xff, 0xff, 0xff,
    0xfa, 0x0, 0x4f, 0xfa, 0x30, 0x0, 0x0, 0x0,
    0x7d, 0xff, 0xff, 0xfb, 0x10, 0x0, 0x30, 0x0,
    0x0, 0x0, 0x0, 0x0, 0x0, 0x0, 0x0, 0x0,
    0x0,

    /* U+5F85 "待" */
    0x0, 0x0, 0x4, 0x10, 0x0, 0x0, 0x0, 0x77,
    0x40, 0x0, 0x0, 0x0, 0x0, 0x4, 0xff, 0xa0,
    0x0, 0x0, 0x2f, 0xf9, 0x0, 0x0, 0x0, 0x0,
    0x3, 0xff, 0xf5, 0x0, 0x0, 0x2, 0xff, 0x90,
    0x0, 0x0, 0x0, 0x4, 0xff, 0xf7, 0x0, 0xcf,
    0xff, 0xff, 0xff, 0xff, 0xff, 0x90, 0x8, 0xff,
    0xf7, 0x0, 0xd, 0xff, 0xff, 0xff, 0xff, 0xff,
    0xf9, 0x0, 0xdf, 0xf6, 0x5, 0x0, 0x78, 0x88,
    0x9f, 0xfd, 0x88, 0x88, 0x50, 0x4, 0xe4, 0x8,
    0xfe, 0x40, 0x0, 0x2, 0xff, 0x90, 0x0, 0x0,
    0x0, 0x1, 0x4, 0xff, 0xf8, 0x77, 0x77, 0x8f,
    0xfc, 0x77, 0x77, 0x72, 0x0, 0x3, 0xff, 0xf6,
    0xff, 0xff, 0xff, 0xff, 0xff, 0xff, 0xff, 0x50,
    0x3, 0xef, 0xfa, 0x2f, 0xff, 0xff, 0xff, 0xff,
    0xff, 0xff, 0xf5, 0x4, 0xff, 0xff, 0x90, 0x0,
    0x0, 0x0, 0x0, 0xf, 0xfc, 0x0, 0x3, 0xff,
    0xff, 0xf9, 0x1, 0x11, 0x11, 0x11, 0x11, 0xff,
    0xd1, 0x10, 0xe, 0xfd, 0xff, 0x94, 0xff, 0xff,
    0xff, 0xff, 0xff, 0xff, 0xff, 0x20, 0x7b, 0x2f,
    0xf9, 0x4f, 0xff, 0xff, 0xff, 0xff, 0xff, 0xff,
    0xf2, 0x0, 0x1, 0xff, 0x91, 0x66, 0x6a, 0x66,
    0x66, 0x6f, 0xfe, 0x66, 0x10, 0x0, 0x1f, 0xf9,
    0x0, 0x3d, 0xf6, 0x0, 0x0, 0xff, 0xc0, 0x0,
    0x0, 0x1, 0xff, 0x90, 0x1, 0xef, 0xf2, 0x0,
    0xf, 0xfc, 0x0, 0x0, 0x0, 0x1f, 0xf9, 0x0,
    0x5, 0xff, 0xc0, 0x0, 0xff, 0xc0, 0x0, 0x0,
    0x1, 0xff, 0x90, 0x0, 0xb, 0xfe, 0x20, 0xf,
    0xfc, 0x0, 0x0, 0x0, 0x1f, 0xf9, 0x0, 0x0,
    0x38, 0x18, 0x78, 0xff, 0xc0, 0x0, 0x0, 0x1,
    0xff, 0x90, 0x0, 0x0, 0x0, 0xcf, 0xff, 0xf9,
    0x0, 0x0, 0x0, 0x1f, 0xf9, 0x0, 0x0, 0x0,
    0x7, 0xff, 0xea, 0x10, 0x0, 0x0, 0x0, 0x0,
    0x0, 0x0, 0x0, 0x0, 0x0, 0x0, 0x0, 0x0,
    0x0,

    /* U+611F "感" */
    0x0, 0x0, 0x0, 0x0, 0x0, 0x0, 0x5, 0x64,
    0x2, 0x30, 0x0, 0x0, 0x0, 0x0, 0x0, 0x0,
    0x0, 0x0, 0xdf, 0xc3, 0xff, 0x70, 0x0, 0x0,
    0x14, 0x44, 0x44, 0x44, 0x44, 0x4d, 0xfd, 0x4b,
    0xff, 0x63, 0x0, 0x6, 0xff, 0xff, 0xff, 0xff,
    0xff, 0xff, 0xff, 0xff, 0xff, 0xe0, 0x0, 0x6f,
    0xff, 0xff, 0xff, 0xff, 0xff, 0xff, 0xff, 0xff,
    0xfe, 0x0, 0x6, 0xff, 0x20, 0x0, 0x0, 0x0,
    0x9f, 0xf0, 0x3, 0x41, 0x0, 0x0, 0x6f, 0xf7,
    0xff, 0xff, 0xff, 0xc7, 0xff, 0x10, 0xbf, 0xf0,
    0x0, 0x7, 0xff, 0x5c, 0xcc, 0xcc, 0xc9, 0x5f,
    0xf4, 0x3f, 0xf9, 0x0, 0x0, 0x8f, 0xf1, 0x22,
    0x22, 0x22, 0x12, 0xff, 0x7c, 0xff, 0x10, 0x0,
    0xa, 0xfe, 0x4f, 0xff, 0xff, 0xf9, 0xe, 0xff,
    0xff, 0x70, 0x0, 0x0, 0xdf, 0xc4, 0xff, 0xbb,
    0xdf, 0x90, 0x9f, 0xff, 0xc0, 0x72, 0x0, 0x1f,
    0xf9, 0x4f, 0xf0, 0x9, 0xf9, 0x9, 0xff, 0xf1,
    0xe, 0xf4, 0x7, 0xff, 0x54, 0xff, 0xcc, 0xef,
    0xbb, 0xff, 0xff, 0xa7, 0xff, 0x21, 0xef, 0xf0,
    0x4f, 0xff, 0xff, 0xfb, 0xef, 0xde, 0xff, 0xff,
    0xe0, 0x9, 0xf9, 0x0, 0x0, 0x0, 0x16, 0x3,
    0xa1, 0x2b, 0xff, 0xe4, 0x0, 0x8, 0x10, 0x2,
    0x21, 0x3f, 0xfa, 0x0, 0x0, 0x1, 0x40, 0x0,
    0x0, 0x2a, 0x43, 0xff, 0x90, 0x9f, 0xf8, 0x0,
    0x6, 0xef, 0x30, 0x0, 0x9, 0xff, 0x7f, 0xf9,
    0x0, 0xcf, 0xf4, 0x44, 0x3f, 0xfc, 0x0, 0x1,
    0xff, 0xc3, 0xff, 0x90, 0x1, 0xd7, 0x9, 0xff,
    0xaf, 0xf5, 0x0, 0xaf, 0xf5, 0x3f, 0xfb, 0x22,
    0x22, 0x23, 0xef, 0xd2, 0xff, 0xd0, 0xb, 0xfd,
    0x0, 0xff, 0xff, 0xff, 0xff, 0xff, 0xf7, 0xb,
    0xc6, 0x0, 0x1, 0x20, 0x4, 0xcf, 0xff, 0xff,
    0xff, 0xe9, 0x0, 0x0, 0x0,

    /* U+6210 "成" */
    0x0, 0x0, 0x0, 0x0, 0x0, 0x2, 0x77, 0x40,
    0x46, 0x0, 0x0, 0x0, 0x0, 0x0, 0x0, 0x0,
    0x0, 0x4f, 0xf9, 0x5f, 0xfc, 0x20, 0x0, 0x0,
    0x0, 0x0, 0x0, 0x0, 0x3, 0xff, 0x92, 0xbf,
    0xff, 0x50, 0x0, 0x0, 0x1, 0x0, 0x0, 0x0,
    0x4f, 0xfa, 0x0, 0x7f, 0xe2, 0x0, 0x0, 0xaf,
    0xff, 0xff, 0xff, 0xff, 0xff, 0xff, 0xff, 0xff,
    0xff, 0x0, 0xa, 0xff, 0xff, 0xff, 0xff, 0xff,
    0xff, 0xff, 0xff, 0xff, 0xf0, 0x0, 0xaf, 0xfc,
    0xaa, 0xaa, 0xaa, 0xff, 0xfa, 0xaa, 0xaa, 0xaa,
    0x0, 0xa, 0xff, 0x40, 0x0, 0x0, 0xf, 0xfe,
    0x0, 0x1, 0x0, 0x0, 0x0, 0xaf, 0xf4, 0x0,
    0x0, 0x0, 0xdf, 0xf0, 0x5, 0xfd, 0x60, 0x0,
    0xa, 0xff, 0xff, 0xff, 0xfc, 0xb, 0xff, 0x20,
    0xaf, 0xf6, 0x0, 0x0, 0xaf, 0xff, 0xff, 0xff,
    0xc0, 0x9f, 0xf4, 0x1f, 0xff, 0x0, 0x0, 0xa,
    0xff, 0xa8, 0x8f, 0xfc, 0x7, 0xff, 0x78, 0xff,
    0x90, 0x0, 0x0, 0xaf, 0xf3, 0x0, 0xef, 0xc0,
    0x4f, 0xfb, 0xff, 0xf1, 0x0, 0x0, 0xb, 0xff,
    0x20, 0xf, 0xfb, 0x1, 0xff, 0xff, 0xf9, 0x0,
    0x0, 0x0, 0xcf, 0xf1, 0x0, 0xff, 0xa0, 0xd,
    0xff, 0xfe, 0x10, 0x0, 0x0, 0xe, 0xff, 0x0,
    0x1f, 0xf9, 0x0, 0x9f, 0xff, 0x60, 0x25, 0x0,
    0x1, 0xff, 0xd6, 0xac, 0xff, 0x70, 0x2e, 0xff,
    0xd0, 0x4, 0xfa, 0x0, 0x4f, 0xfa, 0x4f, 0xff,
    0xf3, 0x2e, 0xff, 0xff, 0x30, 0x5f, 0xf1, 0x9,
    0xff, 0x71, 0xdd, 0xb5, 0x5f, 0xff, 0xff, 0xfc,
    0x9, 0xfe, 0x0, 0xef, 0xf2, 0x0, 0x1, 0xbf,
    0xff, 0xe2, 0xef, 0xfe, 0xff, 0xb0, 0x4f, 0xfd,
    0x0, 0x0, 0xa, 0xff, 0xc1, 0x3, 0xff, 0xff,
    0xf5, 0x0, 0x4e, 0x50, 0x0, 0x0, 0xb, 0x80,
    0x0, 0x3, 0xcf, 0xe7, 0x0, 0x0, 0x20, 0x0,
    0x0, 0x0, 0x0, 0x0, 0x0, 0x0, 0x0, 0x0,
    0x0,

    /* U+632F "振" */
    0x0, 0x5, 0x88, 0x0, 0x0, 0x0, 0x0, 0x0,
    0x0, 0x0, 0x0, 0x0, 0x0, 0xaf, 0xf0, 0x0,
    0x89, 0x98, 0x88, 0x88, 0x88, 0x88, 0x70, 0x0,
    0xa, 0xff, 0x0, 0xf, 0xff, 0xff, 0xff, 0xff,
    0xff, 0xfc, 0x0, 0x0, 0xaf, 0xf0, 0x0, 0xff,
    0xff, 0xff, 0xff, 0xff, 0xff, 0xc0, 0x3, 0x3c,
    0xff, 0x33, 0xf, 0xf9, 0x0, 0x0, 0x0, 0x0,
    0x0, 0x0, 0xff, 0xff, 0xff, 0xf0, 0xff, 0x96,
    0xff, 0xff, 0xff, 0xff, 0x0, 0xf, 0xff, 0xff,
    0xff, 0xf, 0xf9, 0x7f, 0xff, 0xff, 0xff, 0xf0,
    0x0, 0x33, 0xbf, 0xf3, 0x30, 0xff, 0x92, 0x66,
    0x66, 0x66, 0x66, 0x0, 0x0, 0xa, 0xff, 0x0,
    0xf, 0xfb, 0x44, 0x44, 0x44, 0x44, 0x44, 0x0,
    0x0, 0xaf, 0xf0, 0x0, 0xff, 0xff, 0xff, 0xff,
    0xff, 0xff, 0xf0, 0x0, 0xa, 0xff, 0x6a, 0x1f,
    0xff, 0xff, 0xff, 0xff, 0xff, 0xff, 0x0, 0x25,
    0xdf, 0xff, 0xf3, 0xff, 0xa8, 0xff, 0x3f, 0xf1,
    0x12, 0x10, 0x5f, 0xff, 0xff, 0xff, 0x4f, 0xf9,
    0x7f, 0xf0, 0xef, 0x35, 0xf4, 0x2, 0xff, 0xff,
    0xf4, 0x1, 0xff, 0x87, 0xff, 0xa, 0xfc, 0xff,
    0xe0, 0xb, 0x7c, 0xff, 0x0, 0x2f, 0xf8, 0x7f,
    0xf0, 0x5f, 0xff, 0xc1, 0x0, 0x0, 0xaf, 0xf0,
    0x3, 0xff, 0x67, 0xff, 0x1, 0xff, 0xb0, 0x0,
    0x0, 0xa, 0xff, 0x0, 0x5f, 0xf5, 0x7f, 0xf0,
    0xb, 0xfd, 0x0, 0x0, 0x0, 0xaf, 0xf0, 0x8,
    0xff, 0x27, 0xff, 0x2, 0x7f, 0xf7, 0x0, 0x0,
    0xa, 0xff, 0x0, 0xcf, 0xf0, 0x7f, 0xfc, 0xf8,
    0xcf, 0xf5, 0x0, 0x48, 0xdf, 0xf0, 0x1f, 0xfc,
    0xd, 0xff, 0xff, 0xa3, 0xff, 0xf2, 0x4, 0xff,
    0xfd, 0x8, 0xff, 0x73, 0xff, 0xfc, 0x60, 0x7,
    0xf8, 0x0, 0xf, 0xfb, 0x30, 0x8, 0xf1, 0x9,
    0xc4, 0x0, 0x0, 0x6, 0x0, 0x0, 0x0, 0x0,
    0x0, 0x1, 0x0, 0x0, 0x0, 0x0, 0x0, 0x0,
    0x0,

    /* U+63D0 "提" */
    0x0, 0x5, 0x87, 0x0, 0x0, 0x0, 0x0, 0x0,
    0x0, 0x0, 0x0, 0x0, 0x0, 0x9f, 0xe0, 0x0,
    0x6f, 0xff, 0xff, 0xff, 0xff, 0xfd, 0x0, 0x0,
    0x9, 0xfe, 0x0, 0x7, 0xff, 0xff, 0xff, 0xff,
    0xff, 0xe0, 0x0, 0x0, 0x9f, 0xe0, 0x0, 0x7f,
    0xf1, 0x0, 0x0, 0xb, 0xfe, 0x0, 0x3, 0x3a,
    0xff, 0x33, 0x7, 0xff, 0xbb, 0xbb, 0xbb, 0xef,
    0xe0, 0x1, 0xff, 0xff, 0xff, 0xf3, 0x7f, 0xff,
    0xff, 0xff, 0xff, 0xfe, 0x0, 0x1f, 0xff, 0xff,
    0xff, 0x37, 0xff, 0x10, 0x0, 0x0, 0xbf, 0xe0,
    0x0, 0x44, 0xbf, 0xf4, 0x40, 0x7f, 0xfe, 0xee,
    0xee, 0xef, 0xfe, 0x0, 0x0, 0x9, 0xfe, 0x0,
    0x7, 0xff, 0xff, 0xff, 0xff, 0xff, 0xe0, 0x0,
    0x0, 0x9f, 0xe0, 0x0, 0x0, 0x0, 0x0, 0x0,
    0x0, 0x0, 0x0, 0x0, 0x9, 0xff, 0x8d, 0x7f,
    0xff, 0xff, 0xff, 0xff, 0xff, 0xff, 0x50, 0x16,
    0xdf, 0xff, 0xfa, 0xff, 0xff, 0xff, 0xff, 0xff,
    0xff, 0xf5, 0x3f, 0xff, 0xff, 0xfe, 0x63, 0x33,
    0x33, 0xff, 0xc3, 0x33, 0x33, 0x10, 0xff, 0xff,
    0xf4, 0x0, 0x3c, 0xa2, 0xe, 0xfb, 0x0, 0x0,
    0x0, 0xb, 0x9b, 0xfe, 0x0, 0x6, 0xff, 0x20,
    0xef, 0xc5, 0x55, 0x40, 0x0, 0x0, 0x9f, 0xe0,
    0x0, 0xaf, 0xf0, 0xe, 0xff, 0xff, 0xfd, 0x0,
    0x0, 0x9, 0xfe, 0x0, 0xe, 0xff, 0x10, 0xef,
    0xfd, 0xdd, 0xb0, 0x0, 0x0, 0x9f, 0xe0, 0x4,
    0xff, 0xfa, 0xe, 0xfb, 0x0, 0x0, 0x0, 0x0,
    0x9, 0xfe, 0x0, 0xbf, 0xff, 0xf9, 0xff, 0xb0,
    0x0, 0x0, 0x0, 0x68, 0xdf, 0xe0, 0x6f, 0xfa,
    0x6f, 0xff, 0xfd, 0x66, 0x66, 0x65, 0x8, 0xff,
    0xfb, 0x2f, 0xff, 0x20, 0x7f, 0xff, 0xff, 0xff,
    0xff, 0x90, 0x4f, 0xea, 0x20, 0x4e, 0x60, 0x0,
    0x28, 0xce, 0xff, 0xff, 0xf4, 0x0, 0x0, 0x0,
    0x0, 0x10, 0x0, 0x0, 0x0, 0x0, 0x0, 0x0,
    0x0,

    /* U+6574 "整" */
    0x0, 0x0, 0x4, 0x88, 0x0, 0x0, 0x0, 0x53,
    0x0, 0x0, 0x0, 0x0, 0x57, 0x77, 0xbf, 0xf7,
    0x77, 0x60, 0x1f, 0xfa, 0x0, 0x0, 0x0, 0xc,
    0xff, 0xff, 0xff, 0xff, 0xfe, 0x7, 0xff, 0x72,
    0x22, 0x22, 0x0, 0x78, 0x88, 0xcf, 0xf8, 0x88,
    0x80, 0xef, 0xff, 0xff, 0xff, 0xf0, 0x2, 0xaa,
    0xad, 0xff, 0xaa, 0xa3, 0x9f, 0xff, 0xff, 0xff,
    0xff, 0x0, 0x3f, 0xff, 0xff, 0xff, 0xff, 0xcf,
    0xff, 0x91, 0x6f, 0xf5, 0x10, 0x3, 0xfe, 0x8,
    0xfe, 0xe, 0xfb, 0xff, 0xff, 0x3d, 0xfe, 0x0,
    0x0, 0x3f, 0xff, 0xff, 0xff, 0xff, 0x56, 0x5a,
    0xff, 0xff, 0x60, 0x0, 0x2, 0xaa, 0xef, 0xff,
    0xed, 0xa3, 0x0, 0x1f, 0xff, 0xd0, 0x0, 0x0,
    0x0, 0x9f, 0xff, 0xff, 0xf8, 0x0, 0x3b, 0xff,
    0xff, 0x91, 0x0, 0x7, 0xef, 0xfc, 0xfe, 0x4e,
    0xe6, 0xcf, 0xff, 0xce, 0xff, 0xfb, 0x10, 0xaf,
    0xe3, 0x8f, 0xe0, 0x14, 0x1e, 0xff, 0x70, 0x1a,
    0xff, 0xa0, 0x0, 0xa5, 0x46, 0x77, 0x44, 0x44,
    0x8b, 0x54, 0x44, 0x47, 0xc1, 0x0, 0xa, 0xff,
    0xff, 0xff, 0xff, 0xff, 0xff, 0xff, 0xff, 0xf9,
    0x0, 0x0, 0x9f, 0xff, 0xff, 0xff, 0xff, 0xff,
    0xff, 0xff, 0xff, 0x90, 0x0, 0x0, 0x3, 0x66,
    0x10, 0xe, 0xfe, 0x0, 0x0, 0x0, 0x0, 0x0,
    0x0, 0x0, 0x8f, 0xf2, 0x0, 0xef, 0xff, 0xff,
    0xff, 0xb0, 0x0, 0x0, 0x0, 0x8, 0xff, 0x20,
    0xe, 0xff, 0xff, 0xff, 0xfc, 0x0, 0x0, 0x0,
    0x0, 0x8f, 0xf2, 0x0, 0xef, 0xe1, 0x11, 0x11,
    0x0, 0x0, 0x0, 0xff, 0xff, 0xff, 0xff, 0xff,
    0xff, 0xff, 0xff, 0xff, 0xff, 0xf0, 0xf, 0xff,
    0xff, 0xff, 0xff, 0xff, 0xff, 0xff, 0xff, 0xff,
    0xff, 0x0, 0x55, 0x55, 0x55, 0x55, 0x55, 0x55,
    0x55, 0x55, 0x55, 0x55, 0x50,

    /* U+65E0 "无" */
    0x0, 0x11, 0x11, 0x11, 0x11, 0x11, 0x11, 0x11,
    0x11, 0x11, 0x10, 0x0, 0xb, 0xff, 0xff, 0xff,
    0xff, 0xff, 0xff, 0xff, 0xff, 0xfa, 0x0, 0x0,
    0xbf, 0xff, 0xff, 0xff, 0xff, 0xff, 0xff, 0xff,
    0xff, 0xa0, 0x0, 0x6, 0x99, 0x99, 0x99, 0xcf,
    0xfb, 0x99, 0x99, 0x99, 0x96, 0x0, 0x0, 0x0,
    0x0, 0x0, 0x8, 0xff, 0x40, 0x0, 0x0, 0x0,
    0x0, 0x0, 0x0, 0x0, 0x0, 0x0, 0x9f, 0xf3,
    0x0, 0x0, 0x0, 0x0, 0x0, 0x0, 0x0, 0x0,
    0x0, 0xa, 0xff, 0x20, 0x0, 0x0, 0x0, 0x0,
    0x0, 0xab, 0xbb, 0xbb, 0xbb, 0xef, 0xfb, 0xbb,
    0xbb, 0xbb, 0xbb, 0xb0, 0xf, 0xff, 0xff, 0xff,
    0xff, 0xff, 0xff, 0xff, 0xff, 0xff, 0xff, 0x10,
    0xff, 0xff, 0xff, 0xff, 0xff, 0xff, 0xff, 0xff,
    0xff, 0xff, 0xf1, 0x0, 0x0, 0x0, 0x0, 0x5f,
    0xff, 0xff, 0x50, 0x0, 0x0, 0x0, 0x0, 0x0,
    0x0, 0x0, 0xa, 0xff, 0xdf, 0xf5, 0x0, 0x0,
    0x0, 0x0, 0x0, 0x0, 0x0, 0x1, 0xff, 0xe9,
    0xff, 0x50, 0x0, 0x0, 0x0, 0x0, 0x0, 0x0,
    0x0, 0x9f, 0xf8, 0x9f, 0xf5, 0x0, 0x0, 0x0,
    0x0, 0x0, 0x0, 0x0, 0x4f, 0xff, 0x19, 0xff,
    0x50, 0x0, 0x4, 0x10, 0x0, 0x0, 0x0, 0x2e,
    0xff, 0x70, 0x9f, 0xf5, 0x0, 0x0, 0x9f, 0xb2,
    0x0, 0x0, 0x3e, 0xff, 0xc0, 0x9, 0xff, 0x50,
    0x0, 0xa, 0xff, 0x30, 0x0, 0x8f, 0xff, 0xd1,
    0x0, 0x9f, 0xf7, 0x0, 0x1, 0xef, 0xf1, 0x7,
    0xef, 0xff, 0xc1, 0x0, 0x7, 0xff, 0xff, 0xff,
    0xff, 0xfd, 0x0, 0xbf, 0xff, 0x80, 0x0, 0x0,
    0x1f, 0xff, 0xff, 0xff, 0xff, 0x50, 0x1, 0xeb,
    0x20, 0x0, 0x0, 0x0, 0x28, 0xaa, 0xaa, 0xa9,
    0x40, 0x0, 0x0, 0x0, 0x0, 0x0, 0x0, 0x0,
    0x0, 0x0, 0x0, 0x0, 0x0,

    /* U+662F "是" */
    0x0, 0x8, 0xee, 0xee, 0xee, 0xee, 0xee, 0xee,
    0xee, 0xe9, 0x0, 0x0, 0x0, 0x9f, 0xff, 0xff,
    0xff, 0xff, 0xff, 0xff, 0xff, 0xa0, 0x0, 0x0,
    0x9, 0xff, 0x10, 0x0, 0x0, 0x0, 0x0, 0x2f,
    0xfa, 0x0, 0x0, 0x0, 0x9f, 0xfd, 0xdd, 0xdd,
    0xdd, 0xdd, 0xdd, 0xff, 0xa0, 0x0, 0x0, 0x9,
    0xff, 0xff, 0xff, 0xff, 0xff, 0xff, 0xff, 0xfa,
    0x0, 0x0, 0x0, 0x9f, 0xf1, 0x0, 0x0, 0x0,
    0x0, 0x2, 0xff, 0xa0, 0x0, 0x0, 0x9, 0xff,
    0xee, 0xee, 0xee, 0xee, 0xee, 0xef, 0xfa, 0x0,
    0x0, 0x0, 0x9f, 0xff, 0xff, 0xff, 0xff, 0xff,
    0xff, 0xff, 0xa0, 0x0, 0x0, 0x0, 0x0, 0x0,
    0x0, 0x0, 0x0, 0x0, 0x0, 0x0, 0x0, 0x0,
    0x57, 0x77, 0x77, 0x77, 0x77, 0x77, 0x77, 0x77,
    0x77, 0x77, 0x40, 0xc, 0xff, 0xff, 0xff, 0xff,
    0xff, 0xff, 0xff, 0xff, 0xff, 0xfa, 0x0, 0xbe,
    0xee, 0xee, 0xee, 0xef, 0xff, 0xfe, 0xee, 0xee,
    0xee, 0x90, 0x0, 0x0, 0x38, 0x62, 0x0, 0xbf,
    0xf1, 0x0, 0x0, 0x0, 0x0, 0x0, 0x0, 0x8,
    0xff, 0x40, 0xb, 0xff, 0x77, 0x77, 0x77, 0x71,
    0x0, 0x0, 0x0, 0xdf, 0xf1, 0x0, 0xbf, 0xff,
    0xff, 0xff, 0xff, 0x20, 0x0, 0x0, 0x4f, 0xff,
    0x50, 0xb, 0xff, 0xff, 0xff, 0xff, 0xf2, 0x0,
    0x0, 0xd, 0xff, 0xff, 0x40, 0xbf, 0xf1, 0x0,
    0x0, 0x0, 0x0, 0x0, 0x9, 0xff, 0xef, 0xff,
    0xbd, 0xff, 0x10, 0x0, 0x0, 0x0, 0x0, 0xa,
    0xff, 0xf3, 0x8f, 0xff, 0xff, 0xff, 0xee, 0xee,
    0xee, 0xff, 0x13, 0xff, 0xf8, 0x0, 0x6e, 0xff,
    0xff, 0xff, 0xff, 0xff, 0xff, 0xb0, 0x3, 0xf9,
    0x0, 0x0, 0x5, 0xac, 0xef, 0xff, 0xff, 0xff,
    0xf7, 0x0, 0x2, 0x0, 0x0, 0x0, 0x0, 0x0,
    0x0, 0x0, 0x0, 0x0, 0x0,

    /* U+6670 "晰" */
    0x0, 0x0, 0x0, 0x0, 0x1, 0x20, 0x0, 0x0,
    0x0, 0x0, 0x0, 0x0, 0x0, 0x0, 0x0, 0xe,
    0xf6, 0x0, 0x0, 0x6, 0xea, 0x0, 0x4f, 0xff,
    0xff, 0x30, 0xe, 0xf6, 0x0, 0x38, 0xef, 0xff,
    0xb0, 0x5f, 0xff, 0xff, 0x30, 0xe, 0xf6, 0x1,
    0xff, 0xff, 0xe8, 0x10, 0x5f, 0xe7, 0xff, 0x30,
    0xe, 0xf6, 0x1, 0xff, 0xa4, 0x0, 0x0, 0x5f,
    0xc0, 0xef, 0x36, 0x6f, 0xfa, 0x63, 0xff, 0x40,
    0x0, 0x0, 0x5f, 0xc0, 0xef, 0x4f, 0xff, 0xff,
    0xf5, 0xff, 0x40, 0x0, 0x0, 0x5f, 0xc0, 0xef,
    0x3e, 0xef, 0xff, 0xe5, 0xff, 0x40, 0x0, 0x0,
    0x5f, 0xd4, 0xff, 0x30, 0x1f, 0xf7, 0x1, 0xff,
    0xfe, 0xee, 0xe8, 0x5f, 0xff, 0xff, 0x30, 0x6f,
    0xfd, 0x1, 0xff, 0xff, 0xff, 0xf8, 0x5f, 0xff,
    0xff, 0x30, 0xbf, 0xff, 0x92, 0xff, 0x68, 0xff,
    0x42, 0x5f, 0xc1, 0xff, 0x31, 0xff, 0xff, 0xf7,
    0xff, 0x36, 0xff, 0x0, 0x5f, 0xc0, 0xef, 0x37,
    0xff, 0xfd, 0xf9, 0xff, 0x26, 0xff, 0x0, 0x5f,
    0xc0, 0xef, 0x3e, 0xff, 0xf7, 0xa4, 0xff, 0x16,
    0xff, 0x0, 0x5f, 0xc0, 0xef, 0x9f, 0xee, 0xf6,
    0x5, 0xff, 0x6, 0xff, 0x0, 0x5f, 0xe7, 0xff,
    0xff, 0x8e, 0xf6, 0x7, 0xfe, 0x6, 0xff, 0x0,
    0x5f, 0xff, 0xff, 0xdf, 0x2e, 0xf6, 0x9, 0xfb,
    0x6, 0xff, 0x0, 0x5f, 0xff, 0xff, 0x35, 0xe,
    0xf6, 0xd, 0xf9, 0x6, 0xff, 0x0, 0x5f, 0xc0,
    0x0, 0x0, 0xe, 0xf6, 0x1f, 0xf5, 0x6, 0xff,
    0x0, 0x3b, 0x80, 0x0, 0x0, 0xe, 0xf6, 0x6f,
    0xf1, 0x6, 0xff, 0x0, 0x0, 0x0, 0x0, 0x0,
    0xe, 0xf6, 0xcf, 0xc0, 0x6, 0xff, 0x0, 0x0,
    0x0, 0x0, 0x0, 0xe, 0xf6, 0x2a, 0x60, 0x5,
    0xff, 0x0, 0x0, 0x0, 0x0, 0x0, 0x0, 0x0,
    0x0, 0x0, 0x0, 0x0, 0x0,

    /* U+67E5 "查" */
    0x0, 0x0, 0x0, 0x0, 0x0, 0x78, 0x70, 0x0,
    0x0, 0x0, 0x0, 0x0, 0x0, 0x0, 0x0, 0x0,
    0xd, 0xfe, 0x0, 0x0, 0x0, 0x0, 0x0, 0x0,
    0x0, 0x0, 0x0, 0x0, 0xdf, 0xe0, 0x0, 0x0,
    0x0, 0x0, 0x0, 0xaf, 0xff, 0xff, 0xff, 0xff,
    0xff, 0xff, 0xff, 0xff, 0xff, 0xe0, 0xb, 0xff,
    0xff, 0xff, 0xff, 0xff, 0xff, 0xff, 0xff, 0xff,
    0xfe, 0x0, 0x46, 0x66, 0x67, 0xef, 0xff, 0xff,
    0xff, 0xd6, 0x66, 0x66, 0x60, 0x0, 0x0, 0x1,
    0xbf, 0xfb, 0xef, 0xeb, 0xff, 0xb1, 0x0, 0x0,
    0x0, 0x0, 0x4, 0xef, 0xfc, 0xd, 0xfe, 0xb,
    0xff, 0xe6, 0x0, 0x0, 0x0, 0x3a, 0xff, 0xfb,
    0x0, 0xdf, 0xe0, 0x9, 0xff, 0xfd, 0x60, 0x1,
    0xcf, 0xff, 0xf7, 0x0, 0x7, 0x97, 0x0, 0x5,
    0xef, 0xff, 0xf2, 0x7, 0xff, 0xde, 0xcc, 0xcc,
    0xcc, 0xcc, 0xcc, 0xcd, 0xbf, 0xf6, 0x0, 0x8,
    0x43, 0xff, 0xff, 0xff, 0xff, 0xff, 0xff, 0xf3,
    0x16, 0x0, 0x0, 0x0, 0x3f, 0xf9, 0x0, 0x0,
    0x0, 0xb, 0xff, 0x30, 0x0, 0x0, 0x0, 0x3,
    0xff, 0xec, 0xcc, 0xcc, 0xcc, 0xef, 0xf3, 0x0,
    0x0, 0x0, 0x0, 0x3f, 0xff, 0xff, 0xff, 0xff,
    0xff, 0xff, 0x30, 0x0, 0x0, 0x0, 0x3, 0xff,
    0x80, 0x0, 0x0, 0x0, 0xaf, 0xf3, 0x0, 0x0,
    0x0, 0x0, 0x3f, 0xff, 0xee, 0xee, 0xee, 0xef,
    0xff, 0x30, 0x0, 0x0, 0x0, 0x2, 0xff, 0xff,
    0xff, 0xff, 0xff, 0xff, 0xf3, 0x0, 0x0, 0x0,
    0x0, 0x0, 0x0, 0x0, 0x0, 0x0, 0x0, 0x0,
    0x0, 0x0, 0x0, 0x8f, 0xff, 0xff, 0xff, 0xff,
    0xff, 0xff, 0xff, 0xff, 0xff, 0xb0, 0x8, 0xff,
    0xff, 0xff, 0xff, 0xff, 0xff, 0xff, 0xff, 0xff,
    0xfb, 0x0, 0x36, 0x66, 0x66, 0x66, 0x66, 0x66,
    0x66, 0x66, 0x66, 0x66, 0x40,

    /* U+6807 "标" */
    0x0, 0x0, 0x88, 0x60, 0x0, 0x0, 0x0, 0x0,
    0x0, 0x0, 0x0, 0x0, 0x0, 0xf, 0xfb, 0x0,
    0x0, 0x22, 0x22, 0x22, 0x22, 0x21, 0x0, 0x0,
    0x0, 0xff, 0xb0, 0x0, 0x4f, 0xff, 0xff, 0xff,
    0xff, 0xe0, 0x0, 0x0, 0xf, 0xfb, 0x0, 0x4,
    0xff, 0xff, 0xff, 0xff, 0xfe, 0x0, 0x0, 0x0,
    0xff, 0xb0, 0x0, 0x17, 0x77, 0x77, 0x77, 0x77,
    0x60, 0x3, 0xff, 0xff, 0xff, 0xff, 0x60, 0x0,
    0x0, 0x0, 0x0, 0x0, 0x0, 0x3f, 0xff, 0xff,
    0xff, 0xf6, 0x0, 0x0, 0x0, 0x0, 0x0, 0x0,
    0x2, 0x99, 0xdf, 0xfe, 0x99, 0x6a, 0xaa, 0xaa,
    0xaa, 0xaa, 0xaa, 0xa1, 0x0, 0xc, 0xff, 0xf2,
    0x5, 0xff, 0xff, 0xff, 0xff, 0xff, 0xff, 0x20,
    0x1, 0xff, 0xff, 0xe1, 0x4f, 0xff, 0xff, 0xff,
    0xff, 0xff, 0xf2, 0x0, 0x6f, 0xff, 0xff, 0xc0,
    0x0, 0x0, 0xdf, 0xf0, 0x0, 0x0, 0x0, 0xc,
    0xff, 0xfd, 0xff, 0x80, 0x0, 0xd, 0xff, 0x0,
    0x0, 0x0, 0x3, 0xff, 0xff, 0xb7, 0xf3, 0x6b,
    0x80, 0xdf, 0xf0, 0x7d, 0x40, 0x0, 0xbf, 0xbf,
    0xfb, 0x7, 0xa, 0xfe, 0xd, 0xff, 0xe, 0xfb,
    0x0, 0x5f, 0xf5, 0xff, 0xb0, 0x0, 0xff, 0xa0,
    0xdf, 0xf0, 0x9f, 0xf1, 0x3, 0xfe, 0xf, 0xfb,
    0x0, 0x5f, 0xf4, 0xd, 0xff, 0x3, 0xff, 0x60,
    0xa, 0x60, 0xff, 0xb0, 0xc, 0xfe, 0x0, 0xdf,
    0xf0, 0xe, 0xfb, 0x0, 0x20, 0xf, 0xfb, 0x4,
    0xff, 0x80, 0xd, 0xff, 0x0, 0xaf, 0xf0, 0x0,
    0x0, 0xff, 0xb0, 0xbf, 0xf1, 0x0, 0xdf, 0xf0,
    0x6, 0xff, 0x40, 0x0, 0xf, 0xfb, 0x0, 0x87,
    0x2d, 0xdf, 0xff, 0x0, 0x2e, 0x92, 0x0, 0x0,
    0xff, 0xb0, 0x0, 0x0, 0xef, 0xff, 0xc0, 0x0,
    0x0, 0x0, 0x0, 0xf, 0xfb, 0x0, 0x0, 0xb,
    0xfe, 0xa2, 0x0, 0x0, 0x0, 0x0, 0x0, 0x11,
    0x10, 0x0, 0x0, 0x0, 0x0, 0x0, 0x0, 0x0,
    0x0,

    /* U+68C0 "检" */
    0x0, 0x3, 0x88, 0x0, 0x0, 0x0, 0x3, 0x93,
    0x0, 0x0, 0x0, 0x0, 0x0, 0x6f, 0xf1, 0x0,
    0x0, 0x0, 0xcf, 0xf2, 0x0, 0x0, 0x0, 0x0,
    0x6, 0xff, 0x10, 0x0, 0x0, 0x7f, 0xff, 0x70,
    0x0, 0x0, 0x0, 0x0, 0x6f, 0xf1, 0x0, 0x0,
    0x4f, 0xff, 0xff, 0x70, 0x0, 0x0, 0x5, 0x59,
    0xff, 0x54, 0x0, 0x3f, 0xff, 0x4e, 0xff, 0x90,
    0x0, 0x2, 0xff, 0xff, 0xff, 0xe0, 0x3f, 0xff,
    0x40, 0x2e, 0xff, 0xc2, 0x0, 0x2f, 0xff, 0xff,
    0xfe, 0x5f, 0xff, 0x60, 0x0, 0x2d, 0xff, 0xf8,
    0x0, 0x44, 0xcf, 0xf6, 0xef, 0xff, 0xc6, 0x66,
    0x66, 0x7f, 0xff, 0xf4, 0x0, 0xe, 0xff, 0x6a,
    0xff, 0xaf, 0xff, 0xff, 0xff, 0xe8, 0xfc, 0x0,
    0x2, 0xff, 0xff, 0x3d, 0x44, 0xff, 0xff, 0xff,
    0xfd, 0x4, 0x40, 0x0, 0x8f, 0xff, 0xfc, 0x0,
    0x0, 0x0, 0x0, 0x0, 0x0, 0x0, 0x0, 0xd,
    0xff, 0xfe, 0xf7, 0x4, 0x10, 0x5b, 0x70, 0x2,
    0xb8, 0x10, 0x4, 0xff, 0xff, 0x7f, 0x3d, 0xf6,
    0x6, 0xfd, 0x0, 0x8f, 0xf0, 0x0, 0xcf, 0xef,
    0xf1, 0x40, 0x9f, 0xb0, 0x3f, 0xf0, 0xd, 0xf9,
    0x0, 0x3f, 0xf9, 0xff, 0x10, 0x5, 0xff, 0x0,
    0xff, 0x33, 0xff, 0x20, 0x0, 0xec, 0x6f, 0xf1,
    0x0, 0x1f, 0xf3, 0xe, 0xf5, 0xaf, 0xb0, 0x0,
    0x7, 0x46, 0xff, 0x10, 0x0, 0xef, 0x60, 0x9a,
    0x5f, 0xf4, 0x0, 0x0, 0x0, 0x6f, 0xf1, 0x0,
    0x5, 0x30, 0x0, 0x8, 0xfc, 0x0, 0x0, 0x0,
    0x6, 0xff, 0x10, 0x44, 0x44, 0x44, 0x44, 0xff,
    0x84, 0x42, 0x0, 0x0, 0x6f, 0xf1, 0x1f, 0xff,
    0xff, 0xff, 0xff, 0xff, 0xff, 0xa0, 0x0, 0x6,
    0xff, 0x11, 0xff, 0xff, 0xff, 0xff, 0xff, 0xff,
    0xfa, 0x0, 0x0, 0x6f, 0xf1, 0x2, 0x22, 0x22,
    0x22, 0x22, 0x22, 0x22, 0x10,

    /* U+6D88 "消" */
    0x0, 0x1, 0x0, 0x0, 0x0, 0x0, 0x5, 0x88,
    0x0, 0x0, 0x0, 0x0, 0x8f, 0x91, 0x0, 0x29,
    0x30, 0xb, 0xff, 0x10, 0x1c, 0x71, 0x3, 0xff,
    0xfe, 0x41, 0xff, 0xd0, 0xb, 0xff, 0x10, 0x7f,
    0xf8, 0x0, 0x3d, 0xff, 0xf0, 0x9f, 0xf7, 0xb,
    0xff, 0x10, 0xef, 0xf1, 0x0, 0x0, 0x9f, 0x50,
    0x1f, 0xfe, 0xb, 0xff, 0x16, 0xff, 0x80, 0x0,
    0x0, 0x3, 0x0, 0x9, 0xfb, 0x1b, 0xff, 0x18,
    0xfe, 0x0, 0x0, 0x0, 0x0, 0x0, 0x3, 0x30,
    0xb, 0xff, 0x10, 0x23, 0x0, 0x9, 0xe6, 0x0,
    0x0, 0x9f, 0xff, 0xff, 0xff, 0xff, 0xff, 0xc0,
    0x4f, 0xff, 0xc3, 0x0, 0x9f, 0xff, 0xff, 0xff,
    0xff, 0xff, 0xc0, 0x4, 0xdf, 0xff, 0x10, 0x9f,
    0xf8, 0x88, 0x88, 0x88, 0xff, 0xc0, 0x0, 0x8,
    0xf5, 0x0, 0x9f, 0xf1, 0x0, 0x0, 0x0, 0xef,
    0xc0, 0x0, 0x0, 0x20, 0x0, 0x9f, 0xff, 0xff,
    0xff, 0xff, 0xff, 0xc0, 0x0, 0x0, 0x1, 0x0,
    0x9f, 0xff, 0xff, 0xff, 0xff, 0xff, 0xc0, 0x0,
    0x0, 0x5d, 0x20, 0x9f, 0xf7, 0x66, 0x66, 0x66,
    0xff, 0xc0, 0x0, 0x0, 0xcf, 0xe0, 0x9f, 0xf1,
    0x0, 0x0, 0x0, 0xef, 0xc0, 0x0, 0x5, 0xff,
    0x90, 0x9f, 0xff, 0xff, 0xff, 0xff, 0xff, 0xc0,
    0x0, 0xd, 0xff, 0x20, 0x9f, 0xff, 0xff, 0xff,
    0xff, 0xff, 0xc0, 0x0, 0x6f, 0xfa, 0x0, 0x9f,
    0xf7, 0x66, 0x66, 0x66, 0xff, 0xc0, 0x0, 0xef,
    0xf3, 0x0, 0x9f, 0xf1, 0x0, 0x0, 0x0, 0xef,
    0xc0, 0x8, 0xff, 0xb0, 0x0, 0x9f, 0xf1, 0x0,
    0x8, 0x99, 0xff, 0xb0, 0x7, 0xff, 0x30, 0x0,
    0x9f, 0xf1, 0x0, 0x8, 0xff, 0xff, 0x80, 0x0,
    0x39, 0x0, 0x0, 0x9f, 0xf1, 0x0, 0x4, 0xfe,
    0xd8, 0x0,

    /* U+6E05 "清" */
    0x0, 0x0, 0x0, 0x0, 0x0, 0x0, 0x8, 0x85,
    0x0, 0x0, 0x0, 0x0, 0x2, 0xe7, 0x0, 0x0,
    0x0, 0x1, 0xff, 0xa0, 0x0, 0x0, 0x0, 0x0,
    0xef, 0xfd, 0x37, 0xff, 0xff, 0xff, 0xff, 0xff,
    0xff, 0xf3, 0x0, 0x4, 0xef, 0xfd, 0x8f, 0xff,
    0xff, 0xff, 0xff, 0xff, 0xff, 0x30, 0x0, 0x0,
    0xaf, 0x20, 0x0, 0x0, 0x2f, 0xfb, 0x0, 0x0,
    0x0, 0x0, 0x0, 0x0, 0x20, 0xf, 0xff, 0xff,
    0xff, 0xff, 0xff, 0xf9, 0x0, 0x0, 0x0, 0x0,
    0x0, 0xcc, 0xcc, 0xdf, 0xff, 0xcc, 0xcc, 0x70,
    0x0, 0x4e, 0x70, 0x0, 0x0, 0x0, 0x2, 0xff,
    0xb0, 0x0, 0x0, 0x0, 0x1e, 0xff, 0xd2, 0x5f,
    0xff, 0xff, 0xff, 0xff, 0xff, 0xff, 0xff, 0x30,
    0x5e, 0xff, 0xf6, 0xff, 0xff, 0xff, 0xff, 0xff,
    0xff, 0xff, 0xf3, 0x0, 0x1b, 0xf7, 0x0, 0x22,
    0x22, 0x22, 0x22, 0x23, 0x22, 0x0, 0x0, 0x0,
    0x5, 0x0, 0xc, 0xff, 0xff, 0xff, 0xff, 0xff,
    0xf1, 0x0, 0x0, 0x0, 0x0, 0x0, 0xcf, 0xfd,
    0xdd, 0xdd, 0xdf, 0xff, 0x10, 0x0, 0x0, 0x7,
    0x90, 0xc, 0xfc, 0x11, 0x11, 0x11, 0x9f, 0xf1,
    0x0, 0x0, 0x0, 0xdf, 0xd0, 0xcf, 0xff, 0xff,
    0xff, 0xff, 0xff, 0x10, 0x0, 0x0, 0x5f, 0xfa,
    0xc, 0xff, 0xcc, 0xcc, 0xcc, 0xef, 0xf1, 0x0,
    0x0, 0xc, 0xff, 0x30, 0xcf, 0xc1, 0x11, 0x11,
    0x19, 0xff, 0x10, 0x0, 0x4, 0xff, 0xc0, 0xc,
    0xff, 0xff, 0xff, 0xff, 0xff, 0xf1, 0x0, 0x0,
    0xcf, 0xf5, 0x0, 0xcf, 0xfd, 0xdd, 0xdd, 0xde,
    0xff, 0x10, 0x0, 0x5f, 0xfe, 0x0, 0xc, 0xfc,
    0x0, 0x0, 0x45, 0xbf, 0xf0, 0x0, 0x1, 0x9f,
    0x60, 0x0, 0xcf, 0xc0, 0x0, 0xa, 0xff, 0xff,
    0x0, 0x0, 0x0, 0x30, 0x0, 0xc, 0xfc, 0x0,
    0x0, 0x5f, 0xfc, 0x50, 0x0,

    /* U+6ED1 "滑" */
    0x0, 0x2, 0x0, 0x0, 0x0, 0x0, 0x0, 0x0,
    0x0, 0x0, 0x0, 0x0, 0x3f, 0xd3, 0x0, 0x5f,
    0xff, 0xff, 0xff, 0xff, 0xf9, 0x0, 0x0, 0xcf,
    0xff, 0x60, 0x5f, 0xff, 0xff, 0xff, 0xff, 0xf9,
    0x0, 0x0, 0xa, 0xff, 0xf5, 0x5f, 0xf3, 0x22,
    0x22, 0x2f, 0xf9, 0x0, 0x0, 0x0, 0x7f, 0xb0,
    0x5f, 0xfa, 0xaa, 0xa3, 0xf, 0xf9, 0x0, 0x0,
    0x0, 0x4, 0x0, 0x5f, 0xff, 0xff, 0xf5, 0xf,
    0xf9, 0x0, 0x0, 0x0, 0x0, 0x0, 0x5f, 0xf1,
    0xe, 0xf5, 0xf, 0xf9, 0x0, 0x2, 0xc5, 0x0,
    0x6c, 0xdf, 0xfc, 0xcf, 0xfd, 0xcf, 0xfe, 0xcc,
    0xc, 0xff, 0xb2, 0x8f, 0xff, 0xff, 0xff, 0xff,
    0xff, 0xff, 0xff, 0xa, 0xff, 0xff, 0x9f, 0xf5,
    0x55, 0x55, 0x55, 0x55, 0x5d, 0xff, 0x0, 0x5e,
    0xf8, 0x8f, 0xf3, 0x33, 0x33, 0x33, 0x33, 0x3c,
    0xff, 0x0, 0x2, 0xa0, 0x7f, 0xff, 0xff, 0xff,
    0xff, 0xff, 0xff, 0xff, 0x0, 0x0, 0x0, 0x0,
    0x7f, 0xff, 0xff, 0xff, 0xff, 0xfb, 0x0, 0x0,
    0x0, 0x19, 0x0, 0x7f, 0xf0, 0x0, 0x0, 0xe,
    0xfb, 0x0, 0x0, 0x0, 0x8f, 0xc1, 0x7f, 0xff,
    0xff, 0xff, 0xff, 0xfb, 0x0, 0x0, 0x1, 0xff,
    0xf0, 0x7f, 0xfd, 0xdd, 0xdd, 0xdf, 0xfb, 0x0,
    0x0, 0x8, 0xff, 0x80, 0x7f, 0xf1, 0x11, 0x11,
    0x1e, 0xfb, 0x0, 0x0, 0x1f, 0xff, 0x10, 0x7f,
    0xff, 0xff, 0xff, 0xff, 0xfb, 0x0, 0x0, 0xaf,
    0xf9, 0x0, 0x7f, 0xfc, 0xcc, 0xcc, 0xcf, 0xfb,
    0x0, 0x3, 0xff, 0xf1, 0x0, 0x7f, 0xf0, 0x0,
    0x11, 0x1e, 0xfb, 0x0, 0x0, 0x9f, 0x80, 0x0,
    0x7f, 0xf0, 0x0, 0x7f, 0xff, 0xf9, 0x0, 0x0,
    0x4, 0x10, 0x0, 0x7f, 0xf0, 0x0, 0x2f, 0xfe,
    0xb1, 0x0, 0x0, 0x0, 0x0, 0x0, 0x0, 0x0,
    0x0, 0x0, 0x0, 0x0, 0x0,

    /* U+70B9 "点" */
    0x0, 0x0, 0x0, 0x0, 0x0, 0x99, 0x70, 0x0,
    0x0, 0x0, 0x0, 0x0, 0x0, 0x0, 0x0, 0x0,
    0xf, 0xfd, 0x0, 0x0, 0x0, 0x0, 0x0, 0x0,
    0x0, 0x0, 0x0, 0x0, 0xff, 0xf8, 0x88, 0x88,
    0x88, 0x81, 0x0, 0x0, 0x0, 0x0, 0x0, 0xf,
    0xff, 0xff, 0xff, 0xff, 0xff, 0x30, 0x0, 0x0,
    0x0, 0x0, 0x0, 0xff, 0xff, 0xff, 0xff, 0xff,
    0xf3, 0x0, 0x0, 0x0, 0x0, 0x0, 0xf, 0xfd,
    0x0, 0x0, 0x0, 0x0, 0x0, 0x0, 0x0, 0x0,
    0x0, 0x0, 0xff, 0xd0, 0x0, 0x0, 0x0, 0x0,
    0x0, 0x0, 0x8f, 0xff, 0xff, 0xff, 0xff, 0xff,
    0xff, 0xff, 0xa0, 0x0, 0x0, 0x9, 0xff, 0xff,
    0xff, 0xff, 0xff, 0xff, 0xff, 0xfb, 0x0, 0x0,
    0x0, 0x9f, 0xfa, 0x99, 0x99, 0x99, 0x99, 0x9a,
    0xff, 0xb0, 0x0, 0x0, 0x9, 0xff, 0x10, 0x0,
    0x0, 0x0, 0x0, 0x2f, 0xfb, 0x0, 0x0, 0x0,
    0x9f, 0xf1, 0x0, 0x0, 0x0, 0x0, 0x2, 0xff,
    0xb0, 0x0, 0x0, 0x9, 0xff, 0x10, 0x0, 0x0,
    0x0, 0x0, 0x2f, 0xfb, 0x0, 0x0, 0x0, 0x9f,
    0xff, 0xff, 0xff, 0xff, 0xff, 0xff, 0xff, 0xb0,
    0x0, 0x0, 0x9, 0xff, 0xff, 0xff, 0xff, 0xff,
    0xff, 0xff, 0xfb, 0x0, 0x0, 0x0, 0x48, 0x88,
    0x88, 0x88, 0x88, 0x88, 0x88, 0x88, 0x50, 0x0,
    0x0, 0x5, 0x51, 0x0, 0x0, 0x0, 0x0, 0x20,
    0x1, 0x77, 0x0, 0x0, 0x0, 0xef, 0xe0, 0x7d,
    0xf1, 0x8, 0xff, 0x10, 0xdf, 0xf4, 0x0, 0x0,
    0x8f, 0xf8, 0x7, 0xff, 0x40, 0x5f, 0xf7, 0x3,
    0xff, 0xe1, 0x0, 0x2f, 0xff, 0x10, 0x5f, 0xf6,
    0x0, 0xef, 0xe0, 0x9, 0xff, 0x90, 0x1d, 0xff,
    0x70, 0x3, 0xff, 0x80, 0xa, 0xff, 0x40, 0x1f,
    0xff, 0x20, 0x6d, 0xb0, 0x0, 0x3f, 0xe7, 0x0,
    0x5d, 0x92, 0x0, 0x8d, 0x61, 0x0, 0x0, 0x0,
    0x0, 0x0, 0x0, 0x0, 0x0, 0x0, 0x0, 0x0,
    0x0,

    /* U+70C1 "烁" */
    0x0, 0x0, 0x44, 0x0, 0x0, 0x0, 0x0, 0x0,
    0x0, 0x27, 0x0, 0x0, 0x0, 0x2f, 0xf1, 0x0,
    0x3, 0x45, 0x68, 0xac, 0xff, 0xf7, 0x0, 0x0,
    0x2, 0xff, 0x10, 0x0, 0xff, 0xff, 0xff, 0xff,
    0xff, 0xd0, 0x0, 0x0, 0x2f, 0xf1, 0x0, 0xf,
    0xff, 0xfe, 0xcb, 0x86, 0x30, 0x0, 0x0, 0x2,
    0xff, 0x19, 0x31, 0xff, 0x70, 0x12, 0x20, 0x0,
    0x0, 0x0, 0x7b, 0x4f, 0xf3, 0xff, 0x3f, 0xf5,
    0xa, 0xff, 0x10, 0x0, 0x0, 0xa, 0xf5, 0xff,
    0x5f, 0xb5, 0xff, 0x30, 0xaf, 0xf1, 0x0, 0x0,
    0x0, 0xcf, 0x4f, 0xf8, 0xf6, 0x8f, 0xf0, 0xa,
    0xff, 0x10, 0x0, 0x0, 0xe, 0xf3, 0xff, 0xcf,
    0x1d, 0xff, 0x77, 0xdf, 0xf8, 0x77, 0x75, 0x1,
    0xfd, 0x3f, 0xf4, 0x73, 0xff, 0xff, 0xff, 0xff,
    0xff, 0xff, 0xb0, 0x4f, 0xa3, 0xff, 0x10, 0xd,
    0xff, 0xff, 0xff, 0xff, 0xff, 0xfb, 0x0, 0x33,
    0x4f, 0xf0, 0x0, 0x21, 0x0, 0xa, 0xff, 0x20,
    0x0, 0x0, 0x0, 0x6, 0xfe, 0x0, 0x0, 0x0,
    0x0, 0xaf, 0xf1, 0x0, 0x0, 0x0, 0x0, 0x8f,
    0xf2, 0x0, 0x1, 0xc8, 0x2a, 0xff, 0x39, 0xf3,
    0x0, 0x0, 0xb, 0xff, 0xd0, 0x0, 0x6f, 0xf3,
    0xaf, 0xf2, 0xff, 0xa0, 0x0, 0x0, 0xff, 0xff,
    0xa0, 0xd, 0xfe, 0xa, 0xff, 0x19, 0xff, 0x10,
    0x0, 0x5f, 0xf9, 0xff, 0x65, 0xff, 0x80, 0xaf,
    0xf1, 0x4f, 0xf6, 0x0, 0xc, 0xfd, 0xb, 0xd2,
    0xdf, 0xf1, 0xa, 0xff, 0x10, 0xef, 0xb0, 0x6,
    0xff, 0x70, 0x21, 0x6f, 0xf8, 0x0, 0xaf, 0xf1,
    0x9, 0xff, 0x1, 0xff, 0xe0, 0x0, 0x0, 0x9d,
    0x9, 0x9e, 0xff, 0x0, 0x5c, 0x60, 0x7, 0xf4,
    0x0, 0x0, 0x0, 0x10, 0xaf, 0xff, 0xe0, 0x0,
    0x0, 0x0, 0x3, 0x0, 0x0, 0x0, 0x0, 0x5,
    0xfe, 0xb3, 0x0, 0x0, 0x0,

    /* U+753B "画" */
    0x0, 0x0, 0x0, 0x0, 0x0, 0x0, 0x0, 0x0,
    0x0, 0x0, 0x5, 0xff, 0xff, 0xff, 0xff, 0xff,
    0xff, 0xff, 0xff, 0xff, 0xfd, 0x5f, 0xff, 0xff,
    0xff, 0xff, 0xff, 0xff, 0xff, 0xff, 0xff, 0xd2,
    0x88, 0x88, 0x88, 0x88, 0x88, 0x88, 0x88, 0x88,
    0x88, 0x87, 0x0, 0x0, 0x0, 0x0, 0x0, 0x0,
    0x0, 0x0, 0x0, 0x0, 0x0, 0x0, 0x0, 0xcf,
    0xff, 0xff, 0xff, 0xff, 0xf0, 0x0, 0x0, 0x3,
    0x32, 0xd, 0xff, 0xff, 0xff, 0xff, 0xff, 0x2,
    0x55, 0x11, 0xff, 0xb0, 0xdf, 0x94, 0xcf, 0xc4,
    0x8f, 0xf0, 0x7f, 0xf4, 0x1f, 0xfb, 0xd, 0xf6,
    0xa, 0xfb, 0x5, 0xff, 0x7, 0xff, 0x41, 0xff,
    0xb0, 0xdf, 0x95, 0xcf, 0xc5, 0x8f, 0xf0, 0x7f,
    0xf4, 0x1f, 0xfb, 0xd, 0xff, 0xff, 0xff, 0xff,
    0xff, 0x7, 0xff, 0x41, 0xff, 0xb0, 0xdf, 0xdc,
    0xef, 0xec, 0xdf, 0xf0, 0x7f, 0xf4, 0x1f, 0xfb,
    0xd, 0xf6, 0xa, 0xfb, 0x5, 0xff, 0x7, 0xff,
    0x41, 0xff, 0xb0, 0xdf, 0xa7, 0xcf, 0xd7, 0x9f,
    0xf0, 0x7f, 0xf4, 0x1f, 0xfb, 0xd, 0xff, 0xff,
    0xff, 0xff, 0xff, 0x7, 0xff, 0x41, 0xff, 0xb0,
    0xad, 0xdd, 0xdd, 0xdd, 0xdd, 0xd0, 0x7f, 0xf4,
    0x1f, 0xfb, 0x0, 0x0, 0x0, 0x0, 0x0, 0x0,
    0x7, 0xff, 0x41, 0xff, 0xea, 0xaa, 0xaa, 0xaa,
    0xaa, 0xaa, 0xaa, 0xcf, 0xf4, 0x1f, 0xff, 0xff,
    0xff, 0xff, 0xff, 0xff, 0xff, 0xff, 0xff, 0x41,
    0xff, 0xff, 0xff, 0xff, 0xff, 0xff, 0xff, 0xff,
    0xff, 0xf4, 0x0, 0x0, 0x0, 0x0, 0x0, 0x0,
    0x0, 0x0, 0x7, 0xff, 0x40,

    /* U+7684 "的" */
    0x0, 0x2, 0x97, 0x40, 0x0, 0x0, 0x76, 0x20,
    0x0, 0x0, 0x0, 0x0, 0x5f, 0xf9, 0x0, 0x0,
    0xf, 0xfc, 0x0, 0x0, 0x0, 0x0, 0x9, 0xff,
    0x30, 0x0, 0x5, 0xff, 0x80, 0x0, 0x0, 0x0,
    0x0, 0xcf, 0xd0, 0x0, 0x0, 0xaf, 0xf5, 0x22,
    0x24, 0x21, 0x7f, 0xff, 0xff, 0xff, 0xf3, 0x1f,
    0xff, 0xff, 0xff, 0xff, 0x88, 0xff, 0xff, 0xff,
    0xff, 0x37, 0xff, 0xff, 0xff, 0xff, 0xf7, 0x8f,
    0xf7, 0x77, 0x9f, 0xf3, 0xef, 0xf6, 0x66, 0x67,
    0xff, 0x78, 0xff, 0x0, 0x4, 0xff, 0xbf, 0xf9,
    0x0, 0x0, 0x1f, 0xf7, 0x8f, 0xf0, 0x0, 0x4f,
    0xff, 0xff, 0x10, 0x0, 0x2, 0xff, 0x68, 0xff,
    0x0, 0x4, 0xff, 0x6e, 0x80, 0x20, 0x0, 0x3f,
    0xf6, 0x8f, 0xf7, 0x77, 0x9f, 0xf3, 0x16, 0xee,
    0x10, 0x3, 0xff, 0x58, 0xff, 0xff, 0xff, 0xff,
    0x30, 0x5f, 0xfa, 0x0, 0x4f, 0xf4, 0x8f, 0xff,
    0xff, 0xff, 0xf3, 0x0, 0xaf, 0xf5, 0x5, 0xff,
    0x38, 0xff, 0x0, 0x4, 0xff, 0x30, 0x1, 0xff,
    0xe1, 0x6f, 0xf3, 0x8f, 0xf0, 0x0, 0x4f, 0xf3,
    0x0, 0x6, 0xff, 0x77, 0xff, 0x28, 0xff, 0x0,
    0x4, 0xff, 0x30, 0x0, 0xb, 0x40, 0x8f, 0xf0,
    0x8f, 0xf0, 0x0, 0x4f, 0xf3, 0x0, 0x0, 0x0,
    0xa, 0xff, 0x8, 0xff, 0xff, 0xff, 0xff, 0x30,
    0x0, 0x0, 0x0, 0xcf, 0xd0, 0x8f, 0xff, 0xff,
    0xff, 0xf3, 0x0, 0x0, 0x0, 0x1f, 0xfb, 0x8,
    0xff, 0x77, 0x77, 0x77, 0x10, 0x6, 0xa9, 0x9d,
    0xff, 0x70, 0x8f, 0xf0, 0x0, 0x0, 0x0, 0x0,
    0x3f, 0xff, 0xff, 0xf1, 0x1, 0x22, 0x0, 0x0,
    0x0, 0x0, 0x0, 0xef, 0xff, 0xb3, 0x0, 0x0,
    0x0, 0x0, 0x0, 0x0, 0x0, 0x0, 0x0, 0x0,
    0x0, 0x0,

    /* U+76EE "目" */
    0x1, 0x11, 0x11, 0x11, 0x11, 0x11, 0x11, 0x11,
    0xc, 0xff, 0xff, 0xff, 0xff, 0xff, 0xff, 0xff,
    0xfd, 0xcf, 0xff, 0xff, 0xff, 0xff, 0xff, 0xff,
    0xff, 0xdc, 0xff, 0xaa, 0xaa, 0xaa, 0xaa, 0xaa,
    0xaf, 0xfd, 0xcf, 0xf0, 0x0, 0x0, 0x0, 0x0,
    0x1, 0xff, 0xdc, 0xff, 0x0, 0x0, 0x0, 0x0,
    0x0, 0x1f, 0xfd, 0xcf, 0xff, 0xff, 0xff, 0xff,
    0xff, 0xff, 0xff, 0xdc, 0xff, 0xff, 0xff, 0xff,
    0xff, 0xff, 0xff, 0xfd, 0xcf, 0xfa, 0xaa, 0xaa,
    0xaa, 0xaa, 0xab, 0xff, 0xdc, 0xff, 0x0, 0x0,
    0x0, 0x0, 0x0, 0x1f, 0xfd, 0xcf, 0xf0, 0x0,
    0x0, 0x0, 0x0, 0x1, 0xff, 0xdc, 0xff, 0xaa,
    0xaa, 0xaa, 0xaa, 0xaa, 0xbf, 0xfd, 0xcf, 0xff,
    0xff, 0xff, 0xff, 0xff, 0xff, 0xff, 0xdc, 0xff,
    0xff, 0xff, 0xff, 0xff, 0xff, 0xff, 0xfd, 0xcf,
    0xf0, 0x0, 0x0, 0x0, 0x0, 0x1, 0xff, 0xdc,
    0xff, 0x0, 0x0, 0x0, 0x0, 0x0, 0x1f, 0xfd,
    0xcf, 0xf1, 0x11, 0x11, 0x11, 0x11, 0x13, 0xff,
    0xdc, 0xff, 0xff, 0xff, 0xff, 0xff, 0xff, 0xff,
    0xfd, 0xcf, 0xff, 0xff, 0xff, 0xff, 0xff, 0xff,
    0xff, 0xdc, 0xff, 0x99, 0x99, 0x99, 0x99, 0x99,
    0xaf, 0xfd, 0xcf, 0xf0, 0x0, 0x0, 0x0, 0x0,
    0x1, 0xff, 0xd0,

    /* U+793A "示" */
    0x0, 0x0, 0x0, 0x0, 0x0, 0x0, 0x0, 0x0,
    0x0, 0x0, 0x0, 0x0, 0xe, 0xff, 0xff, 0xff,
    0xff, 0xff, 0xff, 0xff, 0xf6, 0x0, 0x0, 0xe,
    0xff, 0xff, 0xff, 0xff, 0xff, 0xff, 0xff, 0xf6,
    0x0, 0x0, 0xa, 0xbb, 0xbb, 0xbb, 0xbb, 0xbb,
    0xbb, 0xbb, 0xb4, 0x0, 0x0, 0x0, 0x0, 0x0,
    0x0, 0x0, 0x0, 0x0, 0x0, 0x0, 0x0, 0x0,
    0x0, 0x0, 0x0, 0x0, 0x0, 0x0, 0x0, 0x0,
    0x0, 0x0, 0x6, 0x88, 0x88, 0x88, 0x88, 0x88,
    0x88, 0x88, 0x88, 0x88, 0x86, 0xc, 0xff, 0xff,
    0xff, 0xff, 0xff, 0xff, 0xff, 0xff, 0xff, 0xfc,
    0xc, 0xff, 0xff, 0xff, 0xff, 0xff, 0xff, 0xff,
    0xff, 0xff, 0xfc, 0x2, 0x33, 0x33, 0x33, 0x35,
    0xff, 0xe3, 0x33, 0x33, 0x33, 0x32, 0x0, 0x0,
    0x0, 0x0, 0x2, 0xff, 0xd0, 0x0, 0x0, 0x0,
    0x0, 0x0, 0x0, 0xdc, 0x80, 0x2, 0xff, 0xd0,
    0x3, 0xaf, 0x40, 0x0, 0x0, 0x3, 0xff, 0xd0,
    0x2, 0xff, 0xd0, 0x6, 0xff, 0xe1, 0x0, 0x0,
    0xb, 0xff, 0x70, 0x2, 0xff, 0xd0, 0x0, 0xcf,
    0xfa, 0x0, 0x0, 0x4f, 0xfe, 0x0, 0x2, 0xff,
    0xd0, 0x0, 0x3f, 0xff, 0x40, 0x1, 0xef, 0xf5,
    0x0, 0x2, 0xff, 0xd0, 0x0, 0xa, 0xff, 0xd0,
    0xb, 0xff, 0xb0, 0x0, 0x2, 0xff, 0xd0, 0x0,
    0x3, 0xff, 0xf5, 0x2d, 0xfe, 0x10, 0x0, 0x2,
    0xff, 0xd0, 0x0, 0x0, 0xbf, 0xfb, 0x0, 0xa4,
    0x0, 0xcd, 0xde, 0xff, 0xd0, 0x0, 0x0, 0x5b,
    0x40, 0x0, 0x0, 0x0, 0x8f, 0xff, 0xff, 0x90,
    0x0, 0x0, 0x0, 0x0, 0x0, 0x0, 0x0, 0x4f,
    0xff, 0xd8, 0x0, 0x0, 0x0, 0x0, 0x0, 0x0,
    0x0, 0x0, 0x0, 0x0, 0x0, 0x0, 0x0, 0x0,
    0x0, 0x0,

    /* U+7B49 "等" */
    0x0, 0x1, 0xa6, 0x20, 0x0, 0x0, 0x8, 0x84,
    0x0, 0x0, 0x0, 0x0, 0x0, 0x8f, 0xf7, 0x0,
    0x0, 0x2, 0xff, 0xc0, 0x0, 0x0, 0x0, 0x0,
    0x2f, 0xff, 0xff, 0xff, 0xf3, 0xbf, 0xff, 0xff,
    0xff, 0xfe, 0x0, 0xc, 0xff, 0xff, 0xff, 0xff,
    0xaf, 0xff, 0xff, 0xff, 0xff, 0xe0, 0xa, 0xff,
    0xcd, 0xff, 0x55, 0xaf, 0xff, 0x6c, 0xff, 0x85,
    0x54, 0x4, 0xff, 0xe1, 0x5f, 0xf5, 0x6, 0xff,
    0x60, 0x1f, 0xfc, 0x0, 0x0, 0x2, 0xc3, 0x0,
    0x93, 0x0, 0xff, 0xe0, 0x0, 0x66, 0x0, 0x0,
    0x0, 0x0, 0xaf, 0xff, 0xff, 0xff, 0xff, 0xff,
    0xff, 0xff, 0xd0, 0x0, 0x0, 0xb, 0xff, 0xff,
    0xff, 0xff, 0xff, 0xff, 0xff, 0xfe, 0x0, 0x0,
    0x0, 0x34, 0x44, 0x44, 0x4f, 0xff, 0x44, 0x44,
    0x44, 0x40, 0x0, 0x5, 0x55, 0x55, 0x55, 0x55,
    0xff, 0xf5, 0x55, 0x55, 0x55, 0x55, 0x0, 0xff,
    0xff, 0xff, 0xff, 0xff, 0xff, 0xff, 0xff, 0xff,
    0xff, 0xf0, 0xf, 0xff, 0xff, 0xff, 0xff, 0xff,
    0xff, 0xff, 0xff, 0xff, 0xff, 0x0, 0x0, 0x0,
    0x0, 0x0, 0x0, 0x0, 0x6, 0xff, 0x70, 0x0,
    0x0, 0x0, 0x66, 0x66, 0x66, 0x66, 0x66, 0x66,
    0xaf, 0xfa, 0x66, 0x62, 0x0, 0x2f, 0xff, 0xff,
    0xff, 0xff, 0xff, 0xff, 0xff, 0xff, 0xff, 0x50,
    0x2, 0xee, 0xee, 0xff, 0xee, 0xee, 0xee, 0xff,
    0xff, 0xee, 0xe5, 0x0, 0x0, 0x0, 0xaf, 0xf8,
    0x0, 0x0, 0x6, 0xff, 0x70, 0x0, 0x0, 0x0,
    0x0, 0x3, 0xef, 0xfa, 0x0, 0x0, 0x6f, 0xf7,
    0x0, 0x0, 0x0, 0x0, 0x0, 0x2, 0xef, 0xf4,
    0x57, 0x7b, 0xff, 0x60, 0x0, 0x0, 0x0, 0x0,
    0x0, 0x2, 0xd3, 0x5, 0xff, 0xff, 0xf3, 0x0,
    0x0, 0x0, 0x0, 0x0, 0x0, 0x0, 0x0, 0xf,
    0xff, 0xd6, 0x0, 0x0, 0x0, 0x0, 0x0, 0x0,
    0x0, 0x0, 0x0, 0x0, 0x0, 0x0, 0x0, 0x0,
    0x0,

    /* U+81EA "自" */
    0x0, 0x0, 0x0, 0x28, 0x64, 0x0, 0x0, 0x0,
    0x0, 0x0, 0x0, 0x6, 0xff, 0xc0, 0x0, 0x0,
    0x0, 0x0, 0x0, 0x0, 0xaf, 0xf6, 0x0, 0x0,
    0x0, 0x7, 0x99, 0x99, 0x9f, 0xff, 0xa9, 0x99,
    0x99, 0x98, 0xcf, 0xff, 0xff, 0xff, 0xff, 0xff,
    0xff, 0xff, 0xec, 0xff, 0xff, 0xff, 0xff, 0xff,
    0xff, 0xff, 0xfe, 0xcf, 0xf0, 0x0, 0x0, 0x0,
    0x0, 0x0, 0xff, 0xec, 0xff, 0x0, 0x0, 0x0,
    0x0, 0x0, 0xf, 0xfe, 0xcf, 0xf8, 0x88, 0x88,
    0x88, 0x88, 0x88, 0xff, 0xec, 0xff, 0xff, 0xff,
    0xff, 0xff, 0xff, 0xff, 0xfe, 0xcf, 0xff, 0xff,
    0xff, 0xff, 0xff, 0xff, 0xff, 0xec, 0xff, 0x0,
    0x0, 0x0, 0x0, 0x0, 0xf, 0xfe, 0xcf, 0xf0,
    0x0, 0x0, 0x0, 0x0, 0x0, 0xff, 0xec, 0xff,
    0x99, 0x99, 0x99, 0x99, 0x99, 0x9f, 0xfe, 0xcf,
    0xff, 0xff, 0xff, 0xff, 0xff, 0xff, 0xff, 0xec,
    0xff, 0xff, 0xff, 0xff, 0xff, 0xff, 0xff, 0xfe,
    0xcf, 0xf0, 0x0, 0x0, 0x0, 0x0, 0x0, 0xff,
    0xec, 0xff, 0x0, 0x0, 0x0, 0x0, 0x0, 0xf,
    0xfe, 0xcf, 0xf9, 0x99, 0x99, 0x99, 0x99, 0x99,
    0xff, 0xec, 0xff, 0xff, 0xff, 0xff, 0xff, 0xff,
    0xff, 0xfe, 0xcf, 0xff, 0xff, 0xff, 0xff, 0xff,
    0xff, 0xff, 0xec, 0xff, 0x0, 0x0, 0x0, 0x0,
    0x0, 0xf, 0xfe, 0x0, 0x0, 0x0, 0x0, 0x0,
    0x0, 0x0, 0x0, 0x0,

    /* U+8BF7 "请" */
    0x0, 0x0, 0x0, 0x0, 0x0, 0x0, 0x5, 0x88,
    0x0, 0x0, 0x0, 0x0, 0x5e, 0x40, 0x0, 0x0,
    0x0, 0xa, 0xff, 0x10, 0x0, 0x0, 0x1, 0xff,
    0xf5, 0x0, 0xaf, 0xff, 0xff, 0xff, 0xff, 0xff,
    0xf3, 0x0, 0x4f, 0xff, 0x50, 0xbf, 0xff, 0xff,
    0xff, 0xff, 0xff, 0xf3, 0x0, 0x4, 0xff, 0xc0,
    0x0, 0x0, 0xa, 0xff, 0x20, 0x0, 0x0, 0x0,
    0x0, 0x5d, 0x10, 0xf, 0xff, 0xff, 0xff, 0xff,
    0xff, 0xc0, 0x0, 0x0, 0x0, 0x0, 0xc, 0xcc,
    0xcf, 0xff, 0xdc, 0xcc, 0x90, 0x26, 0x67, 0x86,
    0x1, 0x33, 0x33, 0x3b, 0xff, 0x43, 0x33, 0x33,
    0x7f, 0xff, 0xff, 0x6, 0xff, 0xff, 0xff, 0xff,
    0xff, 0xff, 0xfe, 0x7f, 0xff, 0xff, 0x5, 0xee,
    0xee, 0xee, 0xee, 0xee, 0xee, 0xed, 0x26, 0x6c,
    0xff, 0x0, 0x1, 0x22, 0x22, 0x22, 0x22, 0x32,
    0x10, 0x0, 0xa, 0xff, 0x0, 0xb, 0xff, 0xff,
    0xff, 0xff, 0xff, 0x90, 0x0, 0xa, 0xff, 0x0,
    0xb, 0xff, 0xdd, 0xdd, 0xdd, 0xff, 0x90, 0x0,
    0xa, 0xff, 0x0, 0xb, 0xfd, 0x0, 0x0, 0x0,
    0xff, 0x90, 0x0, 0xa, 0xff, 0x0, 0xb, 0xff,
    0xff, 0xff, 0xff, 0xff, 0x90, 0x0, 0xa, 0xff,
    0x8, 0xb, 0xff, 0xbb, 0xbb, 0xbb, 0xff, 0x90,
    0x0, 0xa, 0xff, 0xcf, 0x5b, 0xfd, 0x0, 0x0,
    0x0, 0xff, 0x90, 0x0, 0xa, 0xff, 0xff, 0x8b,
    0xff, 0xff, 0xff, 0xff, 0xff, 0x90, 0x0, 0xe,
    0xff, 0xf6, 0xb, 0xff, 0xcc, 0xcc, 0xcc, 0xff,
    0x90, 0x0, 0x8f, 0xfe, 0x30, 0xb, 0xfd, 0x0,
    0x5, 0x55, 0xff, 0x90, 0x0, 0x1f, 0xc1, 0x0,
    0xb, 0xfd, 0x0, 0xb, 0xff, 0xff, 0x70, 0x0,
    0x6, 0x0, 0x0, 0xb, 0xfd, 0x0, 0x6, 0xff,
    0xd9, 0x0,

    /* U+8D85 "超" */
    0x0, 0x0, 0x8, 0x84, 0x0, 0x0, 0x0, 0x0,
    0x0, 0x0, 0x0, 0x0, 0x0, 0x0, 0xff, 0x90,
    0x0, 0x6b, 0xbb, 0xbb, 0xbb, 0xcb, 0x60, 0x1,
    0x33, 0x3f, 0xfa, 0x33, 0x29, 0xff, 0xff, 0xff,
    0xff, 0xf9, 0x0, 0x7f, 0xff, 0xff, 0xff, 0xfd,
    0x59, 0xaf, 0xfc, 0x9a, 0xff, 0x80, 0x7, 0xff,
    0xff, 0xff, 0xff, 0xd0, 0x5, 0xff, 0x30, 0x2f,
    0xf7, 0x0, 0x13, 0x33, 0xff, 0xa3, 0x32, 0x0,
    0xbf, 0xe0, 0x4, 0xff, 0x60, 0x0, 0x0, 0xf,
    0xf9, 0x0, 0x0, 0x5f, 0xf8, 0x0, 0x7f, 0xf4,
    0x0, 0xbb, 0xbb, 0xff, 0xeb, 0xbb, 0x7f, 0xfd,
    0xd, 0xff, 0xff, 0x10, 0xf, 0xff, 0xff, 0xff,
    0xff, 0xfd, 0xfe, 0x20, 0x9f, 0xff, 0x70, 0x0,
    0xaa, 0xaa, 0xdf, 0xfa, 0xaa, 0x18, 0x20, 0x1,
    0x32, 0x0, 0x0, 0x0, 0x10, 0x8, 0xfe, 0x0,
    0x0, 0xff, 0xff, 0xff, 0xff, 0xf0, 0x0, 0x4f,
    0xf2, 0x8f, 0xe0, 0x0, 0xf, 0xff, 0xff, 0xff,
    0xff, 0x10, 0x4, 0xff, 0x18, 0xff, 0xdd, 0xd0,
    0xff, 0xb4, 0x44, 0xcf, 0xf1, 0x0, 0x5f, 0xf1,
    0x8f, 0xff, 0xff, 0xf, 0xf9, 0x0, 0xb, 0xff,
    0x10, 0x5, 0xff, 0x38, 0xff, 0x77, 0x70, 0xff,
    0x90, 0x0, 0xbf, 0xf1, 0x0, 0x6f, 0xfa, 0x8f,
    0xe0, 0x0, 0xf, 0xff, 0xff, 0xff, 0xff, 0x10,
    0x8, 0xff, 0xfc, 0xfe, 0x0, 0x0, 0xff, 0xff,
    0xff, 0xff, 0xf1, 0x0, 0xaf, 0xff, 0xff, 0xe0,
    0x0, 0x3, 0x33, 0x33, 0x33, 0x33, 0x0, 0xd,
    0xfd, 0xff, 0xff, 0x63, 0x10, 0x0, 0x0, 0x0,
    0x0, 0x0, 0x1, 0xff, 0x66, 0xff, 0xff, 0xff,
    0xff, 0xff, 0xff, 0xff, 0xff, 0xf3, 0x6f, 0xf2,
    0x3, 0xbf, 0xff, 0xff, 0xff, 0xff, 0xff, 0xff,
    0xfd, 0x1, 0x8d, 0x0, 0x0, 0x15, 0x78, 0x9a,
    0xaa, 0xaa, 0xaa, 0xaa, 0x50, 0x0, 0x0, 0x0,
    0x0, 0x0, 0x0, 0x0, 0x0, 0x0, 0x0, 0x0,
    0x0,

    /* U+8FC7 "过" */
    0x0, 0x0, 0x0, 0x0, 0x0, 0x0, 0x0, 0x0,
    0x46, 0x60, 0x0, 0x0, 0x1, 0xa2, 0x0, 0x0,
    0x0, 0x0, 0x0, 0xb, 0xff, 0x10, 0x0, 0x2,
    0xff, 0xe1, 0x0, 0x0, 0x0, 0x0, 0x0, 0xbf,
    0xf1, 0x0, 0x0, 0x9, 0xff, 0xd1, 0x0, 0x0,
    0x0, 0x0, 0xb, 0xff, 0x10, 0x0, 0x0, 0xb,
    0xff, 0xa2, 0x99, 0x99, 0x99, 0x99, 0xef, 0xfa,
    0x98, 0x0, 0x0, 0x1d, 0xf7, 0x4f, 0xff, 0xff,
    0xff, 0xff, 0xff, 0xff, 0xe0, 0x0, 0x0, 0x33,
    0x4, 0xff, 0xff, 0xff, 0xff, 0xff, 0xff, 0xfe,
    0x0, 0x0, 0x0, 0x0, 0x0, 0x0, 0x0, 0x0,
    0xb, 0xff, 0x10, 0x0, 0x0, 0x0, 0x0, 0x0,
    0x6, 0xd1, 0x0, 0x0, 0xbf, 0xf1, 0x0, 0x0,
    0xcf, 0xff, 0xf9, 0x5, 0xff, 0xc0, 0x0, 0xb,
    0xff, 0x10, 0x0, 0xc, 0xff, 0xff, 0x90, 0xa,
    0xff, 0x90, 0x0, 0xbf, 0xf1, 0x0, 0x0, 0x79,
    0x9f, 0xf9, 0x0, 0x1e, 0xff, 0x40, 0xb, 0xff,
    0x10, 0x0, 0x0, 0x2, 0xff, 0x90, 0x0, 0x4f,
    0xf8, 0x0, 0xbf, 0xf1, 0x0, 0x0, 0x0, 0x2f,
    0xf9, 0x0, 0x0, 0x83, 0x0, 0xb, 0xff, 0x10,
    0x0, 0x0, 0x2, 0xff, 0x90, 0x0, 0x0, 0x0,
    0x0, 0xcf, 0xf1, 0x0, 0x0, 0x0, 0x2f, 0xf9,
    0x0, 0x0, 0xb, 0xff, 0xff, 0xff, 0x0, 0x0,
    0x0, 0x6, 0xff, 0xa0, 0x0, 0x0, 0x5f, 0xff,
    0xff, 0x80, 0x0, 0x0, 0x1b, 0xff, 0xff, 0xa2,
    0x0, 0x1, 0xa9, 0x97, 0x30, 0x0, 0x0, 0x1d,
    0xff, 0xfe, 0xff, 0xfd, 0xa9, 0x87, 0x77, 0x89,
    0xab, 0xce, 0x40, 0xdf, 0xf2, 0x8, 0xff, 0xff,
    0xff, 0xff, 0xff, 0xff, 0xff, 0xe0, 0x3, 0xf5,
    0x0, 0x1, 0x8d, 0xff, 0xff, 0xff, 0xff, 0xff,
    0xfb, 0x0, 0x4, 0x0, 0x0, 0x0, 0x0, 0x23,
    0x44, 0x43, 0x32, 0x11, 0x0,

    /* U+95EA "闪" */
    0x0, 0x13, 0x0, 0x0, 0x0, 0x0, 0x0, 0x0,
    0x0, 0x0, 0x0, 0x5e, 0xf3, 0x0, 0x9a, 0xaa,
    0xaa, 0xaa, 0xaa, 0xbc, 0xa0, 0x4, 0xff, 0xe1,
    0xe, 0xff, 0xff, 0xff, 0xff, 0xff, 0xff, 0x0,
    0x7, 0xff, 0xd0, 0xef, 0xff, 0xff, 0xff, 0xff,
    0xff, 0xf0, 0x0, 0xa, 0xff, 0x90, 0x0, 0x0,
    0x0, 0x0, 0xb, 0xff, 0x4, 0x77, 0x1d, 0xb1,
    0x0, 0x77, 0x50, 0x0, 0x0, 0xbf, 0xf0, 0xaf,
    0xf1, 0x10, 0x0, 0xe, 0xfd, 0x0, 0x0, 0xb,
    0xff, 0xa, 0xff, 0x10, 0x0, 0x2, 0xff, 0x90,
    0x0, 0x0, 0xbf, 0xf0, 0xaf, 0xf1, 0x0, 0x0,
    0x7f, 0xf5, 0x0, 0x0, 0xb, 0xff, 0xa, 0xff,
    0x10, 0x0, 0xc, 0xff, 0x30, 0x0, 0x0, 0xbf,
    0xf0, 0xaf, 0xf1, 0x0, 0x3, 0xff, 0xfe, 0x10,
    0x0, 0xb, 0xff, 0xa, 0xff, 0x10, 0x0, 0xaf,
    0xff, 0xfd, 0x10, 0x0, 0xbf, 0xf0, 0xaf, 0xf1,
    0x0, 0x4f, 0xfd, 0xbf, 0xfd, 0x0, 0xb, 0xff,
    0xa, 0xff, 0x10, 0x1e, 0xff, 0x50, 0xcf, 0xfb,
    0x0, 0xbf, 0xf0, 0xaf, 0xf1, 0x1d, 0xff, 0xb0,
    0x1, 0xef, 0xf9, 0xb, 0xff, 0xa, 0xff, 0x2e,
    0xff, 0xe1, 0x0, 0x3, 0xff, 0xf2, 0xbf, 0xf0,
    0xaf, 0xf1, 0x9f, 0xe2, 0x0, 0x0, 0x7, 0xf9,
    0xb, 0xff, 0xa, 0xff, 0x10, 0xc2, 0x0, 0x0,
    0x0, 0x8, 0x0, 0xbf, 0xf0, 0xaf, 0xf1, 0x0,
    0x0, 0x0, 0x0, 0x0, 0x0, 0xb, 0xff, 0xa,
    0xff, 0x10, 0x0, 0x0, 0x0, 0x0, 0x7c, 0xcc,
    0xff, 0xf0, 0xaf, 0xf1, 0x0, 0x0, 0x0, 0x0,
    0x3, 0xff, 0xff, 0xfb, 0xa, 0xff, 0x10, 0x0,
    0x0, 0x0, 0x0, 0xe, 0xff, 0xd9, 0x10,

    /* U+9762 "面" */
    0x0, 0x0, 0x0, 0x0, 0x0, 0x0, 0x0, 0x0,
    0x0, 0x0, 0xd, 0xff, 0xff, 0xff, 0xff, 0xff,
    0xff, 0xff, 0xff, 0xff, 0xff, 0xdf, 0xff, 0xff,
    0xff, 0xff, 0xff, 0xff, 0xff, 0xff, 0xff, 0xf7,
    0x99, 0x99, 0x99, 0x99, 0xff, 0xd9, 0x99, 0x99,
    0x99, 0x98, 0x0, 0x0, 0x0, 0x0, 0x4f, 0xf7,
    0x0, 0x0, 0x0, 0x0, 0x0, 0x68, 0x88, 0x88,
    0x8b, 0xff, 0xa8, 0x88, 0x88, 0x88, 0x70, 0xc,
    0xff, 0xff, 0xff, 0xff, 0xff, 0xff, 0xff, 0xff,
    0xfe, 0x0, 0xcf, 0xff, 0xff, 0xff, 0xff, 0xff,
    0xff, 0xff, 0xff, 0xe0, 0xc, 0xfe, 0x0, 0x8f,
    0xe0, 0x0, 0xef, 0x90, 0xe, 0xfe, 0x0, 0xcf,
    0xe0, 0x8, 0xff, 0x33, 0x3f, 0xf9, 0x0, 0xef,
    0xe0, 0xc, 0xfe, 0x0, 0x8f, 0xff, 0xff, 0xff,
    0x90, 0xe, 0xfe, 0x0, 0xcf, 0xe0, 0x8, 0xff,
    0xff, 0xff, 0xf9, 0x0, 0xef, 0xe0, 0xc, 0xfe,
    0x0, 0x8f, 0xe0, 0x0, 0xef, 0x90, 0xe, 0xfe,
    0x0, 0xcf, 0xe0, 0x8, 0xff, 0x44, 0x4f, 0xf9,
    0x0, 0xef, 0xe0, 0xc, 0xfe, 0x0, 0x8f, 0xff,
    0xff, 0xff, 0x90, 0xe, 0xfe, 0x0, 0xcf, 0xe0,
    0x8, 0xff, 0xdd, 0xdf, 0xf9, 0x0, 0xef, 0xe0,
    0xc, 0xfe, 0x0, 0x8f, 0xe0, 0x0, 0xef, 0x90,
    0xe, 0xfe, 0x0, 0xcf, 0xfe, 0xef, 0xff, 0xee,
    0xef, 0xff, 0xee, 0xff, 0xe0, 0xc, 0xff, 0xff,
    0xff, 0xff, 0xff, 0xff, 0xff, 0xff, 0xfe, 0x0,
    0xcf, 0xfa, 0xaa, 0xaa, 0xaa, 0xaa, 0xaa, 0xaa,
    0xff, 0xe0, 0xc, 0xfe, 0x0, 0x0, 0x0, 0x0,
    0x0, 0x0, 0xe, 0xfe, 0x0,

    /* U+97F3 "音" */
    0x0, 0x0, 0x0, 0x0, 0x14, 0x75, 0x0, 0x0,
    0x0, 0x0, 0x0, 0x0, 0x0, 0x0, 0x3, 0xff,
    0xe0, 0x0, 0x0, 0x0, 0x0, 0x4, 0x77, 0x77,
    0x77, 0x7f, 0xff, 0xa7, 0x77, 0x77, 0x76, 0x0,
    0x8f, 0xff, 0xff, 0xff, 0xff, 0xff, 0xff, 0xff,
    0xff, 0xd0, 0x8, 0xff, 0xff, 0xff, 0xff, 0xff,
    0xff, 0xff, 0xff, 0xfc, 0x0, 0x0, 0x6, 0xdf,
    0x60, 0x0, 0x0, 0x3f, 0xfb, 0x0, 0x0, 0x0,
    0x0, 0x3f, 0xfd, 0x0, 0x0, 0x9, 0xff, 0x90,
    0x0, 0x5, 0x66, 0x66, 0xff, 0xf8, 0x66, 0x66,
    0xef, 0xf8, 0x66, 0x66, 0xcf, 0xff, 0xff, 0xff,
    0xff, 0xff, 0xff, 0xff, 0xff, 0xff, 0xec, 0xff,
    0xff, 0xff, 0xff, 0xff, 0xff, 0xff, 0xff, 0xff,
    0xfe, 0x0, 0x0, 0x0, 0x0, 0x0, 0x0, 0x0,
    0x0, 0x0, 0x0, 0x0, 0x0, 0x55, 0x55, 0x55,
    0x55, 0x55, 0x55, 0x55, 0x51, 0x0, 0x0, 0xf,
    0xff, 0xff, 0xff, 0xff, 0xff, 0xff, 0xff, 0x40,
    0x0, 0x0, 0xff, 0xff, 0xff, 0xff, 0xff, 0xff,
    0xff, 0xf4, 0x0, 0x0, 0xf, 0xfc, 0x0, 0x0,
    0x0, 0x0, 0xa, 0xff, 0x40, 0x0, 0x0, 0xff,
    0xff, 0xff, 0xff, 0xff, 0xff, 0xff, 0xf4, 0x0,
    0x0, 0xf, 0xff, 0xff, 0xff, 0xff, 0xff, 0xff,
    0xff, 0x40, 0x0, 0x0, 0xff, 0xd2, 0x22, 0x22,
    0x22, 0x22, 0xbf, 0xf4, 0x0, 0x0, 0xf, 0xfc,
    0x0, 0x0, 0x0, 0x0, 0xa, 0xff, 0x40, 0x0,
    0x0, 0xff, 0xff, 0xff, 0xff, 0xff, 0xff, 0xff,
    0xf4, 0x0, 0x0, 0xf, 0xff, 0xff, 0xff, 0xff,
    0xff, 0xff, 0xff, 0x40, 0x0, 0x0, 0xff, 0xd4,
    0x44, 0x44, 0x44, 0x44, 0xcf, 0xf4, 0x0, 0x0,
    0x0, 0x0, 0x0, 0x0, 0x0, 0x0, 0x0, 0x0,
    0x0, 0x0,

    /* U+FF0C "，" */
    0x0, 0x25, 0x20, 0x5, 0xff, 0xf5, 0xb, 0xff,
    0xfd, 0x9, 0xff, 0xff, 0x0, 0x9d, 0xff, 0x0,
    0x8, 0xfb, 0x0, 0x5f, 0xf4, 0x1c, 0xff, 0x80,
    0xe, 0xe6, 0x0, 0x2, 0x0, 0x0,

    /* U+FF1F "？" */
    0x0, 0x3, 0x79, 0x85, 0x0, 0x0, 0x2b, 0xff,
    0xff, 0xfe, 0x30, 0x2e, 0xff, 0xff, 0xff, 0xfe,
    0x10, 0xbf, 0xa4, 0x27, 0xff, 0xf6, 0x0, 0x50,
    0x0, 0xb, 0xff, 0x90, 0x0, 0x0, 0x0, 0xaf,
    0xf8, 0x0, 0x0, 0x0, 0x3f, 0xff, 0x30, 0x0,
    0x0, 0x2e, 0xff, 0x80, 0x0, 0x0, 0x2e, 0xff,
    0x80, 0x0, 0x0, 0xc, 0xff, 0x90, 0x0, 0x0,
    0x2, 0xff, 0xe0, 0x0, 0x0, 0x0, 0x3f, 0xfb,
    0x0, 0x0, 0x0, 0x0, 0x0, 0x0, 0x0, 0x0,
    0x0, 0x0, 0x0, 0x0, 0x0, 0x0, 0x1, 0xbd,
    0x60, 0x0, 0x0, 0x0, 0x9f, 0xff, 0x20, 0x0,
    0x0, 0xb, 0xff, 0xf4, 0x0, 0x0, 0x0, 0x4f,
    0xfc, 0x0, 0x0, 0x0, 0x0, 0x12, 0x0, 0x0,
    0x0
};


/*---------------------
 *  GLYPH DESCRIPTION
 *--------------------*/

static const lv_font_fmt_txt_glyph_dsc_t glyph_dsc[] = {
    {.bitmap_index = 0, .adv_w = 0, .box_w = 0, .box_h = 0, .ofs_x = 0, .ofs_y = 0} /* id = 0 reserved */,
    {.bitmap_index = 0, .adv_w = 84, .box_w = 0, .box_h = 0, .ofs_x = 0, .ofs_y = 0},
    {.bitmap_index = 0, .adv_w = 136, .box_w = 5, .box_h = 17, .ofs_x = 2, .ofs_y = 0},
    {.bitmap_index = 43, .adv_w = 211, .box_w = 10, .box_h = 9, .ofs_x = 2, .ofs_y = 9},
    {.bitmap_index = 88, .adv_w = 217, .box_w = 13, .box_h = 17, .ofs_x = 0, .ofs_y = 0},
    {.bitmap_index = 199, .adv_w = 217, .box_w = 11, .box_h = 23, .ofs_x = 1, .ofs_y = -3},
    {.bitmap_index = 326, .adv_w = 354, .box_w = 22, .box_h = 17, .ofs_x = 0, .ofs_y = 0},
    {.bitmap_index = 513, .adv_w = 272, .box_w = 17, .box_h = 17, .ofs_x = 0, .ofs_y = 0},
    {.bitmap_index = 658, .adv_w = 120, .box_w = 4, .box_h = 9, .ofs_x = 2, .ofs_y = 9},
    {.bitmap_index = 676, .adv_w = 139, .box_w = 7, .box_h = 24, .ofs_x = 1, .ofs_y = -5},
    {.bitmap_index = 760, .adv_w = 139, .box_w = 6, .box_h = 24, .ofs_x = 1, .ofs_y = -5},
    {.bitmap_index = 832, .adv_w = 187, .box_w = 10, .box_h = 9, .ofs_x = 1, .ofs_y = 9},
    {.bitmap_index = 877, .adv_w = 217, .box_w = 13, .box_h = 13, .ofs_x = 0, .ofs_y = 2},
    {.bitmap_index = 962, .adv_w = 120, .box_w = 6, .box_h = 9, .ofs_x = 1, .ofs_y = -5},
    {.bitmap_index = 989, .adv_w = 136, .box_w = 7, .box_h = 3, .ofs_x = 1, .ofs_y = 5},
    {.bitmap_index = 1000, .adv_w = 120, .box_w = 5, .box_h = 5, .ofs_x = 1, .ofs_y = 0},
    {.bitmap_index = 1013, .adv_w = 142, .box_w = 9, .box_h = 23, .ofs_x = 0, .ofs_y = -5},
    {.bitmap_index = 1117, .adv_w = 217, .box_w = 12, .box_h = 17, .ofs_x = 1, .ofs_y = 0},
    {.bitmap_index = 1219, .adv_w = 217, .box_w = 12, .box_h = 17, .ofs_x = 1, .ofs_y = 0},
    {.bitmap_index = 1321, .adv_w = 217, .box_w = 13, .box_h = 17, .ofs_x = 0, .ofs_y = 0},
    {.bitmap_index = 1432, .adv_w = 217, .box_w = 13, .box_h = 17, .ofs_x = 0, .ofs_y = 0},
    {.bitmap_index = 1543, .adv_w = 217, .box_w = 13, .box_h = 17, .ofs_x = 0, .ofs_y = 0},
    {.bitmap_index = 1654, .adv_w = 217, .box_w = 13, .box_h = 17, .ofs_x = 0, .ofs_y = 0},
    {.bitmap_index = 1765, .adv_w = 217, .box_w = 12, .box_h = 17, .ofs_x = 1, .ofs_y = 0},
    {.bitmap_index = 1867, .adv_w = 217, .box_w = 12, .box_h = 17, .ofs_x = 1, .ofs_y = 0},
    {.bitmap_index = 1969, .adv_w = 217, .box_w = 12, .box_h = 17, .ofs_x = 1, .ofs_y = 0},
    {.bitmap_index = 2071, .adv_w = 217, .box_w = 13, .box_h = 17, .ofs_x = 0, .ofs_y = 0},
    {.bitmap_index = 2182, .adv_w = 120, .box_w = 5, .box_h = 13, .ofs_x = 1, .ofs_y = 0},
    {.bitmap_index = 2215, .adv_w = 120, .box_w = 6, .box_h = 18, .ofs_x = 1, .ofs_y = -5},
    {.bitmap_index = 2269, .adv_w = 217, .box_w = 13, .box_h = 13, .ofs_x = 0, .ofs_y = 2},
    {.bitmap_index = 2354, .adv_w = 217, .box_w = 13, .box_h = 9, .ofs_x = 0, .ofs_y = 4},
    {.bitmap_index = 2413, .adv_w = 217, .box_w = 13, .box_h = 13, .ofs_x = 0, .ofs_y = 2},
    {.bitmap_index = 2498, .adv_w = 189, .box_w = 10, .box_h = 17, .ofs_x = 1, .ofs_y = 0},
    {.bitmap_index = 2583, .adv_w = 371, .box_w = 21, .box_h = 22, .ofs_x = 1, .ofs_y = -5},
    {.bitmap_index = 2814, .adv_w = 236, .box_w = 16, .box_h = 17, .ofs_x = -1, .ofs_y = 0},
    {.bitmap_index = 2950, .adv_w = 251, .box_w = 13, .box_h = 17, .ofs_x = 2, .ofs_y = 0},
    {.bitmap_index = 3061, .adv_w = 241, .box_w = 14, .box_h = 17, .ofs_x = 1, .ofs_y = 0},
    {.bitmap_index = 3180, .adv_w = 263, .box_w = 14, .box_h = 17, .ofs_x = 2, .ofs_y = 0},
    {.bitmap_index = 3299, .adv_w = 226, .box_w = 11, .box_h = 17, .ofs_x = 2, .ofs_y = 0},
    {.bitmap_index = 3393, .adv_w = 215, .box_w = 11, .box_h = 17, .ofs_x = 2, .ofs_y = 0},
    {.bitmap_index = 3487, .adv_w = 264, .box_w = 14, .box_h = 17, .ofs_x = 1, .ofs_y = 0},
    {.bitmap_index = 3606, .adv_w = 279, .box_w = 14, .box_h = 17, .ofs_x = 2, .ofs_y = 0},
    {.bitmap_index = 3725, .adv_w = 121, .box_w = 4, .box_h = 17, .ofs_x = 2, .ofs_y = 0},
    {.bitmap_index = 3759, .adv_w = 209, .box_w = 12, .box_h = 17, .ofs_x = 0, .ofs_y = 0},
    {.bitmap_index = 3861, .adv_w = 252, .box_w = 14, .box_h = 17, .ofs_x = 2, .ofs_y = 0},
    {.bitmap_index = 3980, .adv_w = 213, .box_w = 11, .box_h = 17, .ofs_x = 2, .ofs_y = 0},
    {.bitmap_index = 4074, .adv_w = 314, .box_w = 16, .box_h = 17, .ofs_x = 2, .ofs_y = 0},
    {.bitmap_index = 4210, .adv_w = 276, .box_w = 14, .box_h = 17, .ofs_x = 2, .ofs_y = 0},
    {.bitmap_index = 4329, .adv_w = 283, .box_w = 16, .box_h = 17, .ofs_x = 1, .ofs_y = 0},
    {.bitmap_index = 4465, .adv_w = 245, .box_w = 13, .box_h = 17, .ofs_x = 2, .ofs_y = 0},
    {.bitmap_index = 4576, .adv_w = 283, .box_w = 17, .box_h = 22, .ofs_x = 1, .ofs_y = -5},
    {.bitmap_index = 4763, .adv_w = 251, .box_w = 14, .box_h = 17, .ofs_x = 2, .ofs_y = 0},
    {.bitmap_index = 4882, .adv_w = 230, .box_w = 14, .box_h = 17, .ofs_x = 0, .ofs_y = 0},
    {.bitmap_index = 5001, .adv_w = 230, .box_w = 14, .box_h = 17, .ofs_x = 0, .ofs_y = 0},
    {.bitmap_index = 5120, .adv_w = 275, .box_w = 14, .box_h = 17, .ofs_x = 2, .ofs_y = 0},
    {.bitmap_index = 5239, .adv_w = 228, .box_w = 16, .box_h = 17, .ofs_x = -1, .ofs_y = 0},
    {.bitmap_index = 5375, .adv_w = 337, .box_w = 21, .box_h = 17, .ofs_x = 0, .ofs_y = 0},
    {.bitmap_index = 5554, .adv_w = 231, .box_w = 15, .box_h = 17, .ofs_x = 0, .ofs_y = 0},
    {.bitmap_index = 5682, .adv_w = 213, .box_w = 15, .box_h = 17, .ofs_x = -1, .ofs_y = 0},
    {.bitmap_index = 5810, .adv_w = 226, .box_w = 14, .box_h = 17, .ofs_x = 0, .ofs_y = 0},
    {.bitmap_index = 5929, .adv_w = 139, .box_w = 6, .box_h = 22, .ofs_x = 2, .ofs_y = -4},
    {.bitmap_index = 5995, .adv_w = 142, .box_w = 9, .box_h = 23, .ofs_x = 0, .ofs_y = -5},
    {.bitmap_index = 6099, .adv_w = 139, .box_w = 6, .box_h = 22, .ofs_x = 1, .ofs_y = -4},
    {.bitmap_index = 6165, .adv_w = 217, .box_w = 12, .box_h = 10, .ofs_x = 1, .ofs_y = 7},
    {.bitmap_index = 6225, .adv_w = 209, .box_w = 13, .box_h = 2, .ofs_x = 0, .ofs_y = -4},
    {.bitmap_index = 6238, .adv_w = 230, .box_w = 7, .box_h = 7, .ofs_x = 2, .ofs_y = 14},
    {.bitmap_index = 6263, .adv_w = 217, .box_w = 11, .box_h = 13, .ofs_x = 1, .ofs_y = 0},
    {.bitmap_index = 6335, .adv_w = 237, .box_w = 13, .box_h = 18, .ofs_x = 1, .ofs_y = 0},
    {.bitmap_index = 6452, .adv_w = 194, .box_w = 11, .box_h = 13, .ofs_x = 1, .ofs_y = 0},
    {.bitmap_index = 6524, .adv_w = 237, .box_w = 13, .box_h = 18, .ofs_x = 1, .ofs_y = 0},
    {.bitmap_index = 6641, .adv_w = 214, .box_w = 12, .box_h = 13, .ofs_x = 1, .ofs_y = 0},
    {.bitmap_index = 6719, .adv_w = 137, .box_w = 10, .box_h = 18, .ofs_x = 0, .ofs_y = 0},
    {.bitmap_index = 6809, .adv_w = 220, .box_w = 14, .box_h = 18, .ofs_x = 0, .ofs_y = -5},
    {.bitmap_index = 6935, .adv_w = 236, .box_w = 13, .box_h = 18, .ofs_x = 1, .ofs_y = 0},
    {.bitmap_index = 7052, .adv_w = 112, .box_w = 5, .box_h = 18, .ofs_x = 1, .ofs_y = 0},
    {.bitmap_index = 7097, .adv_w = 113, .box_w = 8, .box_h = 23, .ofs_x = -2, .ofs_y = -5},
    {.bitmap_index = 7189, .adv_w = 222, .box_w = 13, .box_h = 18, .ofs_x = 1, .ofs_y = 0},
    {.bitmap_index = 7306, .adv_w = 116, .box_w = 6, .box_h = 18, .ofs_x = 1, .ofs_y = 0},
    {.bitmap_index = 7360, .adv_w = 355, .box_w = 20, .box_h = 13, .ofs_x = 1, .ofs_y = 0},
    {.bitmap_index = 7490, .adv_w = 236, .box_w = 13, .box_h = 13, .ofs_x = 1, .ofs_y = 0},
    {.bitmap_index = 7575, .adv_w = 230, .box_w = 13, .box_h = 13, .ofs_x = 1, .ofs_y = 0},
    {.bitmap_index = 7660, .adv_w = 237, .box_w = 13, .box_h = 18, .ofs_x = 1, .ofs_y = -5},
    {.bitmap_index = 7777, .adv_w = 237, .box_w = 13, .box_h = 18, .ofs_x = 1, .ofs_y = -5},
    {.bitmap_index = 7894, .adv_w = 161, .box_w = 10, .box_h = 13, .ofs_x = 1, .ofs_y = 0},
    {.bitmap_index = 7959, .adv_w = 182, .box_w = 11, .box_h = 13, .ofs_x = 0, .ofs_y = 0},
    {.bitmap_index = 8031, .adv_w = 155, .box_w = 10, .box_h = 17, .ofs_x = 0, .ofs_y = 0},
    {.bitmap_index = 8116, .adv_w = 234, .box_w = 12, .box_h = 13, .ofs_x = 1, .ofs_y = 0},
    {.bitmap_index = 8194, .adv_w = 212, .box_w = 13, .box_h = 13, .ofs_x = 0, .ofs_y = 0},
    {.bitmap_index = 8279, .adv_w = 318, .box_w = 20, .box_h = 13, .ofs_x = 0, .ofs_y = 0},
    {.bitmap_index = 8409, .adv_w = 207, .box_w = 13, .box_h = 13, .ofs_x = 0, .ofs_y = 0},
    {.bitmap_index = 8494, .adv_w = 211, .box_w = 13, .box_h = 18, .ofs_x = 0, .ofs_y = -5},
    {.bitmap_index = 8611, .adv_w = 188, .box_w = 12, .box_h = 13, .ofs_x = 0, .ofs_y = 0},
    {.bitmap_index = 8689, .adv_w = 139, .box_w = 8, .box_h = 22, .ofs_x = 0, .ofs_y = -4},
    {.bitmap_index = 8777, .adv_w = 109, .box_w = 3, .box_h = 26, .ofs_x = 2, .ofs_y = -6},
    {.bitmap_index = 8816, .adv_w = 139, .box_w = 7, .box_h = 22, .ofs_x = 1, .ofs_y = -4},
    {.bitmap_index = 8893, .adv_w = 217, .box_w = 13, .box_h = 5, .ofs_x = 0, .ofs_y = 6},
    {.bitmap_index = 8926, .adv_w = 368, .box_w = 9, .box_h = 8, .ofs_x = 0, .ofs_y = -2},
    {.bitmap_index = 8962, .adv_w = 368, .box_w = 21, .box_h = 22, .ofs_x = 1, .ofs_y = -2},
    {.bitmap_index = 9193, .adv_w = 368, .box_w = 21, .box_h = 22, .ofs_x = 1, .ofs_y = -2},
    {.bitmap_index = 9424, .adv_w = 368, .box_w = 21, .box_h = 23, .ofs_x = 1, .ofs_y = -3},
    {.bitmap_index = 9666, .adv_w = 368, .box_w = 21, .box_h = 21, .ofs_x = 1, .ofs_y = -2},
    {.bitmap_index = 9887, .adv_w = 368, .box_w = 23, .box_h = 22, .ofs_x = 0, .ofs_y = -3},
    {.bitmap_index = 10140, .adv_w = 368, .box_w = 23, .box_h = 22, .ofs_x = 0, .ofs_y = -2},
    {.bitmap_index = 10393, .adv_w = 368, .box_w = 22, .box_h = 21, .ofs_x = 0, .ofs_y = -3},
    {.bitmap_index = 10624, .adv_w = 368, .box_w = 23, .box_h = 22, .ofs_x = 0, .ofs_y = -3},
    {.bitmap_index = 10877, .adv_w = 368, .box_w = 22, .box_h = 23, .ofs_x = 1, .ofs_y = -3},
    {.bitmap_index = 11130, .adv_w = 368, .box_w = 23, .box_h = 23, .ofs_x = 0, .ofs_y = -3},
    {.bitmap_index = 11395, .adv_w = 368, .box_w = 23, .box_h = 23, .ofs_x = 0, .ofs_y = -3},
    {.bitmap_index = 11660, .adv_w = 368, .box_w = 23, .box_h = 23, .ofs_x = 0, .ofs_y = -3},
    {.bitmap_index = 11925, .adv_w = 368, .box_w = 23, .box_h = 22, .ofs_x = 0, .ofs_y = -2},
    {.bitmap_index = 12178, .adv_w = 368, .box_w = 23, .box_h = 23, .ofs_x = 0, .ofs_y = -3},
    {.bitmap_index = 12443, .adv_w = 368, .box_w = 23, .box_h = 23, .ofs_x = 0, .ofs_y = -3},
    {.bitmap_index = 12708, .adv_w = 368, .box_w = 23, .box_h = 23, .ofs_x = 0, .ofs_y = -3},
    {.bitmap_index = 12973, .adv_w = 368, .box_w = 23, .box_h = 22, .ofs_x = 0, .ofs_y = -2},
    {.bitmap_index = 13226, .adv_w = 368, .box_w = 23, .box_h = 22, .ofs_x = 0, .ofs_y = -3},
    {.bitmap_index = 13479, .adv_w = 368, .box_w = 23, .box_h = 22, .ofs_x = 0, .ofs_y = -3},
    {.bitmap_index = 13732, .adv_w = 368, .box_w = 22, .box_h = 23, .ofs_x = 1, .ofs_y = -3},
    {.bitmap_index = 13985, .adv_w = 368, .box_w = 23, .box_h = 22, .ofs_x = 0, .ofs_y = -2},
    {.bitmap_index = 14238, .adv_w = 368, .box_w = 23, .box_h = 23, .ofs_x = 0, .ofs_y = -3},
    {.bitmap_index = 14503, .adv_w = 368, .box_w = 23, .box_h = 22, .ofs_x = 0, .ofs_y = -2},
    {.bitmap_index = 14756, .adv_w = 368, .box_w = 22, .box_h = 22, .ofs_x = 0, .ofs_y = -2},
    {.bitmap_index = 14998, .adv_w = 368, .box_w = 23, .box_h = 22, .ofs_x = 0, .ofs_y = -2},
    {.bitmap_index = 15251, .adv_w = 368, .box_w = 22, .box_h = 23, .ofs_x = 0, .ofs_y = -3},
    {.bitmap_index = 15504, .adv_w = 368, .box_w = 23, .box_h = 23, .ofs_x = 0, .ofs_y = -3},
    {.bitmap_index = 15769, .adv_w = 368, .box_w = 23, .box_h = 22, .ofs_x = 0, .ofs_y = -2},
    {.bitmap_index = 16022, .adv_w = 368, .box_w = 21, .box_h = 21, .ofs_x = 1, .ofs_y = -2},
    {.bitmap_index = 16243, .adv_w = 368, .box_w = 21, .box_h = 23, .ofs_x = 1, .ofs_y = -3},
    {.bitmap_index = 16485, .adv_w = 368, .box_w = 17, .box_h = 21, .ofs_x = 3, .ofs_y = -2},
    {.bitmap_index = 16664, .adv_w = 368, .box_w = 22, .box_h = 22, .ofs_x = 0, .ofs_y = -3},
    {.bitmap_index = 16906, .adv_w = 368, .box_w = 23, .box_h = 23, .ofs_x = 0, .ofs_y = -3},
    {.bitmap_index = 17171, .adv_w = 368, .box_w = 17, .box_h = 23, .ofs_x = 3, .ofs_y = -3},
    {.bitmap_index = 17367, .adv_w = 368, .box_w = 22, .box_h = 22, .ofs_x = 0, .ofs_y = -2},
    {.bitmap_index = 17609, .adv_w = 368, .box_w = 23, .box_h = 23, .ofs_x = 0, .ofs_y = -3},
    {.bitmap_index = 17874, .adv_w = 368, .box_w = 23, .box_h = 22, .ofs_x = 0, .ofs_y = -2},
    {.bitmap_index = 18127, .adv_w = 368, .box_w = 21, .box_h = 22, .ofs_x = 1, .ofs_y = -2},
    {.bitmap_index = 18358, .adv_w = 368, .box_w = 21, .box_h = 21, .ofs_x = 1, .ofs_y = -2},
    {.bitmap_index = 18579, .adv_w = 368, .box_w = 21, .box_h = 23, .ofs_x = 1, .ofs_y = -3},
    {.bitmap_index = 18821, .adv_w = 368, .box_w = 6, .box_h = 10, .ofs_x = 3, .ofs_y = -4},
    {.bitmap_index = 18851, .adv_w = 368, .box_w = 11, .box_h = 19, .ofs_x = 0, .ofs_y = -1}
};

/*---------------------
 *  CHARACTER MAPPING
 *--------------------*/

static const uint16_t unicode_list_1[] = {
    0x0, 0x21fa, 0x222f, 0x22a7, 0x2372, 0x23d5, 0x23d6, 0x23ee,
    0x2425, 0x242b, 0x2756, 0x2b8b, 0x2f84, 0x311e, 0x320f, 0x332e,
    0x33cf, 0x3573, 0x35df, 0x362e, 0x366f, 0x37e4, 0x3806, 0x38bf,
    0x3d87, 0x3e04, 0x3ed0, 0x40b8, 0x40c0, 0x453a, 0x4683, 0x46ed,
    0x4939, 0x4b48, 0x51e9, 0x5bf6, 0x5d84, 0x5fc6, 0x65e9, 0x6761,
    0x67f2, 0xcf0b, 0xcf1e
};

/*Collect the unicode lists and glyph_id offsets*/
static const lv_font_fmt_txt_cmap_t cmaps[] =
{
    {
        .range_start = 32, .range_length = 95, .glyph_id_start = 1,
        .unicode_list = NULL, .glyph_id_ofs_list = NULL, .list_length = 0, .type = LV_FONT_FMT_TXT_CMAP_FORMAT0_TINY
    },
    {
        .range_start = 12289, .range_length = 53023, .glyph_id_start = 96,
        .unicode_list = unicode_list_1, .glyph_id_ofs_list = NULL, .list_length = 43, .type = LV_FONT_FMT_TXT_CMAP_SPARSE_TINY
    }
};

/*-----------------
 *    KERNING
 *----------------*/


/*Map glyph_ids to kern left classes*/
static const uint8_t kern_left_class_mapping[] =
{
    0, 0, 0, 1, 0, 0, 0, 0,
    1, 2, 0, 0, 0, 3, 4, 3,
    5, 0, 0, 0, 0, 0, 0, 0,
    0, 0, 0, 6, 6, 0, 0, 0,
    0, 0, 7, 8, 9, 10, 11, 12,
    13, 0, 0, 14, 15, 16, 0, 0,
    10, 17, 10, 18, 19, 20, 21, 22,
    23, 24, 25, 26, 2, 27, 0, 0,
    0, 0, 28, 29, 30, 0, 31, 32,
    33, 34, 0, 0, 35, 36, 34, 34,
    29, 29, 37, 38, 39, 40, 37, 41,
    42, 43, 44, 45, 2, 0, 0, 0,
    0, 0, 0, 0, 0, 0, 0, 0,
    0, 0, 0, 0, 0, 0, 0, 0,
    0, 0, 0, 0, 0, 0, 0, 0,
    0, 0, 0, 0, 0, 0, 0, 0,
    0, 0, 0, 0, 0, 0, 0, 0,
    0, 0, 0
};

/*Map glyph_ids to kern right classes*/
static const uint8_t kern_right_class_mapping[] =
{
    0, 0, 1, 2, 0, 0, 0, 0,
    2, 0, 3, 4, 0, 5, 6, 7,
    8, 0, 0, 0, 0, 0, 0, 0,
    0, 0, 0, 9, 10, 0, 0, 0,
    11, 0, 12, 0, 13, 0, 0, 0,
    13, 0, 0, 14, 0, 0, 0, 0,
    13, 0, 13, 0, 15, 16, 17, 18,
    19, 20, 21, 22, 0, 23, 3, 0,
    0, 0, 24, 0, 25, 25, 25, 26,
    27, 0, 28, 29, 0, 0, 30, 30,
    25, 30, 25, 30, 31, 32, 33, 34,
    35, 36, 37, 38, 0, 0, 3, 0,
    0, 0, 0, 0, 0, 0, 0, 0,
    0, 0, 0, 0, 0, 0, 0, 0,
    0, 0, 0, 0, 0, 0, 0, 0,
    0, 0, 0, 0, 0, 0, 0, 0,
    0, 0, 0, 0, 0, 0, 0, 0,
    0, 0, 0
};

/*Kern values between classes*/
static const int8_t kern_class_values[] =
{
    0, 0, 0, 0, -55, 0, -55, 0,
    0, 0, 0, -30, 0, -47, -6, 0,
    0, 0, 0, -6, 0, 0, 0, 0,
    -11, 0, 0, 0, 0, 0, -10, 0,
    0, 0, 0, 0, 0, 0, 0, 0,
    0, 0, 0, 0, 0, 0, 0, 0,
    0, 0, 0, -10, 0, 0, 0, 0,
    0, 0, 0, 0, 0, 0, 0, 0,
    0, 0, 31, 0, 0, 0, 0, 0,
    0, 0, 0, 0, 0, -50, 0, -68,
    0, 0, 0, 0, 0, 0, 0, 0,
    0, 0, 0, -43, -13, -32, -17, 0,
    -46, 0, 0, 0, -7, 0, 0, 0,
    12, 0, 0, -26, 0, -24, -15, 0,
    -10, 0, 0, 0, 0, 0, 0, 0,
    0, 0, 0, 0, 0, 0, 0, -10,
    -12, -25, 0, -10, -6, -16, -33, -10,
    0, 0, 0, 0, 0, 0, 0, 0,
    0, -11, 0, -8, 0, -9, 0, 0,
    0, 0, 0, 0, 0, 0, 0, 0,
    0, 0, 0, -19, -6, -36, 0, 0,
    0, 0, 0, 0, 0, 0, 0, -13,
    -11, 0, -6, 3, 3, 0, 0, -3,
    -10, 0, 0, 0, 0, 0, 0, 0,
    0, -17, 0, 0, 0, 0, 0, 0,
    0, 0, 0, 0, 0, 0, 0, 0,
    0, 0, -16, 0, 0, 0, 0, 0,
    0, 0, 0, 0, 0, 0, 0, 0,
    0, 0, 0, 0, 0, -30, 0, -38,
    0, 0, 0, 0, 0, 0, -16, -3,
    -6, 0, 0, -30, -8, -9, 0, -4,
    -9, -3, -19, 5, 0, -6, 0, 0,
    0, 0, 5, -9, -3, -8, -5, -5,
    -8, 0, 0, 0, 0, -15, 0, 0,
    0, 0, 0, 0, 0, 0, 0, -10,
    -9, -13, 0, -7, -5, -5, -9, -5,
    0, 0, 0, 0, 0, 0, 0, 0,
    0, -6, 0, -9, -6, -6, -9, 0,
    0, 0, 0, 0, 0, -16, 0, 0,
    0, 0, 0, 0, -16, -6, -13, -8,
    -9, -5, -5, -5, -8, -6, 0, 0,
    0, 0, -10, 0, 0, 0, 0, -16,
    -6, -9, -6, 0, -9, 0, 0, 0,
    0, -13, 0, 0, 0, -8, 0, 0,
    0, -6, 0, -23, 0, -13, 0, -6,
    -3, -12, -10, -10, 0, 0, 0, 0,
    0, 0, 0, 0, 0, 0, 0, 0,
    0, -9, 0, -8, 0, 0, 0, 0,
    0, 0, 0, 0, 0, 0, 0, 0,
    0, 0, 0, 0, 0, 0, 0, 0,
    0, 0, 0, 0, -6, 0, 0, 0,
    0, 0, 0, -13, 0, -6, 0, -19,
    -6, 0, 0, 0, 0, 0, -38, 0,
    -38, -25, 0, 0, 0, -18, -6, -59,
    -13, 0, 0, -4, -4, -13, -6, -15,
    0, -17, -9, 0, -13, 0, 0, -10,
    -13, -6, -10, -15, -12, -16, -12, -21,
    0, 0, 0, -12, 0, 0, 0, 0,
    0, 0, 0, -5, 0, 0, 0, -10,
    0, -9, -5, 0, 0, 0, 0, 0,
    0, 0, 0, 0, 0, 0, 0, 0,
    0, 0, 0, 0, 0, 0, 0, 0,
    0, 0, -13, 0, -13, 0, 0, 0,
    0, 0, 0, -19, 0, 0, 0, 0,
    0, 0, 0, 0, 0, 0, 0, 0,
    0, 0, 0, 0, 0, 0, 0, 0,
    0, 0, 0, 0, 0, -15, 0, -19,
    0, -21, 0, 0, 0, 0, -8, -6,
    -13, 0, -9, -12, -9, -9, -6, 0,
    -12, 0, 0, 0, -8, 0, 0, 0,
    -6, 0, 0, -21, -7, -15, -12, -12,
    -15, -9, 0, -53, 0, -71, 0, -22,
    0, 0, 0, 0, -21, -4, -16, 0,
    -13, -52, -16, -35, -26, 0, -37, 0,
    -36, 0, -7, -9, -5, 0, 0, 0,
    0, -13, -6, -22, -17, 0, -22, 0,
    0, 0, 0, 0, -54, -13, -54, -28,
    0, 0, 0, -23, 0, -62, -6, -9,
    0, 0, 0, -13, -6, -29, 0, -17,
    -11, 0, -11, 0, 0, 0, -6, 0,
    0, 0, 0, -9, 0, -10, 0, 0,
    0, -6, 0, -13, 0, 0, 0, 0,
    0, -5, 0, -8, -8, -9, 0, -5,
    -1, -5, -7, -6, 0, -5, -6, 0,
    -5, 0, 0, 0, 0, 0, 0, 0,
    0, -8, 0, -8, 0, 0, 0, -7,
    0, 5, 0, 0, 0, 0, 0, 0,
    0, -9, -9, -10, 0, 0, 0, 0,
    -9, 0, 0, 0, 0, 0, 0, 0,
    0, 0, 0, -13, 0, 0, 0, 0,
    0, -7, 0, 0, 0, 0, -49, -29,
    -49, -34, -10, -10, 0, -19, -13, -54,
    -15, 0, 0, 0, 0, -10, -9, -22,
    0, -29, -33, -8, -29, 0, 0, -20,
    -27, -8, -20, -13, -13, -15, -13, -30,
    0, 0, 0, 0, -12, 0, -12, -11,
    0, 0, 0, -7, 0, -25, -6, 0,
    0, -5, 0, -6, -9, 0, 0, -5,
    0, 0, -6, 0, 0, 0, -5, 0,
    0, 0, 0, -8, 0, 0, 0, 0,
    0, 0, -32, -10, -32, -16, 0, 0,
    0, -9, -6, -29, -6, 0, -6, 2,
    0, 0, 0, -10, 0, -15, -9, 0,
    -11, 0, 0, -10, -9, 0, -15, -6,
    -6, -9, -6, -12, 0, 0, 0, 0,
    -17, -6, -17, -8, 0, 0, 0, 0,
    -3, -25, -3, 0, 0, 0, 0, 0,
    0, -3, 0, -7, 0, 0, -5, 0,
    0, 0, 0, 0, 0, 0, 0, 0,
    0, -6, 0, -6, 0, -6, 0, -16,
    0, 0, 0, 0, 0, -4, -12, -7,
    -9, -10, -6, 0, 0, 0, 0, 0,
    0, -6, -8, -12, 0, 0, 0, 0,
    0, -12, -6, -12, -9, -6, -12, -9,
    0, 0, 0, 0, -46, -33, -46, -25,
    -16, -16, -8, -9, -9, -44, -10, -9,
    -6, 0, 0, 0, 0, -11, 0, -33,
    -24, 0, -27, 0, 0, -19, -24, -21,
    -17, -9, -13, -17, -9, -25, 0, 0,
    0, 0, 0, -13, 0, 0, 0, 0,
    0, -3, -10, -13, -15, 0, -6, -3,
    -3, 0, -9, -7, 0, -7, -8, -10,
    -7, 0, 0, 0, 0, -9, -9, -7,
    -7, -13, -7, 0, 0, 0, 0, 0,
    0, 0, 0, 0, 0, 0, 0, 0,
    0, 0, 0, -33, -11, -21, -11, 0,
    -29, 0, 0, 0, 0, 0, 9, 0,
    25, 0, 0, 0, 0, -10, -6, 0,
    1, 0, 0, 0, 0, -22, 0, 0,
    0, 0, 0, 0, -13, 0, 0, 0,
    0, -13, 0, -12, -5, 0, -13, 0,
    0, 0, 0, 0, 0, 0, 0, 0,
    0, -9, 0, 0, 0, 0, 0, 0,
    0, -11, 0, -8, -6, -1, -6, 0,
    0, 0, -13, 0, 0, 0, 0, -26,
    0, -10, 0, -5, -24, 0, -16, -7,
    0, -4, 0, 0, 0, 0, -4, -12,
    0, -5, -5, -12, -5, -7, 0, 0,
    0, 0, 0, -15, 0, 0, 0, 0,
    0, 0, 0, 0, 0, -10, 0, -9,
    0, 0, -13, 0, 0, -6, -13, 0,
    -6, 0, 0, 0, 0, -6, 0, -1,
    -1, -3, -1, 0, 0, 0, 0, -13,
    0, 2, 0, 0, 0, 0, -8, 0,
    0, -10, -10, -13, 0, -12, -6, 0,
    -16, 0, -15, -7, 0, -4, -6, 0,
    0, 0, 0, -6, 0, -3, -3, -8,
    -3, -4, 1, 14, 14, 0, -27, -9,
    -27, -5, 0, 0, 8, 0, 0, 0,
    0, 16, 0, 24, 16, 9, 18, 0,
    15, -10, -6, 0, -7, 0, -6, 0,
    -5, 0, 0, 1, 0, -5, 0, -9,
    0, 0, 1, -13, 0, 0, 0, 12,
    0, 0, -20, 0, 0, 0, 0, -16,
    0, 0, 0, 0, -9, 0, 0, -10,
    -9, 0, 0, 0, 16, 0, 0, 0,
    0, -5, -5, 0, 1, -9, 0, 0,
    0, -13, 0, 0, 0, 0, 0, 0,
    -8, 0, 0, 0, 0, -13, 0, -6,
    0, 0, -12, 0, 0, 0, 0, 0,
    0, 0, 0, 0, 0, 0, 0, 0,
    0, 0, 0, 0, 0, 0, 0, -11,
    1, -31, 1, 0, 1, 1, -13, 0,
    0, 0, 0, -22, 0, 0, 0, 0,
    -8, 0, 0, -6, -13, 0, -6, 0,
    -6, 0, 0, -15, -9, 0, 0, -8,
    0, -8, 0, 0, 0, 0, 0, 0,
    0, 0, 0, 0, 0, 0, 0, 0,
    0, 0, 0, 0, 0, 0, 0, 0,
    0, 0, 0, 0, 0, 0, 2, 0,
    0, 0, 0, 0, 0, 0, 0, 0,
    0, 0, 0, -9, 0, 0, 0, 0,
    0, 0, 0, 0, 0, 0, 0, -10,
    0, -9, 0, 0, -15, 0, 0, 0,
    0, 0, 0, 0, 0, 0, 0, 0,
    0, 0, 0, 0, 0, 0, 0, 0,
    0, 0, -34, -13, -34, -13, 3, 3,
    0, -9, 0, -30, 0, 0, 0, 0,
    0, 0, 0, -6, 1, -13, -6, 0,
    -6, 0, 0, 0, -5, 0, 0, 3,
    2, 0, 3, -5, 0, 0, 0, -17,
    0, 2, 0, 0, 0, 0, -11, 0,
    0, 0, 0, -13, 0, -6, 0, 0,
    -10, 0, 0, 0, 0, 0, 0, 0,
    0, 0, 0, -10, 0, 0, 0, 0,
    0, 0, 0, 0, 0, 0, -5, -16,
    -5, -3, 1, 1, -16, 0, 0, 0,
    0, -9, 0, 0, 0, 0, -5, 0,
    0, -11, -9, 0, -6, 0, 0, 0,
    -6, -10, 0, 0, 0, -7, 0, 0,
    0, 0, 0, -7, -24, -8, -24, -10,
    0, 0, 0, -7, 0, -19, 0, -10,
    0, -6, 0, 0, -9, -6, 0, -10,
    -5, 0, 0, 0, -6, 0, 0, 0,
    0, 0, 0, 0, 0, -13, 0, 0,
    0, -7, -30, 0, -30, -3, 0, 0,
    0, -5, 0, -15, 0, -13, 0, -6,
    0, -9, -13, 0, 0, -6, -5, 0,
    0, 0, -6, 0, 0, 0, 0, 0,
    0, 0, 0, -12, -9, 0, 0, -11,
    4, -9, -8, 0, 0, 4, 0, 0,
    -6, 0, -5, -13, 0, -9, 0, -6,
    -17, 0, 0, -6, -12, 0, 0, 0,
    0, 0, 0, -13, 0, 0, 0, 0,
    -7, 0, 0, 0, 0, 0, -24, 0,
    -24, -5, 0, 0, 0, 0, 0, -19,
    0, -10, 0, -5, 0, -5, -8, 0,
    0, -10, -5, 0, 0, 0, -6, 0,
    0, 0, 0, 0, 0, -9, 0, -13,
    0, 0, 0, 0, 0, -12, 0, 0,
    0, 0, 0, 0, 0, 0, 0, -11,
    0, 0, 0, 0, -11, 0, 0, -9,
    -6, 0, -3, 0, 0, 0, 0, 0,
    -6, -5, 0, 0, -5, 0
};


/*Collect the kern class' data in one place*/
static const lv_font_fmt_txt_kern_classes_t kern_classes =
{
    .class_pair_values   = kern_class_values,
    .left_class_mapping  = kern_left_class_mapping,
    .right_class_mapping = kern_right_class_mapping,
    .left_class_cnt      = 45,
    .right_class_cnt     = 38,
};

/*--------------------
 *  ALL CUSTOM DATA
 *--------------------*/

#if LVGL_VERSION_MAJOR == 8
/*Store all the custom data of the font*/
static  lv_font_fmt_txt_glyph_cache_t cache;
#endif

#if LVGL_VERSION_MAJOR >= 8
static const lv_font_fmt_txt_dsc_t font_dsc = {
#else
static lv_font_fmt_txt_dsc_t font_dsc = {
#endif
    .glyph_bitmap = glyph_bitmap,
    .glyph_dsc = glyph_dsc,
    .cmaps = cmaps,
    .kern_dsc = &kern_classes,
    .kern_scale = 16,
    .cmap_num = 2,
    .bpp = 4,
    .kern_classes = 1,
    .bitmap_format = 0,
#if LVGL_VERSION_MAJOR == 8
    .cache = &cache
#endif
};



/*-----------------
 *  PUBLIC FONT
 *----------------*/

/*Initialize a public general font descriptor*/
#if LVGL_VERSION_MAJOR >= 8
const lv_font_t ui_font_ns700_23 = {
#else
lv_font_t ui_font_ns700_23 = {
#endif
    .get_glyph_dsc = lv_font_get_glyph_dsc_fmt_txt,    /*Function pointer to get glyph's data*/
    .get_glyph_bitmap = lv_font_get_bitmap_fmt_txt,    /*Function pointer to get glyph's bitmap*/
    .line_height = 27,          /*The maximum line height required by the font*/
    .base_line = 6,             /*Baseline measured from the bottom of the line*/
#if !(LVGL_VERSION_MAJOR == 6 && LVGL_VERSION_MINOR == 0)
    .subpx = LV_FONT_SUBPX_NONE,
#endif
#if LV_VERSION_CHECK(7, 4, 0) || LVGL_VERSION_MAJOR >= 8
    .underline_position = -3,
    .underline_thickness = 1,
#endif
    .dsc = &font_dsc,          /*The custom font data. Will be accessed by `get_glyph_bitmap/dsc` */
#if LV_VERSION_CHECK(8, 2, 0) || LVGL_VERSION_MAJOR >= 9
    .fallback = NULL,
#endif
    .user_data = NULL,
};



#endif /*#if UI_FONT_NS700_23*/

