/*******************************************************************************
 * Size: 22 px
 * Bpp: 4
 * Opts: --font /Users/hongchenke/Documents/Github/Electronic_Wooden_Fish/Embedded/lvgl-design/squareline_studio/assets/Fonts/NotoSansSC-700.ttf --size 22 --format lvgl --bpp 4 --no-compress --lv-include lvgl.h -o Embedded/components/ui/generated/fonts/ui_font_ns700_22.c --symbols  !"#$%&'()*+,-./0123456789:;<=>?@ABCDEFGHIJKLMNOPQRSTUVWXYZ[\]^_`abcdefghijklmnopqrstuvwxyz{|}~·。一三上不世中乃五亦亮今从以低佛依倒僧关净减出击切利动即厄受同启味咒在垢埵增声复多大失头如始婆子字完实尽屏已幕度开异待得心怖恐想意成所提揭故敲文无日时明是智曰有木未本校梦槃次步死法波涅深灭照熄版生电界皆相真眼知碍神离秒究空立竟第等累经统罗罣置老耨耳能自至舌舍般色若苦菩萨蕴藐虚蜜行见观触计设诃识说诵诸读谛败身轮进远退道量闭阿除障集音颠香高鱼鼻，：
 ******************************************************************************/

#ifdef LV_LVGL_H_INCLUDE_SIMPLE
#include "lvgl.h"
#else
#include "lvgl.h"
#endif

#ifndef UI_FONT_NS700_22
#define UI_FONT_NS700_22 1
#endif

#if UI_FONT_NS700_22

/*-----------------
 *    BITMAPS
 *----------------*/

/*Store the image of the glyphs*/
static LV_ATTRIBUTE_LARGE_CONST const uint8_t glyph_bitmap[] = {
    /* U+0020 " " */

    /* U+0021 "!" */
    0x8f, 0xfb, 0x8, 0xff, 0xa0, 0x7f, 0xf9, 0x6,
    0xff, 0x90, 0x6f, 0xf8, 0x5, 0xff, 0x70, 0x4f,
    0xf6, 0x3, 0xff, 0x50, 0x2f, 0xf4, 0x1, 0xff,
    0x30, 0xf, 0xf2, 0x0, 0x88, 0x10, 0x3, 0x40,
    0x8, 0xff, 0xa0, 0xef, 0xff, 0xd, 0xff, 0xf0,
    0x4e, 0xe5, 0x0,

    /* U+0022 "\"" */
    0x1f, 0xff, 0x30, 0x9f, 0xfb, 0xf, 0xff, 0x20,
    0x8f, 0xfa, 0xf, 0xff, 0x20, 0x7f, 0xfa, 0xe,
    0xff, 0x10, 0x6f, 0xf9, 0xc, 0xfe, 0x0, 0x4f,
    0xf6, 0xa, 0xfc, 0x0, 0x2f, 0xf4, 0x8, 0xfa,
    0x0, 0xf, 0xf2, 0x6, 0xf8, 0x0, 0xe, 0xf0,
    0x0, 0x0, 0x0, 0x0, 0x0,

    /* U+0023 "#" */
    0x0, 0x0, 0xef, 0x0, 0x3f, 0xb0, 0x0, 0x0,
    0xf, 0xd0, 0x5, 0xf9, 0x0, 0x0, 0x2, 0xfb,
    0x0, 0x7f, 0x70, 0x0, 0x0, 0x5f, 0x90, 0x9,
    0xf5, 0x0, 0xa, 0xff, 0xff, 0xff, 0xff, 0xff,
    0x30, 0xaf, 0xff, 0xff, 0xff, 0xff, 0xf3, 0x1,
    0x2b, 0xf5, 0x22, 0xff, 0x22, 0x0, 0x0, 0xcf,
    0x20, 0x1f, 0xd0, 0x0, 0x0, 0xe, 0xf0, 0x3,
    0xfb, 0x0, 0x0, 0x22, 0xff, 0x22, 0x6f, 0xb2,
    0x20, 0x2f, 0xff, 0xff, 0xff, 0xff, 0xfb, 0x2,
    0xff, 0xff, 0xff, 0xff, 0xff, 0xb0, 0x0, 0x5f,
    0x90, 0xa, 0xf4, 0x0, 0x0, 0x6, 0xf7, 0x0,
    0xbf, 0x20, 0x0, 0x0, 0x8f, 0x60, 0xd, 0xf1,
    0x0, 0x0, 0xa, 0xf4, 0x0, 0xff, 0x0, 0x0,
    0x0, 0xcf, 0x20, 0x1f, 0xd0, 0x0, 0x0,

    /* U+0024 "$" */
    0x0, 0x0, 0x48, 0x40, 0x0, 0x0, 0x0, 0x9,
    0xf9, 0x0, 0x0, 0x0, 0x0, 0x9f, 0x90, 0x0,
    0x0, 0x1, 0x9f, 0xff, 0xb4, 0x0, 0x3, 0xef,
    0xff, 0xff, 0xf9, 0x0, 0xdf, 0xff, 0xcc, 0xff,
    0xd0, 0x2f, 0xff, 0x20, 0x2, 0xc2, 0x4, 0xff,
    0xc0, 0x0, 0x0, 0x0, 0x3f, 0xff, 0x20, 0x0,
    0x0, 0x0, 0xef, 0xfe, 0x50, 0x0, 0x0, 0x4,
    0xff, 0xff, 0xd5, 0x0, 0x0, 0x3, 0xdf, 0xff,
    0xfb, 0x0, 0x0, 0x0, 0x6e, 0xff, 0xfb, 0x0,
    0x0, 0x0, 0xa, 0xff, 0xf3, 0x0, 0x0, 0x0,
    0xd, 0xff, 0x60, 0x10, 0x0, 0x0, 0xaf, 0xf7,
    0x1e, 0x81, 0x0, 0x1e, 0xff, 0x4a, 0xff, 0xfc,
    0xcf, 0xff, 0xe0, 0x5e, 0xff, 0xff, 0xff, 0xf3,
    0x0, 0x17, 0xcf, 0xff, 0x92, 0x0, 0x0, 0x0,
    0x9f, 0x90, 0x0, 0x0, 0x0, 0x9, 0xf9, 0x0,
    0x0, 0x0, 0x0, 0x48, 0x40, 0x0, 0x0,

    /* U+0025 "%" */
    0x0, 0x5d, 0xfe, 0x80, 0x0, 0x0, 0x3, 0xfb,
    0x0, 0x0, 0x0, 0x5f, 0xfe, 0xff, 0xa0, 0x0,
    0x0, 0xbf, 0x30, 0x0, 0x0, 0xd, 0xf9, 0x4,
    0xff, 0x30, 0x0, 0x3f, 0xa0, 0x0, 0x0, 0x2,
    0xff, 0x10, 0xc, 0xf8, 0x0, 0xc, 0xf2, 0x0,
    0x0, 0x0, 0x4f, 0xf0, 0x0, 0xaf, 0x90, 0x4,
    0xfa, 0x0, 0x0, 0x0, 0x4, 0xff, 0x0, 0xa,
    0xf9, 0x0, 0xcf, 0x20, 0x0, 0x0, 0x0, 0x2f,
    0xf2, 0x0, 0xcf, 0x70, 0x5f, 0x90, 0x4b, 0xec,
    0x40, 0x0, 0xdf, 0x90, 0x4f, 0xf3, 0xd, 0xf1,
    0x4f, 0xff, 0xff, 0x50, 0x4, 0xff, 0xff, 0xfa,
    0x6, 0xf8, 0xe, 0xf9, 0x9, 0xfe, 0x0, 0x4,
    0xdf, 0xe8, 0x0, 0xdf, 0x13, 0xff, 0x0, 0xf,
    0xf4, 0x0, 0x0, 0x0, 0x0, 0x6f, 0x80, 0x6f,
    0xd0, 0x0, 0xdf, 0x60, 0x0, 0x0, 0x0, 0xe,
    0xe0, 0x7, 0xfd, 0x0, 0xd, 0xf7, 0x0, 0x0,
    0x0, 0x7, 0xf7, 0x0, 0x6f, 0xd0, 0x0, 0xdf,
    0x60, 0x0, 0x0, 0x0, 0xee, 0x0, 0x3, 0xff,
    0x0, 0xf, 0xf4, 0x0, 0x0, 0x0, 0x8f, 0x60,
    0x0, 0xe, 0xf8, 0x7, 0xfe, 0x0, 0x0, 0x0,
    0x1f, 0xe0, 0x0, 0x0, 0x5f, 0xfe, 0xff, 0x60,
    0x0, 0x0, 0x8, 0xf6, 0x0, 0x0, 0x0, 0x5d,
    0xfd, 0x50, 0x0,

    /* U+0026 "&" */
    0x0, 0x0, 0x4c, 0xff, 0xb3, 0x0, 0x0, 0x0,
    0x0, 0x5, 0xff, 0xff, 0xff, 0x20, 0x0, 0x0,
    0x0, 0xe, 0xfe, 0x55, 0xff, 0x90, 0x0, 0x0,
    0x0, 0x3f, 0xf7, 0x0, 0xcf, 0xb0, 0x0, 0x0,
    0x0, 0x4f, 0xf6, 0x0, 0xef, 0x90, 0x0, 0x0,
    0x0, 0x1f, 0xfa, 0x1b, 0xff, 0x30, 0x0, 0x0,
    0x0, 0xd, 0xff, 0xef, 0xf6, 0x0, 0x0, 0x0,
    0x0, 0x7, 0xff, 0xff, 0x50, 0x0, 0x27, 0x74,
    0x0, 0x6f, 0xff, 0xf7, 0x0, 0x0, 0x9f, 0xf6,
    0x5, 0xff, 0xff, 0xff, 0x50, 0x0, 0xef, 0xf0,
    0xe, 0xff, 0x66, 0xff, 0xf5, 0x7, 0xff, 0x80,
    0x4f, 0xfd, 0x0, 0x8f, 0xff, 0x9f, 0xff, 0x10,
    0x5f, 0xfc, 0x0, 0x9, 0xff, 0xff, 0xf6, 0x0,
    0x3f, 0xff, 0x40, 0x0, 0xaf, 0xff, 0xf9, 0x10,
    0xc, 0xff, 0xfb, 0x9c, 0xff, 0xff, 0xff, 0xf9,
    0x2, 0xef, 0xff, 0xff, 0xff, 0x99, 0xff, 0xf7,
    0x0, 0x18, 0xdf, 0xfd, 0x93, 0x0, 0x28, 0xd3,

    /* U+0027 "'" */
    0x1f, 0xff, 0x30, 0xff, 0xf2, 0xf, 0xff, 0x20,
    0xef, 0xf1, 0xc, 0xfe, 0x0, 0xaf, 0xc0, 0x8,
    0xfa, 0x0, 0x6f, 0x80, 0x0, 0x0, 0x0,

    /* U+0028 "(" */
    0x0, 0x1, 0xb4, 0x0, 0x0, 0x9f, 0xe0, 0x0,
    0x1f, 0xf6, 0x0, 0x8, 0xff, 0x0, 0x0, 0xef,
    0xa0, 0x0, 0x3f, 0xf5, 0x0, 0x7, 0xff, 0x10,
    0x0, 0xbf, 0xe0, 0x0, 0xe, 0xfb, 0x0, 0x0,
    0xff, 0x90, 0x0, 0x1f, 0xf8, 0x0, 0x1, 0xff,
    0x70, 0x0, 0x1f, 0xf8, 0x0, 0x1, 0xff, 0x80,
    0x0, 0xf, 0xfa, 0x0, 0x0, 0xdf, 0xc0, 0x0,
    0xa, 0xff, 0x0, 0x0, 0x6f, 0xf2, 0x0, 0x2,
    0xff, 0x60, 0x0, 0xc, 0xfb, 0x0, 0x0, 0x6f,
    0xf2, 0x0, 0x0, 0xef, 0x90, 0x0, 0x6, 0xfe,
    0x0, 0x0, 0x6, 0x0,

    /* U+0029 ")" */
    0x29, 0x50, 0x0, 0x9f, 0xd0, 0x0, 0x2f, 0xf6,
    0x0, 0xb, 0xfd, 0x0, 0x5, 0xff, 0x30, 0x0,
    0xff, 0x80, 0x0, 0xcf, 0xd0, 0x0, 0x9f, 0xf0,
    0x0, 0x6f, 0xf3, 0x0, 0x4f, 0xf5, 0x0, 0x3f,
    0xf6, 0x0, 0x2f, 0xf7, 0x0, 0x3f, 0xf6, 0x0,
    0x3f, 0xf6, 0x0, 0x5f, 0xf4, 0x0, 0x7f, 0xf2,
    0x0, 0xaf, 0xf0, 0x0, 0xdf, 0xb0, 0x1, 0xff,
    0x70, 0x6, 0xff, 0x10, 0xc, 0xfb, 0x0, 0x4f,
    0xf3, 0x0, 0xaf, 0xb0, 0x0, 0x4, 0x20, 0x0,

    /* U+002A "*" */
    0x0, 0x5, 0xf7, 0x0, 0x0, 0x0, 0x7, 0xf9,
    0x0, 0x0, 0x47, 0x49, 0xfb, 0x37, 0x60, 0xbf,
    0xff, 0xff, 0xff, 0xe0, 0x3a, 0xff, 0xff, 0xfb,
    0x40, 0x0, 0x8f, 0xff, 0xa0, 0x0, 0x1, 0xff,
    0xdf, 0xf2, 0x0, 0x8, 0xfb, 0x9, 0xfb, 0x0,
    0x1, 0x91, 0x0, 0x92, 0x0,

    /* U+002B "+" */
    0x0, 0x0, 0x0, 0x0, 0x0, 0x0, 0x0, 0x0,
    0x0, 0xbf, 0xa0, 0x0, 0x0, 0x0, 0x0, 0xb,
    0xfa, 0x0, 0x0, 0x0, 0x0, 0x0, 0xbf, 0xa0,
    0x0, 0x0, 0x0, 0x0, 0xb, 0xfa, 0x0, 0x0,
    0x0, 0x0, 0x0, 0xbf, 0xa0, 0x0, 0x0, 0x2f,
    0xff, 0xff, 0xff, 0xff, 0xff, 0x22, 0xff, 0xff,
    0xff, 0xff, 0xff, 0xf2, 0x6, 0x66, 0x6d, 0xfc,
    0x66, 0x66, 0x0, 0x0, 0x0, 0xbf, 0xa0, 0x0,
    0x0, 0x0, 0x0, 0xb, 0xfa, 0x0, 0x0, 0x0,
    0x0, 0x0, 0xbf, 0xa0, 0x0, 0x0, 0x0, 0x0,
    0xb, 0xfa, 0x0, 0x0, 0x0,

    /* U+002C "," */
    0x9, 0xec, 0x15, 0xff, 0xfa, 0x5f, 0xff, 0xe0,
    0xaf, 0xff, 0x0, 0x4f, 0xe0, 0xb, 0xf9, 0x1a,
    0xff, 0x2a, 0xff, 0x40, 0x4a, 0x20, 0x0,

    /* U+002D "-" */
    0x56, 0x66, 0x66, 0xe, 0xff, 0xff, 0xf1, 0xef,
    0xff, 0xff, 0x10,

    /* U+002E "." */
    0x1, 0x52, 0x1, 0xef, 0xf3, 0x6f, 0xff, 0x85,
    0xff, 0xf7, 0xa, 0xfb, 0x0,

    /* U+002F "/" */
    0x0, 0x0, 0x5, 0xfc, 0x0, 0x0, 0x9, 0xf9,
    0x0, 0x0, 0xd, 0xf5, 0x0, 0x0, 0x1f, 0xf1,
    0x0, 0x0, 0x5f, 0xd0, 0x0, 0x0, 0x8f, 0x90,
    0x0, 0x0, 0xcf, 0x50, 0x0, 0x0, 0xff, 0x10,
    0x0, 0x4, 0xfd, 0x0, 0x0, 0x8, 0xf9, 0x0,
    0x0, 0xc, 0xf6, 0x0, 0x0, 0xf, 0xf2, 0x0,
    0x0, 0x4f, 0xe0, 0x0, 0x0, 0x8f, 0xa0, 0x0,
    0x0, 0xbf, 0x60, 0x0, 0x0, 0xff, 0x20, 0x0,
    0x3, 0xfe, 0x0, 0x0, 0x7, 0xfa, 0x0, 0x0,
    0xb, 0xf7, 0x0, 0x0, 0xf, 0xf3, 0x0, 0x0,
    0x3f, 0xf0, 0x0, 0x0, 0x7f, 0xb0, 0x0, 0x0,
    0x58, 0x40, 0x0, 0x0,

    /* U+0030 "0" */
    0x0, 0x1, 0x9e, 0xfe, 0x91, 0x0, 0x0, 0x1,
    0xef, 0xff, 0xff, 0xd1, 0x0, 0x0, 0xbf, 0xfd,
    0x9d, 0xff, 0xb0, 0x0, 0x3f, 0xfe, 0x0, 0xe,
    0xff, 0x30, 0x9, 0xff, 0x70, 0x0, 0x7f, 0xf8,
    0x0, 0xcf, 0xf3, 0x0, 0x4, 0xff, 0xc0, 0xe,
    0xff, 0x10, 0x0, 0x2f, 0xfe, 0x0, 0xff, 0xf0,
    0x0, 0x1, 0xff, 0xf0, 0xf, 0xff, 0x0, 0x0,
    0x1f, 0xff, 0x0, 0xff, 0xf0, 0x0, 0x1, 0xff,
    0xf0, 0xe, 0xff, 0x20, 0x0, 0x2f, 0xfe, 0x0,
    0xcf, 0xf4, 0x0, 0x4, 0xff, 0xb0, 0x8, 0xff,
    0x80, 0x0, 0x8f, 0xf8, 0x0, 0x3f, 0xfe, 0x10,
    0x1e, 0xff, 0x20, 0x0, 0xbf, 0xfe, 0xae, 0xff,
    0xa0, 0x0, 0x1, 0xdf, 0xff, 0xff, 0xd1, 0x0,
    0x0, 0x1, 0x8e, 0xfe, 0x81, 0x0, 0x0,

    /* U+0031 "1" */
    0x0, 0x2, 0xaf, 0xf8, 0x0, 0x0, 0x6d, 0xff,
    0xff, 0x80, 0x0, 0xa, 0xff, 0xff, 0xf8, 0x0,
    0x0, 0x58, 0x8d, 0xff, 0x80, 0x0, 0x0, 0x0,
    0xaf, 0xf8, 0x0, 0x0, 0x0, 0xa, 0xff, 0x80,
    0x0, 0x0, 0x0, 0xaf, 0xf8, 0x0, 0x0, 0x0,
    0xa, 0xff, 0x80, 0x0, 0x0, 0x0, 0xaf, 0xf8,
    0x0, 0x0, 0x0, 0xa, 0xff, 0x80, 0x0, 0x0,
    0x0, 0xaf, 0xf8, 0x0, 0x0, 0x0, 0xa, 0xff,
    0x80, 0x0, 0x0, 0x0, 0xaf, 0xf8, 0x0, 0x0,
    0x0, 0xa, 0xff, 0x80, 0x0, 0x2b, 0xbb, 0xef,
    0xfd, 0xbb, 0x63, 0xff, 0xff, 0xff, 0xff, 0xf9,
    0x3f, 0xff, 0xff, 0xff, 0xff, 0x90,

    /* U+0032 "2" */
    0x0, 0x18, 0xdf, 0xfc, 0x60, 0x0, 0x3, 0xef,
    0xff, 0xff, 0xfb, 0x0, 0xe, 0xff, 0xda, 0xcf,
    0xff, 0x70, 0x4, 0xf7, 0x0, 0x9, 0xff, 0xe0,
    0x0, 0x10, 0x0, 0x1, 0xff, 0xf0, 0x0, 0x0,
    0x0, 0x0, 0xff, 0xf1, 0x0, 0x0, 0x0, 0x3,
    0xff, 0xe0, 0x0, 0x0, 0x0, 0x9, 0xff, 0xa0,
    0x0, 0x0, 0x0, 0x2f, 0xff, 0x30, 0x0, 0x0,
    0x0, 0xcf, 0xfa, 0x0, 0x0, 0x0, 0x9, 0xff,
    0xe1, 0x0, 0x0, 0x0, 0x7f, 0xff, 0x40, 0x0,
    0x0, 0x6, 0xff, 0xf6, 0x0, 0x0, 0x0, 0x6f,
    0xff, 0x80, 0x0, 0x0, 0x6, 0xff, 0xff, 0xbc,
    0xdd, 0xdb, 0xf, 0xff, 0xff, 0xff, 0xff, 0xfd,
    0xf, 0xff, 0xff, 0xff, 0xff, 0xfd,

    /* U+0033 "3" */
    0x0, 0x18, 0xdf, 0xfd, 0x81, 0x0, 0x5, 0xef,
    0xff, 0xff, 0xfe, 0x30, 0x8, 0xff, 0xda, 0xbf,
    0xff, 0xd0, 0x0, 0xa6, 0x0, 0x5, 0xff, 0xf2,
    0x0, 0x0, 0x0, 0x0, 0xff, 0xf3, 0x0, 0x0,
    0x0, 0x3, 0xff, 0xf0, 0x0, 0x0, 0x1, 0x6e,
    0xff, 0x80, 0x0, 0x0, 0xff, 0xff, 0xf7, 0x0,
    0x0, 0x0, 0xff, 0xff, 0xe7, 0x0, 0x0, 0x0,
    0x67, 0xaf, 0xff, 0xb0, 0x0, 0x0, 0x0, 0x2,
    0xef, 0xf6, 0x0, 0x0, 0x0, 0x0, 0x9f, 0xfb,
    0x0, 0x20, 0x0, 0x0, 0x9f, 0xfb, 0x9, 0xe5,
    0x0, 0x2, 0xef, 0xf9, 0x3f, 0xff, 0xeb, 0xcf,
    0xff, 0xf2, 0x8, 0xff, 0xff, 0xff, 0xff, 0x50,
    0x0, 0x29, 0xdf, 0xfd, 0x92, 0x0,

    /* U+0034 "4" */
    0x0, 0x0, 0x0, 0xcf, 0xff, 0x60, 0x0, 0x0,
    0x0, 0x5f, 0xff, 0xf6, 0x0, 0x0, 0x0, 0xe,
    0xff, 0xff, 0x60, 0x0, 0x0, 0x8, 0xff, 0xbf,
    0xf6, 0x0, 0x0, 0x2, 0xff, 0xc8, 0xff, 0x60,
    0x0, 0x0, 0xbf, 0xf4, 0x9f, 0xf6, 0x0, 0x0,
    0x4f, 0xfb, 0x9, 0xff, 0x60, 0x0, 0xd, 0xff,
    0x20, 0x9f, 0xf6, 0x0, 0x7, 0xff, 0x80, 0x9,
    0xff, 0x60, 0x1, 0xff, 0xd0, 0x0, 0x9f, 0xf6,
    0x0, 0x8f, 0xff, 0xff, 0xff, 0xff, 0xff, 0x58,
    0xff, 0xff, 0xff, 0xff, 0xff, 0xf5, 0x48, 0x88,
    0x88, 0x8d, 0xff, 0xb8, 0x30, 0x0, 0x0, 0x0,
    0x9f, 0xf6, 0x0, 0x0, 0x0, 0x0, 0x9, 0xff,
    0x60, 0x0, 0x0, 0x0, 0x0, 0x9f, 0xf6, 0x0,
    0x0, 0x0, 0x0, 0x9, 0xff, 0x60, 0x0,

    /* U+0035 "5" */
    0x0, 0xbf, 0xff, 0xff, 0xff, 0xf0, 0x0, 0xcf,
    0xff, 0xff, 0xff, 0xf0, 0x0, 0xdf, 0xfd, 0xcc,
    0xcc, 0xc0, 0x0, 0xef, 0xf0, 0x0, 0x0, 0x0,
    0x0, 0xff, 0xf0, 0x0, 0x0, 0x0, 0x0, 0xff,
    0xd2, 0x54, 0x10, 0x0, 0x0, 0xff, 0xff, 0xff,
    0xfa, 0x10, 0x1, 0xff, 0xff, 0xff, 0xff, 0xc0,
    0x0, 0x5b, 0x40, 0x19, 0xff, 0xf5, 0x0, 0x0,
    0x0, 0x0, 0xcf, 0xf9, 0x0, 0x0, 0x0, 0x0,
    0x8f, 0xfb, 0x0, 0x0, 0x0, 0x0, 0x7f, 0xfb,
    0x0, 0x20, 0x0, 0x0, 0xbf, 0xf9, 0x9, 0xe5,
    0x0, 0x6, 0xff, 0xf5, 0x3f, 0xff, 0xeb, 0xdf,
    0xff, 0xc0, 0x7, 0xff, 0xff, 0xff, 0xfd, 0x10,
    0x0, 0x29, 0xdf, 0xfd, 0x70, 0x0,

    /* U+0036 "6" */
    0x0, 0x3, 0xae, 0xfe, 0xa2, 0x0, 0x0, 0x6f,
    0xff, 0xff, 0xff, 0x60, 0x4, 0xff, 0xfe, 0xbd,
    0xff, 0x40, 0xd, 0xff, 0x80, 0x0, 0x45, 0x0,
    0x4f, 0xfd, 0x0, 0x0, 0x0, 0x0, 0x9f, 0xf6,
    0x0, 0x0, 0x0, 0x0, 0xcf, 0xf3, 0x6d, 0xfe,
    0x81, 0x0, 0xdf, 0xfc, 0xff, 0xff, 0xfd, 0x0,
    0xef, 0xff, 0xb6, 0x7f, 0xff, 0x80, 0xef, 0xf9,
    0x0, 0x4, 0xff, 0xd0, 0xcf, 0xf2, 0x0, 0x0,
    0xff, 0xf0, 0xaf, 0xf4, 0x0, 0x0, 0xef, 0xf0,
    0x6f, 0xf9, 0x0, 0x0, 0xff, 0xf0, 0x1f, 0xff,
    0x20, 0x7, 0xff, 0xb0, 0x7, 0xff, 0xf9, 0xaf,
    0xff, 0x40, 0x0, 0xaf, 0xff, 0xff, 0xf7, 0x0,
    0x0, 0x6, 0xcf, 0xfb, 0x40, 0x0,

    /* U+0037 "7" */
    0xef, 0xff, 0xff, 0xff, 0xff, 0xee, 0xff, 0xff,
    0xff, 0xff, 0xfe, 0xbc, 0xcc, 0xcc, 0xce, 0xff,
    0x90, 0x0, 0x0, 0x1, 0xff, 0xd0, 0x0, 0x0,
    0x0, 0xaf, 0xf3, 0x0, 0x0, 0x0, 0x3f, 0xfa,
    0x0, 0x0, 0x0, 0xb, 0xff, 0x20, 0x0, 0x0,
    0x2, 0xff, 0xc0, 0x0, 0x0, 0x0, 0x8f, 0xf6,
    0x0, 0x0, 0x0, 0xc, 0xff, 0x20, 0x0, 0x0,
    0x1, 0xff, 0xf0, 0x0, 0x0, 0x0, 0x4f, 0xfc,
    0x0, 0x0, 0x0, 0x7, 0xff, 0xa0, 0x0, 0x0,
    0x0, 0x9f, 0xf9, 0x0, 0x0, 0x0, 0xb, 0xff,
    0x70, 0x0, 0x0, 0x0, 0xcf, 0xf6, 0x0, 0x0,
    0x0, 0xe, 0xff, 0x50, 0x0, 0x0,

    /* U+0038 "8" */
    0x0, 0x2a, 0xef, 0xeb, 0x30, 0x0, 0x4f, 0xff,
    0xff, 0xff, 0x40, 0xe, 0xff, 0xa5, 0x9f, 0xfe,
    0x3, 0xff, 0xb0, 0x0, 0x9f, 0xf3, 0x5f, 0xf8,
    0x0, 0x5, 0xff, 0x42, 0xff, 0xc0, 0x0, 0x6f,
    0xf2, 0xc, 0xff, 0xa1, 0xc, 0xfa, 0x0, 0x1e,
    0xff, 0xeb, 0xfd, 0x10, 0x0, 0x8f, 0xff, 0xff,
    0xa0, 0x0, 0xaf, 0xe5, 0xbf, 0xff, 0xc0, 0x7f,
    0xf4, 0x0, 0x4e, 0xff, 0x7d, 0xfe, 0x0, 0x0,
    0x4f, 0xfd, 0xff, 0xd0, 0x0, 0x1, 0xff, 0xfd,
    0xff, 0x30, 0x0, 0x4f, 0xfd, 0x7f, 0xff, 0x85,
    0x8f, 0xff, 0x70, 0xaf, 0xff, 0xff, 0xff, 0xa0,
    0x0, 0x5b, 0xef, 0xeb, 0x50, 0x0,

    /* U+0039 "9" */
    0x0, 0x5, 0xcf, 0xfc, 0x50, 0x0, 0x0, 0xaf,
    0xff, 0xff, 0xfa, 0x0, 0x6, 0xff, 0xf9, 0x9f,
    0xff, 0x70, 0xd, 0xff, 0x40, 0x2, 0xff, 0xf1,
    0xf, 0xfe, 0x0, 0x0, 0x9f, 0xf6, 0x1f, 0xfd,
    0x0, 0x0, 0x5f, 0xfa, 0xf, 0xff, 0x0, 0x0,
    0x5f, 0xfc, 0xc, 0xff, 0xa1, 0x6, 0xff, 0xfd,
    0x4, 0xff, 0xff, 0xff, 0xef, 0xfd, 0x0, 0x5e,
    0xff, 0xfb, 0x4f, 0xfc, 0x0, 0x0, 0x45, 0x30,
    0x4f, 0xfb, 0x0, 0x0, 0x0, 0x0, 0x7f, 0xf8,
    0x0, 0x0, 0x0, 0x0, 0xdf, 0xf3, 0x0, 0x86,
    0x0, 0x9, 0xff, 0xc0, 0x5, 0xff, 0xeb, 0xef,
    0xff, 0x30, 0x6, 0xff, 0xff, 0xff, 0xf5, 0x0,
    0x0, 0x2a, 0xef, 0xea, 0x20, 0x0,

    /* U+003A ":" */
    0xa, 0xfb, 0x5, 0xff, 0xf7, 0x6f, 0xff, 0x81,
    0xef, 0xf2, 0x1, 0x41, 0x0, 0x0, 0x0, 0x0,
    0x0, 0x0, 0x0, 0x0, 0x1, 0x52, 0x1, 0xef,
    0xf3, 0x6f, 0xff, 0x85, 0xff, 0xf7, 0xa, 0xfb,
    0x0,

    /* U+003B ";" */
    0xa, 0xfb, 0x5, 0xff, 0xf7, 0x6f, 0xff, 0x81,
    0xef, 0xf2, 0x1, 0x41, 0x0, 0x0, 0x0, 0x0,
    0x0, 0x0, 0x0, 0x0, 0x0, 0x0, 0x0, 0x9e,
    0xc1, 0x5f, 0xff, 0xa5, 0xff, 0xfe, 0xa, 0xff,
    0xf0, 0x4, 0xfe, 0x0, 0xbf, 0x91, 0xaf, 0xf2,
    0xaf, 0xf4, 0x4, 0xa2, 0x0,

    /* U+003C "<" */
    0x0, 0x0, 0x0, 0x0, 0x0, 0x0, 0x0, 0x0,
    0x0, 0x0, 0x0, 0x28, 0xe2, 0x0, 0x0, 0x0,
    0x5, 0xcf, 0xff, 0x20, 0x0, 0x2, 0x9e, 0xff,
    0xff, 0xc1, 0x0, 0x6c, 0xff, 0xff, 0xd7, 0x20,
    0x1, 0xff, 0xff, 0xe8, 0x20, 0x0, 0x0, 0x2f,
    0xff, 0xa0, 0x0, 0x0, 0x0, 0x1, 0xef, 0xff,
    0xf9, 0x40, 0x0, 0x0, 0x0, 0x4b, 0xff, 0xff,
    0xe8, 0x30, 0x0, 0x0, 0x1, 0x7e, 0xff, 0xff,
    0xd1, 0x0, 0x0, 0x0, 0x4, 0xbf, 0xff, 0x20,
    0x0, 0x0, 0x0, 0x0, 0x17, 0xe2, 0x0, 0x0,
    0x0, 0x0, 0x0, 0x0, 0x0,

    /* U+003D "=" */
    0x2f, 0xff, 0xff, 0xff, 0xff, 0xff, 0x22, 0xff,
    0xff, 0xff, 0xff, 0xff, 0xf2, 0x5, 0x55, 0x55,
    0x55, 0x55, 0x55, 0x0, 0x0, 0x0, 0x0, 0x0,
    0x0, 0x0, 0x0, 0x0, 0x0, 0x0, 0x0, 0x0,
    0x0, 0x0, 0x0, 0x0, 0x0, 0x0, 0x0, 0x2f,
    0xff, 0xff, 0xff, 0xff, 0xff, 0x22, 0xff, 0xff,
    0xff, 0xff, 0xff, 0xf2, 0x6, 0x66, 0x66, 0x66,
    0x66, 0x66, 0x0,

    /* U+003E ">" */
    0x0, 0x0, 0x0, 0x0, 0x0, 0x0, 0x2, 0xe8,
    0x20, 0x0, 0x0, 0x0, 0x0, 0x2f, 0xff, 0xc5,
    0x0, 0x0, 0x0, 0x1, 0xcf, 0xff, 0xfe, 0x82,
    0x0, 0x0, 0x0, 0x27, 0xdf, 0xff, 0xfc, 0x50,
    0x0, 0x0, 0x0, 0x28, 0xef, 0xff, 0xe1, 0x0,
    0x0, 0x0, 0x1, 0xaf, 0xff, 0x20, 0x0, 0x0,
    0x4a, 0xff, 0xff, 0xe1, 0x0, 0x38, 0xef, 0xff,
    0xfb, 0x40, 0x1, 0xdf, 0xff, 0xfe, 0x71, 0x0,
    0x0, 0x2f, 0xff, 0xb4, 0x0, 0x0, 0x0, 0x2,
    0xe7, 0x10, 0x0, 0x0, 0x0, 0x0, 0x0, 0x0,
    0x0, 0x0, 0x0, 0x0, 0x0,

    /* U+003F "?" */
    0x0, 0x19, 0xef, 0xfb, 0x40, 0x0, 0x4e, 0xff,
    0xff, 0xff, 0x60, 0xb, 0xff, 0xcb, 0xff, 0xff,
    0x0, 0x9, 0x40, 0x2, 0xff, 0xf3, 0x0, 0x0,
    0x0, 0xe, 0xff, 0x30, 0x0, 0x0, 0x4, 0xff,
    0xe0, 0x0, 0x0, 0x2, 0xef, 0xf4, 0x0, 0x0,
    0x1, 0xdf, 0xf7, 0x0, 0x0, 0x0, 0x9f, 0xf9,
    0x0, 0x0, 0x0, 0xf, 0xfe, 0x0, 0x0, 0x0,
    0x2, 0xff, 0xb0, 0x0, 0x0, 0x0, 0x1, 0x11,
    0x0, 0x0, 0x0, 0x0, 0x25, 0x0, 0x0, 0x0,
    0x0, 0x4f, 0xfd, 0x0, 0x0, 0x0, 0xa, 0xff,
    0xf4, 0x0, 0x0, 0x0, 0x9f, 0xff, 0x30, 0x0,
    0x0, 0x1, 0xcf, 0x80, 0x0, 0x0,

    /* U+0040 "@" */
    0x0, 0x0, 0x0, 0x5, 0xad, 0xff, 0xec, 0x71,
    0x0, 0x0, 0x0, 0x0, 0x5, 0xef, 0xff, 0xff,
    0xff, 0xff, 0x60, 0x0, 0x0, 0x0, 0xaf, 0xfd,
    0x73, 0x0, 0x26, 0xcf, 0xf8, 0x0, 0x0, 0xb,
    0xff, 0x70, 0x0, 0x0, 0x0, 0x7, 0xff, 0x50,
    0x0, 0x9f, 0xf4, 0x0, 0x0, 0x0, 0x0, 0x0,
    0x8f, 0xe0, 0x3, 0xff, 0x60, 0x0, 0x1, 0x20,
    0x12, 0x10, 0xe, 0xf5, 0xc, 0xfb, 0x0, 0x1,
    0xbf, 0xfc, 0x9f, 0x80, 0x8, 0xfa, 0x2f, 0xf3,
    0x0, 0x1e, 0xff, 0xff, 0xff, 0x50, 0x4, 0xfd,
    0x6f, 0xd0, 0x0, 0xaf, 0xf4, 0x9, 0xff, 0x20,
    0x2, 0xfe, 0xaf, 0xa0, 0x2, 0xff, 0x60, 0x6,
    0xfe, 0x0, 0x2, 0xfe, 0xbf, 0x70, 0x6, 0xff,
    0x0, 0x9, 0xfb, 0x0, 0x4, 0xfc, 0xcf, 0x70,
    0x9, 0xfd, 0x0, 0xc, 0xf8, 0x0, 0x8, 0xf9,
    0xcf, 0x70, 0x9, 0xfe, 0x0, 0x1f, 0xf6, 0x0,
    0x1f, 0xf3, 0xaf, 0xa0, 0x7, 0xff, 0x96, 0xdf,
    0xfb, 0x24, 0xdf, 0xa0, 0x7f, 0xe0, 0x1, 0xff,
    0xff, 0xf7, 0xff, 0xff, 0xfc, 0x10, 0x2f, 0xf5,
    0x0, 0x3d, 0xfc, 0x30, 0x6d, 0xfd, 0x70, 0x0,
    0xa, 0xfe, 0x10, 0x0, 0x0, 0x0, 0x0, 0x0,
    0x0, 0x0, 0x1, 0xef, 0xe3, 0x0, 0x0, 0x0,
    0x0, 0x0, 0x0, 0x0, 0x0, 0x3f, 0xff, 0xa4,
    0x10, 0x3, 0x7a, 0x0, 0x0, 0x0, 0x0, 0x2,
    0xcf, 0xff, 0xff, 0xff, 0xff, 0x20, 0x0, 0x0,
    0x0, 0x0, 0x4, 0xad, 0xff, 0xfd, 0x93, 0x0,
    0x0, 0x0, 0x0, 0x0, 0x0, 0x0, 0x0, 0x0,
    0x0, 0x0, 0x0, 0x0,

    /* U+0041 "A" */
    0x0, 0x0, 0x0, 0xff, 0xff, 0x10, 0x0, 0x0,
    0x0, 0x0, 0x5, 0xff, 0xff, 0x60, 0x0, 0x0,
    0x0, 0x0, 0xa, 0xff, 0xff, 0xb0, 0x0, 0x0,
    0x0, 0x0, 0xe, 0xfb, 0xbf, 0xf1, 0x0, 0x0,
    0x0, 0x0, 0x4f, 0xf7, 0x7f, 0xf5, 0x0, 0x0,
    0x0, 0x0, 0x9f, 0xf3, 0x3f, 0xfa, 0x0, 0x0,
    0x0, 0x0, 0xdf, 0xf0, 0xf, 0xff, 0x0, 0x0,
    0x0, 0x2, 0xff, 0xb0, 0xb, 0xff, 0x40, 0x0,
    0x0, 0x7, 0xff, 0x70, 0x7, 0xff, 0x90, 0x0,
    0x0, 0xc, 0xff, 0x30, 0x3, 0xff, 0xe0, 0x0,
    0x0, 0x1f, 0xff, 0xff, 0xff, 0xff, 0xf3, 0x0,
    0x0, 0x6f, 0xff, 0xff, 0xff, 0xff, 0xf7, 0x0,
    0x0, 0xbf, 0xfc, 0x99, 0x99, 0xcf, 0xfc, 0x0,
    0x0, 0xff, 0xf2, 0x0, 0x0, 0x2f, 0xff, 0x10,
    0x5, 0xff, 0xe0, 0x0, 0x0, 0xe, 0xff, 0x60,
    0xa, 0xff, 0x90, 0x0, 0x0, 0xa, 0xff, 0xb0,
    0xe, 0xff, 0x50, 0x0, 0x0, 0x5, 0xff, 0xf0,

    /* U+0042 "B" */
    0xff, 0xff, 0xff, 0xfc, 0x92, 0x0, 0xf, 0xff,
    0xff, 0xff, 0xff, 0xf4, 0x0, 0xff, 0xfb, 0x99,
    0xbf, 0xff, 0xe0, 0xf, 0xff, 0x40, 0x0, 0x3f,
    0xff, 0x30, 0xff, 0xf4, 0x0, 0x0, 0xef, 0xf4,
    0xf, 0xff, 0x40, 0x0, 0xf, 0xff, 0x10, 0xff,
    0xf4, 0x0, 0x2b, 0xff, 0xa0, 0xf, 0xff, 0xff,
    0xff, 0xff, 0xb1, 0x0, 0xff, 0xff, 0xff, 0xff,
    0xfc, 0x40, 0xf, 0xff, 0x97, 0x78, 0xcf, 0xff,
    0x50, 0xff, 0xf4, 0x0, 0x0, 0x7f, 0xfd, 0xf,
    0xff, 0x40, 0x0, 0x1, 0xff, 0xf1, 0xff, 0xf4,
    0x0, 0x0, 0x2f, 0xff, 0x1f, 0xff, 0x40, 0x0,
    0xa, 0xff, 0xe0, 0xff, 0xfb, 0x99, 0xae, 0xff,
    0xf7, 0xf, 0xff, 0xff, 0xff, 0xff, 0xf9, 0x0,
    0xff, 0xff, 0xff, 0xfd, 0xa4, 0x0, 0x0,

    /* U+0043 "C" */
    0x0, 0x0, 0x4a, 0xef, 0xfc, 0x50, 0x0, 0x0,
    0xaf, 0xff, 0xff, 0xff, 0xb1, 0x0, 0xcf, 0xff,
    0xfe, 0xff, 0xff, 0x30, 0x8f, 0xff, 0xa1, 0x0,
    0x4d, 0x70, 0x1f, 0xff, 0xa0, 0x0, 0x0, 0x0,
    0x6, 0xff, 0xf1, 0x0, 0x0, 0x0, 0x0, 0xaf,
    0xfc, 0x0, 0x0, 0x0, 0x0, 0xc, 0xff, 0x90,
    0x0, 0x0, 0x0, 0x0, 0xcf, 0xf8, 0x0, 0x0,
    0x0, 0x0, 0xc, 0xff, 0x90, 0x0, 0x0, 0x0,
    0x0, 0xaf, 0xfc, 0x0, 0x0, 0x0, 0x0, 0x6,
    0xff, 0xf1, 0x0, 0x0, 0x0, 0x0, 0x1f, 0xff,
    0x90, 0x0, 0x0, 0x12, 0x0, 0x9f, 0xff, 0x91,
    0x0, 0x4d, 0xd1, 0x0, 0xdf, 0xff, 0xfe, 0xff,
    0xff, 0x90, 0x1, 0xcf, 0xff, 0xff, 0xff, 0xc1,
    0x0, 0x0, 0x5b, 0xef, 0xfb, 0x60, 0x0,

    /* U+0044 "D" */
    0xff, 0xff, 0xff, 0xc9, 0x30, 0x0, 0xf, 0xff,
    0xff, 0xff, 0xff, 0x90, 0x0, 0xff, 0xfc, 0xbc,
    0xff, 0xff, 0xb0, 0xf, 0xff, 0x40, 0x1, 0xaf,
    0xff, 0x60, 0xff, 0xf4, 0x0, 0x0, 0xbf, 0xfd,
    0xf, 0xff, 0x40, 0x0, 0x3, 0xff, 0xf2, 0xff,
    0xf4, 0x0, 0x0, 0xf, 0xff, 0x5f, 0xff, 0x40,
    0x0, 0x0, 0xdf, 0xf7, 0xff, 0xf4, 0x0, 0x0,
    0xc, 0xff, 0x8f, 0xff, 0x40, 0x0, 0x0, 0xdf,
    0xf7, 0xff, 0xf4, 0x0, 0x0, 0xf, 0xff, 0x5f,
    0xff, 0x40, 0x0, 0x4, 0xff, 0xf2, 0xff, 0xf4,
    0x0, 0x0, 0xcf, 0xfd, 0xf, 0xff, 0x40, 0x2,
    0xbf, 0xff, 0x50, 0xff, 0xfc, 0xbd, 0xff, 0xff,
    0xa0, 0xf, 0xff, 0xff, 0xff, 0xff, 0x90, 0x0,
    0xff, 0xff, 0xff, 0xd9, 0x30, 0x0, 0x0,

    /* U+0045 "E" */
    0xff, 0xff, 0xff, 0xff, 0xff, 0xf, 0xff, 0xff,
    0xff, 0xff, 0xf0, 0xff, 0xfd, 0xcc, 0xcc, 0xcc,
    0xf, 0xff, 0x40, 0x0, 0x0, 0x0, 0xff, 0xf4,
    0x0, 0x0, 0x0, 0xf, 0xff, 0x40, 0x0, 0x0,
    0x0, 0xff, 0xf4, 0x0, 0x0, 0x0, 0xf, 0xff,
    0xff, 0xff, 0xff, 0x0, 0xff, 0xff, 0xff, 0xff,
    0xf0, 0xf, 0xff, 0xdd, 0xdd, 0xdc, 0x0, 0xff,
    0xf4, 0x0, 0x0, 0x0, 0xf, 0xff, 0x40, 0x0,
    0x0, 0x0, 0xff, 0xf4, 0x0, 0x0, 0x0, 0xf,
    0xff, 0x40, 0x0, 0x0, 0x0, 0xff, 0xfd, 0xdd,
    0xdd, 0xdd, 0x3f, 0xff, 0xff, 0xff, 0xff, 0xf3,
    0xff, 0xff, 0xff, 0xff, 0xff, 0x30,

    /* U+0046 "F" */
    0xff, 0xff, 0xff, 0xff, 0xff, 0xf, 0xff, 0xff,
    0xff, 0xff, 0xf0, 0xff, 0xfd, 0xcc, 0xcc, 0xcc,
    0xf, 0xff, 0x40, 0x0, 0x0, 0x0, 0xff, 0xf4,
    0x0, 0x0, 0x0, 0xf, 0xff, 0x40, 0x0, 0x0,
    0x0, 0xff, 0xf4, 0x0, 0x0, 0x0, 0xf, 0xff,
    0xdd, 0xdd, 0xdd, 0x0, 0xff, 0xff, 0xff, 0xff,
    0xf0, 0xf, 0xff, 0xff, 0xff, 0xff, 0x0, 0xff,
    0xf4, 0x0, 0x0, 0x0, 0xf, 0xff, 0x40, 0x0,
    0x0, 0x0, 0xff, 0xf4, 0x0, 0x0, 0x0, 0xf,
    0xff, 0x40, 0x0, 0x0, 0x0, 0xff, 0xf4, 0x0,
    0x0, 0x0, 0xf, 0xff, 0x40, 0x0, 0x0, 0x0,
    0xff, 0xf4, 0x0, 0x0, 0x0, 0x0,

    /* U+0047 "G" */
    0x0, 0x0, 0x39, 0xdf, 0xfd, 0x81, 0x0, 0x0,
    0x9, 0xff, 0xff, 0xff, 0xff, 0x50, 0x0, 0xbf,
    0xff, 0xfe, 0xef, 0xff, 0xb0, 0x7, 0xff, 0xfb,
    0x20, 0x1, 0x9c, 0x0, 0x1f, 0xff, 0xb0, 0x0,
    0x0, 0x0, 0x0, 0x6f, 0xff, 0x10, 0x0, 0x0,
    0x0, 0x0, 0xaf, 0xfc, 0x0, 0x0, 0x0, 0x0,
    0x0, 0xcf, 0xf9, 0x0, 0x6, 0xbb, 0xbb, 0xb3,
    0xcf, 0xf8, 0x0, 0x8, 0xff, 0xff, 0xf4, 0xcf,
    0xf9, 0x0, 0x8, 0xff, 0xff, 0xf4, 0xaf, 0xfc,
    0x0, 0x0, 0x0, 0xaf, 0xf4, 0x7f, 0xff, 0x10,
    0x0, 0x0, 0xaf, 0xf4, 0x1f, 0xff, 0xa0, 0x0,
    0x0, 0xaf, 0xf4, 0x9, 0xff, 0xfb, 0x30, 0x1,
    0xcf, 0xf4, 0x0, 0xcf, 0xff, 0xff, 0xef, 0xff,
    0xf4, 0x0, 0x1b, 0xff, 0xff, 0xff, 0xff, 0xa0,
    0x0, 0x0, 0x4a, 0xdf, 0xfd, 0x93, 0x0,

    /* U+0048 "H" */
    0xff, 0xf4, 0x0, 0x0, 0x9, 0xff, 0xaf, 0xff,
    0x40, 0x0, 0x0, 0x9f, 0xfa, 0xff, 0xf4, 0x0,
    0x0, 0x9, 0xff, 0xaf, 0xff, 0x40, 0x0, 0x0,
    0x9f, 0xfa, 0xff, 0xf4, 0x0, 0x0, 0x9, 0xff,
    0xaf, 0xff, 0x40, 0x0, 0x0, 0x9f, 0xfa, 0xff,
    0xf4, 0x0, 0x0, 0x9, 0xff, 0xaf, 0xff, 0xff,
    0xff, 0xff, 0xff, 0xfa, 0xff, 0xff, 0xff, 0xff,
    0xff, 0xff, 0xaf, 0xff, 0xee, 0xee, 0xee, 0xff,
    0xfa, 0xff, 0xf4, 0x0, 0x0, 0x9, 0xff, 0xaf,
    0xff, 0x40, 0x0, 0x0, 0x9f, 0xfa, 0xff, 0xf4,
    0x0, 0x0, 0x9, 0xff, 0xaf, 0xff, 0x40, 0x0,
    0x0, 0x9f, 0xfa, 0xff, 0xf4, 0x0, 0x0, 0x9,
    0xff, 0xaf, 0xff, 0x40, 0x0, 0x0, 0x9f, 0xfa,
    0xff, 0xf4, 0x0, 0x0, 0x9, 0xff, 0xa0,

    /* U+0049 "I" */
    0xff, 0xf4, 0xff, 0xf4, 0xff, 0xf4, 0xff, 0xf4,
    0xff, 0xf4, 0xff, 0xf4, 0xff, 0xf4, 0xff, 0xf4,
    0xff, 0xf4, 0xff, 0xf4, 0xff, 0xf4, 0xff, 0xf4,
    0xff, 0xf4, 0xff, 0xf4, 0xff, 0xf4, 0xff, 0xf4,
    0xff, 0xf4,

    /* U+004A "J" */
    0x0, 0x0, 0x0, 0xa, 0xff, 0x90, 0x0, 0x0,
    0x0, 0xaf, 0xf9, 0x0, 0x0, 0x0, 0xa, 0xff,
    0x90, 0x0, 0x0, 0x0, 0xaf, 0xf9, 0x0, 0x0,
    0x0, 0xa, 0xff, 0x90, 0x0, 0x0, 0x0, 0xaf,
    0xf9, 0x0, 0x0, 0x0, 0xa, 0xff, 0x90, 0x0,
    0x0, 0x0, 0xaf, 0xf9, 0x0, 0x0, 0x0, 0xa,
    0xff, 0x90, 0x0, 0x0, 0x0, 0xaf, 0xf9, 0x0,
    0x0, 0x0, 0xa, 0xff, 0x90, 0x0, 0x0, 0x0,
    0xbf, 0xf9, 0x0, 0x50, 0x0, 0xd, 0xff, 0x71,
    0xbf, 0x90, 0x5, 0xff, 0xf4, 0x3f, 0xff, 0xfe,
    0xff, 0xfe, 0x0, 0x6f, 0xff, 0xff, 0xff, 0x40,
    0x0, 0x3a, 0xef, 0xea, 0x30, 0x0,

    /* U+004B "K" */
    0xff, 0xf4, 0x0, 0x0, 0xaf, 0xfd, 0x0, 0xff,
    0xf4, 0x0, 0x6, 0xff, 0xf3, 0x0, 0xff, 0xf4,
    0x0, 0x2f, 0xff, 0x70, 0x0, 0xff, 0xf4, 0x0,
    0xcf, 0xfb, 0x0, 0x0, 0xff, 0xf4, 0x9, 0xff,
    0xe1, 0x0, 0x0, 0xff, 0xf4, 0x4f, 0xff, 0x30,
    0x0, 0x0, 0xff, 0xf5, 0xef, 0xf8, 0x0, 0x0,
    0x0, 0xff, 0xfe, 0xff, 0xfc, 0x0, 0x0, 0x0,
    0xff, 0xff, 0xff, 0xff, 0x50, 0x0, 0x0, 0xff,
    0xff, 0xfb, 0xff, 0xe0, 0x0, 0x0, 0xff, 0xff,
    0x80, 0xef, 0xf7, 0x0, 0x0, 0xff, 0xfc, 0x0,
    0x6f, 0xff, 0x10, 0x0, 0xff, 0xf4, 0x0, 0xd,
    0xff, 0xa0, 0x0, 0xff, 0xf4, 0x0, 0x5, 0xff,
    0xf3, 0x0, 0xff, 0xf4, 0x0, 0x0, 0xcf, 0xfc,
    0x0, 0xff, 0xf4, 0x0, 0x0, 0x3f, 0xff, 0x50,
    0xff, 0xf4, 0x0, 0x0, 0xa, 0xff, 0xd0,

    /* U+004C "L" */
    0xff, 0xf4, 0x0, 0x0, 0x0, 0xff, 0xf4, 0x0,
    0x0, 0x0, 0xff, 0xf4, 0x0, 0x0, 0x0, 0xff,
    0xf4, 0x0, 0x0, 0x0, 0xff, 0xf4, 0x0, 0x0,
    0x0, 0xff, 0xf4, 0x0, 0x0, 0x0, 0xff, 0xf4,
    0x0, 0x0, 0x0, 0xff, 0xf4, 0x0, 0x0, 0x0,
    0xff, 0xf4, 0x0, 0x0, 0x0, 0xff, 0xf4, 0x0,
    0x0, 0x0, 0xff, 0xf4, 0x0, 0x0, 0x0, 0xff,
    0xf4, 0x0, 0x0, 0x0, 0xff, 0xf4, 0x0, 0x0,
    0x0, 0xff, 0xf4, 0x0, 0x0, 0x0, 0xff, 0xfd,
    0xdd, 0xdd, 0xdb, 0xff, 0xff, 0xff, 0xff, 0xfe,
    0xff, 0xff, 0xff, 0xff, 0xfe,

    /* U+004D "M" */
    0xff, 0xfc, 0x0, 0x0, 0x0, 0xf, 0xff, 0xcf,
    0xff, 0xf2, 0x0, 0x0, 0x5, 0xff, 0xfc, 0xff,
    0xff, 0x70, 0x0, 0x0, 0xaf, 0xff, 0xcf, 0xff,
    0xfd, 0x0, 0x0, 0xf, 0xff, 0xfc, 0xff, 0xef,
    0xf2, 0x0, 0x5, 0xff, 0xef, 0xcf, 0xfb, 0xff,
    0x80, 0x0, 0xbf, 0xce, 0xfc, 0xff, 0xbb, 0xfd,
    0x0, 0x1f, 0xf6, 0xff, 0xcf, 0xfc, 0x6f, 0xf3,
    0x6, 0xff, 0x2f, 0xfc, 0xff, 0xd1, 0xff, 0x80,
    0xbf, 0xb2, 0xff, 0xcf, 0xfe, 0xb, 0xfd, 0xf,
    0xf6, 0x2f, 0xfc, 0xff, 0xe0, 0x5f, 0xf7, 0xff,
    0x13, 0xff, 0xcf, 0xfe, 0x0, 0xff, 0xff, 0xb0,
    0x3f, 0xfc, 0xff, 0xe0, 0xa, 0xff, 0xf5, 0x3,
    0xff, 0xcf, 0xfe, 0x0, 0x4f, 0xff, 0x0, 0x3f,
    0xfc, 0xff, 0xe0, 0x0, 0xef, 0xa0, 0x3, 0xff,
    0xcf, 0xfe, 0x0, 0x5, 0x72, 0x0, 0x3f, 0xfc,
    0xff, 0xe0, 0x0, 0x0, 0x0, 0x3, 0xff, 0xc0,

    /* U+004E "N" */
    0xff, 0xf9, 0x0, 0x0, 0xa, 0xff, 0x7f, 0xff,
    0xf2, 0x0, 0x0, 0xaf, 0xf7, 0xff, 0xff, 0xa0,
    0x0, 0xa, 0xff, 0x7f, 0xff, 0xff, 0x20, 0x0,
    0xaf, 0xf7, 0xff, 0xdf, 0xfa, 0x0, 0xa, 0xff,
    0x7f, 0xfc, 0xaf, 0xf3, 0x0, 0xaf, 0xf7, 0xff,
    0xe3, 0xff, 0xb0, 0xa, 0xff, 0x7f, 0xff, 0xb,
    0xff, 0x30, 0x9f, 0xf7, 0xff, 0xf0, 0x4f, 0xfc,
    0x9, 0xff, 0x7f, 0xff, 0x10, 0xbf, 0xf3, 0x7f,
    0xf7, 0xff, 0xf1, 0x3, 0xff, 0xb6, 0xff, 0x7f,
    0xff, 0x10, 0xb, 0xff, 0x7f, 0xf7, 0xff, 0xf1,
    0x0, 0x3f, 0xfd, 0xff, 0x7f, 0xff, 0x10, 0x0,
    0xaf, 0xff, 0xf7, 0xff, 0xf1, 0x0, 0x2, 0xff,
    0xff, 0x7f, 0xff, 0x10, 0x0, 0xa, 0xff, 0xf7,
    0xff, 0xf1, 0x0, 0x0, 0x2f, 0xff, 0x70,

    /* U+004F "O" */
    0x0, 0x0, 0x6b, 0xef, 0xeb, 0x60, 0x0, 0x0,
    0x2, 0xdf, 0xff, 0xff, 0xff, 0xc1, 0x0, 0x1,
    0xef, 0xff, 0xfe, 0xff, 0xff, 0xd1, 0x0, 0xaf,
    0xff, 0x70, 0x0, 0x8f, 0xff, 0x90, 0x2f, 0xff,
    0x80, 0x0, 0x0, 0x8f, 0xff, 0x17, 0xff, 0xf0,
    0x0, 0x0, 0x1, 0xff, 0xf6, 0xaf, 0xfb, 0x0,
    0x0, 0x0, 0xc, 0xff, 0x9c, 0xff, 0x90, 0x0,
    0x0, 0x0, 0x9f, 0xfb, 0xcf, 0xf8, 0x0, 0x0,
    0x0, 0x9, 0xff, 0xbc, 0xff, 0x90, 0x0, 0x0,
    0x0, 0xaf, 0xfb, 0xaf, 0xfc, 0x0, 0x0, 0x0,
    0xc, 0xff, 0x96, 0xff, 0xf1, 0x0, 0x0, 0x1,
    0xff, 0xf5, 0x1f, 0xff, 0x90, 0x0, 0x0, 0x9f,
    0xff, 0x10, 0x9f, 0xff, 0x80, 0x1, 0x9f, 0xff,
    0x80, 0x1, 0xdf, 0xff, 0xfe, 0xff, 0xff, 0xd0,
    0x0, 0x2, 0xdf, 0xff, 0xff, 0xff, 0xc1, 0x0,
    0x0, 0x0, 0x6b, 0xff, 0xeb, 0x60, 0x0, 0x0,

    /* U+0050 "P" */
    0xff, 0xff, 0xff, 0xec, 0x81, 0x0, 0xff, 0xff,
    0xff, 0xff, 0xff, 0x40, 0xff, 0xfc, 0xab, 0xdf,
    0xff, 0xf1, 0xff, 0xf4, 0x0, 0x3, 0xff, 0xf7,
    0xff, 0xf4, 0x0, 0x0, 0x9f, 0xfa, 0xff, 0xf4,
    0x0, 0x0, 0x7f, 0xfb, 0xff, 0xf4, 0x0, 0x0,
    0xaf, 0xfa, 0xff, 0xf4, 0x0, 0x4, 0xff, 0xf6,
    0xff, 0xfb, 0xaa, 0xdf, 0xff, 0xd0, 0xff, 0xff,
    0xff, 0xff, 0xfd, 0x20, 0xff, 0xff, 0xff, 0xec,
    0x60, 0x0, 0xff, 0xf4, 0x0, 0x0, 0x0, 0x0,
    0xff, 0xf4, 0x0, 0x0, 0x0, 0x0, 0xff, 0xf4,
    0x0, 0x0, 0x0, 0x0, 0xff, 0xf4, 0x0, 0x0,
    0x0, 0x0, 0xff, 0xf4, 0x0, 0x0, 0x0, 0x0,
    0xff, 0xf4, 0x0, 0x0, 0x0, 0x0,

    /* U+0051 "Q" */
    0x0, 0x0, 0x6b, 0xef, 0xeb, 0x60, 0x0, 0x0,
    0x0, 0x2d, 0xff, 0xff, 0xff, 0xfc, 0x10, 0x0,
    0x1, 0xef, 0xff, 0xfe, 0xff, 0xff, 0xd1, 0x0,
    0xa, 0xff, 0xf7, 0x0, 0x8, 0xff, 0xf9, 0x0,
    0x2f, 0xff, 0x80, 0x0, 0x0, 0x8f, 0xff, 0x10,
    0x7f, 0xff, 0x0, 0x0, 0x0, 0x1f, 0xff, 0x60,
    0xaf, 0xfb, 0x0, 0x0, 0x0, 0xc, 0xff, 0x90,
    0xcf, 0xf9, 0x0, 0x0, 0x0, 0x9, 0xff, 0xb0,
    0xcf, 0xf8, 0x0, 0x0, 0x0, 0x9, 0xff, 0xb0,
    0xcf, 0xf9, 0x0, 0x0, 0x0, 0x9, 0xff, 0xb0,
    0xaf, 0xfb, 0x0, 0x0, 0x0, 0xc, 0xff, 0x90,
    0x6f, 0xff, 0x0, 0x0, 0x0, 0x1f, 0xff, 0x50,
    0x1f, 0xff, 0x70, 0x0, 0x0, 0x8f, 0xff, 0x10,
    0x9, 0xff, 0xf6, 0x0, 0x6, 0xff, 0xf8, 0x0,
    0x1, 0xdf, 0xff, 0xec, 0xef, 0xff, 0xd0, 0x0,
    0x0, 0x2d, 0xff, 0xff, 0xff, 0xfc, 0x10, 0x0,
    0x0, 0x0, 0x6c, 0xff, 0xfd, 0x60, 0x0, 0x0,
    0x0, 0x0, 0x0, 0xcf, 0xfc, 0x0, 0x0, 0x0,
    0x0, 0x0, 0x0, 0x3f, 0xff, 0xa1, 0x0, 0x0,
    0x0, 0x0, 0x0, 0x8, 0xff, 0xff, 0xbb, 0xe0,
    0x0, 0x0, 0x0, 0x0, 0x8f, 0xff, 0xff, 0xf4,
    0x0, 0x0, 0x0, 0x0, 0x3, 0xae, 0xff, 0xc4,

    /* U+0052 "R" */
    0xff, 0xff, 0xff, 0xfd, 0x93, 0x0, 0xf, 0xff,
    0xff, 0xff, 0xff, 0xf7, 0x0, 0xff, 0xfc, 0xaa,
    0xcf, 0xff, 0xf3, 0xf, 0xff, 0x40, 0x0, 0x1d,
    0xff, 0x90, 0xff, 0xf4, 0x0, 0x0, 0x7f, 0xfc,
    0xf, 0xff, 0x40, 0x0, 0x6, 0xff, 0xc0, 0xff,
    0xf4, 0x0, 0x0, 0xaf, 0xfa, 0xf, 0xff, 0x40,
    0x2, 0x8f, 0xff, 0x60, 0xff, 0xff, 0xff, 0xff,
    0xff, 0xc0, 0xf, 0xff, 0xff, 0xff, 0xff, 0xb1,
    0x0, 0xff, 0xfb, 0xac, 0xff, 0xe0, 0x0, 0xf,
    0xff, 0x40, 0x1f, 0xff, 0x70, 0x0, 0xff, 0xf4,
    0x0, 0x8f, 0xfe, 0x10, 0xf, 0xff, 0x40, 0x1,
    0xef, 0xf9, 0x0, 0xff, 0xf4, 0x0, 0x7, 0xff,
    0xf2, 0xf, 0xff, 0x40, 0x0, 0xe, 0xff, 0xa0,
    0xff, 0xf4, 0x0, 0x0, 0x6f, 0xff, 0x30,

    /* U+0053 "S" */
    0x0, 0x0, 0x7c, 0xff, 0xe9, 0x30, 0x0, 0x1,
    0xdf, 0xff, 0xff, 0xff, 0x90, 0x0, 0xcf, 0xff,
    0xfe, 0xff, 0xfe, 0x10, 0x3f, 0xff, 0x60, 0x0,
    0x6e, 0x40, 0x6, 0xff, 0xe0, 0x0, 0x0, 0x0,
    0x0, 0x5f, 0xff, 0x40, 0x0, 0x0, 0x0, 0x1,
    0xff, 0xff, 0xa3, 0x0, 0x0, 0x0, 0x6, 0xff,
    0xff, 0xfc, 0x60, 0x0, 0x0, 0x4, 0xdf, 0xff,
    0xff, 0xe3, 0x0, 0x0, 0x0, 0x5c, 0xff, 0xff,
    0xf2, 0x0, 0x0, 0x0, 0x3, 0xbf, 0xff, 0x90,
    0x0, 0x0, 0x0, 0x0, 0xaf, 0xfc, 0x0, 0x52,
    0x0, 0x0, 0x8, 0xff, 0xd0, 0x3f, 0xf8, 0x20,
    0x3, 0xef, 0xf9, 0xd, 0xff, 0xff, 0xee, 0xff,
    0xff, 0x20, 0x2c, 0xff, 0xff, 0xff, 0xff, 0x40,
    0x0, 0x4, 0xae, 0xff, 0xd8, 0x10, 0x0,

    /* U+0054 "T" */
    0x5f, 0xff, 0xff, 0xff, 0xff, 0xff, 0xf1, 0x5f,
    0xff, 0xff, 0xff, 0xff, 0xff, 0xf1, 0x4c, 0xcc,
    0xcf, 0xff, 0xec, 0xcc, 0xc1, 0x0, 0x0, 0xc,
    0xff, 0x70, 0x0, 0x0, 0x0, 0x0, 0xc, 0xff,
    0x70, 0x0, 0x0, 0x0, 0x0, 0xc, 0xff, 0x70,
    0x0, 0x0, 0x0, 0x0, 0xc, 0xff, 0x70, 0x0,
    0x0, 0x0, 0x0, 0xc, 0xff, 0x70, 0x0, 0x0,
    0x0, 0x0, 0xc, 0xff, 0x70, 0x0, 0x0, 0x0,
    0x0, 0xc, 0xff, 0x70, 0x0, 0x0, 0x0, 0x0,
    0xc, 0xff, 0x70, 0x0, 0x0, 0x0, 0x0, 0xc,
    0xff, 0x70, 0x0, 0x0, 0x0, 0x0, 0xc, 0xff,
    0x70, 0x0, 0x0, 0x0, 0x0, 0xc, 0xff, 0x70,
    0x0, 0x0, 0x0, 0x0, 0xc, 0xff, 0x70, 0x0,
    0x0, 0x0, 0x0, 0xc, 0xff, 0x70, 0x0, 0x0,
    0x0, 0x0, 0xc, 0xff, 0x70, 0x0, 0x0,

    /* U+0055 "U" */
    0x1f, 0xff, 0x20, 0x0, 0x0, 0x9f, 0xf8, 0x1f,
    0xff, 0x20, 0x0, 0x0, 0x9f, 0xf8, 0x1f, 0xff,
    0x20, 0x0, 0x0, 0x9f, 0xf8, 0x1f, 0xff, 0x20,
    0x0, 0x0, 0x9f, 0xf8, 0x1f, 0xff, 0x20, 0x0,
    0x0, 0x9f, 0xf8, 0x1f, 0xff, 0x20, 0x0, 0x0,
    0x9f, 0xf8, 0x1f, 0xff, 0x20, 0x0, 0x0, 0x9f,
    0xf8, 0x1f, 0xff, 0x20, 0x0, 0x0, 0x9f, 0xf8,
    0x1f, 0xff, 0x20, 0x0, 0x0, 0x9f, 0xf8, 0xf,
    0xff, 0x20, 0x0, 0x0, 0x9f, 0xf8, 0xf, 0xff,
    0x30, 0x0, 0x0, 0xaf, 0xf7, 0xe, 0xff, 0x50,
    0x0, 0x0, 0xcf, 0xf6, 0xb, 0xff, 0xa0, 0x0,
    0x2, 0xff, 0xf2, 0x6, 0xff, 0xf7, 0x0, 0x2c,
    0xff, 0xd0, 0x0, 0xdf, 0xff, 0xfe, 0xff, 0xff,
    0x50, 0x0, 0x2e, 0xff, 0xff, 0xff, 0xf8, 0x0,
    0x0, 0x1, 0x8d, 0xff, 0xeb, 0x40, 0x0,

    /* U+0056 "V" */
    0xf, 0xff, 0x70, 0x0, 0x0, 0xb, 0xff, 0x90,
    0xaf, 0xfb, 0x0, 0x0, 0x0, 0xff, 0xf4, 0x6,
    0xff, 0xf0, 0x0, 0x0, 0x3f, 0xff, 0x0, 0x1f,
    0xff, 0x30, 0x0, 0x7, 0xff, 0xb0, 0x0, 0xcf,
    0xf7, 0x0, 0x0, 0xbf, 0xf6, 0x0, 0x8, 0xff,
    0xb0, 0x0, 0xf, 0xff, 0x10, 0x0, 0x3f, 0xff,
    0x0, 0x3, 0xff, 0xd0, 0x0, 0x0, 0xef, 0xf4,
    0x0, 0x7f, 0xf8, 0x0, 0x0, 0xa, 0xff, 0x80,
    0xb, 0xff, 0x30, 0x0, 0x0, 0x5f, 0xfc, 0x0,
    0xff, 0xe0, 0x0, 0x0, 0x1, 0xff, 0xf0, 0x4f,
    0xfa, 0x0, 0x0, 0x0, 0xc, 0xff, 0x47, 0xff,
    0x50, 0x0, 0x0, 0x0, 0x7f, 0xf8, 0xbf, 0xf1,
    0x0, 0x0, 0x0, 0x2, 0xff, 0xcf, 0xfc, 0x0,
    0x0, 0x0, 0x0, 0xd, 0xff, 0xff, 0x70, 0x0,
    0x0, 0x0, 0x0, 0x9f, 0xff, 0xf3, 0x0, 0x0,
    0x0, 0x0, 0x4, 0xff, 0xfe, 0x0, 0x0, 0x0,

    /* U+0057 "W" */
    0x7f, 0xfc, 0x0, 0x0, 0x5f, 0xfa, 0x0, 0x0,
    0x7f, 0xf9, 0x4f, 0xff, 0x0, 0x0, 0x9f, 0xfe,
    0x0, 0x0, 0xaf, 0xf6, 0x1f, 0xff, 0x10, 0x0,
    0xcf, 0xff, 0x10, 0x0, 0xcf, 0xf3, 0xe, 0xff,
    0x40, 0x0, 0xff, 0xff, 0x50, 0x0, 0xff, 0xf1,
    0xc, 0xff, 0x60, 0x4, 0xff, 0xff, 0x90, 0x1,
    0xff, 0xe0, 0x9, 0xff, 0x90, 0x7, 0xfe, 0xcf,
    0xc0, 0x4, 0xff, 0xb0, 0x6, 0xff, 0xb0, 0xb,
    0xfb, 0x9f, 0xf0, 0x6, 0xff, 0x80, 0x3, 0xff,
    0xe0, 0xe, 0xf8, 0x6f, 0xf4, 0x9, 0xff, 0x50,
    0x0, 0xff, 0xf0, 0x2f, 0xf5, 0x3f, 0xf7, 0xb,
    0xff, 0x20, 0x0, 0xdf, 0xf2, 0x5f, 0xf1, 0xf,
    0xfa, 0xd, 0xff, 0x0, 0x0, 0xaf, 0xf5, 0x8f,
    0xe0, 0xc, 0xfd, 0xf, 0xfd, 0x0, 0x0, 0x7f,
    0xf7, 0xbf, 0xb0, 0x9, 0xff, 0x2f, 0xfa, 0x0,
    0x0, 0x4f, 0xf9, 0xef, 0x70, 0x5, 0xff, 0x7f,
    0xf7, 0x0, 0x0, 0x1f, 0xfd, 0xff, 0x40, 0x2,
    0xff, 0xdf, 0xf4, 0x0, 0x0, 0xe, 0xff, 0xff,
    0x10, 0x0, 0xef, 0xff, 0xf1, 0x0, 0x0, 0xb,
    0xff, 0xfd, 0x0, 0x0, 0xbf, 0xff, 0xf0, 0x0,
    0x0, 0x8, 0xff, 0xfa, 0x0, 0x0, 0x7f, 0xff,
    0xc0, 0x0,

    /* U+0058 "X" */
    0x2f, 0xff, 0x60, 0x0, 0x7, 0xff, 0xe0, 0xa,
    0xff, 0xe0, 0x0, 0xd, 0xff, 0x70, 0x2, 0xff,
    0xf5, 0x0, 0x5f, 0xfe, 0x0, 0x0, 0x9f, 0xfd,
    0x0, 0xcf, 0xf6, 0x0, 0x0, 0x1f, 0xff, 0x43,
    0xff, 0xd0, 0x0, 0x0, 0x8, 0xff, 0xb9, 0xff,
    0x60, 0x0, 0x0, 0x1, 0xff, 0xff, 0xfd, 0x0,
    0x0, 0x0, 0x0, 0x8f, 0xff, 0xf5, 0x0, 0x0,
    0x0, 0x0, 0x4f, 0xff, 0xf0, 0x0, 0x0, 0x0,
    0x0, 0xcf, 0xff, 0xf7, 0x0, 0x0, 0x0, 0x4,
    0xff, 0xdf, 0xff, 0x10, 0x0, 0x0, 0xc, 0xff,
    0x4b, 0xff, 0x80, 0x0, 0x0, 0x5f, 0xfd, 0x4,
    0xff, 0xf1, 0x0, 0x0, 0xdf, 0xf6, 0x0, 0xdf,
    0xfa, 0x0, 0x5, 0xff, 0xe0, 0x0, 0x5f, 0xff,
    0x20, 0xd, 0xff, 0x70, 0x0, 0xd, 0xff, 0xb0,
    0x6f, 0xff, 0x0, 0x0, 0x5, 0xff, 0xf3,

    /* U+0059 "Y" */
    0xe, 0xff, 0x80, 0x0, 0x0, 0xaf, 0xfa, 0x7,
    0xff, 0xe0, 0x0, 0x1, 0xff, 0xf3, 0x0, 0xff,
    0xf4, 0x0, 0x7, 0xff, 0xc0, 0x0, 0x8f, 0xfb,
    0x0, 0xd, 0xff, 0x50, 0x0, 0x1f, 0xff, 0x10,
    0x3f, 0xfd, 0x0, 0x0, 0xa, 0xff, 0x70, 0x9f,
    0xf6, 0x0, 0x0, 0x2, 0xff, 0xd0, 0xff, 0xe0,
    0x0, 0x0, 0x0, 0xbf, 0xf9, 0xff, 0x80, 0x0,
    0x0, 0x0, 0x4f, 0xff, 0xff, 0x10, 0x0, 0x0,
    0x0, 0xc, 0xff, 0xf9, 0x0, 0x0, 0x0, 0x0,
    0x5, 0xff, 0xf2, 0x0, 0x0, 0x0, 0x0, 0x3,
    0xff, 0xf0, 0x0, 0x0, 0x0, 0x0, 0x3, 0xff,
    0xf0, 0x0, 0x0, 0x0, 0x0, 0x3, 0xff, 0xf0,
    0x0, 0x0, 0x0, 0x0, 0x3, 0xff, 0xf0, 0x0,
    0x0, 0x0, 0x0, 0x3, 0xff, 0xf0, 0x0, 0x0,
    0x0, 0x0, 0x3, 0xff, 0xf0, 0x0, 0x0,

    /* U+005A "Z" */
    0x5, 0xff, 0xff, 0xff, 0xff, 0xff, 0x80, 0x5f,
    0xff, 0xff, 0xff, 0xff, 0xf8, 0x4, 0xcc, 0xcc,
    0xcc, 0xef, 0xff, 0x30, 0x0, 0x0, 0x0, 0xd,
    0xff, 0x90, 0x0, 0x0, 0x0, 0x8, 0xff, 0xe1,
    0x0, 0x0, 0x0, 0x2, 0xff, 0xf5, 0x0, 0x0,
    0x0, 0x0, 0xcf, 0xfb, 0x0, 0x0, 0x0, 0x0,
    0x6f, 0xff, 0x20, 0x0, 0x0, 0x0, 0x1e, 0xff,
    0x80, 0x0, 0x0, 0x0, 0xa, 0xff, 0xd0, 0x0,
    0x0, 0x0, 0x4, 0xff, 0xf4, 0x0, 0x0, 0x0,
    0x0, 0xdf, 0xfa, 0x0, 0x0, 0x0, 0x0, 0x8f,
    0xfe, 0x10, 0x0, 0x0, 0x0, 0x2f, 0xff, 0x60,
    0x0, 0x0, 0x0, 0xb, 0xff, 0xfd, 0xdd, 0xdd,
    0xdd, 0x70, 0xff, 0xff, 0xff, 0xff, 0xff, 0xf9,
    0xf, 0xff, 0xff, 0xff, 0xff, 0xff, 0x90,

    /* U+005B "[" */
    0xcf, 0xff, 0xf4, 0xcf, 0xec, 0xc3, 0xcf, 0xa0,
    0x0, 0xcf, 0xa0, 0x0, 0xcf, 0xa0, 0x0, 0xcf,
    0xa0, 0x0, 0xcf, 0xa0, 0x0, 0xcf, 0xa0, 0x0,
    0xcf, 0xa0, 0x0, 0xcf, 0xa0, 0x0, 0xcf, 0xa0,
    0x0, 0xcf, 0xa0, 0x0, 0xcf, 0xa0, 0x0, 0xcf,
    0xa0, 0x0, 0xcf, 0xa0, 0x0, 0xcf, 0xa0, 0x0,
    0xcf, 0xa0, 0x0, 0xcf, 0xa0, 0x0, 0xcf, 0xa0,
    0x0, 0xcf, 0xa0, 0x0, 0xcf, 0xec, 0xc3, 0xcf,
    0xff, 0xf4,

    /* U+005C "\\" */
    0x4f, 0xe0, 0x0, 0x0, 0x0, 0xff, 0x10, 0x0,
    0x0, 0xc, 0xf5, 0x0, 0x0, 0x0, 0x8f, 0x90,
    0x0, 0x0, 0x4, 0xfd, 0x0, 0x0, 0x0, 0x1f,
    0xf1, 0x0, 0x0, 0x0, 0xdf, 0x50, 0x0, 0x0,
    0x9, 0xf9, 0x0, 0x0, 0x0, 0x5f, 0xd0, 0x0,
    0x0, 0x1, 0xff, 0x10, 0x0, 0x0, 0xd, 0xf5,
    0x0, 0x0, 0x0, 0x9f, 0x80, 0x0, 0x0, 0x5,
    0xfc, 0x0, 0x0, 0x0, 0x1f, 0xf0, 0x0, 0x0,
    0x0, 0xdf, 0x40, 0x0, 0x0, 0xa, 0xf8, 0x0,
    0x0, 0x0, 0x6f, 0xc0, 0x0, 0x0, 0x2, 0xff,
    0x0, 0x0, 0x0, 0xe, 0xf4, 0x0, 0x0, 0x0,
    0xaf, 0x80, 0x0, 0x0, 0x6, 0xfc, 0x0, 0x0,
    0x0, 0x2f, 0xf0, 0x0, 0x0, 0x0, 0x78, 0x10,

    /* U+005D "]" */
    0xff, 0xff, 0xf1, 0xbc, 0xdf, 0xf1, 0x0, 0x5f,
    0xf1, 0x0, 0x5f, 0xf1, 0x0, 0x5f, 0xf1, 0x0,
    0x5f, 0xf1, 0x0, 0x5f, 0xf1, 0x0, 0x5f, 0xf1,
    0x0, 0x5f, 0xf1, 0x0, 0x5f, 0xf1, 0x0, 0x5f,
    0xf1, 0x0, 0x5f, 0xf1, 0x0, 0x5f, 0xf1, 0x0,
    0x5f, 0xf1, 0x0, 0x5f, 0xf1, 0x0, 0x5f, 0xf1,
    0x0, 0x5f, 0xf1, 0x0, 0x5f, 0xf1, 0x0, 0x5f,
    0xf1, 0x0, 0x5f, 0xf1, 0xbc, 0xdf, 0xf1, 0xff,
    0xff, 0xf1,

    /* U+005E "^" */
    0x0, 0x0, 0xff, 0xf0, 0x0, 0x0, 0x0, 0x6f,
    0xff, 0x60, 0x0, 0x0, 0xc, 0xff, 0xfc, 0x0,
    0x0, 0x2, 0xff, 0x8f, 0xf2, 0x0, 0x0, 0x9f,
    0xe0, 0xef, 0x80, 0x0, 0xe, 0xf9, 0x9, 0xfe,
    0x0, 0x5, 0xff, 0x40, 0x4f, 0xf4, 0x0, 0xbf,
    0xe0, 0x0, 0xef, 0xb0, 0x1f, 0xf8, 0x0, 0x9,
    0xff, 0x17, 0xff, 0x20, 0x0, 0x3f, 0xf7,

    /* U+005F "_" */
    0xaf, 0xff, 0xff, 0xff, 0xff, 0xff, 0x2b, 0xff,
    0xff, 0xff, 0xff, 0xff, 0xf2,

    /* U+0060 "`" */
    0x0, 0xa1, 0x0, 0x0, 0xcf, 0xc0, 0x0, 0x4f,
    0xff, 0x90, 0x0, 0x4f, 0xff, 0x60, 0x0, 0x3e,
    0xff, 0x20, 0x0, 0x2e, 0x90, 0x0, 0x0, 0x10,
    0x0,

    /* U+0061 "a" */
    0x0, 0x5a, 0xef, 0xfb, 0x30, 0x2, 0xdf, 0xff,
    0xff, 0xff, 0x40, 0xe, 0xff, 0xbb, 0xff, 0xfe,
    0x0, 0x66, 0x0, 0x3, 0xff, 0xf3, 0x0, 0x0,
    0x0, 0x2e, 0xff, 0x50, 0x1, 0x7c, 0xff, 0xff,
    0xf6, 0x7, 0xff, 0xff, 0xdf, 0xff, 0x76, 0xff,
    0xf6, 0x10, 0xcf, 0xf7, 0xcf, 0xf5, 0x0, 0xc,
    0xff, 0x7d, 0xff, 0x40, 0x3, 0xff, 0xf7, 0xbf,
    0xff, 0xab, 0xff, 0xff, 0x73, 0xff, 0xff, 0xff,
    0xbf, 0xf7, 0x4, 0xcf, 0xea, 0x24, 0xff, 0x70,

    /* U+0062 "b" */
    0x4f, 0xff, 0x0, 0x0, 0x0, 0x0, 0x4, 0xff,
    0xf0, 0x0, 0x0, 0x0, 0x0, 0x4f, 0xff, 0x0,
    0x0, 0x0, 0x0, 0x4, 0xff, 0xf0, 0x0, 0x0,
    0x0, 0x0, 0x4f, 0xff, 0x0, 0x0, 0x0, 0x0,
    0x4, 0xff, 0xe1, 0x9e, 0xfd, 0x70, 0x0, 0x4f,
    0xff, 0xef, 0xff, 0xff, 0xa0, 0x4, 0xff, 0xff,
    0xec, 0xff, 0xff, 0x50, 0x4f, 0xff, 0x80, 0x1,
    0xdf, 0xfb, 0x4, 0xff, 0xf0, 0x0, 0x6, 0xff,
    0xf0, 0x4f, 0xff, 0x0, 0x0, 0x3f, 0xff, 0x14,
    0xff, 0xf0, 0x0, 0x2, 0xff, 0xf2, 0x4f, 0xff,
    0x0, 0x0, 0x4f, 0xff, 0x14, 0xff, 0xf0, 0x0,
    0x8, 0xff, 0xe0, 0x4f, 0xff, 0x40, 0x3, 0xff,
    0xf9, 0x4, 0xff, 0xff, 0xdc, 0xff, 0xff, 0x10,
    0x4f, 0xfc, 0xff, 0xff, 0xff, 0x40, 0x4, 0xff,
    0x53, 0xbf, 0xfb, 0x20, 0x0,

    /* U+0063 "c" */
    0x0, 0x0, 0x6c, 0xff, 0xd7, 0x0, 0x1, 0xcf,
    0xff, 0xff, 0xf9, 0x0, 0xcf, 0xff, 0xdb, 0xee,
    0x10, 0x6f, 0xff, 0x60, 0x0, 0x30, 0xc, 0xff,
    0xb0, 0x0, 0x0, 0x0, 0xff, 0xf6, 0x0, 0x0,
    0x0, 0xf, 0xff, 0x40, 0x0, 0x0, 0x0, 0xff,
    0xf6, 0x0, 0x0, 0x0, 0xc, 0xff, 0xb0, 0x0,
    0x0, 0x0, 0x7f, 0xff, 0x60, 0x0, 0x70, 0x0,
    0xdf, 0xff, 0xdb, 0xef, 0x60, 0x2, 0xef, 0xff,
    0xff, 0xfc, 0x0, 0x1, 0x8d, 0xff, 0xc6, 0x0,

    /* U+0064 "d" */
    0x0, 0x0, 0x0, 0x0, 0xcf, 0xf7, 0x0, 0x0,
    0x0, 0x0, 0xcf, 0xf7, 0x0, 0x0, 0x0, 0x0,
    0xcf, 0xf7, 0x0, 0x0, 0x0, 0x0, 0xcf, 0xf7,
    0x0, 0x0, 0x0, 0x0, 0xcf, 0xf7, 0x0, 0x1a,
    0xef, 0xc4, 0xbf, 0xf7, 0x3, 0xef, 0xff, 0xff,
    0xef, 0xf7, 0xd, 0xff, 0xfc, 0xdf, 0xff, 0xf7,
    0x6f, 0xff, 0x50, 0x2, 0xef, 0xf7, 0xbf, 0xfb,
    0x0, 0x0, 0xcf, 0xf7, 0xef, 0xf6, 0x0, 0x0,
    0xcf, 0xf7, 0xff, 0xf5, 0x0, 0x0, 0xcf, 0xf7,
    0xef, 0xf6, 0x0, 0x0, 0xcf, 0xf7, 0xcf, 0xfa,
    0x0, 0x0, 0xcf, 0xf7, 0x8f, 0xff, 0x30, 0x4,
    0xff, 0xf7, 0x1f, 0xff, 0xfc, 0xdf, 0xff, 0xf7,
    0x6, 0xff, 0xff, 0xff, 0xcf, 0xf7, 0x0, 0x4b,
    0xff, 0xb3, 0x4f, 0xf7,

    /* U+0065 "e" */
    0x0, 0x0, 0x7d, 0xff, 0xb4, 0x0, 0x0, 0x2d,
    0xff, 0xff, 0xff, 0x60, 0x0, 0xdf, 0xfd, 0x9a,
    0xff, 0xf2, 0x6, 0xff, 0xb0, 0x0, 0x5f, 0xf8,
    0xc, 0xff, 0x30, 0x0, 0xf, 0xfc, 0xf, 0xff,
    0xff, 0xff, 0xff, 0xfd, 0xf, 0xff, 0xff, 0xff,
    0xff, 0xfd, 0xf, 0xff, 0x64, 0x44, 0x44, 0x42,
    0xc, 0xff, 0x70, 0x0, 0x0, 0x0, 0x6, 0xff,
    0xf3, 0x0, 0x1, 0x20, 0x0, 0xdf, 0xff, 0xb9,
    0xbf, 0xc0, 0x0, 0x2d, 0xff, 0xff, 0xff, 0xf3,
    0x0, 0x0, 0x7c, 0xff, 0xd9, 0x20,

    /* U+0066 "f" */
    0x0, 0x1, 0x9e, 0xfe, 0x90, 0x0, 0xdf, 0xff,
    0xfa, 0x0, 0x5f, 0xff, 0xba, 0x50, 0xa, 0xff,
    0xb0, 0x0, 0x0, 0xbf, 0xf8, 0x0, 0x5, 0xef,
    0xff, 0xff, 0xd0, 0x6f, 0xff, 0xff, 0xfd, 0x3,
    0xae, 0xff, 0xda, 0x80, 0x0, 0xbf, 0xf8, 0x0,
    0x0, 0xb, 0xff, 0x80, 0x0, 0x0, 0xbf, 0xf8,
    0x0, 0x0, 0xb, 0xff, 0x80, 0x0, 0x0, 0xbf,
    0xf8, 0x0, 0x0, 0xb, 0xff, 0x80, 0x0, 0x0,
    0xbf, 0xf8, 0x0, 0x0, 0xb, 0xff, 0x80, 0x0,
    0x0, 0xbf, 0xf8, 0x0, 0x0, 0xb, 0xff, 0x80,
    0x0,

    /* U+0067 "g" */
    0x0, 0x6, 0xcf, 0xff, 0xff, 0xff, 0x90, 0xb,
    0xff, 0xff, 0xff, 0xff, 0xf9, 0x6, 0xff, 0xf7,
    0x5b, 0xff, 0xc7, 0x40, 0xaf, 0xf7, 0x0, 0xe,
    0xfe, 0x0, 0xa, 0xff, 0x60, 0x0, 0xdf, 0xf0,
    0x0, 0x5f, 0xfd, 0x20, 0x7f, 0xfc, 0x0, 0x0,
    0x9f, 0xff, 0xff, 0xff, 0x40, 0x0, 0x7, 0xfe,
    0xff, 0xfa, 0x30, 0x0, 0x2, 0xff, 0x40, 0x0,
    0x0, 0x0, 0x0, 0x6f, 0xf3, 0x0, 0x0, 0x0,
    0x0, 0x5, 0xff, 0xe9, 0x99, 0x97, 0x40, 0x0,
    0xc, 0xff, 0xff, 0xff, 0xff, 0xd1, 0x0, 0xbf,
    0xef, 0xff, 0xff, 0xff, 0x90, 0xaf, 0xd0, 0x0,
    0x1, 0x9f, 0xfc, 0xf, 0xfa, 0x0, 0x0, 0x6,
    0xff, 0xa0, 0xff, 0xf8, 0x32, 0x38, 0xff, 0xf3,
    0x6, 0xff, 0xff, 0xff, 0xff, 0xe4, 0x0, 0x4,
    0xae, 0xff, 0xeb, 0x71, 0x0,

    /* U+0068 "h" */
    0x4f, 0xff, 0x0, 0x0, 0x0, 0x0, 0x4f, 0xff,
    0x0, 0x0, 0x0, 0x0, 0x4f, 0xff, 0x0, 0x0,
    0x0, 0x0, 0x4f, 0xff, 0x0, 0x0, 0x0, 0x0,
    0x4f, 0xff, 0x0, 0x0, 0x0, 0x0, 0x4f, 0xfe,
    0x6, 0xdf, 0xe9, 0x0, 0x4f, 0xfe, 0xbf, 0xff,
    0xff, 0xa0, 0x4f, 0xff, 0xff, 0xdf, 0xff, 0xf2,
    0x4f, 0xff, 0xb1, 0x2, 0xff, 0xf6, 0x4f, 0xff,
    0x0, 0x0, 0xcf, 0xf7, 0x4f, 0xff, 0x0, 0x0,
    0xbf, 0xf8, 0x4f, 0xff, 0x0, 0x0, 0xbf, 0xf8,
    0x4f, 0xff, 0x0, 0x0, 0xbf, 0xf8, 0x4f, 0xff,
    0x0, 0x0, 0xbf, 0xf8, 0x4f, 0xff, 0x0, 0x0,
    0xbf, 0xf8, 0x4f, 0xff, 0x0, 0x0, 0xbf, 0xf8,
    0x4f, 0xff, 0x0, 0x0, 0xbf, 0xf8, 0x4f, 0xff,
    0x0, 0x0, 0xbf, 0xf8,

    /* U+0069 "i" */
    0x1c, 0xf9, 0x7, 0xff, 0xf3, 0x5f, 0xff, 0x10,
    0x69, 0x40, 0x0, 0x0, 0x4, 0xff, 0xf0, 0x4f,
    0xff, 0x4, 0xff, 0xf0, 0x4f, 0xff, 0x4, 0xff,
    0xf0, 0x4f, 0xff, 0x4, 0xff, 0xf0, 0x4f, 0xff,
    0x4, 0xff, 0xf0, 0x4f, 0xff, 0x4, 0xff, 0xf0,
    0x4f, 0xff, 0x4, 0xff, 0xf0,

    /* U+006A "j" */
    0x0, 0x1, 0xcf, 0xa0, 0x0, 0x7, 0xff, 0xf3,
    0x0, 0x5, 0xff, 0xf2, 0x0, 0x0, 0x69, 0x40,
    0x0, 0x0, 0x0, 0x0, 0x0, 0x3, 0xff, 0xf0,
    0x0, 0x3, 0xff, 0xf0, 0x0, 0x3, 0xff, 0xf0,
    0x0, 0x3, 0xff, 0xf0, 0x0, 0x3, 0xff, 0xf0,
    0x0, 0x3, 0xff, 0xf0, 0x0, 0x3, 0xff, 0xf0,
    0x0, 0x3, 0xff, 0xf0, 0x0, 0x3, 0xff, 0xf0,
    0x0, 0x3, 0xff, 0xf0, 0x0, 0x3, 0xff, 0xf0,
    0x0, 0x3, 0xff, 0xf0, 0x0, 0x3, 0xff, 0xf0,
    0x0, 0x4, 0xff, 0xf0, 0x0, 0x6, 0xff, 0xe0,
    0x8, 0xaf, 0xff, 0xa0, 0xe, 0xff, 0xff, 0x20,
    0x1d, 0xff, 0xb3, 0x0,

    /* U+006B "k" */
    0x4f, 0xfe, 0x0, 0x0, 0x0, 0x0, 0x4, 0xff,
    0xe0, 0x0, 0x0, 0x0, 0x0, 0x4f, 0xfe, 0x0,
    0x0, 0x0, 0x0, 0x4, 0xff, 0xe0, 0x0, 0x0,
    0x0, 0x0, 0x4f, 0xfe, 0x0, 0x0, 0x0, 0x0,
    0x4, 0xff, 0xe0, 0x0, 0x3f, 0xff, 0x50, 0x4f,
    0xfe, 0x0, 0xd, 0xff, 0x90, 0x4, 0xff, 0xe0,
    0xa, 0xff, 0xc0, 0x0, 0x4f, 0xfe, 0x6, 0xff,
    0xe1, 0x0, 0x4, 0xff, 0xe3, 0xff, 0xf3, 0x0,
    0x0, 0x4f, 0xff, 0xdf, 0xfb, 0x0, 0x0, 0x4,
    0xff, 0xff, 0xff, 0xf3, 0x0, 0x0, 0x4f, 0xff,
    0xfe, 0xff, 0xd0, 0x0, 0x4, 0xff, 0xfd, 0x1d,
    0xff, 0x60, 0x0, 0x4f, 0xff, 0x20, 0x4f, 0xff,
    0x10, 0x4, 0xff, 0xe0, 0x0, 0xbf, 0xfa, 0x0,
    0x4f, 0xfe, 0x0, 0x3, 0xff, 0xf4, 0x4, 0xff,
    0xe0, 0x0, 0xa, 0xff, 0xd0,

    /* U+006C "l" */
    0x4f, 0xff, 0x0, 0x4f, 0xff, 0x0, 0x4f, 0xff,
    0x0, 0x4f, 0xff, 0x0, 0x4f, 0xff, 0x0, 0x4f,
    0xff, 0x0, 0x4f, 0xff, 0x0, 0x4f, 0xff, 0x0,
    0x4f, 0xff, 0x0, 0x4f, 0xff, 0x0, 0x4f, 0xff,
    0x0, 0x4f, 0xff, 0x0, 0x4f, 0xff, 0x0, 0x4f,
    0xff, 0x0, 0x4f, 0xff, 0x0, 0x2f, 0xff, 0xc1,
    0xd, 0xff, 0xf4, 0x2, 0xcf, 0xf5,

    /* U+006D "m" */
    0x4f, 0xf7, 0x7, 0xef, 0xe7, 0x0, 0x4c, 0xff,
    0xa1, 0x4, 0xff, 0xac, 0xff, 0xff, 0xf7, 0x7f,
    0xff, 0xff, 0xb0, 0x4f, 0xff, 0xff, 0xef, 0xff,
    0xff, 0xfe, 0xff, 0xff, 0x34, 0xff, 0xfb, 0x10,
    0x6f, 0xff, 0xe3, 0x1, 0xff, 0xf7, 0x4f, 0xff,
    0x0, 0x0, 0xff, 0xf5, 0x0, 0xb, 0xff, 0x84,
    0xff, 0xf0, 0x0, 0xf, 0xff, 0x40, 0x0, 0xaf,
    0xf9, 0x4f, 0xff, 0x0, 0x0, 0xff, 0xf4, 0x0,
    0xa, 0xff, 0x94, 0xff, 0xf0, 0x0, 0xf, 0xff,
    0x40, 0x0, 0xaf, 0xf9, 0x4f, 0xff, 0x0, 0x0,
    0xff, 0xf4, 0x0, 0xa, 0xff, 0x94, 0xff, 0xf0,
    0x0, 0xf, 0xff, 0x40, 0x0, 0xaf, 0xf9, 0x4f,
    0xff, 0x0, 0x0, 0xff, 0xf4, 0x0, 0xa, 0xff,
    0x94, 0xff, 0xf0, 0x0, 0xf, 0xff, 0x40, 0x0,
    0xaf, 0xf9, 0x4f, 0xff, 0x0, 0x0, 0xff, 0xf4,
    0x0, 0xa, 0xff, 0x90,

    /* U+006E "n" */
    0x4f, 0xf7, 0x7, 0xdf, 0xe9, 0x0, 0x4f, 0xfa,
    0xcf, 0xff, 0xff, 0xa0, 0x4f, 0xff, 0xff, 0xdf,
    0xff, 0xf2, 0x4f, 0xff, 0xb1, 0x2, 0xff, 0xf6,
    0x4f, 0xff, 0x0, 0x0, 0xcf, 0xf7, 0x4f, 0xff,
    0x0, 0x0, 0xbf, 0xf8, 0x4f, 0xff, 0x0, 0x0,
    0xbf, 0xf8, 0x4f, 0xff, 0x0, 0x0, 0xbf, 0xf8,
    0x4f, 0xff, 0x0, 0x0, 0xbf, 0xf8, 0x4f, 0xff,
    0x0, 0x0, 0xbf, 0xf8, 0x4f, 0xff, 0x0, 0x0,
    0xbf, 0xf8, 0x4f, 0xff, 0x0, 0x0, 0xbf, 0xf8,
    0x4f, 0xff, 0x0, 0x0, 0xbf, 0xf8,

    /* U+006F "o" */
    0x0, 0x0, 0x7d, 0xff, 0xc5, 0x0, 0x0, 0x2,
    0xdf, 0xff, 0xff, 0xfb, 0x0, 0x0, 0xdf, 0xff,
    0xcd, 0xff, 0xfa, 0x0, 0x6f, 0xff, 0x30, 0x6,
    0xff, 0xf3, 0xc, 0xff, 0x90, 0x0, 0xd, 0xff,
    0x80, 0xff, 0xf5, 0x0, 0x0, 0x9f, 0xfb, 0xf,
    0xff, 0x40, 0x0, 0x8, 0xff, 0xc0, 0xff, 0xf5,
    0x0, 0x0, 0x9f, 0xfb, 0xc, 0xff, 0x90, 0x0,
    0xd, 0xff, 0x80, 0x6f, 0xff, 0x30, 0x6, 0xff,
    0xf3, 0x0, 0xdf, 0xff, 0xcd, 0xff, 0xfa, 0x0,
    0x2, 0xdf, 0xff, 0xff, 0xfb, 0x0, 0x0, 0x0,
    0x7d, 0xff, 0xc5, 0x0, 0x0,

    /* U+0070 "p" */
    0x4f, 0xf7, 0x19, 0xef, 0xd7, 0x0, 0x4, 0xff,
    0xdf, 0xff, 0xff, 0xfa, 0x0, 0x4f, 0xff, 0xfe,
    0xcf, 0xff, 0xf5, 0x4, 0xff, 0xf8, 0x0, 0x1d,
    0xff, 0xb0, 0x4f, 0xff, 0x0, 0x0, 0x6f, 0xff,
    0x4, 0xff, 0xf0, 0x0, 0x3, 0xff, 0xf1, 0x4f,
    0xff, 0x0, 0x0, 0x2f, 0xff, 0x24, 0xff, 0xf0,
    0x0, 0x4, 0xff, 0xf1, 0x4f, 0xff, 0x0, 0x0,
    0x8f, 0xfe, 0x4, 0xff, 0xf4, 0x0, 0x3f, 0xff,
    0x90, 0x4f, 0xff, 0xfd, 0xcf, 0xff, 0xf1, 0x4,
    0xff, 0xff, 0xff, 0xff, 0xf4, 0x0, 0x4f, 0xfe,
    0x2b, 0xff, 0xb2, 0x0, 0x4, 0xff, 0xf0, 0x0,
    0x0, 0x0, 0x0, 0x4f, 0xff, 0x0, 0x0, 0x0,
    0x0, 0x4, 0xff, 0xf0, 0x0, 0x0, 0x0, 0x0,
    0x4f, 0xff, 0x0, 0x0, 0x0, 0x0, 0x4, 0xff,
    0xf0, 0x0, 0x0, 0x0, 0x0,

    /* U+0071 "q" */
    0x0, 0x1a, 0xef, 0xd6, 0x3f, 0xf7, 0x3, 0xef,
    0xff, 0xff, 0xdf, 0xf7, 0xd, 0xff, 0xfc, 0xdf,
    0xff, 0xf7, 0x6f, 0xff, 0x50, 0x2, 0xef, 0xf7,
    0xbf, 0xfb, 0x0, 0x0, 0xcf, 0xf7, 0xef, 0xf6,
    0x0, 0x0, 0xcf, 0xf7, 0xff, 0xf5, 0x0, 0x0,
    0xcf, 0xf7, 0xef, 0xf6, 0x0, 0x0, 0xcf, 0xf7,
    0xcf, 0xfa, 0x0, 0x0, 0xcf, 0xf7, 0x8f, 0xff,
    0x30, 0x4, 0xff, 0xf7, 0x1f, 0xff, 0xfc, 0xdf,
    0xff, 0xf7, 0x6, 0xff, 0xff, 0xff, 0xef, 0xf7,
    0x0, 0x4b, 0xff, 0xb2, 0xbf, 0xf7, 0x0, 0x0,
    0x0, 0x0, 0xcf, 0xf7, 0x0, 0x0, 0x0, 0x0,
    0xcf, 0xf7, 0x0, 0x0, 0x0, 0x0, 0xcf, 0xf7,
    0x0, 0x0, 0x0, 0x0, 0xcf, 0xf7, 0x0, 0x0,
    0x0, 0x0, 0xcf, 0xf7,

    /* U+0072 "r" */
    0x4f, 0xf6, 0x7, 0xef, 0x84, 0xff, 0x89, 0xff,
    0xf5, 0x4f, 0xfe, 0xff, 0xff, 0x34, 0xff, 0xff,
    0x60, 0x0, 0x4f, 0xff, 0x70, 0x0, 0x4, 0xff,
    0xf0, 0x0, 0x0, 0x4f, 0xff, 0x0, 0x0, 0x4,
    0xff, 0xf0, 0x0, 0x0, 0x4f, 0xff, 0x0, 0x0,
    0x4, 0xff, 0xf0, 0x0, 0x0, 0x4f, 0xff, 0x0,
    0x0, 0x4, 0xff, 0xf0, 0x0, 0x0, 0x4f, 0xff,
    0x0, 0x0, 0x0,

    /* U+0073 "s" */
    0x0, 0x18, 0xdf, 0xfc, 0x60, 0x0, 0x1d, 0xff,
    0xff, 0xff, 0xb0, 0x8, 0xff, 0xe8, 0x8d, 0xf5,
    0x0, 0xbf, 0xf5, 0x0, 0x4, 0x0, 0xa, 0xff,
    0xb1, 0x0, 0x0, 0x0, 0x3f, 0xff, 0xfb, 0x40,
    0x0, 0x0, 0x3d, 0xff, 0xff, 0xc1, 0x0, 0x0,
    0x5, 0xcf, 0xff, 0xc0, 0x0, 0x0, 0x0, 0x4f,
    0xff, 0x10, 0x38, 0x0, 0x0, 0xef, 0xf2, 0xd,
    0xfe, 0x98, 0xcf, 0xfd, 0x2, 0xdf, 0xff, 0xff,
    0xff, 0x40, 0x0, 0x6b, 0xff, 0xea, 0x20, 0x0,

    /* U+0074 "t" */
    0x0, 0x28, 0x83, 0x0, 0x0, 0x5, 0xff, 0x60,
    0x0, 0x0, 0x7f, 0xf6, 0x0, 0x0, 0x9, 0xff,
    0x60, 0x0, 0x7e, 0xff, 0xff, 0xff, 0x78, 0xff,
    0xff, 0xff, 0xf7, 0x5a, 0xef, 0xfc, 0xaa, 0x40,
    0xc, 0xff, 0x60, 0x0, 0x0, 0xcf, 0xf6, 0x0,
    0x0, 0xc, 0xff, 0x60, 0x0, 0x0, 0xcf, 0xf6,
    0x0, 0x0, 0xc, 0xff, 0x60, 0x0, 0x0, 0xcf,
    0xf6, 0x0, 0x0, 0xb, 0xff, 0xa0, 0x0, 0x0,
    0x7f, 0xff, 0xca, 0x50, 0x1, 0xef, 0xff, 0xfa,
    0x0, 0x2, 0xbf, 0xfe, 0x80,

    /* U+0075 "u" */
    0x6f, 0xfd, 0x0, 0x0, 0xff, 0xf4, 0x6f, 0xfd,
    0x0, 0x0, 0xff, 0xf4, 0x6f, 0xfd, 0x0, 0x0,
    0xff, 0xf4, 0x6f, 0xfd, 0x0, 0x0, 0xff, 0xf4,
    0x6f, 0xfd, 0x0, 0x0, 0xff, 0xf4, 0x6f, 0xfd,
    0x0, 0x0, 0xff, 0xf4, 0x6f, 0xfd, 0x0, 0x0,
    0xff, 0xf4, 0x6f, 0xfd, 0x0, 0x0, 0xff, 0xf4,
    0x5f, 0xfe, 0x0, 0x0, 0xff, 0xf4, 0x4f, 0xff,
    0x40, 0x1b, 0xff, 0xf4, 0xf, 0xff, 0xfd, 0xff,
    0xff, 0xf4, 0x9, 0xff, 0xff, 0xfb, 0x8f, 0xf4,
    0x0, 0x8e, 0xfd, 0x70, 0x6f, 0xf4,

    /* U+0076 "v" */
    0x8f, 0xfb, 0x0, 0x0, 0xe, 0xff, 0x33, 0xff,
    0xf0, 0x0, 0x2, 0xff, 0xe0, 0xe, 0xff, 0x40,
    0x0, 0x6f, 0xf9, 0x0, 0x8f, 0xf8, 0x0, 0xb,
    0xff, 0x40, 0x3, 0xff, 0xc0, 0x0, 0xff, 0xe0,
    0x0, 0xe, 0xff, 0x10, 0x4f, 0xf9, 0x0, 0x0,
    0x9f, 0xf5, 0x8, 0xff, 0x40, 0x0, 0x4, 0xff,
    0x90, 0xcf, 0xf0, 0x0, 0x0, 0xe, 0xfe, 0x1f,
    0xfa, 0x0, 0x0, 0x0, 0x9f, 0xf6, 0xff, 0x50,
    0x0, 0x0, 0x4, 0xff, 0xef, 0xf1, 0x0, 0x0,
    0x0, 0xf, 0xff, 0xfb, 0x0, 0x0, 0x0, 0x0,
    0xaf, 0xff, 0x60, 0x0, 0x0,

    /* U+0077 "w" */
    0x4f, 0xfe, 0x0, 0x0, 0xff, 0xf2, 0x0, 0xb,
    0xff, 0x40, 0xff, 0xf2, 0x0, 0x3f, 0xff, 0x50,
    0x0, 0xff, 0xf0, 0xc, 0xff, 0x50, 0x7, 0xff,
    0xf9, 0x0, 0x2f, 0xfc, 0x0, 0x8f, 0xf9, 0x0,
    0xaf, 0xef, 0xd0, 0x5, 0xff, 0x80, 0x4, 0xff,
    0xc0, 0xe, 0xf9, 0xff, 0x10, 0x8f, 0xf5, 0x0,
    0xf, 0xff, 0x2, 0xff, 0x3f, 0xf5, 0xc, 0xff,
    0x10, 0x0, 0xcf, 0xf3, 0x6f, 0xe0, 0xef, 0x90,
    0xff, 0xd0, 0x0, 0x9, 0xff, 0x59, 0xfb, 0xb,
    0xfc, 0x2f, 0xf9, 0x0, 0x0, 0x5f, 0xf8, 0xcf,
    0x70, 0x8f, 0xf4, 0xff, 0x60, 0x0, 0x1, 0xff,
    0xaf, 0xf4, 0x4, 0xff, 0xaf, 0xf2, 0x0, 0x0,
    0xd, 0xff, 0xff, 0x0, 0xf, 0xff, 0xfe, 0x0,
    0x0, 0x0, 0x9f, 0xff, 0xd0, 0x0, 0xdf, 0xff,
    0xa0, 0x0, 0x0, 0x5, 0xff, 0xf9, 0x0, 0x9,
    0xff, 0xf7, 0x0, 0x0,

    /* U+0078 "x" */
    0x2f, 0xff, 0x50, 0x0, 0xcf, 0xf7, 0x0, 0x8f,
    0xfd, 0x0, 0x3f, 0xfe, 0x0, 0x0, 0xef, 0xf6,
    0xa, 0xff, 0x60, 0x0, 0x6, 0xff, 0xd2, 0xff,
    0xd0, 0x0, 0x0, 0xc, 0xff, 0xdf, 0xf5, 0x0,
    0x0, 0x0, 0x3f, 0xff, 0xfc, 0x0, 0x0, 0x0,
    0x0, 0xef, 0xff, 0x40, 0x0, 0x0, 0x0, 0x8f,
    0xff, 0xfb, 0x0, 0x0, 0x0, 0x1f, 0xfd, 0xef,
    0xf4, 0x0, 0x0, 0xa, 0xff, 0x56, 0xff, 0xd0,
    0x0, 0x3, 0xff, 0xe0, 0xd, 0xff, 0x80, 0x0,
    0xcf, 0xf6, 0x0, 0x5f, 0xff, 0x20, 0x5f, 0xfe,
    0x0, 0x0, 0xcf, 0xfb, 0x0,

    /* U+0079 "y" */
    0x8f, 0xfb, 0x0, 0x0, 0xe, 0xff, 0x22, 0xff,
    0xf1, 0x0, 0x3, 0xff, 0xd0, 0xb, 0xff, 0x60,
    0x0, 0x7f, 0xf8, 0x0, 0x5f, 0xfb, 0x0, 0xc,
    0xff, 0x30, 0x0, 0xff, 0xf0, 0x0, 0xff, 0xd0,
    0x0, 0x9, 0xff, 0x50, 0x5f, 0xf8, 0x0, 0x0,
    0x3f, 0xfa, 0x9, 0xff, 0x30, 0x0, 0x0, 0xdf,
    0xf0, 0xdf, 0xd0, 0x0, 0x0, 0x7, 0xff, 0x5f,
    0xf8, 0x0, 0x0, 0x0, 0x1f, 0xfd, 0xff, 0x30,
    0x0, 0x0, 0x0, 0xbf, 0xff, 0xd0, 0x0, 0x0,
    0x0, 0x5, 0xff, 0xf8, 0x0, 0x0, 0x0, 0x0,
    0xf, 0xff, 0x30, 0x0, 0x0, 0x0, 0x2, 0xff,
    0xd0, 0x0, 0x0, 0x0, 0x0, 0xaf, 0xf7, 0x0,
    0x0, 0x0, 0x4a, 0xdf, 0xfe, 0x0, 0x0, 0x0,
    0x9, 0xff, 0xff, 0x40, 0x0, 0x0, 0x0, 0xaf,
    0xfb, 0x30, 0x0, 0x0, 0x0,

    /* U+007A "z" */
    0x7, 0xff, 0xff, 0xff, 0xff, 0x70, 0x7f, 0xff,
    0xff, 0xff, 0xf7, 0x4, 0xaa, 0xaa, 0xef, 0xfe,
    0x10, 0x0, 0x0, 0x2f, 0xff, 0x50, 0x0, 0x0,
    0xc, 0xff, 0xb0, 0x0, 0x0, 0x6, 0xff, 0xf1,
    0x0, 0x0, 0x1, 0xff, 0xf6, 0x0, 0x0, 0x0,
    0xbf, 0xfc, 0x0, 0x0, 0x0, 0x5f, 0xff, 0x20,
    0x0, 0x0, 0x1e, 0xff, 0x70, 0x0, 0x0, 0xa,
    0xff, 0xfa, 0xaa, 0xaa, 0x61, 0xff, 0xff, 0xff,
    0xff, 0xfa, 0x1f, 0xff, 0xff, 0xff, 0xff, 0xa0,

    /* U+007B "{" */
    0x0, 0x4, 0xcf, 0xf4, 0x0, 0xf, 0xff, 0xd3,
    0x0, 0x3f, 0xf8, 0x0, 0x0, 0x4f, 0xf5, 0x0,
    0x0, 0x4f, 0xf5, 0x0, 0x0, 0x3f, 0xf5, 0x0,
    0x0, 0x2f, 0xf6, 0x0, 0x0, 0x1f, 0xf6, 0x0,
    0x0, 0x2f, 0xf6, 0x0, 0x1, 0xaf, 0xf3, 0x0,
    0x3f, 0xff, 0x80, 0x0, 0x3f, 0xff, 0x80, 0x0,
    0x1, 0xaf, 0xf3, 0x0, 0x0, 0x2f, 0xf6, 0x0,
    0x0, 0x1f, 0xf6, 0x0, 0x0, 0x2f, 0xf6, 0x0,
    0x0, 0x3f, 0xf5, 0x0, 0x0, 0x4f, 0xf5, 0x0,
    0x0, 0x4f, 0xf5, 0x0, 0x0, 0x3f, 0xf8, 0x0,
    0x0, 0xf, 0xff, 0xc3, 0x0, 0x4, 0xdf, 0xf4,

    /* U+007C "|" */
    0x9b, 0x3c, 0xf5, 0xcf, 0x5c, 0xf5, 0xcf, 0x5c,
    0xf5, 0xcf, 0x5c, 0xf5, 0xcf, 0x5c, 0xf5, 0xcf,
    0x5c, 0xf5, 0xcf, 0x5c, 0xf5, 0xcf, 0x5c, 0xf5,
    0xcf, 0x5c, 0xf5, 0xcf, 0x5c, 0xf5, 0xcf, 0x5c,
    0xf5, 0xcf, 0x5c, 0xf5, 0xcf, 0x5c, 0xf5,

    /* U+007D "}" */
    0xff, 0xe7, 0x0, 0xb, 0xff, 0xf4, 0x0, 0x3,
    0xff, 0x80, 0x0, 0xf, 0xf9, 0x0, 0x0, 0xff,
    0x90, 0x0, 0x1f, 0xf8, 0x0, 0x1, 0xff, 0x70,
    0x0, 0x1f, 0xf6, 0x0, 0x1, 0xff, 0x70, 0x0,
    0xe, 0xfd, 0x30, 0x0, 0x4e, 0xff, 0x80, 0x4,
    0xef, 0xf8, 0x0, 0xef, 0xd3, 0x0, 0x1f, 0xf7,
    0x0, 0x1, 0xff, 0x60, 0x0, 0x1f, 0xf7, 0x0,
    0x1, 0xff, 0x80, 0x0, 0xf, 0xf9, 0x0, 0x0,
    0xff, 0x90, 0x0, 0x3f, 0xf8, 0x0, 0xbf, 0xff,
    0x40, 0xf, 0xfe, 0x70, 0x0,

    /* U+007E "~" */
    0x0, 0x3, 0x52, 0x0, 0x0, 0x0, 0x0, 0xb,
    0xff, 0xf8, 0x0, 0x9, 0x20, 0xb, 0xff, 0xff,
    0xfc, 0x6a, 0xfe, 0x0, 0xbf, 0x40, 0x7f, 0xff,
    0xff, 0x60, 0x0, 0x30, 0x0, 0x3c, 0xfd, 0x50,
    0x0,

    /* U+00B7 "·" */
    0x5, 0xbb, 0x50, 0x5f, 0xff, 0xf5, 0xbf, 0xff,
    0xfb, 0xcf, 0xff, 0xfc, 0x6f, 0xff, 0xf6, 0x8,
    0xef, 0x80,

    /* U+3002 "。" */
    0x0, 0x5, 0x63, 0x0, 0x3, 0xef, 0xff, 0x80,
    0xe, 0xe4, 0x2a, 0xf4, 0x4f, 0x60, 0x0, 0xfa,
    0x5f, 0x40, 0x0, 0xdb, 0x2f, 0xa0, 0x3, 0xf8,
    0x9, 0xfc, 0xaf, 0xe1, 0x0, 0x8e, 0xfb, 0x20,

    /* U+4E00 "一" */
    0x0, 0x0, 0x0, 0x0, 0x0, 0x0, 0x0, 0x0,
    0x0, 0x0, 0x0, 0x2f, 0xff, 0xff, 0xff, 0xff,
    0xff, 0xff, 0xff, 0xff, 0xff, 0xf3, 0x2f, 0xff,
    0xff, 0xff, 0xff, 0xff, 0xff, 0xff, 0xff, 0xff,
    0xf3, 0x2e, 0xee, 0xee, 0xee, 0xee, 0xee, 0xee,
    0xee, 0xee, 0xee, 0xe2,

    /* U+4E09 "三" */
    0x6, 0xaa, 0xaa, 0xaa, 0xaa, 0xaa, 0xaa, 0xaa,
    0xaa, 0x10, 0x9, 0xff, 0xff, 0xff, 0xff, 0xff,
    0xff, 0xff, 0xff, 0x20, 0x9, 0xff, 0xff, 0xff,
    0xff, 0xff, 0xff, 0xff, 0xff, 0x20, 0x0, 0x0,
    0x0, 0x0, 0x0, 0x0, 0x0, 0x0, 0x0, 0x0,
    0x0, 0x0, 0x0, 0x0, 0x0, 0x0, 0x0, 0x0,
    0x0, 0x0, 0x0, 0x0, 0x0, 0x0, 0x0, 0x0,
    0x0, 0x0, 0x0, 0x0, 0x0, 0x0, 0x0, 0x0,
    0x0, 0x0, 0x0, 0x0, 0x0, 0x0, 0x0, 0xa,
    0xaa, 0xaa, 0xaa, 0xaa, 0xaa, 0xaa, 0x40, 0x0,
    0x0, 0x1f, 0xff, 0xff, 0xff, 0xff, 0xff, 0xff,
    0x60, 0x0, 0x0, 0x1f, 0xff, 0xff, 0xff, 0xff,
    0xff, 0xff, 0x60, 0x0, 0x0, 0x0, 0x0, 0x0,
    0x0, 0x0, 0x0, 0x0, 0x0, 0x0, 0x0, 0x0,
    0x0, 0x0, 0x0, 0x0, 0x0, 0x0, 0x0, 0x0,
    0x0, 0x0, 0x0, 0x0, 0x0, 0x0, 0x0, 0x0,
    0x0, 0x0, 0x0, 0x0, 0x0, 0x0, 0x0, 0x0,
    0x0, 0x0, 0x0, 0x0, 0x0, 0x0, 0x0, 0x0,
    0x0, 0x0, 0x0, 0x0, 0x0, 0x0, 0xdf, 0xff,
    0xff, 0xff, 0xff, 0xff, 0xff, 0xff, 0xff, 0xf5,
    0xdf, 0xff, 0xff, 0xff, 0xff, 0xff, 0xff, 0xff,
    0xff, 0xf5, 0x8a, 0xaa, 0xaa, 0xaa, 0xaa, 0xaa,
    0xaa, 0xaa, 0xaa, 0xa3,

    /* U+4E0A "上" */
    0x0, 0x0, 0x0, 0x0, 0x56, 0x50, 0x0, 0x0,
    0x0, 0x0, 0x0, 0x0, 0x0, 0x0, 0xe, 0xfe,
    0x0, 0x0, 0x0, 0x0, 0x0, 0x0, 0x0, 0x0,
    0x0, 0xef, 0xe0, 0x0, 0x0, 0x0, 0x0, 0x0,
    0x0, 0x0, 0x0, 0xe, 0xfe, 0x0, 0x0, 0x0,
    0x0, 0x0, 0x0, 0x0, 0x0, 0x0, 0xef, 0xe0,
    0x0, 0x0, 0x0, 0x0, 0x0, 0x0, 0x0, 0x0,
    0xe, 0xfe, 0x0, 0x0, 0x0, 0x0, 0x0, 0x0,
    0x0, 0x0, 0x0, 0xef, 0xe0, 0x0, 0x0, 0x0,
    0x0, 0x0, 0x0, 0x0, 0x0, 0xe, 0xff, 0xff,
    0xff, 0xff, 0xfb, 0x0, 0x0, 0x0, 0x0, 0x0,
    0xef, 0xff, 0xff, 0xff, 0xff, 0xb0, 0x0, 0x0,
    0x0, 0x0, 0xe, 0xff, 0x99, 0x99, 0x99, 0x97,
    0x0, 0x0, 0x0, 0x0, 0x0, 0xef, 0xe0, 0x0,
    0x0, 0x0, 0x0, 0x0, 0x0, 0x0, 0x0, 0xe,
    0xfe, 0x0, 0x0, 0x0, 0x0, 0x0, 0x0, 0x0,
    0x0, 0x0, 0xef, 0xe0, 0x0, 0x0, 0x0, 0x0,
    0x0, 0x0, 0x0, 0x0, 0xe, 0xfe, 0x0, 0x0,
    0x0, 0x0, 0x0, 0x0, 0x0, 0x0, 0x0, 0xef,
    0xe0, 0x0, 0x0, 0x0, 0x0, 0x0, 0x0, 0x0,
    0x0, 0xe, 0xfe, 0x0, 0x0, 0x0, 0x0, 0x0,
    0x0, 0x0, 0x0, 0x0, 0xef, 0xe0, 0x0, 0x0,
    0x0, 0x0, 0xc, 0xff, 0xff, 0xff, 0xff, 0xff,
    0xff, 0xff, 0xff, 0xff, 0xf4, 0xdf, 0xff, 0xff,
    0xff, 0xff, 0xff, 0xff, 0xff, 0xff, 0xff, 0x49,
    0xbb, 0xbb, 0xbb, 0xbb, 0xbb, 0xbb, 0xbb, 0xbb,
    0xbb, 0xb3,

    /* U+4E0D "不" */
    0x0, 0x0, 0x0, 0x0, 0x0, 0x0, 0x0, 0x0,
    0x0, 0x0, 0x0, 0x5, 0xff, 0xff, 0xff, 0xff,
    0xff, 0xff, 0xff, 0xff, 0xff, 0xd0, 0x5, 0xff,
    0xff, 0xff, 0xff, 0xff, 0xff, 0xff, 0xff, 0xff,
    0xd0, 0x3, 0xaa, 0xaa, 0xaa, 0xaa, 0xef, 0xff,
    0xaa, 0xaa, 0xaa, 0x80, 0x0, 0x0, 0x0, 0x0,
    0x2, 0xff, 0xf7, 0x0, 0x0, 0x0, 0x0, 0x0,
    0x0, 0x0, 0x0, 0xc, 0xff, 0xd0, 0x0, 0x0,
    0x0, 0x0, 0x0, 0x0, 0x0, 0x0, 0x9f, 0xff,
    0xa0, 0x30, 0x0, 0x0, 0x0, 0x0, 0x0, 0x0,
    0x8, 0xff, 0xff, 0xbb, 0xf8, 0x0, 0x0, 0x0,
    0x0, 0x0, 0x0, 0x8f, 0xff, 0xff, 0xef, 0xff,
    0xc1, 0x0, 0x0, 0x0, 0x0, 0xa, 0xff, 0xfc,
    0xff, 0xa4, 0xef, 0xfe, 0x40, 0x0, 0x0, 0x2,
    0xcf, 0xff, 0x93, 0xff, 0xa0, 0x2d, 0xff, 0xf7,
    0x0, 0x0, 0x8f, 0xff, 0xf7, 0x3, 0xff, 0xa0,
    0x1, 0xbf, 0xff, 0x90, 0xb, 0xff, 0xfe, 0x40,
    0x3, 0xff, 0xa0, 0x0, 0xa, 0xff, 0xf6, 0x1,
    0xef, 0xb1, 0x0, 0x3, 0xff, 0xa0, 0x0, 0x0,
    0x9f, 0x90, 0x0, 0x44, 0x0, 0x0, 0x3, 0xff,
    0xa0, 0x0, 0x0, 0x5, 0x0, 0x0, 0x0, 0x0,
    0x0, 0x3, 0xff, 0xa0, 0x0, 0x0, 0x0, 0x0,
    0x0, 0x0, 0x0, 0x0, 0x3, 0xff, 0xa0, 0x0,
    0x0, 0x0, 0x0, 0x0, 0x0, 0x0, 0x0, 0x3,
    0xff, 0xa0, 0x0, 0x0, 0x0, 0x0, 0x0, 0x0,
    0x0, 0x0, 0x3, 0xff, 0xa0, 0x0, 0x0, 0x0,
    0x0, 0x0, 0x0, 0x0, 0x0, 0x3, 0xff, 0xa0,
    0x0, 0x0, 0x0, 0x0,

    /* U+4E16 "世" */
    0x0, 0x0, 0x22, 0x10, 0x5, 0x99, 0x0, 0x4,
    0x66, 0x0, 0x0, 0x0, 0xf, 0xfb, 0x0, 0x8f,
    0xf1, 0x0, 0xaf, 0xf1, 0x0, 0x0, 0x0, 0xff,
    0xb0, 0x8, 0xff, 0x10, 0xa, 0xff, 0x10, 0x0,
    0x0, 0xf, 0xfb, 0x0, 0x8f, 0xf1, 0x0, 0xaf,
    0xf1, 0x0, 0x0, 0x0, 0xff, 0xb0, 0x8, 0xff,
    0x10, 0xa, 0xff, 0x10, 0x0, 0x77, 0x8f, 0xfd,
    0x77, 0xcf, 0xf8, 0x77, 0xdf, 0xf8, 0x77, 0xf,
    0xff, 0xff, 0xff, 0xff, 0xff, 0xff, 0xff, 0xff,
    0xff, 0xf0, 0xff, 0xff, 0xff, 0xff, 0xff, 0xff,
    0xff, 0xff, 0xff, 0xff, 0x0, 0x1, 0xff, 0xb0,
    0x8, 0xff, 0x20, 0xb, 0xff, 0x20, 0x0, 0x0,
    0xf, 0xfb, 0x0, 0x8f, 0xf1, 0x0, 0xaf, 0xf1,
    0x0, 0x0, 0x0, 0xff, 0xb0, 0x8, 0xff, 0x10,
    0xa, 0xff, 0x10, 0x0, 0x0, 0xf, 0xfb, 0x0,
    0x8f, 0xf1, 0x0, 0xaf, 0xf1, 0x0, 0x0, 0x0,
    0xff, 0xb0, 0x8, 0xff, 0x87, 0x7d, 0xff, 0x10,
    0x0, 0x0, 0xf, 0xfb, 0x0, 0x8f, 0xff, 0xff,
    0xff, 0xf1, 0x0, 0x0, 0x0, 0xff, 0xb0, 0x8,
    0xff, 0xff, 0xff, 0xff, 0x10, 0x0, 0x0, 0xf,
    0xfb, 0x0, 0x0, 0x0, 0x0, 0x0, 0x0, 0x0,
    0x0, 0x0, 0xff, 0xb0, 0x0, 0x0, 0x0, 0x0,
    0x0, 0x0, 0x0, 0x0, 0xf, 0xff, 0xff, 0xff,
    0xff, 0xff, 0xff, 0xff, 0xf6, 0x0, 0x0, 0xff,
    0xff, 0xff, 0xff, 0xff, 0xff, 0xff, 0xff, 0x70,
    0x0, 0x9, 0x99, 0x99, 0x99, 0x99, 0x99, 0x99,
    0x99, 0x94,

    /* U+4E2D "中" */
    0x0, 0x0, 0x0, 0x0, 0x9c, 0xc1, 0x0, 0x0,
    0x0, 0x0, 0x0, 0x0, 0x0, 0xb, 0xff, 0x10,
    0x0, 0x0, 0x0, 0x0, 0x0, 0x0, 0x0, 0xbf,
    0xf1, 0x0, 0x0, 0x0, 0x0, 0x0, 0x0, 0x0,
    0xb, 0xff, 0x10, 0x0, 0x0, 0x0, 0x4f, 0xff,
    0xff, 0xff, 0xff, 0xff, 0xff, 0xff, 0xff, 0xc4,
    0xff, 0xff, 0xff, 0xff, 0xff, 0xff, 0xff, 0xff,
    0xfd, 0x4f, 0xfc, 0xaa, 0xaa, 0xef, 0xfa, 0xaa,
    0xaa, 0xff, 0xd4, 0xff, 0x50, 0x0, 0xb, 0xff,
    0x10, 0x0, 0xe, 0xfd, 0x4f, 0xf5, 0x0, 0x0,
    0xbf, 0xf1, 0x0, 0x0, 0xef, 0xd4, 0xff, 0x50,
    0x0, 0xb, 0xff, 0x10, 0x0, 0xe, 0xfd, 0x4f,
    0xf5, 0x0, 0x0, 0xbf, 0xf1, 0x0, 0x0, 0xef,
    0xd4, 0xff, 0xb9, 0x99, 0x9e, 0xff, 0x99, 0x99,
    0x9f, 0xfd, 0x4f, 0xff, 0xff, 0xff, 0xff, 0xff,
    0xff, 0xff, 0xff, 0xd4, 0xff, 0xff, 0xff, 0xff,
    0xff, 0xff, 0xff, 0xff, 0xfd, 0x4f, 0xf6, 0x0,
    0x0, 0xbf, 0xf2, 0x0, 0x0, 0xef, 0xd1, 0x44,
    0x10, 0x0, 0xb, 0xff, 0x10, 0x0, 0x2, 0x21,
    0x0, 0x0, 0x0, 0x0, 0xbf, 0xf1, 0x0, 0x0,
    0x0, 0x0, 0x0, 0x0, 0x0, 0xb, 0xff, 0x10,
    0x0, 0x0, 0x0, 0x0, 0x0, 0x0, 0x0, 0xbf,
    0xf1, 0x0, 0x0, 0x0, 0x0, 0x0, 0x0, 0x0,
    0xb, 0xff, 0x10, 0x0, 0x0, 0x0, 0x0, 0x0,
    0x0, 0x0, 0xbf, 0xf1, 0x0, 0x0, 0x0, 0x0,

    /* U+4E43 "乃" */
    0x1, 0x88, 0x88, 0x88, 0x88, 0x88, 0x88, 0x98,
    0x70, 0x0, 0x0, 0x3f, 0xff, 0xff, 0xff, 0xff,
    0xff, 0xff, 0xfa, 0x0, 0x0, 0x3, 0xff, 0xff,
    0xff, 0xff, 0xff, 0xff, 0xff, 0x60, 0x0, 0x0,
    0x0, 0x1, 0xff, 0xc0, 0x0, 0x0, 0xbf, 0xf3,
    0x0, 0x0, 0x0, 0x0, 0xf, 0xfb, 0x0, 0x0,
    0xe, 0xff, 0x0, 0x0, 0x0, 0x0, 0x0, 0xff,
    0xb0, 0x0, 0x3, 0xff, 0xb0, 0x0, 0x0, 0x0,
    0x0, 0x1f, 0xfa, 0x0, 0x0, 0x7f, 0xf8, 0x0,
    0x0, 0x0, 0x0, 0x2, 0xff, 0x90, 0x0, 0xb,
    0xff, 0x40, 0x0, 0x0, 0x0, 0x0, 0x4f, 0xf8,
    0x0, 0x1, 0xff, 0xf9, 0x9a, 0x99, 0x0, 0x0,
    0x6, 0xff, 0x60, 0x0, 0x5f, 0xff, 0xff, 0xff,
    0xf0, 0x0, 0x0, 0x9f, 0xf3, 0x0, 0xa, 0xff,
    0xff, 0xff, 0xff, 0x0, 0x0, 0xd, 0xff, 0x0,
    0x0, 0x0, 0x0, 0x0, 0xff, 0xe0, 0x0, 0x1,
    0xff, 0xd0, 0x0, 0x0, 0x0, 0x0, 0xf, 0xfd,
    0x0, 0x0, 0x7f, 0xf8, 0x0, 0x0, 0x0, 0x0,
    0x1, 0xff, 0xc0, 0x0, 0xd, 0xff, 0x30, 0x0,
    0x0, 0x0, 0x0, 0x3f, 0xfb, 0x0, 0x6, 0xff,
    0xd0, 0x0, 0x0, 0x0, 0x0, 0x5, 0xff, 0x90,
    0x1, 0xef, 0xf6, 0x0, 0x0, 0x0, 0x0, 0x0,
    0xaf, 0xf7, 0x0, 0xcf, 0xfd, 0x0, 0x0, 0x0,
    0x8b, 0xba, 0xbf, 0xff, 0x30, 0x4f, 0xff, 0x30,
    0x0, 0x0, 0x4, 0xff, 0xff, 0xff, 0xc0, 0x0,
    0x6f, 0x70, 0x0, 0x0, 0x0, 0xf, 0xff, 0xfe,
    0xa1, 0x0, 0x0, 0x40, 0x0, 0x0, 0x0, 0x0,
    0x0, 0x0, 0x0, 0x0, 0x0,

    /* U+4E94 "五" */
    0x5, 0xaa, 0xaa, 0xaa, 0xaa, 0xaa, 0xaa, 0xaa,
    0xaa, 0x40, 0x8, 0xff, 0xff, 0xff, 0xff, 0xff,
    0xff, 0xff, 0xff, 0x70, 0x8, 0xff, 0xff, 0xff,
    0xff, 0xff, 0xff, 0xff, 0xff, 0x70, 0x0, 0x0,
    0x0, 0xb, 0xff, 0x30, 0x0, 0x0, 0x0, 0x0,
    0x0, 0x0, 0x0, 0xd, 0xff, 0x10, 0x0, 0x0,
    0x0, 0x0, 0x0, 0x0, 0x0, 0xf, 0xfe, 0x0,
    0x0, 0x0, 0x0, 0x0, 0x0, 0x28, 0x88, 0x8f,
    0xfe, 0x88, 0x88, 0x98, 0x20, 0x0, 0x0, 0x5f,
    0xff, 0xff, 0xff, 0xff, 0xff, 0xff, 0x50, 0x0,
    0x0, 0x5f, 0xff, 0xff, 0xff, 0xff, 0xff, 0xff,
    0x40, 0x0, 0x0, 0x1, 0x11, 0xaf, 0xf5, 0x11,
    0x1b, 0xff, 0x20, 0x0, 0x0, 0x0, 0x0, 0xcf,
    0xf1, 0x0, 0xb, 0xff, 0x10, 0x0, 0x0, 0x0,
    0x0, 0xff, 0xf0, 0x0, 0xc, 0xff, 0x0, 0x0,
    0x0, 0x0, 0x2, 0xff, 0xc0, 0x0, 0xe, 0xfe,
    0x0, 0x0, 0x0, 0x0, 0x5, 0xff, 0x90, 0x0,
    0xf, 0xfd, 0x0, 0x0, 0x0, 0x0, 0x8, 0xff,
    0x60, 0x0, 0x1f, 0xfb, 0x0, 0x0, 0x8b, 0xbb,
    0xbe, 0xff, 0xcb, 0xbb, 0xbf, 0xfe, 0xbb, 0xba,
    0xdf, 0xff, 0xff, 0xff, 0xff, 0xff, 0xff, 0xff,
    0xff, 0xfe, 0xce, 0xee, 0xee, 0xee, 0xee, 0xee,
    0xee, 0xee, 0xee, 0xed,

    /* U+4EA6 "亦" */
    0x0, 0x0, 0x0, 0x0, 0x0, 0x0, 0x0, 0x0,
    0x0, 0x0, 0x0, 0x0, 0x0, 0x0, 0x0, 0x8e,
    0x90, 0x0, 0x0, 0x0, 0x0, 0x0, 0x0, 0x0,
    0x0, 0xc, 0xff, 0x20, 0x0, 0x0, 0x0, 0x0,
    0x0, 0x0, 0x0, 0x0, 0x4f, 0xf9, 0x0, 0x0,
    0x0, 0x0, 0x5, 0x77, 0x77, 0x77, 0x77, 0xfd,
    0x87, 0x77, 0x77, 0x77, 0x30, 0xdf, 0xff, 0xff,
    0xff, 0xff, 0xff, 0xff, 0xff, 0xff, 0xf8, 0xd,
    0xff, 0xff, 0xff, 0xff, 0xff, 0xff, 0xff, 0xff,
    0xff, 0x80, 0x12, 0x22, 0x22, 0xaf, 0xf3, 0x2a,
    0xff, 0x32, 0x22, 0x21, 0x0, 0x0, 0x0, 0x9,
    0xff, 0x10, 0x9f, 0xf1, 0x0, 0x0, 0x0, 0x0,
    0x9b, 0x80, 0x9f, 0xf1, 0x9, 0xff, 0x38, 0xc0,
    0x0, 0x0, 0xe, 0xfd, 0xa, 0xff, 0x0, 0x9f,
    0xf7, 0xff, 0x70, 0x0, 0x3, 0xff, 0x90, 0xbf,
    0xf0, 0x9, 0xff, 0x1d, 0xff, 0x10, 0x0, 0x9f,
    0xf3, 0xd, 0xfe, 0x0, 0x9f, 0xf1, 0x6f, 0xf7,
    0x0, 0x1f, 0xfd, 0x0, 0xff, 0xc0, 0x9, 0xff,
    0x10, 0xef, 0xe0, 0xa, 0xff, 0x60, 0x4f, 0xf8,
    0x0, 0x9f, 0xf1, 0x8, 0xff, 0x51, 0xef, 0xe0,
    0xa, 0xff, 0x40, 0x9, 0xff, 0x10, 0x2f, 0xfa,
    0x0, 0xa4, 0x2, 0xff, 0xe0, 0x0, 0x9f, 0xf1,
    0x0, 0xdd, 0x50, 0x0, 0x0, 0xcf, 0xf7, 0x0,
    0x9, 0xff, 0x10, 0x2, 0x0, 0x0, 0x0, 0x9f,
    0xfe, 0x0, 0x0, 0x9f, 0xf1, 0x0, 0x0, 0x0,
    0x0, 0x9f, 0xff, 0x40, 0x6a, 0xae, 0xff, 0x10,
    0x0, 0x0, 0x0, 0x2e, 0xff, 0x60, 0x4, 0xff,
    0xff, 0xd0, 0x0, 0x0, 0x0, 0x0, 0x2e, 0x50,
    0x0, 0xf, 0xfe, 0xa2, 0x0, 0x0, 0x0, 0x0,
    0x0, 0x0, 0x0, 0x0, 0x0, 0x0, 0x0, 0x0,
    0x0, 0x0,

    /* U+4EAE "亮" */
    0x0, 0x0, 0x0, 0x0, 0x7, 0xbd, 0x10, 0x0,
    0x0, 0x0, 0x0, 0x0, 0x0, 0x0, 0x0, 0x8,
    0xff, 0x80, 0x0, 0x0, 0x0, 0x0, 0xf, 0xff,
    0xff, 0xff, 0xff, 0xff, 0xff, 0xff, 0xff, 0xff,
    0xe0, 0xf, 0xff, 0xff, 0xff, 0xff, 0xff, 0xff,
    0xff, 0xff, 0xff, 0xe0, 0x2, 0x22, 0x22, 0x22,
    0x22, 0x22, 0x22, 0x22, 0x22, 0x22, 0x20, 0x0,
    0x0, 0xcf, 0xff, 0xff, 0xff, 0xff, 0xff, 0xfe,
    0x0, 0x0, 0x0, 0x0, 0xdf, 0xfc, 0xcc, 0xcc,
    0xcc, 0xcf, 0xff, 0x0, 0x0, 0x0, 0x0, 0xdf,
    0xc0, 0x0, 0x0, 0x0, 0xe, 0xff, 0x0, 0x0,
    0x0, 0x0, 0xdf, 0xff, 0xff, 0xff, 0xff, 0xff,
    0xff, 0x0, 0x0, 0x0, 0x0, 0xac, 0xcc, 0xcc,
    0xcc, 0xcc, 0xcc, 0xcb, 0x0, 0x0, 0x1, 0x11,
    0x11, 0x11, 0x11, 0x11, 0x11, 0x11, 0x11, 0x11,
    0x10, 0xb, 0xff, 0xff, 0xff, 0xff, 0xff, 0xff,
    0xff, 0xff, 0xff, 0xb0, 0xb, 0xff, 0xee, 0xee,
    0xee, 0xee, 0xee, 0xee, 0xee, 0xff, 0xb0, 0xb,
    0xfc, 0x0, 0x34, 0x43, 0x33, 0x34, 0x43, 0x0,
    0xff, 0xb0, 0xb, 0xfc, 0x0, 0xef, 0xff, 0xff,
    0xff, 0xfd, 0x0, 0xff, 0xb0, 0x2, 0x32, 0x0,
    0xff, 0xff, 0xff, 0xff, 0xfd, 0x0, 0x22, 0x10,
    0x0, 0x0, 0x5, 0xff, 0x80, 0x0, 0xf, 0xfd,
    0x0, 0x34, 0x0, 0x0, 0x0, 0x1d, 0xff, 0x30,
    0x0, 0xf, 0xfd, 0x0, 0x6f, 0xd0, 0x0, 0x38,
    0xff, 0xfb, 0x0, 0x0, 0xf, 0xfe, 0x44, 0xbf,
    0xe0, 0xa, 0xff, 0xff, 0xc1, 0x0, 0x0, 0xd,
    0xff, 0xff, 0xff, 0xa0, 0x1, 0xff, 0xc5, 0x0,
    0x0, 0x0, 0x3, 0xdf, 0xff, 0xfc, 0x10, 0x0,
    0x31, 0x0, 0x0, 0x0, 0x0, 0x0, 0x0, 0x0,
    0x0, 0x0,

    /* U+4ECA "今" */
    0x0, 0x0, 0x0, 0x0, 0x0, 0xa8, 0x10, 0x0,
    0x0, 0x0, 0x0, 0x0, 0x0, 0x0, 0x0, 0x7,
    0xff, 0xe0, 0x0, 0x0, 0x0, 0x0, 0x0, 0x0,
    0x0, 0x0, 0x5f, 0xff, 0xf5, 0x0, 0x0, 0x0,
    0x0, 0x0, 0x0, 0x0, 0x6, 0xff, 0xff, 0xff,
    0x70, 0x0, 0x0, 0x0, 0x0, 0x0, 0x0, 0x8f,
    0xff, 0x94, 0xff, 0xfb, 0x10, 0x0, 0x0, 0x0,
    0x0, 0x2c, 0xff, 0xf9, 0x0, 0x3f, 0xff, 0xe5,
    0x0, 0x0, 0x0, 0x8, 0xff, 0xff, 0x74, 0x80,
    0x2, 0xdf, 0xff, 0xc3, 0x0, 0x7, 0xef, 0xff,
    0xe4, 0x4f, 0xfc, 0x20, 0x1b, 0xff, 0xff, 0xa2,
    0x1d, 0xff, 0xfb, 0x10, 0x1b, 0xff, 0xe4, 0x0,
    0x6f, 0xff, 0xb0, 0x2, 0xee, 0x50, 0x0, 0x0,
    0x8f, 0xff, 0x30, 0x2, 0xbd, 0x0, 0x0, 0x31,
    0x0, 0x0, 0x0, 0x6, 0xf9, 0x0, 0x1, 0x0,
    0x0, 0x0, 0x9, 0xff, 0xff, 0xff, 0xff, 0xff,
    0xff, 0xff, 0xa2, 0x0, 0x0, 0x9, 0xff, 0xff,
    0xff, 0xff, 0xff, 0xff, 0xff, 0xe1, 0x0, 0x0,
    0x6, 0xaa, 0xaa, 0xaa, 0xaa, 0xaa, 0xdf, 0xff,
    0x40, 0x0, 0x0, 0x0, 0x0, 0x0, 0x0, 0x0,
    0x1, 0xef, 0xf8, 0x0, 0x0, 0x0, 0x0, 0x0,
    0x0, 0x0, 0x0, 0xc, 0xff, 0xc0, 0x0, 0x0,
    0x0, 0x0, 0x0, 0x0, 0x0, 0x0, 0x9f, 0xfe,
    0x10, 0x0, 0x0, 0x0, 0x0, 0x0, 0x0, 0x0,
    0x6, 0xff, 0xf4, 0x0, 0x0, 0x0, 0x0, 0x0,
    0x0, 0x0, 0x0, 0x3f, 0xff, 0x70, 0x0, 0x0,
    0x0, 0x0, 0x0, 0x0, 0x0, 0x1, 0xef, 0xfb,
    0x0, 0x0, 0x0, 0x0, 0x0, 0x0, 0x0, 0x0,
    0x0, 0x3a, 0xd0, 0x0, 0x0, 0x0, 0x0, 0x0,
    0x0, 0x0, 0x0, 0x0, 0x0, 0x0, 0x0, 0x0,
    0x0, 0x0,

    /* U+4ECE "从" */
    0x0, 0x0, 0x5, 0x54, 0x0, 0x0, 0x0, 0x55,
    0x30, 0x0, 0x0, 0x0, 0x0, 0xe, 0xff, 0x0,
    0x0, 0x2, 0xff, 0xb0, 0x0, 0x0, 0x0, 0x0,
    0xf, 0xff, 0x0, 0x0, 0x3, 0xff, 0xa0, 0x0,
    0x0, 0x0, 0x0, 0xf, 0xfe, 0x0, 0x0, 0x4,
    0xff, 0x90, 0x0, 0x0, 0x0, 0x0, 0xf, 0xfd,
    0x0, 0x0, 0x6, 0xff, 0x80, 0x0, 0x0, 0x0,
    0x0, 0x2f, 0xfc, 0x0, 0x0, 0x7, 0xff, 0x60,
    0x0, 0x0, 0x0, 0x0, 0x3f, 0xfa, 0x0, 0x0,
    0x9, 0xff, 0x50, 0x0, 0x0, 0x0, 0x0, 0x5f,
    0xf9, 0x0, 0x0, 0xb, 0xff, 0x40, 0x0, 0x0,
    0x0, 0x0, 0x7f, 0xfe, 0x10, 0x0, 0xd, 0xff,
    0x40, 0x0, 0x0, 0x0, 0x0, 0x9f, 0xff, 0xd0,
    0x0, 0xf, 0xff, 0x90, 0x0, 0x0, 0x0, 0x0,
    0xcf, 0xff, 0xfa, 0x0, 0x4f, 0xff, 0xd0, 0x0,
    0x0, 0x0, 0x0, 0xff, 0xfc, 0xff, 0x60, 0x8f,
    0xff, 0xf3, 0x0, 0x0, 0x0, 0x3, 0xff, 0xc2,
    0xff, 0xf2, 0xcf, 0xff, 0xf9, 0x0, 0x0, 0x0,
    0x7, 0xff, 0x80, 0x7f, 0xf9, 0xff, 0xfc, 0xff,
    0x10, 0x0, 0x0, 0xc, 0xff, 0x40, 0xd, 0x98,
    0xff, 0xa6, 0xff, 0x80, 0x0, 0x0, 0x3f, 0xff,
    0x0, 0x1, 0x1f, 0xff, 0x40, 0xef, 0xf2, 0x0,
    0x0, 0xbf, 0xf9, 0x0, 0x0, 0xaf, 0xfd, 0x0,
    0x7f, 0xfd, 0x0, 0x4, 0xff, 0xf3, 0x0, 0x5,
    0xff, 0xf5, 0x0, 0xd, 0xff, 0xc1, 0x2e, 0xff,
    0xb0, 0x0, 0x5f, 0xff, 0xc0, 0x0, 0x4, 0xff,
    0xf4, 0x1a, 0xff, 0x20, 0x0, 0x2c, 0xfe, 0x10,
    0x0, 0x0, 0x7f, 0x60, 0x0, 0x56, 0x0, 0x0,
    0x0, 0x83, 0x0, 0x0, 0x0, 0x4, 0x0,

    /* U+4EE5 "以" */
    0x0, 0x23, 0x30, 0x0, 0x0, 0x0, 0x0, 0x8,
    0xba, 0x10, 0x0, 0xd, 0xff, 0x0, 0x1, 0x10,
    0x0, 0x0, 0xcf, 0xf1, 0x0, 0x0, 0xdf, 0xf0,
    0x8, 0xfd, 0x0, 0x0, 0xd, 0xff, 0x0, 0x0,
    0xd, 0xff, 0x0, 0xaf, 0xf9, 0x0, 0x0, 0xef,
    0xe0, 0x0, 0x0, 0xdf, 0xf0, 0x0, 0xef, 0xf4,
    0x0, 0xf, 0xfc, 0x0, 0x0, 0xd, 0xff, 0x0,
    0x4, 0xff, 0xd0, 0x1, 0xff, 0xb0, 0x0, 0x0,
    0xdf, 0xf0, 0x0, 0xb, 0xff, 0x30, 0x3f, 0xf8,
    0x0, 0x0, 0xd, 0xff, 0x0, 0x0, 0x3c, 0x20,
    0x6, 0xff, 0x60, 0x0, 0x0, 0xdf, 0xf0, 0x0,
    0x0, 0x0, 0x0, 0xaf, 0xf3, 0x0, 0x0, 0xd,
    0xff, 0x0, 0x0, 0x0, 0x0, 0xe, 0xff, 0x0,
    0x0, 0x0, 0xdf, 0xf0, 0x0, 0x0, 0x0, 0x3,
    0xff, 0xb0, 0x0, 0x0, 0xd, 0xff, 0x0, 0x19,
    0x50, 0x0, 0x9f, 0xf5, 0x0, 0x0, 0x0, 0xdf,
    0xf2, 0x9f, 0xf9, 0x0, 0x2f, 0xff, 0x0, 0x0,
    0x0, 0xd, 0xff, 0xff, 0xff, 0xa0, 0xb, 0xff,
    0xf8, 0x0, 0x0, 0x2, 0xff, 0xff, 0xfc, 0x40,
    0x7, 0xff, 0xff, 0xf8, 0x0, 0x1, 0xcf, 0xff,
    0xe5, 0x0, 0x7, 0xff, 0xf8, 0xff, 0xf7, 0x0,
    0x2f, 0xff, 0x70, 0x0, 0x1b, 0xff, 0xf8, 0x5,
    0xff, 0xf5, 0x0, 0x6b, 0x10, 0x0, 0x8f, 0xff,
    0xf9, 0x0, 0x7, 0xff, 0xf2, 0x0, 0x0, 0x0,
    0x7, 0xff, 0xf6, 0x0, 0x0, 0xb, 0xfd, 0x30,
    0x0, 0x0, 0x0, 0x9, 0xb2, 0x0, 0x0, 0x0,
    0x19, 0x10, 0x0, 0x0, 0x0, 0x0, 0x0, 0x0,
    0x0, 0x0, 0x0, 0x0, 0x0,

    /* U+4F4E "低" */
    0x0, 0x0, 0x6, 0x30, 0x0, 0x0, 0x0, 0x0,
    0x4, 0x80, 0x0, 0x0, 0x0, 0x1f, 0xf9, 0x0,
    0x0, 0x14, 0x8b, 0xff, 0xfb, 0x0, 0x0, 0x0,
    0x8f, 0xf3, 0x58, 0xbe, 0xff, 0xff, 0xff, 0xfd,
    0x40, 0x0, 0x0, 0xef, 0xd0, 0xef, 0xff, 0xff,
    0xff, 0xe6, 0x10, 0x0, 0x0, 0x7, 0xff, 0x60,
    0xef, 0xd8, 0x63, 0xbf, 0xd0, 0x0, 0x0, 0x0,
    0xe, 0xff, 0x0, 0xef, 0x90, 0x0, 0x9f, 0xe0,
    0x0, 0x0, 0x0, 0x8f, 0xff, 0x0, 0xef, 0x90,
    0x0, 0x8f, 0xf0, 0x0, 0x0, 0x3, 0xff, 0xff,
    0x0, 0xef, 0x90, 0x0, 0x7f, 0xf0, 0x0, 0x0,
    0x1d, 0xff, 0xff, 0x0, 0xef, 0xc7, 0x77, 0xbf,
    0xf8, 0x77, 0x70, 0x4f, 0xff, 0xff, 0x0, 0xef,
    0xff, 0xff, 0xff, 0xff, 0xff, 0xf0, 0xc, 0xeb,
    0xff, 0x0, 0xef, 0xff, 0xff, 0xff, 0xff, 0xff,
    0xf0, 0x5, 0x49, 0xff, 0x0, 0xef, 0x90, 0x0,
    0x2f, 0xf6, 0x0, 0x0, 0x0, 0x9, 0xff, 0x0,
    0xef, 0x90, 0x0, 0xf, 0xf8, 0x0, 0x0, 0x0,
    0x9, 0xff, 0x0, 0xef, 0x90, 0x0, 0xe, 0xfa,
    0x0, 0x0, 0x0, 0x9, 0xff, 0x0, 0xef, 0x90,
    0x0, 0xb, 0xfd, 0x0, 0x0, 0x0, 0x9, 0xff,
    0x0, 0xef, 0x90, 0x5, 0x48, 0xff, 0x4, 0x50,
    0x0, 0x9, 0xff, 0x0, 0xef, 0x90, 0x5f, 0xd4,
    0xff, 0x56, 0xf6, 0x0, 0x9, 0xff, 0x0, 0xef,
    0xa6, 0x8e, 0xf4, 0xef, 0xcc, 0xf6, 0x0, 0x9,
    0xff, 0x3, 0xff, 0xff, 0xd7, 0xfb, 0x8f, 0xff,
    0xf2, 0x0, 0x9, 0xff, 0x8, 0xff, 0xfe, 0x91,
    0xff, 0x3e, 0xff, 0xb0, 0x0, 0x9, 0xff, 0x1,
    0xe8, 0x30, 0x0, 0x85, 0x3, 0xbb, 0x20, 0x0,
    0x0, 0x0, 0x0, 0x0, 0x0, 0x0, 0x0, 0x0,
    0x0, 0x0,

    /* U+4F5B "佛" */
    0x0, 0x0, 0x4, 0x10, 0x0, 0x14, 0x40, 0x34,
    0x10, 0x0, 0x0, 0x0, 0x1, 0xff, 0x90, 0x6,
    0xfe, 0xe, 0xf6, 0x0, 0x0, 0x0, 0x0, 0x8f,
    0xf5, 0x0, 0x6f, 0xe0, 0xef, 0x60, 0x0, 0x0,
    0x0, 0x1f, 0xfd, 0x44, 0x49, 0xff, 0x4f, 0xf9,
    0x44, 0x41, 0x0, 0x9, 0xff, 0x6e, 0xff, 0xff,
    0xff, 0xff, 0xff, 0xff, 0x50, 0x4, 0xff, 0xd0,
    0xef, 0xff, 0xff, 0xff, 0xff, 0xff, 0xf5, 0x1,
    0xef, 0xf9, 0x0, 0x0, 0x6f, 0xe0, 0xef, 0x60,
    0xff, 0x50, 0xcf, 0xff, 0x90, 0x12, 0x37, 0xff,
    0x2f, 0xf7, 0x2f, 0xf5, 0x9f, 0xff, 0xf9, 0xb,
    0xff, 0xff, 0xff, 0xff, 0xff, 0xff, 0x55, 0xff,
    0xff, 0x90, 0xdf, 0xff, 0xff, 0xff, 0xff, 0xff,
    0xf5, 0xc, 0x6e, 0xf9, 0xf, 0xf6, 0x7f, 0xf1,
    0xff, 0x71, 0x11, 0x0, 0x10, 0xef, 0x92, 0xff,
    0x26, 0xfe, 0xe, 0xf6, 0x0, 0x0, 0x0, 0xe,
    0xf9, 0x5f, 0xff, 0xff, 0xff, 0xff, 0xff, 0xff,
    0xf0, 0x0, 0xef, 0x99, 0xff, 0xff, 0xff, 0xff,
    0xff, 0xff, 0xff, 0x0, 0xe, 0xf9, 0x35, 0x54,
    0xdf, 0xc4, 0xff, 0x94, 0x8f, 0xf0, 0x0, 0xef,
    0x90, 0x0, 0xf, 0xf8, 0xe, 0xf6, 0x6, 0xfe,
    0x0, 0xe, 0xf9, 0x0, 0x7, 0xff, 0x30, 0xef,
    0x60, 0x8f, 0xd0, 0x0, 0xef, 0x90, 0x3, 0xff,
    0xc0, 0xe, 0xf9, 0xff, 0xfb, 0x0, 0xe, 0xf9,
    0x5, 0xff, 0xf3, 0x0, 0xef, 0x6f, 0xff, 0x40,
    0x0, 0xef, 0x96, 0xff, 0xf5, 0x0, 0xe, 0xf6,
    0x22, 0x0, 0x0, 0xe, 0xf9, 0x9, 0xd3, 0x0,
    0x0, 0xef, 0x60, 0x0, 0x0, 0x0, 0x0, 0x0,
    0x0, 0x0, 0x0, 0x0, 0x0, 0x0, 0x0,

    /* U+4F9D "依" */
    0x0, 0x0, 0x8, 0x50, 0x0, 0x0, 0x49, 0x50,
    0x0, 0x0, 0x0, 0x0, 0x0, 0x2f, 0xf9, 0x0,
    0x0, 0xef, 0xd0, 0x0, 0x0, 0x0, 0x0, 0x0,
    0x9f, 0xf3, 0x0, 0x0, 0x8f, 0xf5, 0x0, 0x0,
    0x0, 0x0, 0x1, 0xff, 0xc0, 0x0, 0x0, 0x2f,
    0xd5, 0x0, 0x0, 0x0, 0x0, 0x9, 0xff, 0x9f,
    0xff, 0xff, 0xff, 0xff, 0xff, 0xff, 0xf0, 0x0,
    0x3f, 0xfd, 0x4f, 0xff, 0xff, 0xff, 0xff, 0xff,
    0xff, 0xf0, 0x0, 0xdf, 0xf9, 0x28, 0x88, 0x8f,
    0xff, 0xc8, 0x88, 0x88, 0x70, 0x9, 0xff, 0xf9,
    0x0, 0x0, 0x9f, 0xff, 0xd0, 0x0, 0x0, 0x0,
    0x5f, 0xff, 0xf9, 0x0, 0x7, 0xff, 0xff, 0xf2,
    0x0, 0x26, 0x0, 0x1f, 0xff, 0xf9, 0x0, 0x7f,
    0xfe, 0x3f, 0xf7, 0x2, 0xef, 0x80, 0x8, 0x9e,
    0xf9, 0x9, 0xff, 0xf6, 0xb, 0xfd, 0x2e, 0xff,
    0x90, 0x1, 0xe, 0xfb, 0xcf, 0xff, 0xf5, 0x5,
    0xff, 0xff, 0xf6, 0x0, 0x0, 0xe, 0xfe, 0xff,
    0xff, 0xf5, 0x0, 0xef, 0xfe, 0x30, 0x0, 0x0,
    0xe, 0xf9, 0xbd, 0x6f, 0xf5, 0x0, 0x8f, 0xf6,
    0x0, 0x0, 0x0, 0xe, 0xf9, 0x10, 0x4f, 0xf5,
    0x0, 0x1f, 0xfe, 0x10, 0x0, 0x0, 0xe, 0xf9,
    0x0, 0x4f, 0xf5, 0x0, 0x7, 0xff, 0xb0, 0x0,
    0x0, 0xe, 0xf9, 0x0, 0x4f, 0xf5, 0x4, 0x70,
    0xdf, 0xf9, 0x0, 0x0, 0xe, 0xf9, 0x0, 0x5f,
    0xfc, 0xef, 0xf0, 0x3f, 0xff, 0x90, 0x0, 0xe,
    0xf9, 0x0, 0xdf, 0xff, 0xff, 0xd1, 0x6, 0xff,
    0xf3, 0x0, 0xe, 0xf9, 0x4, 0xff, 0xfe, 0x83,
    0x0, 0x0, 0x6f, 0x50, 0x0, 0xe, 0xf9, 0x0,
    0x9b, 0x40, 0x0, 0x0, 0x0, 0x2, 0x0, 0x0,
    0x0, 0x0, 0x0, 0x0, 0x0, 0x0, 0x0, 0x0,
    0x0, 0x0,

    /* U+5012 "倒" */
    0x0, 0x0, 0xb7, 0x20, 0x0, 0x0, 0x0, 0x0,
    0x0, 0x23, 0x20, 0x0, 0x3f, 0xfa, 0x88, 0x88,
    0x88, 0x82, 0x0, 0xb, 0xfa, 0x0, 0x8, 0xff,
    0xaf, 0xff, 0xff, 0xff, 0x5e, 0xf4, 0xbf, 0xa0,
    0x0, 0xef, 0xb6, 0xbf, 0xfe, 0xbb, 0xb4, 0xff,
    0x5b, 0xfa, 0x0, 0x4f, 0xf5, 0x4, 0xff, 0x42,
    0x80, 0xf, 0xf5, 0xbf, 0xa0, 0xb, 0xff, 0x0,
    0xaf, 0xc0, 0xef, 0x70, 0xff, 0x5b, 0xfa, 0x3,
    0xff, 0xf0, 0x2f, 0xf6, 0x4b, 0xff, 0x1f, 0xf5,
    0xbf, 0xa0, 0xcf, 0xff, 0xd, 0xff, 0xff, 0xff,
    0xf8, 0xff, 0x5b, 0xfa, 0x6f, 0xff, 0xf0, 0xcf,
    0xff, 0xc9, 0xaf, 0xef, 0xf5, 0xbf, 0xa5, 0xff,
    0xff, 0x5, 0x73, 0x33, 0x0, 0xb4, 0xff, 0x5b,
    0xfa, 0xd, 0xdf, 0xf0, 0x0, 0x3f, 0xf3, 0x0,
    0xf, 0xf5, 0xbf, 0xa0, 0x47, 0xff, 0x3, 0x36,
    0xff, 0x63, 0x31, 0xff, 0x5b, 0xfa, 0x0, 0x7f,
    0xf0, 0xff, 0xff, 0xff, 0xff, 0x4f, 0xf5, 0xbf,
    0xa0, 0x7, 0xff, 0xc, 0xde, 0xff, 0xed, 0xd4,
    0xff, 0x5b, 0xfa, 0x0, 0x7f, 0xf0, 0x0, 0x3f,
    0xf3, 0x0, 0xf, 0xf5, 0xbf, 0xa0, 0x7, 0xff,
    0x0, 0x3, 0xff, 0x31, 0x43, 0x33, 0x1b, 0xfa,
    0x0, 0x7f, 0xf0, 0x2, 0x7f, 0xff, 0xff, 0x90,
    0x0, 0xbf, 0xa0, 0x7, 0xff, 0x6f, 0xff, 0xff,
    0xff, 0xf9, 0x0, 0xb, 0xfa, 0x0, 0x7f, 0xf5,
    0xff, 0xff, 0xc8, 0x41, 0x3, 0x33, 0xdf, 0x90,
    0x7, 0xff, 0x2a, 0x63, 0x0, 0x0, 0x0, 0x9f,
    0xff, 0xf7, 0x0, 0x7f, 0xf0, 0x0, 0x0, 0x0,
    0x0, 0x3, 0xff, 0xd8, 0x0,

    /* U+50E7 "僧" */
    0x0, 0x0, 0xa, 0x61, 0x4, 0xa6, 0x0, 0x0,
    0x7b, 0x60, 0x0, 0x0, 0x4, 0xff, 0x70, 0xdf,
    0xf3, 0x0, 0xe, 0xfc, 0x0, 0x0, 0x0, 0xbf,
    0xf1, 0x3, 0xff, 0xa0, 0x6, 0xff, 0x20, 0x0,
    0x0, 0x3f, 0xf9, 0xab, 0xbf, 0xfb, 0xbb, 0xff,
    0xeb, 0xb3, 0x0, 0xc, 0xff, 0x2e, 0xff, 0xff,
    0xff, 0xff, 0xff, 0xff, 0x40, 0x6, 0xff, 0xa0,
    0xef, 0x88, 0x62, 0xfe, 0x2a, 0x7f, 0xf4, 0x1,
    0xff, 0xf9, 0xe, 0xf7, 0xee, 0x2f, 0xe5, 0xf7,
    0xff, 0x40, 0xcf, 0xff, 0x90, 0xef, 0x68, 0xf8,
    0xfe, 0xad, 0x3f, 0xf4, 0x7f, 0xff, 0xf9, 0xe,
    0xf6, 0x2a, 0x4f, 0xe9, 0x53, 0xff, 0x41, 0xff,
    0xff, 0x90, 0xef, 0xee, 0xee, 0xff, 0xee, 0xef,
    0xf4, 0x8, 0x4e, 0xf9, 0xd, 0xee, 0xee, 0xee,
    0xee, 0xee, 0xee, 0x30, 0x0, 0xef, 0x90, 0x1,
    0x11, 0x11, 0x11, 0x11, 0x11, 0x0, 0x0, 0xe,
    0xf9, 0x0, 0xcf, 0xff, 0xff, 0xff, 0xff, 0xf2,
    0x0, 0x0, 0xef, 0x90, 0xc, 0xff, 0xff, 0xff,
    0xff, 0xff, 0x20, 0x0, 0xe, 0xf9, 0x0, 0xcf,
    0xd0, 0x0, 0x0, 0x8f, 0xf2, 0x0, 0x0, 0xef,
    0x90, 0xc, 0xff, 0xff, 0xff, 0xff, 0xff, 0x20,
    0x0, 0xe, 0xf9, 0x0, 0xcf, 0xfd, 0xdd, 0xdd,
    0xef, 0xf2, 0x0, 0x0, 0xef, 0x90, 0xc, 0xfd,
    0x11, 0x11, 0x18, 0xff, 0x20, 0x0, 0xe, 0xf9,
    0x0, 0xcf, 0xff, 0xff, 0xff, 0xff, 0xf2, 0x0,
    0x0, 0xef, 0x90, 0xc, 0xff, 0xff, 0xff, 0xff,
    0xff, 0x20, 0x0, 0xe, 0xf9, 0x0, 0xcf, 0xd0,
    0x0, 0x0, 0x8f, 0xf2, 0x0, 0x0, 0x1, 0x0,
    0x0, 0x0, 0x0, 0x0, 0x0, 0x0, 0x0,

    /* U+5173 "关" */
    0x0, 0x0, 0x0, 0x30, 0x0, 0x0, 0x0, 0x4,
    0x10, 0x0, 0x0, 0x0, 0x0, 0x1b, 0xfa, 0x0,
    0x0, 0x0, 0xf, 0xfc, 0x10, 0x0, 0x0, 0x0,
    0xc, 0xff, 0x50, 0x0, 0x0, 0x7f, 0xfa, 0x0,
    0x0, 0x0, 0x0, 0x2, 0xff, 0xd0, 0x0, 0x0,
    0xef, 0xf1, 0x0, 0x0, 0x0, 0x0, 0x0, 0x9f,
    0xa1, 0x0, 0x8, 0xff, 0x70, 0x0, 0x0, 0x0,
    0xf, 0xff, 0xff, 0xff, 0xff, 0xff, 0xff, 0xff,
    0xfc, 0x0, 0x0, 0xf, 0xff, 0xff, 0xff, 0xff,
    0xff, 0xff, 0xff, 0xfc, 0x0, 0x0, 0x9, 0x99,
    0x99, 0x9b, 0xff, 0xf9, 0x99, 0x99, 0x97, 0x0,
    0x0, 0x0, 0x0, 0x0, 0x2, 0xff, 0xe0, 0x0,
    0x0, 0x0, 0x0, 0x0, 0x0, 0x0, 0x0, 0x2,
    0xff, 0xe0, 0x0, 0x0, 0x0, 0x0, 0x4, 0x99,
    0x99, 0x99, 0x9b, 0xff, 0xf9, 0x99, 0x99, 0x99,
    0x90, 0x8, 0xff, 0xff, 0xff, 0xff, 0xff, 0xff,
    0xff, 0xff, 0xff, 0xf0, 0x8, 0xff, 0xff, 0xff,
    0xff, 0xff, 0xff, 0xff, 0xff, 0xff, 0xf0, 0x0,
    0x0, 0x0, 0x0, 0xe, 0xff, 0xfd, 0x0, 0x0,
    0x0, 0x0, 0x0, 0x0, 0x0, 0x0, 0x9f, 0xff,
    0xff, 0xa0, 0x0, 0x0, 0x0, 0x0, 0x0, 0x0,
    0x9, 0xff, 0xf8, 0xdf, 0xfb, 0x0, 0x0, 0x0,
    0x0, 0x0, 0x3, 0xcf, 0xff, 0xb0, 0x2f, 0xff,
    0xe5, 0x0, 0x0, 0x0, 0x4, 0xbf, 0xff, 0xfa,
    0x0, 0x4, 0xff, 0xff, 0xc6, 0x10, 0x9, 0xef,
    0xff, 0xff, 0x60, 0x0, 0x0, 0x2d, 0xff, 0xff,
    0xf5, 0x4, 0xff, 0xff, 0x91, 0x0, 0x0, 0x0,
    0x0, 0x7e, 0xff, 0xb0, 0x0, 0x7b, 0x60, 0x0,
    0x0, 0x0, 0x0, 0x0, 0x0, 0x6b, 0x10,

    /* U+51C0 "净" */
    0x0, 0x0, 0x0, 0x0, 0x0, 0xa8, 0x30, 0x0,
    0x0, 0x0, 0x0, 0x3, 0xb6, 0x0, 0x0, 0x5,
    0xff, 0x80, 0x0, 0x0, 0x0, 0x0, 0x1f, 0xff,
    0x10, 0x0, 0x1e, 0xff, 0xff, 0xff, 0xc2, 0x0,
    0x0, 0x7, 0xff, 0xa0, 0x0, 0xaf, 0xff, 0xff,
    0xff, 0xfa, 0x0, 0x0, 0x0, 0xdf, 0xf4, 0x8,
    0xff, 0xb4, 0x44, 0xef, 0xf1, 0x0, 0x0, 0x0,
    0x4f, 0xfd, 0x7f, 0xff, 0x32, 0x26, 0xff, 0x82,
    0x21, 0x0, 0x0, 0xc, 0xfa, 0xef, 0xff, 0xff,
    0xff, 0xff, 0xff, 0xf9, 0x0, 0x0, 0x2, 0x20,
    0x2d, 0xcf, 0xff, 0xff, 0xff, 0xff, 0xf9, 0x0,
    0x0, 0x0, 0x0, 0x0, 0x13, 0x33, 0xff, 0xb3,
    0x3e, 0xf9, 0x0, 0x0, 0x0, 0x0, 0x12, 0x22,
    0x22, 0xff, 0xb2, 0x2e, 0xfa, 0x20, 0x0, 0x0,
    0x0, 0x9f, 0xff, 0xff, 0xff, 0xff, 0xff, 0xff,
    0xf3, 0x0, 0x1, 0x70, 0x9f, 0xff, 0xff, 0xff,
    0xff, 0xff, 0xff, 0xf3, 0x0, 0x7, 0xfe, 0x53,
    0x33, 0x33, 0xff, 0xb3, 0x3e, 0xfa, 0x30, 0x0,
    0xd, 0xff, 0x12, 0x66, 0x66, 0xff, 0xc6, 0x6f,
    0xf9, 0x0, 0x0, 0x3f, 0xfb, 0x5, 0xff, 0xff,
    0xff, 0xff, 0xff, 0xf9, 0x0, 0x0, 0xaf, 0xf5,
    0x5, 0xff, 0xff, 0xff, 0xff, 0xff, 0xf9, 0x0,
    0x1, 0xff, 0xf0, 0x0, 0x0, 0x0, 0xef, 0xa0,
    0xb, 0xc7, 0x0, 0x8, 0xff, 0x90, 0x0, 0x0,
    0x0, 0xef, 0xa0, 0x0, 0x0, 0x0, 0x1f, 0xff,
    0x30, 0x0, 0x6, 0x66, 0xff, 0xa0, 0x0, 0x0,
    0x0, 0x4, 0xbc, 0x0, 0x0, 0xc, 0xff, 0xff,
    0x70, 0x0, 0x0, 0x0, 0x0, 0x0, 0x0, 0x0,
    0x7, 0xff, 0xe9, 0x0, 0x0, 0x0, 0x0, 0x0,
    0x0, 0x0, 0x0, 0x0, 0x0, 0x0, 0x0, 0x0,
    0x0, 0x0,

    /* U+51CF "减" */
    0x0, 0x0, 0x0, 0x0, 0x0, 0x0, 0x0, 0x8a,
    0x52, 0x60, 0x0, 0x1, 0x40, 0x0, 0x0, 0x0,
    0x0, 0x0, 0xcf, 0x9e, 0xfa, 0x0, 0x3f, 0xf2,
    0x0, 0x0, 0x0, 0x0, 0x0, 0xcf, 0x83, 0xef,
    0x80, 0xd, 0xf9, 0x1, 0x55, 0x55, 0x55, 0x55,
    0xdf, 0xb5, 0x8d, 0x51, 0x7, 0xff, 0x3, 0xff,
    0xff, 0xff, 0xff, 0xff, 0xff, 0xff, 0xf3, 0x1,
    0xff, 0x63, 0xff, 0xff, 0xff, 0xff, 0xff, 0xff,
    0xff, 0xf3, 0x0, 0xbf, 0xc3, 0xff, 0x10, 0x0,
    0x0, 0x9f, 0xb0, 0x0, 0x0, 0x0, 0x6f, 0x93,
    0xff, 0x5e, 0xee, 0xec, 0x8f, 0xd0, 0x3d, 0xa0,
    0x0, 0x10, 0x3, 0xff, 0x5f, 0xff, 0xfd, 0x7f,
    0xe0, 0x8f, 0xc0, 0x0, 0x0, 0x3, 0xff, 0x10,
    0x0, 0x0, 0x5f, 0xf0, 0xdf, 0x70, 0x0, 0x0,
    0x3, 0xff, 0x3d, 0xed, 0xdd, 0x5f, 0xf4, 0xff,
    0x20, 0x0, 0x5e, 0x74, 0xff, 0x3f, 0xff, 0xff,
    0x3f, 0xfc, 0xfc, 0x0, 0x0, 0x9f, 0xb4, 0xff,
    0x2f, 0xe3, 0xcf, 0x1f, 0xff, 0xf5, 0x0, 0x0,
    0xef, 0x75, 0xfe, 0x2f, 0xe0, 0xbf, 0x1e, 0xff,
    0xd0, 0x0, 0x3, 0xff, 0x37, 0xfd, 0x2f, 0xe0,
    0xbf, 0x1b, 0xff, 0x50, 0x0, 0x8, 0xfe, 0x9,
    0xfb, 0x2f, 0xff, 0xff, 0x1c, 0xff, 0x5, 0x80,
    0xd, 0xfa, 0xc, 0xf8, 0x2f, 0xff, 0xff, 0x9f,
    0xff, 0x16, 0xf7, 0x2f, 0xf5, 0x1f, 0xf4, 0x2f,
    0xe0, 0x7, 0xff, 0xff, 0x8a, 0xf4, 0x8f, 0xf1,
    0x7f, 0xf0, 0x0, 0x0, 0x8f, 0xfa, 0xaf, 0xff,
    0xf1, 0x4, 0x70, 0xdf, 0xb0, 0x0, 0x5, 0xff,
    0xa0, 0x2f, 0xff, 0xb0, 0x0, 0x0, 0x1a, 0x30,
    0x0, 0x0, 0x68, 0x0, 0x4, 0xed, 0x20, 0x0,
    0x0, 0x0, 0x0, 0x0, 0x0, 0x0, 0x0, 0x0,
    0x0, 0x0,

    /* U+51FA "出" */
    0x0, 0x0, 0x0, 0x0, 0x9d, 0xd2, 0x0, 0x0,
    0x0, 0x0, 0x0, 0x0, 0x0, 0xb, 0xff, 0x30,
    0x0, 0x0, 0x0, 0x0, 0xef, 0xc0, 0x0, 0xbf,
    0xf3, 0x0, 0xd, 0xff, 0x10, 0xf, 0xfd, 0x0,
    0xb, 0xff, 0x30, 0x0, 0xef, 0xf1, 0x0, 0xff,
    0xd0, 0x0, 0xbf, 0xf3, 0x0, 0xe, 0xff, 0x10,
    0xf, 0xfd, 0x0, 0xb, 0xff, 0x30, 0x0, 0xef,
    0xf1, 0x0, 0xff, 0xd0, 0x0, 0xbf, 0xf3, 0x0,
    0xe, 0xff, 0x10, 0xf, 0xfe, 0x88, 0x8d, 0xff,
    0xa8, 0x88, 0xff, 0xf1, 0x0, 0xff, 0xff, 0xff,
    0xff, 0xff, 0xff, 0xff, 0xff, 0x10, 0xf, 0xff,
    0xff, 0xff, 0xff, 0xff, 0xff, 0xff, 0xf1, 0x0,
    0x0, 0x0, 0x0, 0xbf, 0xf4, 0x0, 0x0, 0x0,
    0x0, 0xbb, 0xa0, 0x0, 0xb, 0xff, 0x30, 0x0,
    0xb, 0xba, 0x1f, 0xfe, 0x0, 0x0, 0xbf, 0xf3,
    0x0, 0x0, 0xff, 0xf1, 0xff, 0xe0, 0x0, 0xb,
    0xff, 0x30, 0x0, 0xf, 0xff, 0x1f, 0xfe, 0x0,
    0x0, 0xbf, 0xf3, 0x0, 0x0, 0xff, 0xf1, 0xff,
    0xe0, 0x0, 0xb, 0xff, 0x30, 0x0, 0xf, 0xff,
    0x1f, 0xfe, 0x0, 0x0, 0xbf, 0xf3, 0x0, 0x0,
    0xff, 0xf1, 0xff, 0xff, 0xff, 0xff, 0xff, 0xff,
    0xff, 0xff, 0xff, 0x1f, 0xff, 0xff, 0xff, 0xff,
    0xff, 0xff, 0xff, 0xff, 0xf0, 0xbb, 0xbb, 0xbb,
    0xbb, 0xbb, 0xbb, 0xbb, 0xbf, 0xff, 0x0, 0x0,
    0x0, 0x0, 0x0, 0x0, 0x0, 0x0, 0xff, 0xf0,

    /* U+51FB "击" */
    0x0, 0x0, 0x0, 0x0, 0xa, 0xa8, 0x0, 0x0,
    0x0, 0x0, 0x0, 0x0, 0x0, 0x0, 0x1, 0xff,
    0xc0, 0x0, 0x0, 0x0, 0x0, 0x0, 0x0, 0x0,
    0x0, 0x1f, 0xfc, 0x0, 0x0, 0x0, 0x0, 0x0,
    0x1a, 0xaa, 0xaa, 0xaa, 0xff, 0xea, 0xaa, 0xaa,
    0xa6, 0x0, 0x1, 0xff, 0xff, 0xff, 0xff, 0xff,
    0xff, 0xff, 0xff, 0xb0, 0x0, 0x1f, 0xff, 0xff,
    0xff, 0xff, 0xff, 0xff, 0xff, 0xfa, 0x0, 0x0,
    0x0, 0x0, 0x0, 0x1f, 0xfc, 0x0, 0x0, 0x0,
    0x0, 0x0, 0x0, 0x0, 0x0, 0x1, 0xff, 0xc0,
    0x0, 0x0, 0x0, 0x0, 0x69, 0x99, 0x99, 0x99,
    0xaf, 0xfe, 0x99, 0x99, 0x99, 0x99, 0x1b, 0xff,
    0xff, 0xff, 0xff, 0xff, 0xff, 0xff, 0xff, 0xff,
    0xf2, 0xbf, 0xff, 0xff, 0xff, 0xff, 0xff, 0xff,
    0xff, 0xff, 0xff, 0x20, 0x0, 0x0, 0x0, 0x2,
    0xff, 0xc0, 0x0, 0x0, 0x0, 0x0, 0x0, 0x99,
    0x60, 0x0, 0x1f, 0xfc, 0x0, 0x8, 0xa9, 0x0,
    0x0, 0x1f, 0xfb, 0x0, 0x1, 0xff, 0xc0, 0x0,
    0xdf, 0xe0, 0x0, 0x1, 0xff, 0xb0, 0x0, 0x1f,
    0xfc, 0x0, 0xd, 0xfe, 0x0, 0x0, 0x1f, 0xfb,
    0x0, 0x1, 0xff, 0xc0, 0x0, 0xdf, 0xe0, 0x0,
    0x1, 0xff, 0xb0, 0x0, 0x1f, 0xfc, 0x0, 0xd,
    0xfe, 0x0, 0x0, 0x1f, 0xfe, 0xaa, 0xab, 0xff,
    0xea, 0xaa, 0xff, 0xe0, 0x0, 0x1, 0xff, 0xff,
    0xff, 0xff, 0xff, 0xff, 0xff, 0xfe, 0x0, 0x0,
    0x1e, 0xee, 0xee, 0xee, 0xee, 0xee, 0xee, 0xff,
    0xe0, 0x0, 0x0, 0x0, 0x0, 0x0, 0x0, 0x0,
    0x0, 0xd, 0xfe, 0x0, 0x0,

    /* U+5207 "切" */
    0x0, 0xd, 0xe8, 0x0, 0x2, 0x22, 0x22, 0x22,
    0x22, 0x32, 0x20, 0x0, 0xef, 0x90, 0x0, 0xff,
    0xff, 0xff, 0xff, 0xff, 0xfe, 0x0, 0xe, 0xf9,
    0x0, 0xf, 0xff, 0xff, 0xff, 0xff, 0xff, 0xd0,
    0x0, 0xef, 0x90, 0x0, 0x55, 0x5e, 0xfd, 0x55,
    0x5e, 0xfd, 0x0, 0xe, 0xfa, 0x36, 0x93, 0x0,
    0xef, 0xc0, 0x0, 0xdf, 0xd0, 0x36, 0xff, 0xff,
    0xff, 0x70, 0xe, 0xfb, 0x0, 0xe, 0xfc, 0x7f,
    0xff, 0xff, 0xff, 0xf7, 0x0, 0xff, 0xa0, 0x0,
    0xef, 0xc4, 0xff, 0xff, 0xc5, 0x20, 0x0, 0xf,
    0xf9, 0x0, 0xf, 0xfb, 0x15, 0x2e, 0xf9, 0x0,
    0x0, 0x1, 0xff, 0x80, 0x0, 0xff, 0xb0, 0x0,
    0xef, 0x90, 0x0, 0x0, 0x3f, 0xf6, 0x0, 0xf,
    0xfa, 0x0, 0xe, 0xf9, 0x0, 0x0, 0x5, 0xff,
    0x40, 0x0, 0xff, 0x90, 0x0, 0xef, 0x90, 0x2,
    0x10, 0x9f, 0xf1, 0x0, 0x1f, 0xf9, 0x0, 0xe,
    0xf9, 0x4b, 0xf6, 0xd, 0xfe, 0x0, 0x2, 0xff,
    0x80, 0x0, 0xff, 0xff, 0xff, 0x83, 0xff, 0x90,
    0x0, 0x3f, 0xf7, 0x0, 0x8f, 0xff, 0xfe, 0x71,
    0xbf, 0xf4, 0x0, 0x5, 0xff, 0x60, 0xc, 0xff,
    0xe7, 0x0, 0x5f, 0xfd, 0x0, 0x0, 0x7f, 0xf4,
    0x0, 0x4e, 0x60, 0x0, 0x3f, 0xff, 0x50, 0x0,
    0xb, 0xff, 0x20, 0x0, 0x10, 0x0, 0x4e, 0xff,
    0xa0, 0x3a, 0x9b, 0xff, 0xf0, 0x0, 0x0, 0x0,
    0xc, 0xff, 0xc0, 0x0, 0xff, 0xff, 0xf8, 0x0,
    0x0, 0x0, 0x0, 0x1d, 0xb0, 0x0, 0xb, 0xff,
    0xe8, 0x0, 0x0, 0x0, 0x0, 0x0, 0x10, 0x0,
    0x0, 0x0, 0x0, 0x0, 0x0,

    /* U+5229 "利" */
    0x0, 0x0, 0x0, 0x0, 0x36, 0x0, 0x0, 0x0,
    0x0, 0x44, 0x20, 0x0, 0x1, 0x49, 0xdf, 0xf8,
    0x0, 0x0, 0x0, 0x1f, 0xf8, 0x17, 0xad, 0xff,
    0xff, 0xff, 0xb1, 0x0, 0x0, 0x1, 0xff, 0x80,
    0xff, 0xff, 0xff, 0xd5, 0x10, 0x8, 0xff, 0x0,
    0x1f, 0xf8, 0x8, 0x96, 0x3f, 0xfa, 0x0, 0x0,
    0x8f, 0xf0, 0x1, 0xff, 0x80, 0x0, 0x0, 0xef,
    0xa0, 0x0, 0x8, 0xff, 0x0, 0x1f, 0xf8, 0x2,
    0x22, 0x2f, 0xfb, 0x22, 0x20, 0x8f, 0xf0, 0x1,
    0xff, 0x82, 0xff, 0xff, 0xff, 0xff, 0xff, 0x68,
    0xff, 0x0, 0x1f, 0xf8, 0x2f, 0xff, 0xff, 0xff,
    0xff, 0xf6, 0x8f, 0xf0, 0x1, 0xff, 0x80, 0x44,
    0x4b, 0xff, 0xc4, 0x44, 0x18, 0xff, 0x0, 0x1f,
    0xf8, 0x0, 0x1, 0xff, 0xfc, 0x0, 0x0, 0x8f,
    0xf0, 0x1, 0xff, 0x80, 0x0, 0x9f, 0xff, 0xfc,
    0x10, 0x8, 0xff, 0x0, 0x1f, 0xf8, 0x0, 0x3f,
    0xff, 0xff, 0xfe, 0x30, 0x8f, 0xf0, 0x1, 0xff,
    0x80, 0xd, 0xfd, 0xef, 0xdf, 0xff, 0x38, 0xff,
    0x0, 0x1f, 0xf8, 0x9, 0xff, 0x5e, 0xfa, 0x4f,
    0xe0, 0x8f, 0xf0, 0x1, 0xff, 0x86, 0xff, 0xc0,
    0xef, 0xa0, 0x54, 0x2, 0x55, 0x0, 0x1f, 0xf8,
    0x2f, 0xf2, 0xe, 0xfa, 0x0, 0x0, 0x0, 0x0,
    0x1, 0xff, 0x80, 0x96, 0x0, 0xef, 0xa0, 0x0,
    0x0, 0x0, 0x0, 0x1f, 0xf8, 0x0, 0x0, 0xe,
    0xfa, 0x0, 0x0, 0x0, 0xaa, 0xab, 0xff, 0x80,
    0x0, 0x0, 0xef, 0xa0, 0x0, 0x0, 0xb, 0xff,
    0xff, 0xf4, 0x0, 0x0, 0xe, 0xfa, 0x0, 0x0,
    0x0, 0x6f, 0xfe, 0xb5, 0x0, 0x0, 0x0, 0x0,
    0x0, 0x0, 0x0, 0x0, 0x0, 0x0, 0x0,

    /* U+52A8 "动" */
    0x0, 0x0, 0x0, 0x0, 0x0, 0x0, 0x24, 0x40,
    0x0, 0x0, 0x0, 0x0, 0x0, 0x0, 0x0, 0x0,
    0x6f, 0xf3, 0x0, 0x0, 0x3f, 0xff, 0xff, 0xff,
    0xf6, 0x0, 0x6f, 0xf2, 0x0, 0x0, 0x3f, 0xff,
    0xff, 0xff, 0xf7, 0x0, 0x7f, 0xf2, 0x0, 0x0,
    0x15, 0x55, 0x55, 0x55, 0x52, 0x0, 0x7f, 0xf2,
    0x0, 0x0, 0x0, 0x0, 0x0, 0x0, 0x0, 0xde,
    0xff, 0xff, 0xef, 0xfb, 0x0, 0x0, 0x0, 0x0,
    0x0, 0xef, 0xff, 0xff, 0xff, 0xfc, 0xef, 0xff,
    0xff, 0xff, 0xfc, 0x78, 0xcf, 0xf9, 0x8e, 0xfb,
    0xff, 0xff, 0xff, 0xff, 0xfd, 0x0, 0x9f, 0xf0,
    0xd, 0xfb, 0x67, 0x9f, 0xfb, 0x77, 0x75, 0x0,
    0xaf, 0xe0, 0xe, 0xfb, 0x0, 0x7f, 0xf3, 0x0,
    0x0, 0x0, 0xcf, 0xd0, 0xe, 0xfa, 0x0, 0xbf,
    0xe0, 0x5c, 0xc0, 0x0, 0xef, 0xb0, 0xf, 0xfa,
    0x0, 0xff, 0x90, 0x4f, 0xf2, 0x0, 0xff, 0x90,
    0xf, 0xf9, 0x5, 0xff, 0x30, 0xe, 0xf8, 0x4,
    0xff, 0x60, 0xf, 0xf8, 0xb, 0xfd, 0x2, 0x6e,
    0xfd, 0x8, 0xff, 0x20, 0x1f, 0xf7, 0x3f, 0xfe,
    0xef, 0xff, 0xff, 0x2d, 0xfe, 0x0, 0x2f, 0xf6,
    0xaf, 0xff, 0xff, 0xfc, 0xff, 0xbf, 0xf9, 0x0,
    0x4f, 0xf5, 0x5f, 0xfe, 0xa5, 0x10, 0x75, 0xdf,
    0xf3, 0x0, 0x7f, 0xf3, 0x1a, 0x30, 0x0, 0x0,
    0x9, 0xff, 0xb6, 0x88, 0xef, 0xf0, 0x0, 0x0,
    0x0, 0x0, 0xc, 0xff, 0x25, 0xff, 0xff, 0xb0,
    0x0, 0x0, 0x0, 0x0, 0x1, 0xd6, 0x2, 0xff,
    0xfb, 0x10, 0x0, 0x0, 0x0, 0x0, 0x0, 0x0,
    0x0, 0x0, 0x0, 0x0,

    /* U+5373 "即" */
    0x0, 0x68, 0x76, 0x66, 0x66, 0x63, 0x24, 0x44,
    0x44, 0x44, 0x10, 0xf, 0xff, 0xff, 0xff, 0xff,
    0x99, 0xff, 0xff, 0xff, 0xf7, 0x0, 0xff, 0xff,
    0xff, 0xff, 0xf9, 0x9f, 0xff, 0xff, 0xff, 0x70,
    0xf, 0xfb, 0x0, 0x1, 0xff, 0x99, 0xff, 0x32,
    0x4f, 0xf7, 0x0, 0xff, 0xd5, 0x55, 0x6f, 0xf9,
    0x9f, 0xf1, 0x2, 0xff, 0x70, 0xf, 0xff, 0xff,
    0xff, 0xff, 0x99, 0xff, 0x10, 0x2f, 0xf7, 0x0,
    0xff, 0xff, 0xff, 0xff, 0xf9, 0x9f, 0xf1, 0x2,
    0xff, 0x70, 0xf, 0xfb, 0x0, 0x1, 0xff, 0x99,
    0xff, 0x10, 0x2f, 0xf7, 0x0, 0xff, 0xb0, 0x0,
    0x1f, 0xf9, 0x9f, 0xf1, 0x2, 0xff, 0x70, 0xf,
    0xff, 0xff, 0xff, 0xff, 0x99, 0xff, 0x10, 0x2f,
    0xf7, 0x0, 0xff, 0xff, 0xff, 0xff, 0xf9, 0x9f,
    0xf1, 0x2, 0xff, 0x70, 0xf, 0xfd, 0x55, 0x55,
    0x55, 0x39, 0xff, 0x10, 0x2f, 0xf7, 0x0, 0xff,
    0xb0, 0x5, 0xc7, 0x0, 0x9f, 0xf1, 0x2, 0xff,
    0x70, 0xf, 0xfb, 0x0, 0xdf, 0xf1, 0x9, 0xff,
    0x36, 0x7f, 0xf7, 0x0, 0xff, 0xb0, 0x6, 0xff,
    0x80, 0x9f, 0xf2, 0xff, 0xff, 0x50, 0xf, 0xfc,
    0x7c, 0xff, 0xff, 0x19, 0xff, 0x1d, 0xff, 0x90,
    0x9, 0xff, 0xff, 0xff, 0xff, 0xf8, 0x9f, 0xf1,
    0x0, 0x0, 0x0, 0xaf, 0xff, 0xfd, 0x83, 0xdf,
    0xc9, 0xff, 0x10, 0x0, 0x0, 0x4, 0xfd, 0x72,
    0x0, 0x7, 0x80, 0x9f, 0xf1, 0x0, 0x0, 0x0,
    0x3, 0x0, 0x0, 0x0, 0x0, 0x9, 0xff, 0x10,
    0x0, 0x0,

    /* U+5384 "厄" */
    0x0, 0xd, 0xff, 0xff, 0xff, 0xff, 0xff, 0xff,
    0xff, 0xff, 0xc0, 0x0, 0xd, 0xff, 0xff, 0xff,
    0xff, 0xff, 0xff, 0xff, 0xff, 0xc0, 0x0, 0xd,
    0xff, 0x99, 0x99, 0x99, 0x99, 0x99, 0x99, 0x99,
    0x70, 0x0, 0xd, 0xfd, 0x0, 0x0, 0x0, 0x0,
    0x0, 0x0, 0x0, 0x0, 0x0, 0xd, 0xfd, 0x4,
    0x9a, 0x99, 0x99, 0x99, 0xa9, 0x70, 0x0, 0x0,
    0xd, 0xfd, 0x7, 0xff, 0xff, 0xff, 0xff, 0xff,
    0xd0, 0x0, 0x0, 0xd, 0xfd, 0x7, 0xff, 0xff,
    0xff, 0xff, 0xff, 0xd0, 0x0, 0x0, 0xd, 0xfd,
    0x7, 0xff, 0x30, 0x0, 0x0, 0xdf, 0xd0, 0x0,
    0x0, 0xe, 0xfc, 0x7, 0xff, 0x30, 0x0, 0x0,
    0xdf, 0xd0, 0x0, 0x0, 0xe, 0xfc, 0x7, 0xff,
    0x30, 0x0, 0x0, 0xdf, 0xd0, 0x0, 0x0, 0xf,
    0xfb, 0x7, 0xff, 0x30, 0x0, 0x0, 0xdf, 0xd0,
    0x0, 0x0, 0x1f, 0xf9, 0x7, 0xff, 0x30, 0xde,
    0xef, 0xff, 0xb0, 0x0, 0x0, 0x3f, 0xf8, 0x7,
    0xff, 0x30, 0x7f, 0xff, 0xff, 0x50, 0x0, 0x0,
    0x6f, 0xf5, 0x7, 0xff, 0x30, 0x28, 0x87, 0x51,
    0x0, 0x0, 0x0, 0x9f, 0xf3, 0x7, 0xff, 0x30,
    0x0, 0x0, 0x0, 0x2e, 0x82, 0x0, 0xdf, 0xf0,
    0x7, 0xff, 0x30, 0x0, 0x0, 0x0, 0x4f, 0xf9,
    0x2, 0xff, 0xb0, 0x6, 0xff, 0x81, 0x0, 0x0,
    0x1, 0xaf, 0xf6, 0x9, 0xff, 0x50, 0x3, 0xff,
    0xff, 0xff, 0xff, 0xff, 0xff, 0xf1, 0x1f, 0xfe,
    0x0, 0x0, 0x9f, 0xff, 0xff, 0xff, 0xff, 0xff,
    0x70, 0x1, 0x97, 0x0, 0x0, 0x2, 0x57, 0x77,
    0x77, 0x77, 0x62, 0x0, 0x0, 0x0, 0x0, 0x0,
    0x0, 0x0, 0x0, 0x0, 0x0, 0x0, 0x0,

    /* U+53D7 "受" */
    0x0, 0x0, 0x0, 0x0, 0x0, 0x0, 0x1, 0x25,
    0x7a, 0x40, 0x0, 0x1, 0x44, 0x56, 0x78, 0x9a,
    0xcd, 0xff, 0xff, 0xff, 0xf2, 0x0, 0x1, 0xff,
    0xff, 0xff, 0xff, 0xff, 0xff, 0xff, 0xfc, 0xa5,
    0x0, 0x0, 0xdf, 0xff, 0xdc, 0xbb, 0xed, 0x64,
    0x21, 0x75, 0x10, 0x0, 0x0, 0x4, 0xdf, 0x20,
    0x8, 0xff, 0x10, 0x2, 0xff, 0xd0, 0x0, 0x0,
    0x0, 0xef, 0xa0, 0x3, 0xff, 0x60, 0x9, 0xff,
    0x40, 0x0, 0x3, 0x55, 0xcf, 0xd5, 0x55, 0xfe,
    0x85, 0x6f, 0xfd, 0x55, 0x30, 0x9, 0xff, 0xff,
    0xff, 0xff, 0xff, 0xff, 0xff, 0xff, 0xff, 0xa0,
    0x9, 0xff, 0xff, 0xff, 0xff, 0xff, 0xff, 0xff,
    0xff, 0xff, 0xa0, 0x9, 0xfe, 0x0, 0x0, 0x0,
    0x0, 0x0, 0x0, 0x0, 0xef, 0xa0, 0x9, 0xfe,
    0x36, 0x66, 0x66, 0x66, 0x66, 0x67, 0x40, 0xef,
    0xa0, 0x4, 0x77, 0x8f, 0xff, 0xff, 0xff, 0xff,
    0xff, 0xfa, 0x77, 0x50, 0x0, 0x0, 0x8f, 0xff,
    0xff, 0xff, 0xff, 0xff, 0xf8, 0x0, 0x0, 0x0,
    0x0, 0xd, 0xff, 0x30, 0x0, 0x7, 0xff, 0xd0,
    0x0, 0x0, 0x0, 0x0, 0x4, 0xff, 0xf5, 0x0,
    0x7f, 0xff, 0x30, 0x0, 0x0, 0x0, 0x0, 0x0,
    0x5f, 0xff, 0xbb, 0xff, 0xf4, 0x0, 0x0, 0x0,
    0x0, 0x0, 0x0, 0x3, 0xff, 0xff, 0xff, 0x30,
    0x0, 0x0, 0x0, 0x0, 0x0, 0x25, 0x9e, 0xff,
    0xff, 0xff, 0xfb, 0x74, 0x10, 0x0, 0x8, 0xcf,
    0xff, 0xff, 0xff, 0xaa, 0xff, 0xff, 0xff, 0xff,
    0xa0, 0x3, 0xff, 0xff, 0xfb, 0x61, 0x0, 0x16,
    0xbf, 0xff, 0xff, 0x20, 0x0, 0x89, 0x63, 0x0,
    0x0, 0x0, 0x0, 0x0, 0x36, 0x96, 0x0,

    /* U+540C "同" */
    0x48, 0x88, 0x88, 0x88, 0x88, 0x88, 0x88, 0x88,
    0x89, 0x82, 0x7f, 0xff, 0xff, 0xff, 0xff, 0xff,
    0xff, 0xff, 0xff, 0xf4, 0x7f, 0xff, 0xff, 0xff,
    0xff, 0xff, 0xff, 0xff, 0xff, 0xf4, 0x7f, 0xf1,
    0x0, 0x0, 0x0, 0x0, 0x0, 0x0, 0x5f, 0xf4,
    0x7f, 0xf1, 0x56, 0x66, 0x66, 0x66, 0x66, 0x60,
    0x5f, 0xf4, 0x7f, 0xf1, 0xef, 0xff, 0xff, 0xff,
    0xff, 0xf2, 0x5f, 0xf4, 0x7f, 0xf1, 0xbd, 0xdd,
    0xdd, 0xdd, 0xdd, 0xd1, 0x5f, 0xf4, 0x7f, 0xf1,
    0x0, 0x0, 0x0, 0x0, 0x0, 0x0, 0x5f, 0xf4,
    0x7f, 0xf1, 0x7, 0xff, 0xee, 0xee, 0xee, 0x20,
    0x5f, 0xf4, 0x7f, 0xf1, 0x7, 0xff, 0xff, 0xff,
    0xff, 0x30, 0x5f, 0xf4, 0x7f, 0xf1, 0x7, 0xfe,
    0x44, 0x46, 0xff, 0x30, 0x5f, 0xf4, 0x7f, 0xf1,
    0x7, 0xfd, 0x0, 0x2, 0xff, 0x30, 0x5f, 0xf4,
    0x7f, 0xf1, 0x7, 0xfd, 0x0, 0x2, 0xff, 0x30,
    0x5f, 0xf4, 0x7f, 0xf1, 0x7, 0xfe, 0x44, 0x46,
    0xff, 0x30, 0x5f, 0xf4, 0x7f, 0xf1, 0x7, 0xff,
    0xff, 0xff, 0xff, 0x30, 0x5f, 0xf4, 0x7f, 0xf1,
    0x7, 0xff, 0xff, 0xff, 0xff, 0x20, 0x5f, 0xf4,
    0x7f, 0xf1, 0x7, 0xfd, 0x0, 0x0, 0x0, 0x0,
    0x5f, 0xf4, 0x7f, 0xf1, 0x3, 0x65, 0x0, 0x0,
    0x6, 0x88, 0xcf, 0xf3, 0x7f, 0xf1, 0x0, 0x0,
    0x0, 0x0, 0x5, 0xff, 0xff, 0xf0, 0x7f, 0xf1,
    0x0, 0x0, 0x0, 0x0, 0x1, 0xff, 0xeb, 0x30,
    0x0, 0x0, 0x0, 0x0, 0x0, 0x0, 0x0, 0x0,
    0x0, 0x0,

    /* U+542F "启" */
    0x0, 0x0, 0x0, 0x0, 0x0, 0x36, 0x0, 0x0,
    0x0, 0x0, 0x0, 0x0, 0x0, 0x0, 0x0, 0x9f,
    0xf5, 0x0, 0x0, 0x0, 0x0, 0x0, 0x0, 0x0,
    0x0, 0x3, 0xff, 0xc0, 0x0, 0x0, 0x0, 0x0,
    0x0, 0x68, 0x87, 0x77, 0x7f, 0xff, 0x87, 0x77,
    0x77, 0x40, 0x0, 0xc, 0xff, 0xff, 0xff, 0xff,
    0xff, 0xff, 0xff, 0xf9, 0x0, 0x0, 0xcf, 0xff,
    0xff, 0xff, 0xff, 0xff, 0xff, 0xff, 0x90, 0x0,
    0xc, 0xfe, 0x0, 0x0, 0x0, 0x0, 0x0, 0x1f,
    0xf9, 0x0, 0x0, 0xcf, 0xf2, 0x22, 0x22, 0x22,
    0x22, 0x23, 0xff, 0x90, 0x0, 0xc, 0xff, 0xff,
    0xff, 0xff, 0xff, 0xff, 0xff, 0xf9, 0x0, 0x0,
    0xcf, 0xff, 0xff, 0xff, 0xff, 0xff, 0xff, 0xff,
    0x90, 0x0, 0xc, 0xfe, 0x44, 0x44, 0x44, 0x44,
    0x44, 0x44, 0x42, 0x0, 0x0, 0xdf, 0xd0, 0x11,
    0x11, 0x11, 0x11, 0x11, 0x11, 0x10, 0x0, 0xe,
    0xfc, 0xaf, 0xff, 0xff, 0xff, 0xff, 0xff, 0xff,
    0x10, 0x0, 0xff, 0xaa, 0xff, 0xff, 0xff, 0xff,
    0xff, 0xff, 0xf1, 0x0, 0x3f, 0xf7, 0xaf, 0xf5,
    0x55, 0x55, 0x55, 0x5b, 0xff, 0x10, 0x7, 0xff,
    0x5a, 0xff, 0x0, 0x0, 0x0, 0x0, 0x9f, 0xf1,
    0x0, 0xcf, 0xf1, 0xaf, 0xf0, 0x0, 0x0, 0x0,
    0x9, 0xff, 0x10, 0x2f, 0xfc, 0xa, 0xff, 0x77,
    0x77, 0x77, 0x77, 0xcf, 0xf1, 0xb, 0xff, 0x60,
    0xaf, 0xff, 0xff, 0xff, 0xff, 0xff, 0xff, 0x12,
    0xef, 0xe0, 0xa, 0xff, 0xff, 0xff, 0xff, 0xff,
    0xff, 0xf1, 0x2, 0xd5, 0x0, 0xaf, 0xf0, 0x0,
    0x0, 0x0, 0x9, 0xff, 0x10, 0x0, 0x0, 0x0,
    0x0, 0x0, 0x0, 0x0, 0x0, 0x0, 0x0,

    /* U+5473 "味" */
    0x0, 0x0, 0x0, 0x0, 0x0, 0x0, 0x59, 0x90,
    0x0, 0x0, 0x0, 0x0, 0x0, 0x0, 0x0, 0x0,
    0x9, 0xff, 0x10, 0x0, 0x0, 0x6e, 0xfd, 0xdd,
    0xd2, 0x0, 0x0, 0x9f, 0xf1, 0x0, 0x0, 0x8,
    0xff, 0xff, 0xff, 0x24, 0x77, 0x7c, 0xff, 0x87,
    0x77, 0x40, 0x8f, 0xfb, 0xcf, 0xf2, 0x9f, 0xff,
    0xff, 0xff, 0xff, 0xfa, 0x8, 0xfe, 0x3, 0xff,
    0x29, 0xff, 0xff, 0xff, 0xff, 0xff, 0xa0, 0x8f,
    0xe0, 0x3f, 0xf2, 0x0, 0x0, 0x9f, 0xf2, 0x0,
    0x0, 0x8, 0xfe, 0x3, 0xff, 0x20, 0x0, 0x9,
    0xff, 0x10, 0x0, 0x0, 0x8f, 0xe0, 0x3f, 0xf2,
    0x0, 0x0, 0x9f, 0xf2, 0x0, 0x0, 0x8, 0xfe,
    0x3, 0xff, 0x7f, 0xff, 0xff, 0xff, 0xff, 0xff,
    0xf5, 0x8f, 0xe0, 0x3f, 0xf7, 0xff, 0xff, 0xff,
    0xff, 0xff, 0xff, 0x58, 0xfe, 0x3, 0xff, 0x47,
    0x77, 0xaf, 0xff, 0xf7, 0x77, 0x72, 0x8f, 0xe0,
    0x4f, 0xf2, 0x0, 0xc, 0xff, 0xff, 0x40, 0x0,
    0x8, 0xff, 0xff, 0xff, 0x20, 0x7, 0xff, 0xff,
    0xfd, 0x0, 0x0, 0x8f, 0xff, 0xff, 0xf2, 0x4,
    0xff, 0xff, 0xff, 0xf9, 0x0, 0x8, 0xff, 0x88,
    0x88, 0x13, 0xff, 0xea, 0xff, 0xbf, 0xf6, 0x0,
    0x8f, 0xe0, 0x0, 0x4, 0xff, 0xf4, 0x9f, 0xf2,
    0xef, 0xf5, 0x2, 0x44, 0x0, 0x8, 0xff, 0xf6,
    0x9, 0xff, 0x15, 0xff, 0xf4, 0x0, 0x0, 0x0,
    0x2f, 0xf6, 0x0, 0x9f, 0xf1, 0x9, 0xfa, 0x0,
    0x0, 0x0, 0x0, 0x43, 0x0, 0x9, 0xff, 0x10,
    0x7, 0x0, 0x0, 0x0, 0x0, 0x0, 0x0, 0x0,
    0x9f, 0xf1, 0x0, 0x0, 0x0,

    /* U+5492 "咒" */
    0x0, 0x25, 0x55, 0x55, 0x55, 0x10, 0x45, 0x55,
    0x55, 0x54, 0x0, 0x0, 0x7f, 0xff, 0xff, 0xff,
    0x30, 0xff, 0xff, 0xff, 0xfe, 0x0, 0x0, 0x7f,
    0xff, 0xff, 0xff, 0x30, 0xff, 0xff, 0xff, 0xfe,
    0x0, 0x0, 0x7f, 0xe0, 0x5, 0xff, 0x30, 0xff,
    0x70, 0xa, 0xfe, 0x0, 0x0, 0x7f, 0xe0, 0x5,
    0xff, 0x30, 0xff, 0x70, 0xa, 0xfe, 0x0, 0x0,
    0x7f, 0xff, 0xff, 0xff, 0x30, 0xff, 0xff, 0xff,
    0xfe, 0x0, 0x0, 0x7f, 0xff, 0xff, 0xff, 0x30,
    0xff, 0xff, 0xff, 0xfe, 0x0, 0x0, 0x25, 0x55,
    0x55, 0x55, 0x10, 0x45, 0x55, 0x55, 0x54, 0x0,
    0x0, 0x0, 0x0, 0x0, 0x0, 0x0, 0x0, 0x0,
    0x0, 0x0, 0x0, 0x0, 0x0, 0x3, 0x78, 0x77,
    0x77, 0x77, 0x87, 0x10, 0x0, 0x0, 0x0, 0x0,
    0x8, 0xff, 0xff, 0xff, 0xff, 0xff, 0x30, 0x0,
    0x0, 0x0, 0x0, 0x8, 0xff, 0xff, 0xff, 0xff,
    0xff, 0x30, 0x0, 0x0, 0x0, 0x0, 0x8, 0xff,
    0x20, 0x0, 0x4, 0xff, 0x30, 0x0, 0x0, 0x0,
    0x0, 0x9, 0xff, 0x20, 0x0, 0x4, 0xff, 0x30,
    0x0, 0x0, 0x0, 0x0, 0xc, 0xff, 0x0, 0x0,
    0x4, 0xff, 0x30, 0xb, 0x50, 0x0, 0x0, 0x3f,
    0xfb, 0x0, 0x0, 0x4, 0xff, 0x30, 0xf, 0xf6,
    0x0, 0x3, 0xef, 0xf5, 0x0, 0x0, 0x4, 0xff,
    0x30, 0x1f, 0xf5, 0x2, 0x9f, 0xff, 0xa0, 0x0,
    0x0, 0x3, 0xff, 0x96, 0x9f, 0xf2, 0xd, 0xff,
    0xfb, 0x0, 0x0, 0x0, 0x1, 0xff, 0xff, 0xff,
    0xe0, 0x2, 0xfe, 0x60, 0x0, 0x0, 0x0, 0x0,
    0x6e, 0xff, 0xfd, 0x40, 0x0, 0x30, 0x0, 0x0,
    0x0, 0x0, 0x0, 0x0, 0x0, 0x0, 0x0,

    /* U+5728 "在" */
    0x0, 0x0, 0x0, 0x0, 0x85, 0x10, 0x0, 0x0,
    0x0, 0x0, 0x0, 0x0, 0x0, 0x0, 0x2f, 0xfb,
    0x0, 0x0, 0x0, 0x0, 0x0, 0x0, 0x0, 0x0,
    0x7, 0xff, 0x60, 0x0, 0x0, 0x0, 0x0, 0x0,
    0x69, 0x99, 0x99, 0xef, 0xfa, 0x99, 0x99, 0x99,
    0x99, 0x98, 0xb, 0xff, 0xff, 0xff, 0xff, 0xff,
    0xff, 0xff, 0xff, 0xff, 0xe0, 0xaf, 0xff, 0xff,
    0xff, 0xff, 0xff, 0xff, 0xff, 0xff, 0xfe, 0x0,
    0x0, 0x4, 0xff, 0xb0, 0x0, 0x2, 0x21, 0x0,
    0x0, 0x0, 0x0, 0x0, 0xdf, 0xf3, 0x0, 0x2,
    0xff, 0x80, 0x0, 0x0, 0x0, 0x0, 0x8f, 0xfa,
    0x0, 0x0, 0x2f, 0xf8, 0x0, 0x0, 0x0, 0x0,
    0x5f, 0xfe, 0x10, 0x0, 0x2, 0xff, 0x80, 0x0,
    0x0, 0x0, 0x4f, 0xff, 0x70, 0x47, 0x77, 0x8f,
    0xfc, 0x77, 0x77, 0x0, 0x5f, 0xff, 0xf7, 0xa,
    0xff, 0xff, 0xff, 0xff, 0xff, 0xf0, 0x3f, 0xff,
    0xff, 0x70, 0x9f, 0xff, 0xff, 0xff, 0xff, 0xfe,
    0x0, 0xbf, 0xbf, 0xf7, 0x0, 0x0, 0x2, 0xff,
    0x80, 0x0, 0x0, 0x3, 0x53, 0xff, 0x70, 0x0,
    0x0, 0x2f, 0xf8, 0x0, 0x0, 0x0, 0x0, 0x3f,
    0xf7, 0x0, 0x0, 0x2, 0xff, 0x80, 0x0, 0x0,
    0x0, 0x3, 0xff, 0x70, 0x0, 0x0, 0x2f, 0xf8,
    0x0, 0x0, 0x0, 0x0, 0x3f, 0xf7, 0x0, 0x0,
    0x2, 0xff, 0x80, 0x0, 0x0, 0x0, 0x3, 0xff,
    0x77, 0xff, 0xff, 0xff, 0xff, 0xff, 0xff, 0xd0,
    0x0, 0x3f, 0xf7, 0x7f, 0xff, 0xff, 0xff, 0xff,
    0xff, 0xfd, 0x0, 0x3, 0xff, 0x72, 0x66, 0x66,
    0x66, 0x66, 0x66, 0x66, 0x50,

    /* U+57A2 "垢" */
    0x0, 0x5, 0x63, 0x0, 0x0, 0x0, 0x0, 0x0,
    0x25, 0x81, 0x0, 0x0, 0xe, 0xf9, 0x0, 0x28,
    0x89, 0xac, 0xef, 0xff, 0xfb, 0x0, 0x0, 0xe,
    0xf9, 0x0, 0x5f, 0xff, 0xff, 0xff, 0xff, 0xfd,
    0x30, 0x0, 0xe, 0xf9, 0x0, 0x5f, 0xfd, 0xba,
    0x87, 0x53, 0x0, 0x0, 0x0, 0xe, 0xf9, 0x0,
    0x5f, 0xf2, 0x0, 0x0, 0x0, 0x0, 0x0, 0x18,
    0x8f, 0xfc, 0x86, 0x5f, 0xf2, 0x0, 0x0, 0x0,
    0x0, 0x0, 0x3f, 0xff, 0xff, 0xfc, 0x5f, 0xff,
    0xff, 0xff, 0xff, 0xff, 0xf1, 0x3f, 0xff, 0xff,
    0xfb, 0x5f, 0xff, 0xff, 0xff, 0xff, 0xff, 0xf1,
    0x0, 0xe, 0xf9, 0x0, 0x5f, 0xf9, 0x77, 0x77,
    0x77, 0x77, 0x70, 0x0, 0xe, 0xf9, 0x0, 0x5f,
    0xf2, 0x0, 0x0, 0x0, 0x0, 0x0, 0x0, 0xe,
    0xf9, 0x0, 0x6f, 0xf4, 0x33, 0x33, 0x33, 0x33,
    0x0, 0x0, 0xe, 0xf9, 0x0, 0x7f, 0xfc, 0xff,
    0xff, 0xff, 0xff, 0x40, 0x0, 0xe, 0xf9, 0x0,
    0x8f, 0xfb, 0xff, 0xff, 0xff, 0xff, 0x40, 0x0,
    0xe, 0xfb, 0x97, 0xaf, 0xfa, 0xfc, 0x33, 0x36,
    0xff, 0x40, 0x0, 0x1f, 0xff, 0xfc, 0xdf, 0xca,
    0xfc, 0x0, 0x4, 0xff, 0x40, 0x3c, 0xff, 0xff,
    0xfa, 0xff, 0xaa, 0xfc, 0x0, 0x4, 0xff, 0x40,
    0x3f, 0xff, 0xe8, 0x15, 0xff, 0x6a, 0xfc, 0x0,
    0x4, 0xff, 0x40, 0xd, 0xc5, 0x0, 0xb, 0xff,
    0x2a, 0xff, 0xff, 0xff, 0xff, 0x40, 0x1, 0x0,
    0x0, 0x3f, 0xfc, 0xa, 0xff, 0xff, 0xff, 0xff,
    0x40, 0x0, 0x0, 0x0, 0xdf, 0xf5, 0xa, 0xfd,
    0x66, 0x68, 0xff, 0x40, 0x0, 0x0, 0x0, 0x3e,
    0xc0, 0xa, 0xfc, 0x0, 0x4, 0xff, 0x40, 0x0,
    0x0, 0x0, 0x2, 0x20, 0x0, 0x10, 0x0, 0x0,
    0x0, 0x0,

    /* U+57F5 "埵" */
    0x0, 0x6, 0x61, 0x0, 0x0, 0x0, 0x0, 0x0,
    0x0, 0x0, 0x0, 0x0, 0xf, 0xf2, 0x0, 0x0,
    0x12, 0x34, 0x68, 0xac, 0xe8, 0x0, 0x0, 0xf,
    0xf2, 0x0, 0xc, 0xff, 0xff, 0xff, 0xff, 0xff,
    0x10, 0x0, 0xf, 0xf2, 0x0, 0x7, 0xff, 0xff,
    0xff, 0xa9, 0x74, 0x0, 0x0, 0xf, 0xf2, 0x0,
    0x0, 0x0, 0xc, 0xfe, 0x0, 0x0, 0x0, 0x7,
    0x7f, 0xf8, 0x70, 0x59, 0x99, 0x9e, 0xff, 0x99,
    0x99, 0x60, 0x1f, 0xff, 0xff, 0xf1, 0x9f, 0xff,
    0xff, 0xff, 0xff, 0xff, 0xa0, 0x1f, 0xff, 0xff,
    0xf1, 0x5c, 0xff, 0xae, 0xff, 0xaf, 0xfc, 0x60,
    0x0, 0x1f, 0xf3, 0x0, 0x5, 0xfe, 0xc, 0xfe,
    0xe, 0xf5, 0x0, 0x0, 0xf, 0xf2, 0x0, 0x37,
    0xff, 0x4d, 0xff, 0x4f, 0xf7, 0x40, 0x0, 0xf,
    0xf2, 0x0, 0xdf, 0xff, 0xff, 0xff, 0xff, 0xff,
    0xf2, 0x0, 0xf, 0xf2, 0x0, 0xdf, 0xff, 0xff,
    0xff, 0xff, 0xff, 0xf1, 0x0, 0xf, 0xf2, 0x0,
    0x5, 0xfe, 0xc, 0xfe, 0xe, 0xf5, 0x0, 0x0,
    0xf, 0xf4, 0x83, 0x27, 0xff, 0x3d, 0xff, 0x3f,
    0xf7, 0x20, 0x0, 0x1f, 0xff, 0xf7, 0xaf, 0xff,
    0xff, 0xff, 0xff, 0xff, 0xb0, 0x2a, 0xff, 0xff,
    0xf8, 0xaf, 0xff, 0xff, 0xff, 0xff, 0xff, 0xb0,
    0x3f, 0xff, 0xf9, 0x20, 0x0, 0x0, 0xc, 0xfe,
    0x0, 0x0, 0x0, 0xe, 0xd7, 0x10, 0x0, 0x0,
    0x0, 0xc, 0xfe, 0x0, 0x0, 0x0, 0x2, 0x0,
    0x0, 0x0, 0x6f, 0xff, 0xff, 0xff, 0xff, 0xff,
    0x80, 0x0, 0x0, 0x0, 0x0, 0x6f, 0xff, 0xff,
    0xff, 0xff, 0xff, 0x80, 0x0, 0x0, 0x0, 0x0,
    0x14, 0x44, 0x44, 0x44, 0x44, 0x44, 0x20,

    /* U+589E "增" */
    0x0, 0x6, 0x62, 0x0, 0x0, 0x48, 0x0, 0x0,
    0x48, 0x30, 0x0, 0x0, 0xff, 0x70, 0x0, 0x6f,
    0xf7, 0x0, 0xc, 0xff, 0x30, 0x0, 0xf, 0xf7,
    0x0, 0x0, 0xdf, 0xe0, 0x5, 0xff, 0x80, 0x0,
    0x0, 0xff, 0x70, 0x7, 0x8b, 0xfa, 0x88, 0xef,
    0xf8, 0x83, 0x0, 0xf, 0xf7, 0x0, 0xef, 0xff,
    0xff, 0xff, 0xff, 0xff, 0x60, 0x77, 0xff, 0xb7,
    0x2e, 0xf6, 0x73, 0xef, 0x46, 0x4e, 0xf6, 0xf,
    0xff, 0xff, 0xf6, 0xef, 0x9f, 0x3d, 0xf1, 0xde,
    0xdf, 0x60, 0xff, 0xff, 0xff, 0x6e, 0xf3, 0xeb,
    0xdf, 0x5f, 0x5d, 0xf6, 0x0, 0xf, 0xf7, 0x0,
    0xef, 0x38, 0xad, 0xf8, 0xb0, 0xdf, 0x60, 0x0,
    0xff, 0x70, 0xe, 0xfd, 0xdd, 0xff, 0xdd, 0xdf,
    0xf6, 0x0, 0xf, 0xf7, 0x0, 0xde, 0xee, 0xee,
    0xee, 0xee, 0xee, 0x50, 0x0, 0xff, 0x70, 0x0,
    0x0, 0x0, 0x0, 0x0, 0x0, 0x0, 0x0, 0xf,
    0xf7, 0x0, 0xc, 0xff, 0xff, 0xff, 0xff, 0xf6,
    0x0, 0x0, 0xff, 0x75, 0x30, 0xdf, 0xff, 0xff,
    0xff, 0xff, 0x70, 0x0, 0xf, 0xff, 0xf8, 0xd,
    0xf8, 0x0, 0x0, 0x1f, 0xf7, 0x2, 0x9e, 0xff,
    0xff, 0x90, 0xdf, 0xed, 0xdd, 0xdd, 0xff, 0x70,
    0x2f, 0xff, 0xfa, 0x30, 0xd, 0xff, 0xff, 0xff,
    0xff, 0xf7, 0x0, 0xce, 0x71, 0x0, 0x0, 0xdf,
    0x80, 0x0, 0x1, 0xff, 0x70, 0x1, 0x0, 0x0,
    0x0, 0xd, 0xff, 0xff, 0xff, 0xff, 0xf7, 0x0,
    0x0, 0x0, 0x0, 0x0, 0xdf, 0xfe, 0xee, 0xee,
    0xff, 0x70, 0x0, 0x0, 0x0, 0x0, 0xd, 0xf8,
    0x0, 0x0, 0x1f, 0xf7, 0x0,

    /* U+58F0 "声" */
    0x0, 0x0, 0x0, 0x0, 0x0, 0xbb, 0x60, 0x0,
    0x0, 0x0, 0x0, 0x0, 0x0, 0x0, 0x0, 0x1f,
    0xf9, 0x0, 0x0, 0x0, 0x0, 0x6, 0xff, 0xff,
    0xff, 0xff, 0xff, 0xff, 0xff, 0xff, 0xff, 0xf0,
    0x6f, 0xff, 0xff, 0xff, 0xff, 0xff, 0xff, 0xff,
    0xff, 0xff, 0x1, 0x33, 0x33, 0x33, 0x34, 0xff,
    0xa3, 0x33, 0x33, 0x33, 0x20, 0x0, 0x33, 0x33,
    0x33, 0x4f, 0xfb, 0x33, 0x33, 0x33, 0x30, 0x0,
    0xf, 0xff, 0xff, 0xff, 0xff, 0xff, 0xff, 0xff,
    0xff, 0x0, 0x0, 0xef, 0xff, 0xff, 0xff, 0xff,
    0xff, 0xff, 0xff, 0xe0, 0x0, 0x0, 0x0, 0x0,
    0x0, 0x0, 0x0, 0x0, 0x0, 0x0, 0x0, 0x0,
    0xcf, 0xff, 0xff, 0xff, 0xff, 0xff, 0xff, 0xff,
    0xa0, 0x0, 0xc, 0xff, 0xff, 0xff, 0xff, 0xff,
    0xff, 0xff, 0xfa, 0x0, 0x0, 0xcf, 0xe2, 0x22,
    0x2f, 0xfa, 0x22, 0x22, 0xff, 0xa0, 0x0, 0xc,
    0xfd, 0x0, 0x0, 0xff, 0x90, 0x0, 0xf, 0xfa,
    0x0, 0x0, 0xdf, 0xe6, 0x66, 0x6f, 0xfc, 0x66,
    0x66, 0xff, 0xa0, 0x0, 0xf, 0xff, 0xff, 0xff,
    0xff, 0xff, 0xff, 0xff, 0xfa, 0x0, 0x2, 0xff,
    0xec, 0xcc, 0xcc, 0xcc, 0xcc, 0xcc, 0xff, 0xa0,
    0x0, 0x7f, 0xf4, 0x0, 0x0, 0x0, 0x0, 0x0,
    0xf, 0xfa, 0x0, 0xd, 0xff, 0x0, 0x0, 0x0,
    0x0, 0x0, 0x0, 0x0, 0x0, 0x7, 0xff, 0x90,
    0x0, 0x0, 0x0, 0x0, 0x0, 0x0, 0x0, 0x1,
    0xef, 0xf2, 0x0, 0x0, 0x0, 0x0, 0x0, 0x0,
    0x0, 0x0, 0x1, 0xd6, 0x0, 0x0, 0x0, 0x0,
    0x0, 0x0, 0x0, 0x0, 0x0, 0x0, 0x0, 0x0,
    0x0, 0x0, 0x0, 0x0, 0x0, 0x0, 0x0,

    /* U+590D "复" */
    0x0, 0x0, 0xa, 0x82, 0x0, 0x0, 0x0, 0x0,
    0x0, 0x0, 0x0, 0x0, 0x0, 0x5f, 0xf7, 0x0,
    0x0, 0x0, 0x0, 0x0, 0x0, 0x0, 0x0, 0x1,
    0xef, 0xff, 0xff, 0xff, 0xff, 0xff, 0xff, 0xff,
    0x40, 0x0, 0x1d, 0xff, 0xff, 0xff, 0xff, 0xff,
    0xff, 0xff, 0xff, 0x40, 0x1, 0xdf, 0xf9, 0x33,
    0x33, 0x33, 0x33, 0x33, 0x33, 0x33, 0x0, 0xd,
    0xff, 0xfc, 0xcc, 0xcc, 0xcc, 0xcc, 0xcc, 0xcc,
    0xa0, 0x0, 0x4, 0xfa, 0xaf, 0xff, 0xff, 0xff,
    0xff, 0xff, 0xff, 0xd0, 0x0, 0x0, 0x30, 0xaf,
    0xf1, 0x11, 0x11, 0x11, 0x11, 0xff, 0xd0, 0x0,
    0x0, 0x0, 0xaf, 0xff, 0xff, 0xff, 0xff, 0xff,
    0xff, 0xd0, 0x0, 0x0, 0x0, 0xaf, 0xf9, 0x99,
    0x99, 0x99, 0x99, 0xff, 0xd0, 0x0, 0x0, 0x0,
    0xaf, 0xf8, 0x88, 0x88, 0x88, 0x88, 0xff, 0xd0,
    0x0, 0x0, 0x0, 0xaf, 0xff, 0xff, 0xff, 0xff,
    0xff, 0xff, 0xd0, 0x0, 0x0, 0x0, 0x23, 0xcf,
    0xf7, 0x33, 0x33, 0x33, 0x33, 0x30, 0x0, 0x0,
    0x0, 0xa, 0xff, 0xfe, 0xee, 0xee, 0xee, 0xfa,
    0x10, 0x0, 0x0, 0x3, 0xdf, 0xff, 0xff, 0xff,
    0xff, 0xff, 0xff, 0x40, 0x0, 0x0, 0xaf, 0xff,
    0xff, 0x81, 0x0, 0x6, 0xef, 0xf6, 0x0, 0x0,
    0x0, 0x4f, 0xc2, 0x5f, 0xfe, 0x76, 0xcf, 0xfe,
    0x40, 0x0, 0x0, 0x0, 0x2, 0x0, 0x5, 0xff,
    0xff, 0xff, 0xd2, 0x0, 0x0, 0x0, 0x26, 0x79,
    0xbd, 0xff, 0xff, 0xff, 0xff, 0xff, 0xec, 0xb9,
    0x81, 0x1f, 0xff, 0xff, 0xff, 0xe9, 0x53, 0x8c,
    0xff, 0xff, 0xff, 0xb0, 0x9, 0xdc, 0x97, 0x41,
    0x0, 0x0, 0x0, 0x3, 0x58, 0xab, 0x20,

    /* U+591A "多" */
    0x0, 0x0, 0x0, 0x0, 0x99, 0x61, 0x0, 0x0,
    0x0, 0x0, 0x0, 0x0, 0x0, 0x0, 0xbf, 0xfc,
    0x0, 0x0, 0x0, 0x0, 0x0, 0x0, 0x0, 0x3,
    0xdf, 0xff, 0xff, 0xff, 0xfe, 0x60, 0x0, 0x0,
    0x0, 0x19, 0xff, 0xff, 0xff, 0xff, 0xff, 0xfc,
    0x0, 0x0, 0x2, 0x8f, 0xff, 0xe6, 0x55, 0x55,
    0xaf, 0xfe, 0x20, 0x0, 0x0, 0x8f, 0xff, 0x86,
    0x70, 0x0, 0x7f, 0xff, 0x30, 0x0, 0x0, 0x0,
    0x88, 0x18, 0xff, 0xc5, 0xdf, 0xfe, 0x30, 0x0,
    0x0, 0x0, 0x0, 0x0, 0x9, 0xff, 0xff, 0xfb,
    0x10, 0x0, 0x0, 0x0, 0x0, 0x1, 0x5a, 0xff,
    0xff, 0xe9, 0xfc, 0x80, 0x0, 0x0, 0x3, 0xad,
    0xff, 0xff, 0xfd, 0x64, 0xff, 0xf5, 0x0, 0x0,
    0x0, 0x1f, 0xff, 0xfe, 0x93, 0x7, 0xff, 0xff,
    0xff, 0xff, 0xe5, 0x0, 0x7a, 0x73, 0x0, 0x4c,
    0xff, 0xff, 0xff, 0xff, 0xff, 0xb0, 0x0, 0x0,
    0x4, 0xbf, 0xff, 0xb6, 0x66, 0x68, 0xff, 0xf3,
    0x0, 0x0, 0x7e, 0xff, 0xfe, 0x61, 0x0, 0x2,
    0xef, 0xf8, 0x0, 0x0, 0x3, 0xff, 0xe7, 0x6e,
    0xf5, 0x5, 0xff, 0xfa, 0x0, 0x0, 0x0, 0x6,
    0x50, 0x5, 0xff, 0xfd, 0xff, 0xfa, 0x0, 0x0,
    0x0, 0x0, 0x0, 0x0, 0x1a, 0xff, 0xff, 0xf6,
    0x0, 0x0, 0x0, 0x0, 0x13, 0x69, 0xdf, 0xff,
    0xff, 0xa2, 0x0, 0x0, 0x0, 0x7d, 0xff, 0xff,
    0xff, 0xff, 0xe9, 0x20, 0x0, 0x0, 0x0, 0x3,
    0xff, 0xff, 0xff, 0xc8, 0x40, 0x0, 0x0, 0x0,
    0x0, 0x0, 0xb, 0xa8, 0x63, 0x0, 0x0, 0x0,
    0x0, 0x0, 0x0, 0x0, 0x0,

    /* U+5927 "大" */
    0x0, 0x0, 0x0, 0x0, 0x4, 0xaa, 0x50, 0x0,
    0x0, 0x0, 0x0, 0x0, 0x0, 0x0, 0x0, 0x6,
    0xff, 0x70, 0x0, 0x0, 0x0, 0x0, 0x0, 0x0,
    0x0, 0x0, 0x6, 0xff, 0x70, 0x0, 0x0, 0x0,
    0x0, 0x0, 0x0, 0x0, 0x0, 0x7, 0xff, 0x60,
    0x0, 0x0, 0x0, 0x0, 0x0, 0x0, 0x0, 0x0,
    0x8, 0xff, 0x50, 0x0, 0x0, 0x0, 0x0, 0x0,
    0x0, 0x0, 0x0, 0x9, 0xff, 0x40, 0x0, 0x0,
    0x0, 0x0, 0x8, 0xcc, 0xcc, 0xcc, 0xce, 0xff,
    0xdc, 0xcc, 0xcc, 0xcc, 0xb0, 0xa, 0xff, 0xff,
    0xff, 0xff, 0xff, 0xff, 0xff, 0xff, 0xff, 0xe0,
    0xa, 0xff, 0xff, 0xff, 0xff, 0xff, 0xff, 0xff,
    0xff, 0xff, 0xe0, 0x0, 0x0, 0x0, 0x0, 0x2f,
    0xff, 0xf5, 0x0, 0x0, 0x0, 0x0, 0x0, 0x0,
    0x0, 0x0, 0x7f, 0xff, 0xfc, 0x0, 0x0, 0x0,
    0x0, 0x0, 0x0, 0x0, 0x0, 0xdf, 0xfe, 0xff,
    0x30, 0x0, 0x0, 0x0, 0x0, 0x0, 0x0, 0x5,
    0xff, 0xd6, 0xff, 0xc0, 0x0, 0x0, 0x0, 0x0,
    0x0, 0x0, 0xd, 0xff, 0x60, 0xef, 0xf6, 0x0,
    0x0, 0x0, 0x0, 0x0, 0x0, 0x9f, 0xfd, 0x0,
    0x6f, 0xff, 0x20, 0x0, 0x0, 0x0, 0x0, 0x7,
    0xff, 0xf4, 0x0, 0xc, 0xff, 0xe2, 0x0, 0x0,
    0x0, 0x0, 0x8f, 0xff, 0x80, 0x0, 0x1, 0xef,
    0xfe, 0x40, 0x0, 0x0, 0x2c, 0xff, 0xfa, 0x0,
    0x0, 0x0, 0x3f, 0xff, 0xf9, 0x10, 0x9, 0xff,
    0xff, 0x90, 0x0, 0x0, 0x0, 0x3, 0xff, 0xff,
    0xe1, 0x3, 0xff, 0xe5, 0x0, 0x0, 0x0, 0x0,
    0x0, 0x2c, 0xff, 0x60, 0x0, 0x59, 0x10, 0x0,
    0x0, 0x0, 0x0, 0x0, 0x0, 0x69, 0x0,

    /* U+5931 "失" */
    0x0, 0x0, 0x21, 0x0, 0x4, 0x88, 0x20, 0x0,
    0x0, 0x0, 0x0, 0x0, 0x0, 0xbf, 0xd2, 0x8,
    0xff, 0x40, 0x0, 0x0, 0x0, 0x0, 0x0, 0x1,
    0xff, 0xe0, 0x8, 0xff, 0x40, 0x0, 0x0, 0x0,
    0x0, 0x0, 0x6, 0xff, 0x90, 0x8, 0xff, 0x50,
    0x0, 0x0, 0x0, 0x0, 0x0, 0xd, 0xff, 0xff,
    0xff, 0xff, 0xff, 0xff, 0xff, 0xf0, 0x0, 0x0,
    0x5f, 0xff, 0xff, 0xff, 0xff, 0xff, 0xff, 0xff,
    0xf0, 0x0, 0x0, 0xdf, 0xfb, 0xaa, 0xad, 0xff,
    0xba, 0xaa, 0xaa, 0xa0, 0x0, 0xa, 0xff, 0xb0,
    0x0, 0x8, 0xff, 0x40, 0x0, 0x0, 0x0, 0x0,
    0x5, 0xdf, 0x20, 0x0, 0x8, 0xff, 0x40, 0x0,
    0x0, 0x0, 0x0, 0x0, 0x3, 0x0, 0x0, 0xa,
    0xff, 0x30, 0x0, 0x0, 0x0, 0x0, 0xf, 0xff,
    0xff, 0xff, 0xff, 0xff, 0xff, 0xff, 0xff, 0xff,
    0xf0, 0xf, 0xff, 0xff, 0xff, 0xff, 0xff, 0xff,
    0xff, 0xff, 0xff, 0xf0, 0x9, 0xaa, 0xaa, 0xaa,
    0xdf, 0xff, 0xfc, 0xaa, 0xaa, 0xaa, 0x90, 0x0,
    0x0, 0x0, 0x0, 0xdf, 0xff, 0xfc, 0x0, 0x0,
    0x0, 0x0, 0x0, 0x0, 0x0, 0x8, 0xff, 0xeb,
    0xff, 0x80, 0x0, 0x0, 0x0, 0x0, 0x0, 0x0,
    0x6f, 0xff, 0x51, 0xff, 0xf7, 0x0, 0x0, 0x0,
    0x0, 0x0, 0x1a, 0xff, 0xfa, 0x0, 0x5f, 0xff,
    0xa1, 0x0, 0x0, 0x0, 0x17, 0xef, 0xff, 0xa0,
    0x0, 0x7, 0xff, 0xff, 0x81, 0x0, 0x1a, 0xff,
    0xff, 0xf7, 0x0, 0x0, 0x0, 0x6f, 0xff, 0xff,
    0xc3, 0x9, 0xff, 0xfb, 0x20, 0x0, 0x0, 0x0,
    0x2, 0xbf, 0xff, 0xc0, 0x0, 0xc8, 0x20, 0x0,
    0x0, 0x0, 0x0, 0x0, 0x3, 0x9d, 0x20,

    /* U+5934 "头" */
    0x0, 0x0, 0x0, 0x0, 0x0, 0x8, 0xbb, 0x0,
    0x0, 0x0, 0x0, 0x0, 0x0, 0x6f, 0xa3, 0x0,
    0xc, 0xff, 0x0, 0x0, 0x0, 0x0, 0x0, 0x1,
    0xef, 0xff, 0xc3, 0xc, 0xff, 0x0, 0x0, 0x0,
    0x0, 0x0, 0x0, 0x17, 0xef, 0xff, 0x1c, 0xff,
    0x0, 0x0, 0x0, 0x0, 0x0, 0x0, 0x0, 0x8,
    0xf7, 0xc, 0xff, 0x0, 0x0, 0x0, 0x0, 0x0,
    0x3c, 0x70, 0x0, 0x30, 0xd, 0xfe, 0x0, 0x0,
    0x0, 0x0, 0x1, 0xef, 0xff, 0x70, 0x0, 0xd,
    0xfd, 0x0, 0x0, 0x0, 0x0, 0x0, 0x4b, 0xff,
    0xfe, 0x20, 0xe, 0xfc, 0x0, 0x0, 0x0, 0x0,
    0x0, 0x0, 0x4d, 0xfc, 0x0, 0xf, 0xfb, 0x0,
    0x0, 0x0, 0x0, 0x0, 0x0, 0x0, 0x81, 0x0,
    0x2f, 0xf8, 0x0, 0x0, 0x0, 0x0, 0xe, 0xff,
    0xff, 0xff, 0xff, 0xff, 0xff, 0xff, 0xff, 0xff,
    0xf0, 0xe, 0xff, 0xff, 0xff, 0xff, 0xff, 0xff,
    0xff, 0xff, 0xff, 0xf0, 0x7, 0x77, 0x77, 0x77,
    0x79, 0xff, 0xe7, 0x77, 0x77, 0x77, 0x70, 0x0,
    0x0, 0x0, 0x0, 0x9, 0xff, 0x70, 0x0, 0x0,
    0x0, 0x0, 0x0, 0x0, 0x0, 0x0, 0x4f, 0xfe,
    0x2b, 0x50, 0x0, 0x0, 0x0, 0x0, 0x0, 0x0,
    0x5, 0xff, 0xf5, 0xcf, 0xfd, 0x60, 0x0, 0x0,
    0x0, 0x0, 0x1, 0x9f, 0xff, 0x80, 0x4c, 0xff,
    0xfd, 0x40, 0x0, 0x0, 0x3, 0x9f, 0xff, 0xf7,
    0x0, 0x0, 0x4d, 0xff, 0xfa, 0x10, 0x8, 0xdf,
    0xff, 0xfd, 0x30, 0x0, 0x0, 0x0, 0x7f, 0xff,
    0xd0, 0x6, 0xff, 0xfc, 0x50, 0x0, 0x0, 0x0,
    0x0, 0x2, 0xcf, 0x50, 0x0, 0xa8, 0x20, 0x0,
    0x0, 0x0, 0x0, 0x0, 0x0, 0x5, 0x0,

    /* U+5982 "如" */
    0x0, 0x1, 0x98, 0x30, 0x0, 0x0, 0x0, 0x0,
    0x0, 0x0, 0x0, 0x0, 0x3f, 0xf6, 0x0, 0x0,
    0x0, 0x0, 0x0, 0x0, 0x0, 0x0, 0x4, 0xff,
    0x30, 0x0, 0x3, 0x77, 0x77, 0x77, 0x77, 0x30,
    0x0, 0x7f, 0xf0, 0x0, 0x0, 0x9f, 0xff, 0xff,
    0xff, 0xf7, 0x15, 0x5b, 0xff, 0x55, 0x65, 0x29,
    0xff, 0xff, 0xff, 0xff, 0x74, 0xff, 0xff, 0xff,
    0xff, 0xfb, 0x9f, 0xe1, 0x11, 0x3f, 0xf7, 0x4f,
    0xff, 0xff, 0xff, 0xff, 0x99, 0xfe, 0x0, 0x2,
    0xff, 0x70, 0x15, 0xff, 0x51, 0x2f, 0xf8, 0x9f,
    0xe0, 0x0, 0x2f, 0xf7, 0x0, 0x7f, 0xf0, 0x2,
    0xff, 0x59, 0xfe, 0x0, 0x2, 0xff, 0x70, 0xb,
    0xfc, 0x0, 0x5f, 0xf3, 0x9f, 0xe0, 0x0, 0x2f,
    0xf7, 0x0, 0xff, 0x80, 0x9, 0xff, 0x9, 0xfe,
    0x0, 0x2, 0xff, 0x70, 0x4f, 0xf9, 0x0, 0xef,
    0xc0, 0x9f, 0xe0, 0x0, 0x2f, 0xf7, 0x3, 0xef,
    0xfb, 0x4f, 0xf7, 0x9, 0xfe, 0x0, 0x2, 0xff,
    0x70, 0x2, 0xdf, 0xff, 0xff, 0x20, 0x9f, 0xe0,
    0x0, 0x2f, 0xf7, 0x0, 0x1, 0xcf, 0xff, 0xb0,
    0x9, 0xfe, 0x0, 0x2, 0xff, 0x70, 0x0, 0x1,
    0xff, 0xff, 0x50, 0x9f, 0xe0, 0x0, 0x2f, 0xf7,
    0x0, 0x1, 0xcf, 0xff, 0xff, 0x59, 0xff, 0xff,
    0xff, 0xff, 0x70, 0x3, 0xdf, 0xfc, 0x9f, 0xf3,
    0x9f, 0xff, 0xff, 0xff, 0xf7, 0x1b, 0xff, 0xfc,
    0x10, 0x96, 0x9, 0xff, 0x88, 0x89, 0xff, 0x70,
    0xbf, 0xf8, 0x0, 0x0, 0x0, 0x9f, 0xe0, 0x0,
    0x2d, 0xd5, 0x1, 0xa2, 0x0, 0x0, 0x0, 0x1,
    0x32, 0x0, 0x0, 0x0, 0x0,

    /* U+59CB "始" */
    0x0, 0x7, 0x74, 0x0, 0x0, 0x0, 0x28, 0x40,
    0x0, 0x0, 0x0, 0x0, 0xe, 0xf9, 0x0, 0x0,
    0x0, 0x8f, 0xf9, 0x0, 0x0, 0x0, 0x0, 0xf,
    0xf6, 0x0, 0x0, 0x0, 0xef, 0xf2, 0x0, 0x0,
    0x0, 0x0, 0x2f, 0xf4, 0x0, 0x0, 0x6, 0xff,
    0x90, 0x4, 0x20, 0x0, 0x15, 0x8f, 0xf6, 0x65,
    0x20, 0xd, 0xff, 0x10, 0xaf, 0xd0, 0x0, 0x3f,
    0xff, 0xff, 0xff, 0x90, 0x6f, 0xf7, 0x0, 0x4f,
    0xf9, 0x0, 0x3f, 0xff, 0xff, 0xff, 0x81, 0xef,
    0xd0, 0x0, 0xa, 0xff, 0x30, 0x1, 0xdf, 0x91,
    0xff, 0x7b, 0xff, 0xb9, 0xbc, 0xde, 0xff, 0xc0,
    0x0, 0xff, 0x51, 0xff, 0xaf, 0xff, 0xff, 0xff,
    0xff, 0xff, 0xf4, 0x3, 0xff, 0x23, 0xff, 0x3f,
    0xff, 0xfd, 0xca, 0x98, 0x7f, 0xf8, 0x7, 0xfe,
    0x6, 0xff, 0x4, 0x31, 0x0, 0x0, 0x0, 0x8,
    0x50, 0xb, 0xfd, 0xa, 0xfd, 0x1, 0x44, 0x44,
    0x44, 0x44, 0x44, 0x10, 0xb, 0xff, 0xce, 0xf9,
    0x5, 0xff, 0xff, 0xff, 0xff, 0xff, 0x40, 0x0,
    0x9f, 0xff, 0xf5, 0x5, 0xff, 0xff, 0xff, 0xff,
    0xff, 0x40, 0x0, 0x8, 0xff, 0xf3, 0x5, 0xff,
    0x10, 0x0, 0x4, 0xff, 0x40, 0x0, 0x2, 0xff,
    0xfe, 0x15, 0xff, 0x0, 0x0, 0x4, 0xff, 0x40,
    0x0, 0xc, 0xff, 0xff, 0xb5, 0xff, 0x0, 0x0,
    0x4, 0xff, 0x40, 0x0, 0xaf, 0xf9, 0x9f, 0x55,
    0xff, 0x44, 0x44, 0x47, 0xff, 0x40, 0x1b, 0xff,
    0xd0, 0x7, 0x5, 0xff, 0xff, 0xff, 0xff, 0xff,
    0x40, 0xc, 0xfe, 0x20, 0x0, 0x5, 0xff, 0xff,
    0xff, 0xff, 0xff, 0x40, 0x2, 0xb1, 0x0, 0x0,
    0x5, 0xff, 0x11, 0x11, 0x15, 0xff, 0x40, 0x0,
    0x0, 0x0, 0x0, 0x0, 0x0, 0x0, 0x0, 0x0,
    0x0, 0x0,

    /* U+5A46 "婆" */
    0x0, 0x5, 0x10, 0x0, 0x0, 0x0, 0x3a, 0xa1,
    0x0, 0x0, 0x0, 0x0, 0x6f, 0xf9, 0x20, 0x11,
    0x0, 0x5f, 0xf3, 0x0, 0x10, 0x0, 0x0, 0x3a,
    0xff, 0x58, 0xff, 0xff, 0xff, 0xff, 0xff, 0xff,
    0x90, 0x1, 0x10, 0x27, 0x8, 0xff, 0xff, 0xff,
    0xff, 0xff, 0xff, 0x40, 0xc, 0xfb, 0x30, 0x8,
    0xff, 0x0, 0x4f, 0xf3, 0x6, 0xfc, 0x0, 0x7,
    0xef, 0xe0, 0x8, 0xff, 0xbb, 0xdf, 0xfc, 0xbb,
    0xc7, 0x0, 0x0, 0x7, 0x72, 0xa, 0xff, 0xff,
    0xff, 0xff, 0xff, 0xfb, 0x0, 0x0, 0x1, 0xde,
    0x1d, 0xfb, 0x9f, 0xf6, 0x12, 0xdf, 0xe1, 0x0,
    0x0, 0x1d, 0xfd, 0x4f, 0xf6, 0xa, 0xff, 0xbe,
    0xfe, 0x30, 0x0, 0x1, 0xcf, 0xe2, 0xbf, 0xf1,
    0x15, 0xef, 0xff, 0xfb, 0x52, 0x0, 0xa, 0xff,
    0x39, 0xff, 0x9d, 0xff, 0xff, 0xdf, 0xff, 0xff,
    0xe1, 0x1, 0xd4, 0x2, 0xcc, 0x39, 0xfc, 0x82,
    0x1, 0x6a, 0xef, 0x40, 0x1, 0x21, 0x11, 0x23,
    0xdf, 0xd2, 0x11, 0x11, 0x11, 0x13, 0x10, 0xf,
    0xff, 0xff, 0xff, 0xff, 0xff, 0xff, 0xff, 0xff,
    0xff, 0xf0, 0xe, 0xff, 0xff, 0xff, 0xff, 0xff,
    0xff, 0xff, 0xff, 0xff, 0xe0, 0x0, 0x0, 0x7,
    0xff, 0x90, 0x0, 0x2, 0xef, 0xf2, 0x0, 0x0,
    0x0, 0x0, 0x8f, 0xff, 0xda, 0x62, 0x5e, 0xff,
    0x50, 0x0, 0x0, 0x0, 0x1, 0x6a, 0xdf, 0xff,
    0xff, 0xff, 0xf7, 0x0, 0x0, 0x0, 0x1, 0x23,
    0x46, 0x8b, 0xff, 0xff, 0xff, 0xff, 0xe9, 0x50,
    0x0, 0xb, 0xff, 0xff, 0xff, 0xff, 0xd8, 0x59,
    0xdf, 0xff, 0xff, 0x80, 0x5, 0xff, 0xec, 0xa8,
    0x51, 0x0, 0x0, 0x2, 0x8d, 0xf7, 0x0, 0x0,
    0x0, 0x0, 0x0, 0x0, 0x0, 0x0, 0x0, 0x0,
    0x10, 0x0,

    /* U+5B50 "子" */
    0x0, 0x78, 0x88, 0x88, 0x88, 0x88, 0x88, 0x89,
    0x91, 0x0, 0x0, 0xd, 0xff, 0xff, 0xff, 0xff,
    0xff, 0xff, 0xff, 0xe4, 0x0, 0x0, 0xdf, 0xff,
    0xff, 0xff, 0xff, 0xff, 0xff, 0xfe, 0x20, 0x0,
    0x0, 0x0, 0x0, 0x0, 0x0, 0x7, 0xff, 0xfd,
    0x10, 0x0, 0x0, 0x0, 0x0, 0x0, 0x0, 0x1a,
    0xff, 0xfa, 0x0, 0x0, 0x0, 0x0, 0x0, 0x0,
    0x0, 0x6e, 0xff, 0xf6, 0x0, 0x0, 0x0, 0x0,
    0x0, 0x0, 0x0, 0x1f, 0xff, 0xb2, 0x0, 0x0,
    0x0, 0x0, 0x0, 0x0, 0x0, 0x1, 0xff, 0xb0,
    0x0, 0x0, 0x0, 0x0, 0x0, 0x0, 0x0, 0x0,
    0x2f, 0xfb, 0x0, 0x0, 0x0, 0x0, 0xd, 0xff,
    0xff, 0xff, 0xff, 0xff, 0xff, 0xff, 0xff, 0xff,
    0xf4, 0xdf, 0xff, 0xff, 0xff, 0xff, 0xff, 0xff,
    0xff, 0xff, 0xff, 0x48, 0xaa, 0xaa, 0xaa, 0xaa,
    0xff, 0xea, 0xaa, 0xaa, 0xaa, 0xa2, 0x0, 0x0,
    0x0, 0x0, 0x1f, 0xfa, 0x0, 0x0, 0x0, 0x0,
    0x0, 0x0, 0x0, 0x0, 0x1, 0xff, 0xa0, 0x0,
    0x0, 0x0, 0x0, 0x0, 0x0, 0x0, 0x0, 0x1f,
    0xfa, 0x0, 0x0, 0x0, 0x0, 0x0, 0x0, 0x0,
    0x0, 0x1, 0xff, 0xa0, 0x0, 0x0, 0x0, 0x0,
    0x0, 0x0, 0x0, 0x0, 0x1f, 0xfa, 0x0, 0x0,
    0x0, 0x0, 0x0, 0x0, 0x4, 0xba, 0xac, 0xff,
    0xa0, 0x0, 0x0, 0x0, 0x0, 0x0, 0x0, 0xe,
    0xff, 0xff, 0xf6, 0x0, 0x0, 0x0, 0x0, 0x0,
    0x0, 0x0, 0x9f, 0xfe, 0xb6, 0x0, 0x0, 0x0,
    0x0, 0x0,

    /* U+5B57 "字" */
    0x0, 0x0, 0x0, 0x0, 0x38, 0x70, 0x0, 0x0,
    0x0, 0x0, 0x0, 0x0, 0x0, 0x1, 0xff, 0xf3,
    0x0, 0x0, 0x0, 0x0, 0x48, 0x88, 0x88, 0x88,
    0xdf, 0xfd, 0x88, 0x88, 0x88, 0x85, 0x8f, 0xff,
    0xff, 0xff, 0xff, 0xff, 0xff, 0xff, 0xff, 0xfa,
    0x8f, 0xff, 0xff, 0xff, 0xff, 0xff, 0xff, 0xff,
    0xff, 0xfa, 0x8f, 0xf1, 0x0, 0x0, 0x0, 0x0,
    0x0, 0x0, 0x1f, 0xfa, 0x8f, 0xf1, 0x45, 0x55,
    0x55, 0x55, 0x56, 0x50, 0x1f, 0xfa, 0x48, 0x80,
    0xdf, 0xff, 0xff, 0xff, 0xff, 0xfb, 0x28, 0x85,
    0x0, 0x0, 0xdf, 0xff, 0xff, 0xff, 0xff, 0xfc,
    0x10, 0x0, 0x0, 0x0, 0x12, 0x22, 0x22, 0x8f,
    0xff, 0x90, 0x0, 0x0, 0x0, 0x0, 0x0, 0x0,
    0x3c, 0xff, 0xe5, 0x0, 0x0, 0x0, 0x0, 0x0,
    0x0, 0x0, 0xaf, 0xf9, 0x10, 0x0, 0x0, 0x0,
    0x9f, 0xff, 0xff, 0xff, 0xff, 0xff, 0xff, 0xff,
    0xff, 0xfc, 0x9f, 0xff, 0xff, 0xff, 0xff, 0xff,
    0xff, 0xff, 0xff, 0xfd, 0x59, 0x99, 0x99, 0x99,
    0xdf, 0xfa, 0x99, 0x99, 0x99, 0x97, 0x0, 0x0,
    0x0, 0x0, 0xaf, 0xf2, 0x0, 0x0, 0x0, 0x0,
    0x0, 0x0, 0x0, 0x0, 0xaf, 0xf2, 0x0, 0x0,
    0x0, 0x0, 0x0, 0x0, 0x0, 0x0, 0xaf, 0xf2,
    0x0, 0x0, 0x0, 0x0, 0x0, 0x0, 0x3a, 0xaa,
    0xef, 0xf2, 0x0, 0x0, 0x0, 0x0, 0x0, 0x0,
    0xe, 0xff, 0xff, 0xe0, 0x0, 0x0, 0x0, 0x0,
    0x0, 0x0, 0x8, 0xff, 0xda, 0x20, 0x0, 0x0,
    0x0, 0x0,

    /* U+5B8C "完" */
    0x0, 0x0, 0x0, 0x0, 0x6, 0xba, 0x0, 0x0,
    0x0, 0x0, 0x0, 0x0, 0x0, 0x0, 0x0, 0xe,
    0xff, 0x30, 0x0, 0x0, 0x0, 0x0, 0x4, 0x77,
    0x77, 0x77, 0x7c, 0xff, 0xc7, 0x77, 0x77, 0x77,
    0x0, 0x9, 0xff, 0xff, 0xff, 0xff, 0xff, 0xff,
    0xff, 0xff, 0xff, 0x10, 0x9, 0xff, 0xff, 0xff,
    0xff, 0xff, 0xff, 0xff, 0xff, 0xff, 0x10, 0x9,
    0xff, 0x10, 0x0, 0x0, 0x0, 0x0, 0x0, 0xb,
    0xff, 0x10, 0x9, 0xff, 0x14, 0x44, 0x44, 0x44,
    0x44, 0x44, 0x2a, 0xff, 0x10, 0x9, 0xff, 0x1e,
    0xff, 0xff, 0xff, 0xff, 0xff, 0x7a, 0xff, 0x10,
    0x0, 0x0, 0xe, 0xff, 0xff, 0xff, 0xff, 0xff,
    0x70, 0x0, 0x0, 0x0, 0x0, 0x1, 0x22, 0x22,
    0x22, 0x22, 0x22, 0x10, 0x0, 0x0, 0x6, 0x77,
    0x77, 0x77, 0x77, 0x77, 0x77, 0x77, 0x77, 0x77,
    0x60, 0xd, 0xff, 0xff, 0xff, 0xff, 0xff, 0xff,
    0xff, 0xff, 0xff, 0xd0, 0xd, 0xff, 0xff, 0xff,
    0xff, 0xff, 0xff, 0xff, 0xff, 0xff, 0xd0, 0x0,
    0x0, 0x0, 0x9f, 0xf2, 0x0, 0xdf, 0xd0, 0x0,
    0x0, 0x0, 0x0, 0x0, 0x0, 0xaf, 0xf0, 0x0,
    0xdf, 0xd0, 0x0, 0x0, 0x0, 0x0, 0x0, 0x0,
    0xef, 0xd0, 0x0, 0xdf, 0xd0, 0x0, 0x10, 0x0,
    0x0, 0x0, 0x4, 0xff, 0x90, 0x0, 0xdf, 0xd0,
    0x0, 0x7e, 0x81, 0x0, 0x0, 0x3e, 0xff, 0x30,
    0x0, 0xdf, 0xd0, 0x0, 0x8f, 0xf3, 0x1, 0x5b,
    0xff, 0xf9, 0x0, 0x0, 0xcf, 0xf7, 0x66, 0xef,
    0xf0, 0xd, 0xff, 0xff, 0x90, 0x0, 0x0, 0x9f,
    0xff, 0xff, 0xff, 0xb0, 0x5, 0xfe, 0x93, 0x0,
    0x0, 0x0, 0x1b, 0xff, 0xff, 0xfc, 0x20, 0x0,
    0x30, 0x0, 0x0, 0x0, 0x0, 0x0, 0x0, 0x0,
    0x0, 0x0,

    /* U+5B9E "实" */
    0x0, 0x0, 0x0, 0x0, 0x16, 0xb2, 0x0, 0x0,
    0x0, 0x0, 0x0, 0x0, 0x0, 0x0, 0x7f, 0xfa,
    0x0, 0x0, 0x0, 0x0, 0x8, 0x88, 0x88, 0x88,
    0x8f, 0xff, 0x88, 0x88, 0x88, 0x85, 0x1f, 0xff,
    0xff, 0xff, 0xff, 0xff, 0xff, 0xff, 0xff, 0xfa,
    0x1f, 0xff, 0xff, 0xff, 0xff, 0xff, 0xff, 0xff,
    0xff, 0xfa, 0x1f, 0xf8, 0x4, 0x40, 0x0, 0x33,
    0x20, 0x0, 0x2f, 0xfa, 0x1f, 0xf8, 0x3f, 0xfa,
    0x12, 0xff, 0x90, 0x0, 0x2f, 0xfa, 0x8, 0x84,
    0x2c, 0xff, 0xd3, 0xff, 0x80, 0x0, 0x18, 0x85,
    0x0, 0x2, 0x0, 0x9f, 0x64, 0xff, 0x70, 0x0,
    0x0, 0x0, 0x0, 0x3f, 0xd5, 0x4, 0x5, 0xff,
    0x60, 0x0, 0x0, 0x0, 0x0, 0x8f, 0xff, 0x90,
    0x6, 0xff, 0x50, 0x0, 0x0, 0x0, 0x0, 0x3,
    0xdf, 0x50, 0x9, 0xff, 0x20, 0x0, 0x0, 0x0,
    0x0, 0x0, 0x16, 0x0, 0xd, 0xff, 0x0, 0x0,
    0x0, 0x0, 0x4f, 0xff, 0xff, 0xff, 0xff, 0xff,
    0xff, 0xff, 0xff, 0xfd, 0x4f, 0xff, 0xff, 0xff,
    0xff, 0xff, 0xff, 0xff, 0xff, 0xfd, 0x2, 0x22,
    0x22, 0x29, 0xff, 0xd3, 0x73, 0x22, 0x22, 0x22,
    0x0, 0x0, 0x0, 0x9f, 0xff, 0x37, 0xff, 0xa4,
    0x0, 0x0, 0x0, 0x1, 0x7e, 0xff, 0xf5, 0xb,
    0xff, 0xff, 0xd7, 0x0, 0x7, 0xbf, 0xff, 0xfe,
    0x40, 0x0, 0x17, 0xdf, 0xff, 0xe6, 0x6, 0xff,
    0xfe, 0x80, 0x0, 0x0, 0x0, 0x5, 0xcf, 0xf5,
    0x0, 0xba, 0x50, 0x0, 0x0, 0x0, 0x0, 0x0,
    0x5, 0x80,

    /* U+5C3D "尽" */
    0x0, 0x7, 0xff, 0xff, 0xff, 0xff, 0xff, 0xff,
    0xff, 0xf0, 0x0, 0x0, 0x8, 0xff, 0xff, 0xff,
    0xff, 0xff, 0xff, 0xff, 0xf0, 0x0, 0x0, 0x8,
    0xff, 0xa8, 0x88, 0x88, 0x88, 0x88, 0xdf, 0xf0,
    0x0, 0x0, 0x8, 0xff, 0x40, 0x0, 0x0, 0x0,
    0x0, 0xbf, 0xf0, 0x0, 0x0, 0x8, 0xff, 0x40,
    0x0, 0x0, 0x0, 0x0, 0xbf, 0xf0, 0x0, 0x0,
    0x8, 0xff, 0xff, 0xff, 0xff, 0xff, 0xff, 0xff,
    0xf0, 0x0, 0x0, 0x9, 0xff, 0xff, 0xff, 0xff,
    0xff, 0xff, 0xff, 0xf0, 0x0, 0x0, 0xb, 0xff,
    0x99, 0x99, 0x99, 0x9d, 0xff, 0x99, 0x90, 0x0,
    0x0, 0xd, 0xff, 0x0, 0x0, 0x0, 0x5, 0xff,
    0x60, 0x0, 0x0, 0x0, 0xf, 0xfc, 0x0, 0x73,
    0x0, 0x0, 0xef, 0xe0, 0x0, 0x0, 0x0, 0x5f,
    0xf8, 0x9, 0xff, 0xd8, 0x20, 0x7f, 0xf9, 0x0,
    0x0, 0x0, 0xbf, 0xf4, 0xa, 0xef, 0xff, 0xfb,
    0x2e, 0xff, 0x50, 0x0, 0x4, 0xff, 0xe0, 0x0,
    0x4, 0xbf, 0xfc, 0x5, 0xff, 0xf4, 0x0, 0x1d,
    0xff, 0x70, 0x0, 0x0, 0x2, 0xa3, 0x0, 0x9f,
    0xff, 0x80, 0x7f, 0xfd, 0x0, 0x31, 0x0, 0x0,
    0x0, 0x0, 0xa, 0xff, 0xd1, 0x8, 0xf3, 0x4,
    0xff, 0xd9, 0x40, 0x0, 0x0, 0x0, 0x9e, 0x10,
    0x0, 0x20, 0xb, 0xff, 0xff, 0xff, 0xa5, 0x0,
    0x0, 0x1, 0x0, 0x0, 0x0, 0x0, 0x16, 0xbf,
    0xff, 0xff, 0xf9, 0x0, 0x0, 0x0, 0x0, 0x0,
    0x0, 0x0, 0x0, 0x5b, 0xff, 0xfb, 0x0, 0x0,
    0x0, 0x0, 0x0, 0x0, 0x0, 0x0, 0x0, 0x18,
    0xe1, 0x0, 0x0, 0x0, 0x0, 0x0, 0x0, 0x0,
    0x0, 0x0, 0x0, 0x0, 0x0, 0x0, 0x0,

    /* U+5C4F "屏" */
    0x0, 0x9f, 0xff, 0xff, 0xff, 0xff, 0xff, 0xff,
    0xff, 0xfe, 0x0, 0x9, 0xff, 0xff, 0xff, 0xff,
    0xff, 0xff, 0xff, 0xff, 0xf0, 0x0, 0x9f, 0xf5,
    0x44, 0x44, 0x44, 0x44, 0x44, 0x4e, 0xff, 0x0,
    0x9, 0xff, 0x21, 0x11, 0x11, 0x11, 0x11, 0x11,
    0xef, 0xf0, 0x0, 0x9f, 0xff, 0xff, 0xff, 0xff,
    0xff, 0xff, 0xff, 0xff, 0x0, 0x9, 0xff, 0xff,
    0xff, 0xff, 0xff, 0xff, 0xff, 0xff, 0xf0, 0x0,
    0x9f, 0xf3, 0x26, 0xcf, 0x52, 0x22, 0x2b, 0xd9,
    0x32, 0x0, 0x9, 0xff, 0x10, 0x3f, 0xfa, 0x0,
    0x1, 0xff, 0xc0, 0x0, 0x0, 0x9f, 0xf4, 0xaa,
    0xfd, 0xaa, 0xaa, 0xcf, 0xfb, 0xaa, 0x20, 0x9,
    0xff, 0x6f, 0xff, 0xff, 0xff, 0xff, 0xff, 0xff,
    0xf3, 0x0, 0xaf, 0xf3, 0x88, 0xcf, 0xf9, 0x88,
    0xcf, 0xf9, 0x88, 0x10, 0xb, 0xff, 0x0, 0x7,
    0xff, 0x10, 0x9, 0xff, 0x10, 0x0, 0x0, 0xcf,
    0xe1, 0x11, 0x8f, 0xf2, 0x11, 0x9f, 0xf2, 0x11,
    0x10, 0xe, 0xfc, 0xdf, 0xff, 0xff, 0xff, 0xff,
    0xff, 0xff, 0xfd, 0x1, 0xff, 0xad, 0xff, 0xff,
    0xff, 0xff, 0xff, 0xff, 0xff, 0xd0, 0x5f, 0xf7,
    0x12, 0x4f, 0xfc, 0x22, 0x2a, 0xff, 0x32, 0x21,
    0xa, 0xff, 0x30, 0xc, 0xff, 0x60, 0x0, 0x9f,
    0xf1, 0x0, 0x1, 0xff, 0xd0, 0x3d, 0xff, 0xd0,
    0x0, 0x9, 0xff, 0x10, 0x0, 0x7f, 0xf7, 0x9,
    0xff, 0xd1, 0x0, 0x0, 0x9f, 0xf1, 0x0, 0x0,
    0x5d, 0x0, 0xb, 0x91, 0x0, 0x0, 0x9, 0xff,
    0x10, 0x0, 0x0, 0x0, 0x0, 0x0, 0x0, 0x0,
    0x0, 0x0, 0x0, 0x0, 0x0,

    /* U+5DF2 "已" */
    0x79, 0x99, 0x99, 0x99, 0x99, 0x99, 0x99, 0x99,
    0x60, 0x0, 0xcf, 0xff, 0xff, 0xff, 0xff, 0xff,
    0xff, 0xff, 0xa0, 0x0, 0xcf, 0xff, 0xff, 0xff,
    0xff, 0xff, 0xff, 0xff, 0xa0, 0x0, 0x0, 0x0,
    0x0, 0x0, 0x0, 0x0, 0x1, 0xff, 0xa0, 0x0,
    0x0, 0x0, 0x0, 0x0, 0x0, 0x0, 0x1, 0xff,
    0xa0, 0x0, 0xe, 0xfd, 0x0, 0x0, 0x0, 0x0,
    0x1, 0xff, 0xa0, 0x0, 0xe, 0xfd, 0x0, 0x0,
    0x0, 0x0, 0x1, 0xff, 0xa0, 0x0, 0xe, 0xfd,
    0x0, 0x0, 0x0, 0x0, 0x2, 0xff, 0xa0, 0x0,
    0xe, 0xff, 0xff, 0xff, 0xff, 0xff, 0xff, 0xff,
    0xa0, 0x0, 0xe, 0xff, 0xff, 0xff, 0xff, 0xff,
    0xff, 0xff, 0xa0, 0x0, 0xe, 0xfe, 0x88, 0x88,
    0x88, 0x88, 0x89, 0xff, 0xa0, 0x0, 0xe, 0xfd,
    0x0, 0x0, 0x0, 0x0, 0x0, 0x99, 0x60, 0x0,
    0xe, 0xfd, 0x0, 0x0, 0x0, 0x0, 0x0, 0x0,
    0x0, 0x0, 0xe, 0xfd, 0x0, 0x0, 0x0, 0x0,
    0x0, 0x0, 0x29, 0x30, 0xe, 0xfd, 0x0, 0x0,
    0x0, 0x0, 0x0, 0x0, 0x4f, 0xf7, 0xe, 0xfd,
    0x0, 0x0, 0x0, 0x0, 0x0, 0x0, 0x8f, 0xf5,
    0xd, 0xff, 0x51, 0x11, 0x11, 0x11, 0x11, 0x14,
    0xef, 0xf1, 0x9, 0xff, 0xff, 0xff, 0xff, 0xff,
    0xff, 0xff, 0xff, 0xb0, 0x1, 0xdf, 0xff, 0xff,
    0xff, 0xff, 0xff, 0xff, 0xfd, 0x20, 0x0, 0x3,
    0x68, 0x89, 0x99, 0x99, 0x99, 0x87, 0x40, 0x0,

    /* U+5E55 "幕" */
    0x0, 0x0, 0x0, 0x9b, 0x60, 0x0, 0x7, 0xba,
    0x0, 0x0, 0x0, 0x6, 0xaa, 0xaa, 0xff, 0xda,
    0xaa, 0xae, 0xff, 0xaa, 0xaa, 0x70, 0xa, 0xff,
    0xff, 0xff, 0xff, 0xff, 0xff, 0xff, 0xff, 0xff,
    0xc0, 0x5, 0x77, 0x77, 0xef, 0xc7, 0x77, 0x7d,
    0xff, 0x77, 0x77, 0x50, 0x0, 0x5, 0x88, 0xbc,
    0xa8, 0x88, 0x8a, 0xcb, 0x88, 0x70, 0x0, 0x0,
    0x9, 0xff, 0xff, 0xff, 0xff, 0xff, 0xff, 0xff,
    0xd0, 0x0, 0x0, 0x9, 0xfe, 0x11, 0x11, 0x11,
    0x11, 0x11, 0xcf, 0xd0, 0x0, 0x0, 0x9, 0xff,
    0xff, 0xff, 0xff, 0xff, 0xff, 0xff, 0xd0, 0x0,
    0x0, 0x9, 0xff, 0x77, 0x77, 0x77, 0x77, 0x77,
    0xdf, 0xd0, 0x0, 0x0, 0x9, 0xff, 0x99, 0x99,
    0x99, 0x99, 0x99, 0xef, 0xd0, 0x0, 0x0, 0x9,
    0xff, 0xff, 0xff, 0xff, 0xff, 0xff, 0xff, 0xd0,
    0x0, 0x3, 0x33, 0x33, 0x5f, 0xfb, 0x33, 0x33,
    0x33, 0x33, 0x33, 0x20, 0xf, 0xff, 0xff, 0xff,
    0xff, 0xff, 0xff, 0xff, 0xff, 0xff, 0xd0, 0xd,
    0xdd, 0xef, 0xff, 0xde, 0xff, 0xdd, 0xff, 0xfd,
    0xdd, 0xa0, 0x0, 0x7, 0xff, 0xf6, 0x18, 0xff,
    0x21, 0x4f, 0xfd, 0x40, 0x0, 0x17, 0xef, 0xff,
    0xff, 0xff, 0xff, 0xff, 0xff, 0xff, 0xfd, 0x81,
    0x1e, 0xff, 0xdf, 0xff, 0xff, 0xff, 0xff, 0xff,
    0xfe, 0xff, 0xc0, 0x3, 0x92, 0x5f, 0xf1, 0x7,
    0xff, 0x10, 0xc, 0xfb, 0x17, 0x20, 0x0, 0x0,
    0x5f, 0xf1, 0x7, 0xff, 0x16, 0xbf, 0xfa, 0x0,
    0x0, 0x0, 0x0, 0x5f, 0xf1, 0x7, 0xff, 0x13,
    0xff, 0xe4, 0x0, 0x0, 0x0, 0x0, 0x2, 0x20,
    0x7, 0xff, 0x10, 0x11, 0x0, 0x0, 0x0,

    /* U+5EA6 "度" */
    0x0, 0x0, 0x0, 0x0, 0x0, 0x0, 0x0, 0x0,
    0x0, 0x0, 0x0, 0x0, 0x0, 0x0, 0x0, 0x0,
    0x6b, 0xe1, 0x0, 0x0, 0x0, 0x0, 0x0, 0x0,
    0x0, 0x0, 0x0, 0x7f, 0xf8, 0x0, 0x0, 0x0,
    0x0, 0x0, 0x8f, 0xff, 0xff, 0xff, 0xff, 0xff,
    0xff, 0xff, 0xff, 0xf0, 0x0, 0x9f, 0xff, 0xff,
    0xff, 0xff, 0xff, 0xff, 0xff, 0xff, 0xf0, 0x0,
    0x9f, 0xf8, 0x77, 0x77, 0x77, 0x77, 0x77, 0x77,
    0x77, 0x70, 0x0, 0x9f, 0xf1, 0x0, 0x5a, 0x90,
    0x0, 0x9, 0xa5, 0x0, 0x0, 0x0, 0x9f, 0xf2,
    0x22, 0x9f, 0xf2, 0x22, 0x2f, 0xfa, 0x22, 0x20,
    0x0, 0x9f, 0xf8, 0xff, 0xff, 0xff, 0xff, 0xff,
    0xff, 0xff, 0xc0, 0x0, 0x9f, 0xf8, 0xee, 0xff,
    0xfe, 0xee, 0xef, 0xff, 0xee, 0xb0, 0x0, 0x9f,
    0xf0, 0x0, 0x8f, 0xf0, 0x0, 0xf, 0xf9, 0x0,
    0x0, 0x0, 0x9f, 0xf0, 0x0, 0x8f, 0xfb, 0xbb,
    0xbf, 0xf9, 0x0, 0x0, 0x0, 0xaf, 0xf0, 0x0,
    0x8f, 0xff, 0xff, 0xff, 0xf9, 0x0, 0x0, 0x0,
    0xbf, 0xe0, 0x0, 0x13, 0x33, 0x33, 0x33, 0x32,
    0x0, 0x0, 0x0, 0xdf, 0xc5, 0xff, 0xff, 0xff,
    0xff, 0xff, 0xff, 0xd4, 0x0, 0x0, 0xef, 0xa5,
    0xff, 0xff, 0xff, 0xff, 0xff, 0xff, 0xf4, 0x0,
    0x1, 0xff, 0x80, 0x19, 0xff, 0x81, 0x11, 0x2c,
    0xff, 0x80, 0x0, 0x4, 0xff, 0x50, 0x1, 0xcf,
    0xfc, 0x57, 0xef, 0xf9, 0x0, 0x0, 0x9, 0xff,
    0x20, 0x0, 0xb, 0xff, 0xff, 0xff, 0x60, 0x0,
    0x0, 0xe, 0xfe, 0x17, 0x9b, 0xef, 0xff, 0xff,
    0xff, 0xfc, 0xa8, 0x61, 0x4f, 0xf8, 0xd, 0xff,
    0xff, 0xfb, 0x7a, 0xff, 0xff, 0xff, 0xb0, 0x2,
    0xa2, 0x6, 0xb9, 0x63, 0x0, 0x0, 0x3, 0x7a,
    0xce, 0x10,

    /* U+5F00 "开" */
    0x1, 0x66, 0x66, 0x66, 0x66, 0x66, 0x66, 0x66,
    0x66, 0x66, 0x40, 0x4, 0xff, 0xff, 0xff, 0xff,
    0xff, 0xff, 0xff, 0xff, 0xff, 0x90, 0x4, 0xff,
    0xff, 0xff, 0xff, 0xff, 0xff, 0xff, 0xff, 0xff,
    0x90, 0x0, 0x11, 0x11, 0xff, 0xb1, 0x11, 0x12,
    0xff, 0xb1, 0x11, 0x0, 0x0, 0x0, 0x0, 0xff,
    0xb0, 0x0, 0x1, 0xff, 0xb0, 0x0, 0x0, 0x0,
    0x0, 0x0, 0xff, 0xb0, 0x0, 0x1, 0xff, 0xb0,
    0x0, 0x0, 0x0, 0x0, 0x0, 0xff, 0xb0, 0x0,
    0x1, 0xff, 0xb0, 0x0, 0x0, 0x0, 0x0, 0x0,
    0xff, 0xb0, 0x0, 0x1, 0xff, 0xb0, 0x0, 0x0,
    0x8, 0x88, 0x88, 0xff, 0xd8, 0x88, 0x89, 0xff,
    0xd8, 0x88, 0x81, 0xf, 0xff, 0xff, 0xff, 0xff,
    0xff, 0xff, 0xff, 0xff, 0xff, 0xf3, 0xf, 0xff,
    0xff, 0xff, 0xff, 0xff, 0xff, 0xff, 0xff, 0xff,
    0xf3, 0x0, 0x0, 0x5, 0xff, 0x70, 0x0, 0x1,
    0xff, 0xb0, 0x0, 0x0, 0x0, 0x0, 0x9, 0xff,
    0x40, 0x0, 0x1, 0xff, 0xb0, 0x0, 0x0, 0x0,
    0x0, 0xe, 0xff, 0x10, 0x0, 0x1, 0xff, 0xb0,
    0x0, 0x0, 0x0, 0x0, 0x7f, 0xfb, 0x0, 0x0,
    0x1, 0xff, 0xb0, 0x0, 0x0, 0x0, 0x2, 0xff,
    0xf4, 0x0, 0x0, 0x1, 0xff, 0xb0, 0x0, 0x0,
    0x0, 0x2d, 0xff, 0xb0, 0x0, 0x0, 0x1, 0xff,
    0xb0, 0x0, 0x0, 0x4, 0xef, 0xfe, 0x10, 0x0,
    0x0, 0x1, 0xff, 0xb0, 0x0, 0x0, 0x8, 0xff,
    0xe2, 0x0, 0x0, 0x0, 0x1, 0xff, 0xb0, 0x0,
    0x0, 0x0, 0x6c, 0x10, 0x0, 0x0, 0x0, 0x1,
    0xff, 0xb0, 0x0, 0x0, 0x0, 0x0, 0x0, 0x0,
    0x0, 0x0, 0x0, 0x0, 0x0, 0x0, 0x0,

    /* U+5F02 "异" */
    0x0, 0x7, 0x77, 0x77, 0x77, 0x77, 0x77, 0x77,
    0x77, 0x40, 0x0, 0x0, 0xf, 0xff, 0xff, 0xff,
    0xff, 0xff, 0xff, 0xff, 0x90, 0x0, 0x0, 0xf,
    0xfe, 0xbb, 0xbb, 0xbb, 0xbb, 0xbb, 0xff, 0x90,
    0x0, 0x0, 0xf, 0xfa, 0x0, 0x0, 0x0, 0x0,
    0x0, 0xff, 0x90, 0x0, 0x0, 0xf, 0xff, 0xff,
    0xff, 0xff, 0xff, 0xff, 0xff, 0x90, 0x0, 0x0,
    0xf, 0xff, 0xff, 0xff, 0xff, 0xff, 0xff, 0xff,
    0x90, 0x0, 0x0, 0xf, 0xfc, 0x44, 0x44, 0x44,
    0x44, 0x44, 0x44, 0x86, 0x20, 0x0, 0xe, 0xfd,
    0x20, 0x0, 0x0, 0x0, 0x0, 0x2, 0xef, 0xe0,
    0x0, 0xa, 0xff, 0xff, 0xff, 0xff, 0xff, 0xff,
    0xff, 0xff, 0x90, 0x0, 0x1, 0xbf, 0xff, 0xff,
    0xff, 0xff, 0xff, 0xff, 0xfc, 0x10, 0x0, 0x0,
    0x1, 0x67, 0x44, 0x44, 0x44, 0x77, 0x63, 0x10,
    0x0, 0x0, 0x0, 0x6, 0xff, 0x30, 0x0, 0x0,
    0xff, 0x90, 0x0, 0x0, 0x4, 0x44, 0x49, 0xff,
    0x74, 0x44, 0x44, 0xff, 0xb4, 0x44, 0x41, 0xf,
    0xff, 0xff, 0xff, 0xff, 0xff, 0xff, 0xff, 0xff,
    0xff, 0xf3, 0xf, 0xff, 0xff, 0xff, 0xff, 0xff,
    0xff, 0xff, 0xff, 0xff, 0xf3, 0x2, 0x22, 0x5f,
    0xfd, 0x22, 0x22, 0x22, 0xff, 0xa2, 0x22, 0x20,
    0x0, 0x3, 0xef, 0xf6, 0x0, 0x0, 0x0, 0xff,
    0x90, 0x0, 0x0, 0x3, 0x9f, 0xff, 0xb0, 0x0,
    0x0, 0x0, 0xff, 0x90, 0x0, 0x0, 0x7, 0xff,
    0xfa, 0x0, 0x0, 0x0, 0x0, 0xff, 0x90, 0x0,
    0x0, 0x0, 0x9d, 0x50, 0x0, 0x0, 0x0, 0x0,
    0xff, 0x90, 0x0, 0x0, 0x0, 0x0, 0x0, 0x0,
    0x0, 0x0, 0x0, 0x0, 0x0, 0x0, 0x0,

    /* U+5F85 "待" */
    0x0, 0x0, 0x7, 0x10, 0x0, 0x0, 0x9, 0x95,
    0x0, 0x0, 0x0, 0x0, 0x0, 0xbf, 0xf5, 0x0,
    0x0, 0xf, 0xf9, 0x0, 0x0, 0x0, 0x0, 0xa,
    0xff, 0xb0, 0x13, 0x33, 0x3f, 0xfa, 0x33, 0x33,
    0x10, 0x1, 0xbf, 0xfc, 0x0, 0x8f, 0xff, 0xff,
    0xff, 0xff, 0xff, 0x50, 0x2e, 0xff, 0xc1, 0x0,
    0x8f, 0xff, 0xff, 0xff, 0xff, 0xff, 0x50, 0xd,
    0xfb, 0x7, 0x81, 0x13, 0x33, 0x4f, 0xfa, 0x33,
    0x33, 0x10, 0x4, 0x70, 0x3f, 0xfb, 0x0, 0x0,
    0xf, 0xf9, 0x0, 0x0, 0x0, 0x0, 0x2, 0xef,
    0xfd, 0xee, 0xee, 0xef, 0xff, 0xee, 0xee, 0xe5,
    0x0, 0x1d, 0xff, 0x6d, 0xff, 0xff, 0xff, 0xff,
    0xff, 0xff, 0xf6, 0x2, 0xef, 0xff, 0x36, 0x88,
    0x88, 0x88, 0x88, 0xff, 0xd8, 0x83, 0x4f, 0xff,
    0xff, 0x30, 0x0, 0x0, 0x0, 0x0, 0xff, 0x90,
    0x0, 0x2f, 0xfe, 0xff, 0x38, 0xff, 0xff, 0xff,
    0xff, 0xff, 0xff, 0xf2, 0xa, 0xa5, 0xff, 0x39,
    0xff, 0xff, 0xff, 0xff, 0xff, 0xff, 0xf3, 0x1,
    0x5, 0xff, 0x34, 0x77, 0xa7, 0x77, 0x77, 0xff,
    0xc7, 0x71, 0x0, 0x5, 0xff, 0x30, 0x1a, 0xf8,
    0x0, 0x0, 0xff, 0x90, 0x0, 0x0, 0x5, 0xff,
    0x30, 0xd, 0xff, 0x30, 0x0, 0xff, 0x90, 0x0,
    0x0, 0x5, 0xff, 0x30, 0x3, 0xff, 0xd0, 0x0,
    0xff, 0x90, 0x0, 0x0, 0x5, 0xff, 0x30, 0x0,
    0x9f, 0xf3, 0x0, 0xff, 0x90, 0x0, 0x0, 0x5,
    0xff, 0x30, 0x0, 0x1a, 0x26, 0x67, 0xff, 0x90,
    0x0, 0x0, 0x5, 0xff, 0x30, 0x0, 0x0, 0xb,
    0xff, 0xff, 0x70, 0x0, 0x0, 0x5, 0xff, 0x30,
    0x0, 0x0, 0x6, 0xff, 0xe9, 0x0, 0x0, 0x0,
    0x0, 0x0, 0x0, 0x0, 0x0, 0x0, 0x10, 0x0,
    0x0, 0x0,

    /* U+5F97 "得" */
    0x0, 0x0, 0x17, 0x10, 0x0, 0x0, 0x0, 0x0,
    0x0, 0x0, 0x0, 0x0, 0x0, 0xbf, 0xf5, 0x1f,
    0xff, 0xff, 0xff, 0xff, 0xfd, 0x0, 0x0, 0xb,
    0xff, 0xb0, 0x1f, 0xfe, 0xdd, 0xdd, 0xdf, 0xfd,
    0x0, 0x1, 0xcf, 0xfd, 0x10, 0x1f, 0xf7, 0x0,
    0x0, 0xc, 0xfd, 0x0, 0x3e, 0xff, 0xd1, 0x0,
    0x1f, 0xff, 0xff, 0xff, 0xff, 0xfd, 0x0, 0x1f,
    0xfc, 0x16, 0x50, 0x1f, 0xfd, 0xbb, 0xbb, 0xbf,
    0xfd, 0x0, 0x7, 0x90, 0x3f, 0xfb, 0x1f, 0xf7,
    0x0, 0x0, 0xc, 0xfd, 0x0, 0x0, 0x1, 0xef,
    0xf3, 0x1f, 0xff, 0xff, 0xff, 0xff, 0xfd, 0x0,
    0x0, 0x1d, 0xff, 0x70, 0x1d, 0xdd, 0xdd, 0xdd,
    0xdd, 0xdb, 0x0, 0x2, 0xdf, 0xff, 0x11, 0x66,
    0x66, 0x66, 0x66, 0x66, 0x66, 0x30, 0x4f, 0xff,
    0xff, 0x13, 0xff, 0xff, 0xff, 0xff, 0xff, 0xff,
    0x90, 0x5f, 0xff, 0xff, 0x12, 0xbb, 0xbb, 0xbb,
    0xbe, 0xff, 0xbb, 0x60, 0xe, 0xb8, 0xff, 0x10,
    0x0, 0x0, 0x0, 0xb, 0xff, 0x0, 0x0, 0x3,
    0x8, 0xff, 0x1c, 0xff, 0xff, 0xff, 0xff, 0xff,
    0xff, 0xf0, 0x0, 0x8, 0xff, 0x1c, 0xff, 0xff,
    0xff, 0xff, 0xff, 0xff, 0xf0, 0x0, 0x8, 0xff,
    0x12, 0x36, 0xe5, 0x33, 0x3b, 0xff, 0x33, 0x30,
    0x0, 0x8, 0xff, 0x10, 0x1e, 0xfd, 0x10, 0xa,
    0xff, 0x0, 0x0, 0x0, 0x8, 0xff, 0x10, 0x4,
    0xff, 0xc0, 0xa, 0xff, 0x0, 0x0, 0x0, 0x8,
    0xff, 0x10, 0x0, 0x6f, 0xa5, 0x4c, 0xff, 0x0,
    0x0, 0x0, 0x8, 0xff, 0x10, 0x0, 0x3, 0xe,
    0xff, 0xfe, 0x0, 0x0, 0x0, 0x8, 0xff, 0x10,
    0x0, 0x0, 0x9, 0xff, 0xc4, 0x0, 0x0, 0x0,
    0x0, 0x0, 0x0, 0x0, 0x0, 0x0, 0x0, 0x0,
    0x0, 0x0,

    /* U+5FC3 "心" */
    0x0, 0x0, 0x0, 0x0, 0x87, 0x0, 0x0, 0x0,
    0x0, 0x0, 0x0, 0x0, 0x0, 0x0, 0x8, 0xff,
    0xd2, 0x0, 0x0, 0x0, 0x0, 0x0, 0x0, 0x0,
    0x0, 0x3, 0xdf, 0xff, 0x60, 0x0, 0x0, 0x0,
    0x0, 0x0, 0x0, 0x0, 0x0, 0xa, 0xff, 0xfa,
    0x0, 0x0, 0x0, 0x0, 0x0, 0x0, 0x0, 0x0,
    0x0, 0x6f, 0xff, 0xb0, 0x0, 0x0, 0x0, 0x0,
    0x0, 0x0, 0x0, 0x0, 0x4, 0xff, 0x40, 0x0,
    0x0, 0x0, 0x0, 0x0, 0x0, 0xaf, 0xf1, 0x0,
    0x34, 0x0, 0x0, 0x20, 0x0, 0x0, 0x66, 0x30,
    0xbf, 0xf1, 0x0, 0x0, 0x0, 0x7e, 0xe0, 0x0,
    0x0, 0xcf, 0xd0, 0xbf, 0xf1, 0x0, 0x0, 0x0,
    0x9f, 0xf5, 0x0, 0x0, 0xef, 0xb0, 0xbf, 0xf1,
    0x0, 0x0, 0x0, 0x2f, 0xfb, 0x0, 0x0, 0xff,
    0x90, 0xbf, 0xf1, 0x0, 0x0, 0x0, 0xd, 0xff,
    0x10, 0x3, 0xff, 0x70, 0xbf, 0xf1, 0x0, 0x0,
    0x0, 0x7, 0xff, 0x70, 0x7, 0xff, 0x40, 0xbf,
    0xf1, 0x0, 0x0, 0x0, 0x2, 0xff, 0xc0, 0xa,
    0xff, 0x20, 0xbf, 0xf1, 0x0, 0x0, 0x4, 0x0,
    0xdf, 0xf1, 0xe, 0xfe, 0x0, 0xbf, 0xf1, 0x0,
    0x0, 0x1f, 0xd3, 0x9f, 0xf4, 0x3f, 0xfb, 0x0,
    0xbf, 0xf1, 0x0, 0x0, 0x3f, 0xf5, 0x5a, 0x40,
    0x4, 0xb7, 0x0, 0xaf, 0xf1, 0x0, 0x0, 0x5f,
    0xf3, 0x0, 0x0, 0x0, 0x0, 0x0, 0x9f, 0xfa,
    0x77, 0x77, 0xef, 0xf0, 0x0, 0x0, 0x0, 0x0,
    0x0, 0x5f, 0xff, 0xff, 0xff, 0xff, 0x90, 0x0,
    0x0, 0x0, 0x0, 0x0, 0x7, 0xdf, 0xff, 0xff,
    0xea, 0x0, 0x0, 0x0,

    /* U+6016 "怖" */
    0x0, 0x6, 0xa8, 0x0, 0x0, 0x0, 0x79, 0x50,
    0x0, 0x0, 0x0, 0x0, 0xa, 0xfd, 0x0, 0x0,
    0x0, 0xef, 0xd0, 0x0, 0x0, 0x0, 0x0, 0xa,
    0xfd, 0x0, 0x0, 0x3, 0xff, 0x80, 0x0, 0x0,
    0x0, 0x0, 0xa, 0xfd, 0x1, 0x77, 0x7b, 0xff,
    0xa7, 0x77, 0x77, 0x70, 0x3, 0x3a, 0xfe, 0xca,
    0xff, 0xff, 0xff, 0xff, 0xff, 0xff, 0xf1, 0xc,
    0xfe, 0xff, 0xff, 0xff, 0xff, 0xff, 0xff, 0xff,
    0xff, 0xf1, 0xd, 0xfd, 0xfd, 0xef, 0x30, 0xdf,
    0xf2, 0x22, 0x0, 0x0, 0x0, 0xf, 0xfb, 0xfd,
    0x9f, 0x86, 0xff, 0x96, 0xff, 0x10, 0x0, 0x0,
    0x1f, 0xfa, 0xfd, 0x47, 0x3f, 0xff, 0x26, 0xff,
    0x20, 0x0, 0x0, 0x4f, 0xda, 0xfd, 0x1, 0xdf,
    0xff, 0xff, 0xff, 0xff, 0xff, 0xc0, 0x3a, 0x8a,
    0xfd, 0x1c, 0xff, 0xff, 0xff, 0xff, 0xff, 0xff,
    0xc0, 0x0, 0xa, 0xfd, 0x5f, 0xff, 0xfb, 0x5a,
    0xff, 0x65, 0xdf, 0xc0, 0x0, 0xa, 0xfd, 0xd,
    0xff, 0xf9, 0x6, 0xff, 0x10, 0xbf, 0xc0, 0x0,
    0xa, 0xfd, 0x7, 0x4d, 0xf9, 0x6, 0xff, 0x10,
    0xbf, 0xc0, 0x0, 0xa, 0xfd, 0x0, 0xd, 0xf9,
    0x6, 0xff, 0x10, 0xbf, 0xc0, 0x0, 0xa, 0xfd,
    0x0, 0xd, 0xf9, 0x6, 0xff, 0x35, 0xdf, 0xc0,
    0x0, 0xa, 0xfd, 0x0, 0xd, 0xf9, 0x6, 0xff,
    0x2f, 0xff, 0xa0, 0x0, 0xa, 0xfd, 0x0, 0xd,
    0xf9, 0x6, 0xff, 0x1d, 0xfc, 0x20, 0x0, 0xa,
    0xfd, 0x0, 0x1, 0x21, 0x6, 0xff, 0x10, 0x0,
    0x0, 0x0, 0xa, 0xfd, 0x0, 0x0, 0x0, 0x6,
    0xff, 0x10, 0x0, 0x0, 0x0, 0xa, 0xfd, 0x0,
    0x0, 0x0, 0x6, 0xff, 0x10, 0x0, 0x0,

    /* U+6050 "恐" */
    0x5, 0x66, 0x66, 0x66, 0x60, 0x6c, 0xcb, 0xbb,
    0xcb, 0x50, 0x0, 0xd, 0xff, 0xff, 0xff, 0xf2,
    0x9f, 0xff, 0xff, 0xff, 0x70, 0x0, 0xc, 0xff,
    0xff, 0xff, 0xf2, 0x9f, 0xf9, 0x99, 0xff, 0x70,
    0x0, 0x0, 0x0, 0xff, 0x60, 0x0, 0x9f, 0xd0,
    0x0, 0xff, 0x70, 0x0, 0x0, 0x0, 0xff, 0x60,
    0x0, 0x9f, 0xe9, 0x60, 0xff, 0x70, 0x0, 0x0,
    0x0, 0xff, 0x60, 0x0, 0xaf, 0xff, 0xf4, 0xff,
    0x70, 0x0, 0x0, 0x0, 0xff, 0x75, 0xa1, 0xcf,
    0xbc, 0xff, 0xff, 0x70, 0x0, 0x0, 0x4, 0xff,
    0xff, 0xf6, 0xff, 0x71, 0xee, 0xff, 0x71, 0x20,
    0x1b, 0xff, 0xff, 0xff, 0xbd, 0xff, 0x20, 0x31,
    0xff, 0x74, 0xf7, 0xf, 0xff, 0xfb, 0x51, 0x8f,
    0xfa, 0x0, 0x0, 0xff, 0xa9, 0xfa, 0xa, 0xa5,
    0x0, 0x7, 0xff, 0xe1, 0x0, 0x0, 0xdf, 0xff,
    0xf7, 0x0, 0x0, 0x0, 0x0, 0xbd, 0x5b, 0x20,
    0x0, 0x3b, 0xcc, 0x90, 0x0, 0x26, 0x10, 0xcc,
    0x81, 0xff, 0xd1, 0x0, 0x5, 0x20, 0x0, 0x0,
    0x7f, 0xf1, 0xff, 0x90, 0x5f, 0xfa, 0x0, 0xcf,
    0xe1, 0x0, 0x0, 0xcf, 0xc0, 0xff, 0x90, 0x9,
    0xff, 0x30, 0x5f, 0xfc, 0x0, 0x2, 0xff, 0x70,
    0xff, 0x90, 0x0, 0xb3, 0x58, 0x2a, 0xff, 0x80,
    0xa, 0xff, 0x20, 0xff, 0x90, 0x0, 0x0, 0x8f,
    0xe1, 0xef, 0xf3, 0x3f, 0xfb, 0x0, 0xff, 0xd6,
    0x66, 0x66, 0xef, 0xb0, 0x5f, 0xfa, 0x6, 0xd3,
    0x0, 0xcf, 0xff, 0xff, 0xff, 0xff, 0x60, 0x9,
    0x60, 0x0, 0x0, 0x0, 0x2b, 0xff, 0xff, 0xff,
    0xe8, 0x0, 0x0, 0x0,

    /* U+60F3 "想" */
    0x0, 0x0, 0x4a, 0xa0, 0x0, 0x0, 0x0, 0x0,
    0x0, 0x0, 0x0, 0x0, 0x0, 0x6f, 0xf1, 0x0,
    0xb, 0xcc, 0xcc, 0xcc, 0xcc, 0x0, 0x0, 0x0,
    0x6f, 0xf1, 0x0, 0xf, 0xff, 0xff, 0xff, 0xff,
    0x10, 0xc, 0xcc, 0xef, 0xfc, 0xcc, 0x2f, 0xf9,
    0x44, 0x49, 0xff, 0x10, 0xf, 0xff, 0xff, 0xff,
    0xff, 0x3f, 0xf7, 0x0, 0x7, 0xff, 0x10, 0xe,
    0xee, 0xff, 0xfe, 0xee, 0x2f, 0xff, 0xff, 0xff,
    0xff, 0x10, 0x0, 0x3, 0xff, 0xf4, 0x0, 0xf,
    0xff, 0xee, 0xef, 0xff, 0x10, 0x0, 0xc, 0xff,
    0xff, 0x80, 0xf, 0xf7, 0x0, 0x7, 0xff, 0x10,
    0x0, 0x8f, 0xff, 0xff, 0xfd, 0x2f, 0xff, 0xff,
    0xff, 0xff, 0x10, 0x6, 0xff, 0xcf, 0xf6, 0xff,
    0x3f, 0xff, 0xff, 0xff, 0xff, 0x10, 0x4f, 0xfb,
    0x6f, 0xf1, 0x36, 0xf, 0xf7, 0x0, 0x7, 0xff,
    0x10, 0x8, 0xc0, 0x6f, 0xf1, 0x0, 0xf, 0xff,
    0xff, 0xff, 0xff, 0x10, 0x0, 0x0, 0x6f, 0xf1,
    0x0, 0x3f, 0xff, 0xff, 0xff, 0xff, 0x10, 0x0,
    0x0, 0x39, 0x90, 0x7, 0xf9, 0x11, 0x11, 0x11,
    0x21, 0x0, 0x0, 0x31, 0x0, 0x0, 0xd, 0xff,
    0x60, 0x0, 0x2a, 0xe1, 0x0, 0x0, 0xcf, 0x96,
    0xff, 0x41, 0xef, 0xf3, 0x0, 0x7f, 0xf9, 0x0,
    0x2, 0xff, 0x86, 0xff, 0x40, 0x3f, 0xe3, 0x55,
    0x1d, 0xff, 0x20, 0x9, 0xff, 0x26, 0xff, 0x40,
    0x6, 0x20, 0xaf, 0xc5, 0xff, 0xc0, 0x2f, 0xfc,
    0x5, 0xff, 0x95, 0x55, 0x56, 0xef, 0xa0, 0xcf,
    0xf2, 0x18, 0xf5, 0x2, 0xff, 0xff, 0xff, 0xff,
    0xff, 0x50, 0x48, 0x10, 0x0, 0x10, 0x0, 0x6d,
    0xff, 0xff, 0xff, 0xe8, 0x0, 0x0, 0x0,

    /* U+610F "意" */
    0x0, 0x0, 0x0, 0x0, 0x27, 0xa3, 0x0, 0x0,
    0x0, 0x0, 0x0, 0x14, 0x44, 0x44, 0x46, 0xff,
    0xb4, 0x44, 0x44, 0x42, 0x0, 0x4, 0xff, 0xff,
    0xff, 0xff, 0xff, 0xff, 0xff, 0xff, 0xa0, 0x0,
    0x3c, 0xcc, 0xdf, 0xec, 0xcc, 0xcc, 0xfe, 0xcc,
    0xc8, 0x0, 0x0, 0x0, 0xe, 0xfa, 0x0, 0x0,
    0x3f, 0xf9, 0x0, 0x0, 0x3, 0xbb, 0xbb, 0xef,
    0xfb, 0xbb, 0xbd, 0xff, 0xcb, 0xbb, 0x90, 0x5f,
    0xff, 0xff, 0xff, 0xff, 0xff, 0xff, 0xff, 0xff,
    0xfd, 0x1, 0x33, 0x33, 0x33, 0x33, 0x33, 0x33,
    0x33, 0x33, 0x33, 0x20, 0x0, 0xd, 0xff, 0xff,
    0xff, 0xff, 0xff, 0xff, 0xf7, 0x0, 0x0, 0x0,
    0xdf, 0xea, 0xaa, 0xaa, 0xaa, 0xab, 0xff, 0x70,
    0x0, 0x0, 0xd, 0xfd, 0x77, 0x77, 0x77, 0x77,
    0x8f, 0xf7, 0x0, 0x0, 0x0, 0xdf, 0xff, 0xff,
    0xff, 0xff, 0xff, 0xff, 0x70, 0x0, 0x0, 0xd,
    0xfb, 0x11, 0x11, 0x11, 0x11, 0x4f, 0xf7, 0x0,
    0x0, 0x0, 0xdf, 0xff, 0xff, 0xff, 0xff, 0xff,
    0xff, 0x70, 0x0, 0x0, 0x9, 0xbb, 0xbb, 0xcf,
    0xeb, 0xbb, 0xbb, 0xb4, 0x0, 0x0, 0x1, 0x10,
    0x1, 0x1c, 0xff, 0xb1, 0x0, 0x5, 0x60, 0x0,
    0x0, 0xaf, 0x98, 0xff, 0x2a, 0xff, 0xb0, 0x7,
    0xff, 0x40, 0x0, 0x4f, 0xf8, 0x8f, 0xf1, 0x5,
    0xc1, 0x86, 0x1c, 0xfe, 0x10, 0x2e, 0xfe, 0x7,
    0xff, 0x41, 0x11, 0x2e, 0xf7, 0x2f, 0xf9, 0x8,
    0xff, 0x40, 0x5f, 0xff, 0xff, 0xff, 0xff, 0x30,
    0xaf, 0x90, 0x3, 0x60, 0x0, 0x9e, 0xff, 0xff,
    0xfe, 0x80, 0x1, 0x10, 0x0,

    /* U+6210 "成" */
    0x0, 0x0, 0x0, 0x0, 0x0, 0x0, 0x0, 0x0,
    0x0, 0x0, 0x0, 0x0, 0x0, 0x0, 0x0, 0x0,
    0x9, 0xdd, 0x14, 0xd5, 0x0, 0x0, 0x0, 0x0,
    0x0, 0x0, 0x0, 0xa, 0xff, 0x2e, 0xff, 0xb1,
    0x0, 0x0, 0x0, 0x0, 0x0, 0x0, 0xa, 0xff,
    0x11, 0xbf, 0xfa, 0x0, 0x0, 0x59, 0x99, 0x99,
    0x99, 0x9d, 0xff, 0x99, 0x9e, 0xf9, 0x91, 0x0,
    0xaf, 0xff, 0xff, 0xff, 0xff, 0xff, 0xff, 0xff,
    0xff, 0xf2, 0x0, 0xaf, 0xff, 0xff, 0xff, 0xff,
    0xff, 0xff, 0xff, 0xff, 0xf2, 0x0, 0xaf, 0xf3,
    0x0, 0x0, 0x7, 0xff, 0x50, 0x0, 0x0, 0x0,
    0x0, 0xaf, 0xf2, 0x0, 0x0, 0x5, 0xff, 0x60,
    0x8, 0x62, 0x0, 0x0, 0xaf, 0xf8, 0x66, 0x86,
    0x43, 0xff, 0x80, 0x1f, 0xfc, 0x0, 0x0, 0xaf,
    0xff, 0xff, 0xff, 0xa1, 0xff, 0xa0, 0x7f, 0xf6,
    0x0, 0x0, 0xaf, 0xff, 0xff, 0xff, 0x90, 0xef,
    0xd0, 0xef, 0xf1, 0x0, 0x0, 0xaf, 0xf1, 0x0,
    0xff, 0x90, 0xcf, 0xf6, 0xff, 0x90, 0x0, 0x0,
    0xbf, 0xf1, 0x0, 0xff, 0x80, 0x9f, 0xff, 0xff,
    0x10, 0x0, 0x0, 0xcf, 0xf0, 0x0, 0xff, 0x80,
    0x5f, 0xff, 0xf8, 0x0, 0x0, 0x0, 0xdf, 0xe0,
    0x2, 0xff, 0x70, 0x1f, 0xff, 0xe0, 0x5, 0x0,
    0x0, 0xff, 0xc7, 0x8b, 0xff, 0x50, 0x3f, 0xff,
    0x50, 0xf, 0xa1, 0x3, 0xff, 0x97, 0xff, 0xff,
    0x13, 0xef, 0xff, 0x70, 0x1f, 0xf3, 0x7, 0xff,
    0x63, 0xdd, 0xb4, 0x5f, 0xff, 0xff, 0xe1, 0x4f,
    0xf1, 0xd, 0xff, 0x10, 0x0, 0x1a, 0xff, 0xfb,
    0x8f, 0xfe, 0xef, 0xd0, 0x3f, 0xfc, 0x0, 0x0,
    0xc, 0xff, 0x90, 0xc, 0xff, 0xff, 0x80, 0x4,
    0xe5, 0x0, 0x0, 0x1, 0xd5, 0x0, 0x0, 0x9f,
    0xfa, 0x0, 0x0, 0x20, 0x0, 0x0, 0x0, 0x0,
    0x0, 0x0, 0x0, 0x0, 0x0,

    /* U+6240 "所" */
    0x0, 0x0, 0x0, 0x0, 0x10, 0x0, 0x0, 0x0,
    0x0, 0x31, 0x0, 0x0, 0x0, 0x25, 0x8c, 0xfb,
    0x0, 0x0, 0x36, 0xae, 0xfc, 0x0, 0x4, 0xdf,
    0xff, 0xff, 0xff, 0x67, 0xdf, 0xff, 0xff, 0xff,
    0x80, 0x5, 0xff, 0xff, 0xfc, 0x95, 0x19, 0xff,
    0xff, 0xeb, 0x84, 0x0, 0x5, 0xff, 0x61, 0x0,
    0x0, 0x9, 0xff, 0x51, 0x0, 0x0, 0x0, 0x5,
    0xff, 0x62, 0x22, 0x22, 0x9, 0xff, 0x10, 0x0,
    0x0, 0x0, 0x5, 0xff, 0xff, 0xff, 0xff, 0x9,
    0xff, 0x10, 0x0, 0x0, 0x0, 0x5, 0xff, 0xff,
    0xff, 0xff, 0x9, 0xff, 0x65, 0x55, 0x55, 0x50,
    0x5, 0xff, 0x63, 0x3b, 0xff, 0x9, 0xff, 0xff,
    0xff, 0xff, 0xf1, 0x5, 0xff, 0x40, 0x9, 0xff,
    0x9, 0xff, 0xff, 0xff, 0xff, 0xf1, 0x5, 0xff,
    0x52, 0x2a, 0xff, 0xa, 0xff, 0x43, 0xaf, 0xf4,
    0x30, 0x5, 0xff, 0xff, 0xff, 0xff, 0xb, 0xff,
    0x0, 0x8f, 0xf1, 0x0, 0x6, 0xff, 0xff, 0xff,
    0xff, 0xc, 0xfe, 0x0, 0x8f, 0xf1, 0x0, 0x6,
    0xff, 0x53, 0x33, 0x33, 0xe, 0xfc, 0x0, 0x8f,
    0xf1, 0x0, 0x8, 0xff, 0x10, 0x0, 0x0, 0x2f,
    0xf9, 0x0, 0x8f, 0xf1, 0x0, 0xa, 0xff, 0x0,
    0x0, 0x0, 0x6f, 0xf6, 0x0, 0x8f, 0xf1, 0x0,
    0xc, 0xfd, 0x0, 0x0, 0x0, 0xcf, 0xf1, 0x0,
    0x8f, 0xf1, 0x0, 0xf, 0xfa, 0x0, 0x0, 0x5,
    0xff, 0xb0, 0x0, 0x8f, 0xf1, 0x0, 0x5f, 0xf6,
    0x0, 0x0, 0x1e, 0xff, 0x30, 0x0, 0x8f, 0xf1,
    0x0, 0x9f, 0xf1, 0x0, 0x0, 0x8f, 0xfa, 0x0,
    0x0, 0x8f, 0xf1, 0x0, 0x8, 0xa0, 0x0, 0x0,
    0x7, 0xd1, 0x0, 0x0, 0x8f, 0xf1, 0x0, 0x0,
    0x0, 0x0, 0x0, 0x0, 0x0, 0x0, 0x0, 0x0,
    0x0, 0x0,

    /* U+63D0 "提" */
    0x0, 0x9, 0xa5, 0x0, 0x0, 0x0, 0x0, 0x0,
    0x0, 0x0, 0x0, 0x0, 0xe, 0xf7, 0x0, 0x1f,
    0xff, 0xff, 0xff, 0xff, 0xfe, 0x0, 0x0, 0xe,
    0xf7, 0x0, 0x1f, 0xfe, 0xee, 0xee, 0xef, 0xfe,
    0x0, 0x0, 0xe, 0xf7, 0x0, 0x1f, 0xf6, 0x0,
    0x0, 0x9, 0xfe, 0x0, 0x28, 0x8f, 0xfc, 0x85,
    0x1f, 0xff, 0xff, 0xff, 0xff, 0xfe, 0x0, 0x5f,
    0xff, 0xff, 0xfb, 0x1f, 0xfc, 0xaa, 0xaa, 0xad,
    0xfe, 0x0, 0x5f, 0xff, 0xff, 0xfb, 0x1f, 0xf6,
    0x0, 0x0, 0x9, 0xfe, 0x0, 0x1, 0x1f, 0xf8,
    0x11, 0x1f, 0xff, 0xff, 0xff, 0xff, 0xfe, 0x0,
    0x0, 0xe, 0xf7, 0x0, 0xd, 0xdd, 0xdd, 0xdd,
    0xdd, 0xdc, 0x0, 0x0, 0xe, 0xf7, 0x1, 0x33,
    0x33, 0x33, 0x33, 0x33, 0x33, 0x30, 0x0, 0xe,
    0xfd, 0xea, 0xff, 0xff, 0xff, 0xff, 0xff, 0xff,
    0xf1, 0x39, 0xdf, 0xff, 0xfc, 0xee, 0xee, 0xef,
    0xff, 0xee, 0xee, 0xe0, 0x5f, 0xff, 0xfe, 0x94,
    0x4, 0x41, 0xd, 0xfa, 0x0, 0x0, 0x0, 0x1f,
    0xcf, 0xf7, 0x0, 0xf, 0xf7, 0xd, 0xfb, 0x11,
    0x11, 0x0, 0x1, 0xe, 0xf7, 0x0, 0x2f, 0xf5,
    0xd, 0xff, 0xff, 0xfd, 0x0, 0x0, 0xe, 0xf7,
    0x0, 0x6f, 0xf5, 0xd, 0xff, 0xff, 0xfd, 0x0,
    0x0, 0xe, 0xf7, 0x0, 0xbf, 0xfc, 0xd, 0xfa,
    0x0, 0x0, 0x0, 0x0, 0xe, 0xf7, 0x2, 0xff,
    0xff, 0xad, 0xfa, 0x0, 0x0, 0x0, 0x6, 0x6f,
    0xf7, 0xc, 0xff, 0x3f, 0xff, 0xfc, 0x44, 0x44,
    0x42, 0xc, 0xff, 0xf5, 0x9f, 0xf8, 0x4, 0xff,
    0xff, 0xff, 0xff, 0xf5, 0x8, 0xfd, 0x80, 0x1b,
    0xc0, 0x0, 0x18, 0xce, 0xff, 0xff, 0xf0, 0x0,
    0x0, 0x0, 0x0, 0x0, 0x0, 0x0, 0x0, 0x0,
    0x0, 0x0,

    /* U+63ED "揭" */
    0x0, 0x5, 0xa9, 0x0, 0x0, 0x0, 0x0, 0x0,
    0x0, 0x0, 0x0, 0x0, 0x8, 0xfe, 0x0, 0xb,
    0xdd, 0xdd, 0xdd, 0xdd, 0xdd, 0x10, 0x0, 0x8,
    0xfe, 0x0, 0xd, 0xff, 0xff, 0xff, 0xff, 0xff,
    0x10, 0x0, 0x8, 0xfe, 0x0, 0xd, 0xf9, 0x0,
    0x0, 0x6, 0xff, 0x10, 0x7, 0x8c, 0xff, 0x88,
    0xd, 0xfe, 0xdd, 0xdd, 0xde, 0xff, 0x10, 0xe,
    0xff, 0xff, 0xff, 0xd, 0xff, 0xff, 0xff, 0xff,
    0xff, 0x10, 0xc, 0xef, 0xff, 0xee, 0xd, 0xf9,
    0x0, 0x0, 0x6, 0xff, 0x10, 0x0, 0x8, 0xfe,
    0x0, 0xd, 0xff, 0xee, 0xee, 0xef, 0xff, 0x10,
    0x0, 0x8, 0xfe, 0x0, 0xc, 0xff, 0xff, 0xff,
    0xff, 0xff, 0x10, 0x0, 0x8, 0xfe, 0x36, 0x5,
    0xfe, 0x20, 0x0, 0x0, 0x0, 0x0, 0x0, 0x1a,
    0xff, 0xff, 0xd, 0xff, 0xff, 0xff, 0xff, 0xff,
    0xf1, 0xc, 0xff, 0xff, 0xfe, 0xbf, 0xff, 0xff,
    0xff, 0xff, 0xff, 0xf0, 0xd, 0xff, 0xff, 0x48,
    0xff, 0x80, 0x2, 0xd8, 0x0, 0x8f, 0xf0, 0x6,
    0x7a, 0xfe, 0x6, 0xff, 0xb2, 0x9, 0xfc, 0x10,
    0x8f, 0xf0, 0x0, 0x8, 0xfe, 0x0, 0x5f, 0xf3,
    0x7f, 0xff, 0xe3, 0x9f, 0xe0, 0x0, 0x8, 0xfe,
    0x0, 0xe, 0xf7, 0xfe, 0x26, 0xf6, 0xaf, 0xd0,
    0x0, 0x8, 0xfe, 0x0, 0xe, 0xfb, 0xec, 0xaa,
    0xc5, 0xbf, 0xc0, 0x0, 0x8, 0xfe, 0x0, 0xe,
    0xff, 0xff, 0xff, 0xf8, 0xdf, 0xa0, 0x3, 0x6b,
    0xfe, 0x0, 0x2, 0x22, 0x22, 0x22, 0x22, 0xff,
    0x80, 0x4, 0xff, 0xfc, 0x0, 0x0, 0x0, 0x0,
    0x0, 0xce, 0xff, 0x40, 0x0, 0xfe, 0xb2, 0x0,
    0x0, 0x0, 0x0, 0x0, 0xaf, 0xe8, 0x0, 0x0,
    0x0, 0x0, 0x0, 0x0, 0x0, 0x0, 0x0, 0x0,
    0x0, 0x0,

    /* U+6545 "故" */
    0x0, 0x0, 0x7e, 0xe1, 0x0, 0x0, 0x6b, 0x91,
    0x0, 0x0, 0x0, 0x0, 0x0, 0x8f, 0xf2, 0x0,
    0x0, 0xaf, 0xf0, 0x0, 0x0, 0x0, 0x0, 0x0,
    0x8f, 0xf2, 0x0, 0x0, 0xdf, 0xd0, 0x0, 0x0,
    0x0, 0x0, 0x0, 0x8f, 0xf2, 0x0, 0x1, 0xff,
    0x90, 0x0, 0x0, 0x0, 0x4d, 0xdd, 0xef, 0xfe,
    0xdd, 0xa6, 0xff, 0xff, 0xff, 0xff, 0xf2, 0x5f,
    0xff, 0xff, 0xff, 0xff, 0xcb, 0xff, 0xff, 0xff,
    0xff, 0xf2, 0x3a, 0xaa, 0xdf, 0xfb, 0xaa, 0xaf,
    0xfe, 0x88, 0x8f, 0xfd, 0x81, 0x0, 0x0, 0x8f,
    0xf2, 0x0, 0xaf, 0xfe, 0x0, 0xf, 0xf9, 0x0,
    0x0, 0x0, 0x8f, 0xf2, 0x3, 0xff, 0xff, 0x20,
    0x3f, 0xf5, 0x0, 0x0, 0x0, 0x8f, 0xf2, 0xc,
    0xff, 0xff, 0x60, 0x7f, 0xf2, 0x0, 0x6, 0xff,
    0xff, 0xff, 0xff, 0xcb, 0xcf, 0xc0, 0xcf, 0xd0,
    0x0, 0x7, 0xff, 0xff, 0xff, 0xff, 0x1, 0x8f,
    0xf3, 0xff, 0x80, 0x0, 0x7, 0xff, 0x77, 0x7b,
    0xff, 0x0, 0x2f, 0xfe, 0xff, 0x20, 0x0, 0x7,
    0xff, 0x0, 0x7, 0xff, 0x0, 0xc, 0xff, 0xfc,
    0x0, 0x0, 0x7, 0xff, 0x0, 0x7, 0xff, 0x0,
    0x5, 0xff, 0xf4, 0x0, 0x0, 0x7, 0xff, 0x0,
    0x7, 0xff, 0x0, 0x9, 0xff, 0xf7, 0x0, 0x0,
    0x7, 0xff, 0xff, 0xff, 0xff, 0x0, 0xaf, 0xff,
    0xff, 0x60, 0x0, 0x7, 0xff, 0xff, 0xff, 0xff,
    0x4d, 0xff, 0xe8, 0xff, 0xf9, 0x0, 0x7, 0xff,
    0x88, 0x88, 0x8d, 0xff, 0xfd, 0x20, 0x8f, 0xff,
    0xe1, 0x5, 0xdd, 0x0, 0x0, 0x3, 0xff, 0xa0,
    0x0, 0x6, 0xff, 0x70, 0x0, 0x0, 0x0, 0x0,
    0x0, 0x73, 0x0, 0x0, 0x0, 0x28, 0x0,

    /* U+6572 "敲" */
    0x0, 0x0, 0x3, 0x77, 0x0, 0x0, 0x0, 0x3a,
    0xa2, 0x0, 0x0, 0x0, 0x0, 0xb, 0xff, 0x20,
    0x0, 0x0, 0x5f, 0xf3, 0x0, 0x0, 0x8, 0x88,
    0x8b, 0xff, 0xb8, 0x88, 0x50, 0x5f, 0xf3, 0x0,
    0x0, 0x1f, 0xff, 0xff, 0xff, 0xff, 0xff, 0xa0,
    0x5f, 0xff, 0xff, 0xf2, 0x9, 0x99, 0x99, 0x99,
    0x99, 0x99, 0x50, 0x5f, 0xff, 0xff, 0xf2, 0x0,
    0x8a, 0xaa, 0xaa, 0xaa, 0xa0, 0x0, 0x5f, 0xf7,
    0x55, 0x50, 0x0, 0xcf, 0xff, 0xff, 0xff, 0xf0,
    0x0, 0x5f, 0xf3, 0x0, 0x0, 0x0, 0xcf, 0x70,
    0x0, 0x7f, 0xf0, 0x66, 0xaf, 0xf8, 0x76, 0x20,
    0x0, 0xcf, 0xc8, 0x88, 0xbf, 0xf1, 0xff, 0xff,
    0xff, 0xff, 0xf0, 0x0, 0xcf, 0xff, 0xff, 0xff,
    0xf1, 0xff, 0xff, 0xff, 0xff, 0xc0, 0x0, 0x23,
    0x33, 0x33, 0x33, 0x30, 0x2f, 0xf1, 0x1, 0xff,
    0x80, 0xa, 0xff, 0xff, 0xff, 0xff, 0xff, 0xe,
    0xf6, 0x6, 0xff, 0x40, 0xa, 0xfe, 0xdd, 0xdd,
    0xde, 0xff, 0x8, 0xfd, 0xc, 0xff, 0x0, 0xa,
    0xf7, 0x47, 0x66, 0x54, 0xff, 0x2, 0xff, 0x9f,
    0xf9, 0x0, 0xa, 0xf7, 0xcf, 0xff, 0xe4, 0xff,
    0x0, 0xbf, 0xff, 0xf2, 0x0, 0xa, 0xf7, 0xcc,
    0xb, 0xe4, 0xff, 0x0, 0x3f, 0xff, 0xa0, 0x0,
    0xa, 0xf7, 0xcd, 0x3c, 0xe4, 0xff, 0x0, 0x4f,
    0xff, 0x70, 0x0, 0xa, 0xf7, 0xcf, 0xff, 0xe4,
    0xff, 0x5, 0xff, 0xff, 0xf6, 0x0, 0xa, 0xf7,
    0xcc, 0x22, 0x24, 0xff, 0xaf, 0xff, 0x9f, 0xff,
    0xa1, 0xa, 0xf7, 0x11, 0x7, 0xce, 0xfe, 0xdf,
    0xf5, 0x4, 0xff, 0xe2, 0xa, 0xf7, 0x0, 0x3,
    0xff, 0xd5, 0x3c, 0x20, 0x0, 0x3d, 0x30, 0x0,
    0x0, 0x0, 0x0, 0x0, 0x0, 0x0, 0x0, 0x0,
    0x0, 0x0,

    /* U+6587 "文" */
    0x0, 0x0, 0x0, 0x0, 0x3, 0x8c, 0x20, 0x0,
    0x0, 0x0, 0x0, 0x0, 0x0, 0x0, 0x0, 0xa,
    0xff, 0xa0, 0x0, 0x0, 0x0, 0x0, 0x0, 0x0,
    0x0, 0x0, 0x3, 0xff, 0xf1, 0x0, 0x0, 0x0,
    0x0, 0x0, 0x0, 0x0, 0x0, 0x0, 0xdf, 0xb2,
    0x0, 0x0, 0x0, 0x0, 0xf, 0xff, 0xff, 0xff,
    0xff, 0xff, 0xff, 0xff, 0xff, 0xff, 0xf2, 0xf,
    0xff, 0xff, 0xff, 0xff, 0xff, 0xff, 0xff, 0xff,
    0xff, 0xf2, 0x9, 0x99, 0xcf, 0xfb, 0x99, 0x99,
    0x99, 0xbf, 0xfd, 0x99, 0x91, 0x0, 0x0, 0x3f,
    0xf9, 0x0, 0x0, 0x0, 0x9f, 0xf6, 0x0, 0x0,
    0x0, 0x0, 0xb, 0xff, 0x20, 0x0, 0x1, 0xff,
    0xf0, 0x0, 0x0, 0x0, 0x0, 0x4, 0xff, 0xb0,
    0x0, 0x8, 0xff, 0x80, 0x0, 0x0, 0x0, 0x0,
    0x0, 0xbf, 0xf5, 0x0, 0x2f, 0xfe, 0x10, 0x0,
    0x0, 0x0, 0x0, 0x0, 0x2f, 0xff, 0x20, 0xcf,
    0xf6, 0x0, 0x0, 0x0, 0x0, 0x0, 0x0, 0x7,
    0xff, 0xda, 0xff, 0xc0, 0x0, 0x0, 0x0, 0x0,
    0x0, 0x0, 0x0, 0xbf, 0xff, 0xfe, 0x10, 0x0,
    0x0, 0x0, 0x0, 0x0, 0x0, 0x0, 0x2f, 0xff,
    0xf7, 0x0, 0x0, 0x0, 0x0, 0x0, 0x0, 0x0,
    0x5, 0xef, 0xff, 0xff, 0x90, 0x0, 0x0, 0x0,
    0x0, 0x0, 0x4, 0xbf, 0xff, 0xdc, 0xff, 0xfe,
    0x70, 0x0, 0x0, 0x0, 0x16, 0xdf, 0xff, 0xf9,
    0x0, 0x8f, 0xff, 0xfe, 0x93, 0x0, 0x2c, 0xff,
    0xff, 0xfc, 0x30, 0x0, 0x2, 0xbf, 0xff, 0xff,
    0xf3, 0xb, 0xff, 0xfb, 0x40, 0x0, 0x0, 0x0,
    0x3, 0xbf, 0xff, 0x90, 0x1, 0xc7, 0x20, 0x0,
    0x0, 0x0, 0x0, 0x0, 0x1, 0x6a, 0x0,

    /* U+65E0 "无" */
    0x0, 0x58, 0x88, 0x88, 0x88, 0x88, 0x88, 0x88,
    0x88, 0x87, 0x0, 0x0, 0xaf, 0xff, 0xff, 0xff,
    0xff, 0xff, 0xff, 0xff, 0xfe, 0x0, 0x0, 0xaf,
    0xff, 0xff, 0xff, 0xff, 0xff, 0xff, 0xff, 0xfe,
    0x0, 0x0, 0x0, 0x0, 0x0, 0xc, 0xfe, 0x0,
    0x0, 0x0, 0x0, 0x0, 0x0, 0x0, 0x0, 0x0,
    0xd, 0xfd, 0x0, 0x0, 0x0, 0x0, 0x0, 0x0,
    0x0, 0x0, 0x0, 0xe, 0xfc, 0x0, 0x0, 0x0,
    0x0, 0x0, 0x0, 0x0, 0x0, 0x0, 0xf, 0xfb,
    0x0, 0x0, 0x0, 0x0, 0x0, 0xf, 0xff, 0xff,
    0xff, 0xff, 0xff, 0xff, 0xff, 0xff, 0xff, 0xf2,
    0xf, 0xff, 0xff, 0xff, 0xff, 0xff, 0xff, 0xff,
    0xff, 0xff, 0xf2, 0x9, 0x99, 0x99, 0x99, 0xdf,
    0xff, 0xff, 0x99, 0x99, 0x99, 0x91, 0x0, 0x0,
    0x0, 0x0, 0xdf, 0xff, 0xfd, 0x0, 0x0, 0x0,
    0x0, 0x0, 0x0, 0x0, 0x3, 0xff, 0xaf, 0xfd,
    0x0, 0x0, 0x0, 0x0, 0x0, 0x0, 0x0, 0xb,
    0xff, 0x4f, 0xfd, 0x0, 0x0, 0x0, 0x0, 0x0,
    0x0, 0x0, 0x5f, 0xfd, 0xf, 0xfd, 0x0, 0x0,
    0x10, 0x0, 0x0, 0x0, 0x3, 0xff, 0xf4, 0xf,
    0xfd, 0x0, 0x0, 0x3e, 0x81, 0x0, 0x0, 0x4f,
    0xff, 0x90, 0xf, 0xfd, 0x0, 0x0, 0x5f, 0xf4,
    0x0, 0x9, 0xff, 0xfb, 0x0, 0xe, 0xfe, 0x10,
    0x0, 0x9f, 0xf1, 0x18, 0xef, 0xff, 0xa0, 0x0,
    0xc, 0xff, 0xff, 0xff, 0xff, 0xe0, 0xa, 0xff,
    0xf6, 0x0, 0x0, 0x6, 0xff, 0xff, 0xff, 0xff,
    0x60, 0x0, 0xd9, 0x10, 0x0, 0x0, 0x0, 0x37,
    0x89, 0x99, 0x84, 0x0, 0x0, 0x0, 0x0, 0x0,
    0x0, 0x0, 0x0, 0x0, 0x0, 0x0, 0x0,

    /* U+65E5 "日" */
    0x69, 0x99, 0x99, 0x99, 0x99, 0x99, 0x99, 0x96,
    0xbf, 0xff, 0xff, 0xff, 0xff, 0xff, 0xff, 0xfa,
    0xbf, 0xff, 0xff, 0xff, 0xff, 0xff, 0xff, 0xfa,
    0xbf, 0xf1, 0x11, 0x11, 0x11, 0x11, 0x4f, 0xfa,
    0xbf, 0xf0, 0x0, 0x0, 0x0, 0x0, 0x3f, 0xfa,
    0xbf, 0xf0, 0x0, 0x0, 0x0, 0x0, 0x3f, 0xfa,
    0xbf, 0xf0, 0x0, 0x0, 0x0, 0x0, 0x3f, 0xfa,
    0xbf, 0xf0, 0x0, 0x0, 0x0, 0x0, 0x3f, 0xfa,
    0xbf, 0xff, 0xff, 0xff, 0xff, 0xff, 0xff, 0xfa,
    0xbf, 0xff, 0xff, 0xff, 0xff, 0xff, 0xff, 0xfa,
    0xbf, 0xfa, 0xaa, 0xaa, 0xaa, 0xaa, 0xbf, 0xfa,
    0xbf, 0xf0, 0x0, 0x0, 0x0, 0x0, 0x3f, 0xfa,
    0xbf, 0xf0, 0x0, 0x0, 0x0, 0x0, 0x3f, 0xfa,
    0xbf, 0xf0, 0x0, 0x0, 0x0, 0x0, 0x3f, 0xfa,
    0xbf, 0xf0, 0x0, 0x0, 0x0, 0x0, 0x3f, 0xfa,
    0xbf, 0xf9, 0x99, 0x99, 0x99, 0x99, 0xbf, 0xfa,
    0xbf, 0xff, 0xff, 0xff, 0xff, 0xff, 0xff, 0xfa,
    0xbf, 0xff, 0xff, 0xff, 0xff, 0xff, 0xff, 0xfa,
    0xbf, 0xf0, 0x0, 0x0, 0x0, 0x0, 0x3f, 0xfa,
    0xbf, 0xf0, 0x0, 0x0, 0x0, 0x0, 0x3f, 0xfa,
    0x0, 0x0, 0x0, 0x0, 0x0, 0x0, 0x0, 0x0,

    /* U+65F6 "时" */
    0x0, 0x0, 0x0, 0x0, 0x0, 0x0, 0x0, 0x5,
    0x88, 0x0, 0x0, 0x0, 0x0, 0x0, 0x0, 0x0,
    0x0, 0x0, 0x9f, 0xf1, 0x0, 0x8f, 0xff, 0xff,
    0xfc, 0x0, 0x0, 0x0, 0x9, 0xff, 0x10, 0x8,
    0xff, 0xff, 0xff, 0xd0, 0x0, 0x0, 0x0, 0x9f,
    0xf1, 0x0, 0x8f, 0xf6, 0x6c, 0xfd, 0x1a, 0xaa,
    0xaa, 0xad, 0xff, 0xaa, 0x38, 0xfe, 0x0, 0xaf,
    0xd3, 0xff, 0xff, 0xff, 0xff, 0xff, 0xf5, 0x8f,
    0xe0, 0xa, 0xfd, 0x2f, 0xff, 0xff, 0xff, 0xff,
    0xff, 0x48, 0xfe, 0x0, 0xaf, 0xd0, 0x0, 0x0,
    0x0, 0x9f, 0xf1, 0x0, 0x8f, 0xff, 0xff, 0xfd,
    0x0, 0x55, 0x0, 0x9, 0xff, 0x10, 0x8, 0xff,
    0xff, 0xff, 0xd0, 0xaf, 0xf2, 0x0, 0x9f, 0xf1,
    0x0, 0x8f, 0xf5, 0x5c, 0xfd, 0x4, 0xff, 0xc0,
    0x9, 0xff, 0x10, 0x8, 0xfe, 0x0, 0xaf, 0xd0,
    0xa, 0xff, 0x60, 0x9f, 0xf1, 0x0, 0x8f, 0xe0,
    0xa, 0xfd, 0x0, 0x1f, 0xff, 0x19, 0xff, 0x10,
    0x8, 0xfe, 0x0, 0xaf, 0xd0, 0x0, 0x7f, 0xd3,
    0x9f, 0xf1, 0x0, 0x8f, 0xf6, 0x6c, 0xfd, 0x0,
    0x0, 0x70, 0x9, 0xff, 0x10, 0x8, 0xff, 0xff,
    0xff, 0xd0, 0x0, 0x0, 0x0, 0x9f, 0xf1, 0x0,
    0x8f, 0xff, 0xff, 0xfc, 0x0, 0x0, 0x0, 0x9,
    0xff, 0x10, 0x8, 0xfe, 0x0, 0x0, 0x0, 0x0,
    0x0, 0x0, 0x9f, 0xf1, 0x0, 0x6b, 0xa0, 0x0,
    0x0, 0x0, 0x8, 0xaa, 0xae, 0xff, 0x0, 0x0,
    0x0, 0x0, 0x0, 0x0, 0x0, 0x6f, 0xff, 0xff,
    0xc0, 0x0, 0x0, 0x0, 0x0, 0x0, 0x0, 0x1,
    0xff, 0xed, 0x91, 0x0, 0x0,

    /* U+660E "明" */
    0x37, 0x87, 0x77, 0x77, 0x25, 0xcc, 0xcc, 0xcc,
    0xcc, 0xc8, 0x7f, 0xff, 0xff, 0xff, 0x57, 0xff,
    0xff, 0xff, 0xff, 0xfb, 0x7f, 0xff, 0xff, 0xff,
    0x57, 0xff, 0xbb, 0xbb, 0xbf, 0xfb, 0x7f, 0xf0,
    0x1, 0xff, 0x57, 0xff, 0x20, 0x0, 0xe, 0xfb,
    0x7f, 0xf0, 0x1, 0xff, 0x57, 0xff, 0x20, 0x0,
    0xe, 0xfb, 0x7f, 0xf0, 0x1, 0xff, 0x57, 0xff,
    0x98, 0x88, 0x8f, 0xfb, 0x7f, 0xff, 0xff, 0xff,
    0x57, 0xff, 0xff, 0xff, 0xff, 0xfb, 0x7f, 0xff,
    0xff, 0xff, 0x57, 0xff, 0xdd, 0xdd, 0xdf, 0xfb,
    0x7f, 0xf5, 0x56, 0xff, 0x57, 0xff, 0x20, 0x0,
    0xe, 0xfb, 0x7f, 0xf0, 0x1, 0xff, 0x57, 0xff,
    0x10, 0x0, 0xe, 0xfb, 0x7f, 0xf0, 0x1, 0xff,
    0x58, 0xff, 0x65, 0x55, 0x5f, 0xfb, 0x7f, 0xf6,
    0x66, 0xff, 0x5a, 0xff, 0xff, 0xff, 0xff, 0xfb,
    0x7f, 0xff, 0xff, 0xff, 0x5d, 0xff, 0xff, 0xff,
    0xff, 0xfb, 0x7f, 0xff, 0xff, 0xff, 0x6f, 0xfa,
    0x0, 0x0, 0xe, 0xfb, 0x7f, 0xf0, 0x0, 0x0,
    0x5f, 0xf5, 0x0, 0x0, 0xe, 0xfb, 0x7f, 0xe0,
    0x0, 0x0, 0xcf, 0xf1, 0x0, 0x0, 0xe, 0xfb,
    0x0, 0x0, 0x0, 0x6, 0xff, 0xa0, 0x0, 0x0,
    0xe, 0xfb, 0x0, 0x0, 0x0, 0x3f, 0xff, 0x20,
    0x3, 0x88, 0x8f, 0xfb, 0x0, 0x0, 0x0, 0xdf,
    0xf7, 0x0, 0x0, 0xff, 0xff, 0xf7, 0x0, 0x0,
    0x0, 0x1c, 0x90, 0x0, 0x0, 0xaf, 0xfd, 0x80,
    0x0, 0x0, 0x0, 0x0, 0x0, 0x0, 0x0, 0x0,
    0x0, 0x0,

    /* U+662F "是" */
    0x0, 0x9, 0xff, 0xff, 0xff, 0xff, 0xff, 0xff,
    0xff, 0xa0, 0x0, 0x0, 0xa, 0xff, 0xff, 0xff,
    0xff, 0xff, 0xff, 0xff, 0xb0, 0x0, 0x0, 0xa,
    0xfe, 0x0, 0x0, 0x0, 0x0, 0x0, 0xff, 0xb0,
    0x0, 0x0, 0xa, 0xff, 0xff, 0xff, 0xff, 0xff,
    0xff, 0xff, 0xb0, 0x0, 0x0, 0xa, 0xff, 0xcc,
    0xcc, 0xcc, 0xcc, 0xcc, 0xff, 0xb0, 0x0, 0x0,
    0xa, 0xfe, 0x0, 0x0, 0x0, 0x0, 0x0, 0xff,
    0xb0, 0x0, 0x0, 0xa, 0xff, 0xff, 0xff, 0xff,
    0xff, 0xff, 0xff, 0xb0, 0x0, 0x0, 0x8, 0xdd,
    0xdd, 0xdd, 0xdd, 0xdd, 0xdd, 0xdd, 0x90, 0x0,
    0x3, 0x44, 0x44, 0x44, 0x44, 0x44, 0x44, 0x44,
    0x44, 0x44, 0x30, 0xc, 0xff, 0xff, 0xff, 0xff,
    0xff, 0xff, 0xff, 0xff, 0xff, 0xb0, 0xc, 0xff,
    0xff, 0xff, 0xff, 0xff, 0xff, 0xff, 0xff, 0xff,
    0xb0, 0x0, 0x0, 0x46, 0x41, 0x2, 0xff, 0x80,
    0x0, 0x0, 0x0, 0x0, 0x0, 0x0, 0xaf, 0xf1,
    0x2, 0xff, 0xb5, 0x55, 0x55, 0x51, 0x0, 0x0,
    0x0, 0xef, 0xd0, 0x2, 0xff, 0xff, 0xff, 0xff,
    0xf5, 0x0, 0x0, 0x6, 0xff, 0xf2, 0x2, 0xff,
    0xff, 0xff, 0xff, 0xf4, 0x0, 0x0, 0xd, 0xff,
    0xfd, 0x12, 0xff, 0x80, 0x0, 0x0, 0x0, 0x0,
    0x0, 0xaf, 0xfe, 0xff, 0xfa, 0xff, 0x80, 0x0,
    0x0, 0x0, 0x0, 0xa, 0xff, 0xf2, 0xbf, 0xff,
    0xff, 0xfe, 0xee, 0xee, 0xee, 0xe2, 0x3f, 0xff,
    0x60, 0x9, 0xff, 0xff, 0xff, 0xff, 0xff, 0xff,
    0xd0, 0x4, 0xf7, 0x0, 0x0, 0x27, 0xbd, 0xff,
    0xff, 0xff, 0xff, 0x80, 0x0, 0x20, 0x0, 0x0,
    0x0, 0x0, 0x0, 0x0, 0x0, 0x0, 0x0,

    /* U+667A "智" */
    0x0, 0xb, 0x82, 0x0, 0x0, 0x0, 0x0, 0x0,
    0x0, 0x0, 0x0, 0x5, 0xff, 0x20, 0x0, 0x0,
    0x1, 0x11, 0x11, 0x11, 0x10, 0x0, 0xdf, 0xff,
    0xff, 0xff, 0x74, 0xff, 0xff, 0xff, 0xff, 0x10,
    0x7f, 0xff, 0xff, 0xff, 0xf7, 0x4f, 0xff, 0xff,
    0xff, 0xf1, 0x1e, 0xfa, 0xe, 0xf9, 0x0, 0x4,
    0xff, 0x53, 0x3a, 0xff, 0x11, 0x9f, 0x98, 0xff,
    0xd8, 0x88, 0x4f, 0xf2, 0x0, 0x8f, 0xf1, 0x2f,
    0xff, 0xff, 0xff, 0xff, 0xf4, 0xff, 0x20, 0x8,
    0xff, 0x11, 0x88, 0x8c, 0xff, 0xe8, 0x88, 0x4f,
    0xf2, 0x0, 0x8f, 0xf1, 0x0, 0x2, 0xff, 0xff,
    0xd4, 0x4, 0xff, 0xff, 0xff, 0xff, 0x10, 0x5,
    0xef, 0xf7, 0xff, 0xfa, 0x4f, 0xff, 0xff, 0xff,
    0xf1, 0x1c, 0xff, 0xf5, 0x2, 0xdf, 0x31, 0x55,
    0x55, 0x55, 0x55, 0x0, 0x8f, 0xe6, 0x22, 0x23,
    0x52, 0x22, 0x22, 0x22, 0x20, 0x0, 0x0, 0x53,
    0xff, 0xff, 0xff, 0xff, 0xff, 0xff, 0xff, 0x0,
    0x0, 0x0, 0x2f, 0xff, 0xee, 0xee, 0xee, 0xee,
    0xff, 0xf0, 0x0, 0x0, 0x2, 0xff, 0x70, 0x0,
    0x0, 0x0, 0xb, 0xff, 0x0, 0x0, 0x0, 0x2f,
    0xff, 0xff, 0xff, 0xff, 0xff, 0xff, 0xf0, 0x0,
    0x0, 0x2, 0xff, 0xed, 0xdd, 0xdd, 0xdd, 0xdf,
    0xff, 0x0, 0x0, 0x0, 0x2f, 0xf6, 0x0, 0x0,
    0x0, 0x0, 0xbf, 0xf0, 0x0, 0x0, 0x2, 0xff,
    0xff, 0xff, 0xff, 0xff, 0xff, 0xff, 0x0, 0x0,
    0x0, 0x2f, 0xff, 0xff, 0xff, 0xff, 0xff, 0xff,
    0xf0, 0x0, 0x0, 0x2, 0xff, 0x82, 0x22, 0x22,
    0x22, 0x2b, 0xff, 0x0, 0x0, 0x0, 0x0, 0x0,
    0x0, 0x0, 0x0, 0x0, 0x0, 0x0, 0x0,

    /* U+66F0 "曰" */
    0x5a, 0xaa, 0xaa, 0xaa, 0xaa, 0xaa, 0xaa, 0xaa,
    0xa5, 0x9f, 0xff, 0xff, 0xff, 0xff, 0xff, 0xff,
    0xff, 0xf9, 0x9f, 0xff, 0xff, 0xff, 0xff, 0xff,
    0xff, 0xff, 0xf9, 0x9f, 0xf2, 0x0, 0x0, 0x0,
    0x0, 0x0, 0x4f, 0xf9, 0x9f, 0xf1, 0x0, 0x0,
    0x0, 0x0, 0x0, 0x3f, 0xf9, 0x9f, 0xf1, 0x0,
    0x0, 0x0, 0x0, 0x0, 0x3f, 0xf9, 0x9f, 0xf1,
    0x0, 0x0, 0x0, 0x0, 0x0, 0x3f, 0xf9, 0x9f,
    0xfb, 0xbb, 0xbb, 0xbb, 0xbb, 0xb5, 0x3f, 0xf9,
    0x9f, 0xff, 0xff, 0xff, 0xff, 0xff, 0xf7, 0x3f,
    0xf9, 0x9f, 0xff, 0xff, 0xff, 0xff, 0xff, 0xf7,
    0x3f, 0xf9, 0x9f, 0xf1, 0x0, 0x0, 0x0, 0x0,
    0x0, 0x3f, 0xf9, 0x9f, 0xf1, 0x0, 0x0, 0x0,
    0x0, 0x0, 0x3f, 0xf9, 0x9f, 0xf1, 0x0, 0x0,
    0x0, 0x0, 0x0, 0x3f, 0xf9, 0x9f, 0xf1, 0x0,
    0x0, 0x0, 0x0, 0x0, 0x3f, 0xf9, 0x9f, 0xfb,
    0xbb, 0xbb, 0xbb, 0xbb, 0xbb, 0xcf, 0xf9, 0x9f,
    0xff, 0xff, 0xff, 0xff, 0xff, 0xff, 0xff, 0xf9,
    0x9f, 0xff, 0xff, 0xff, 0xff, 0xff, 0xff, 0xff,
    0xf9, 0x9f, 0xf1, 0x0, 0x0, 0x0, 0x0, 0x0,
    0x3f, 0xf9, 0x36, 0x60, 0x0, 0x0, 0x0, 0x0,
    0x0, 0x15, 0x53,

    /* U+6709 "有" */
    0x0, 0x0, 0x0, 0x0, 0x95, 0x20, 0x0, 0x0,
    0x0, 0x0, 0x0, 0x0, 0x0, 0x0, 0x5f, 0xf8,
    0x0, 0x0, 0x0, 0x0, 0x0, 0x0, 0x0, 0x0,
    0xa, 0xff, 0x30, 0x0, 0x0, 0x0, 0x0, 0x0,
    0xbf, 0xff, 0xff, 0xff, 0xff, 0xff, 0xff, 0xff,
    0xff, 0xfe, 0xb, 0xff, 0xff, 0xff, 0xff, 0xff,
    0xff, 0xff, 0xff, 0xff, 0xe0, 0x57, 0x77, 0x7f,
    0xff, 0x77, 0x77, 0x77, 0x77, 0x77, 0x76, 0x0,
    0x0, 0x7, 0xff, 0x80, 0x0, 0x0, 0x0, 0x0,
    0x0, 0x0, 0x0, 0x2, 0xff, 0xff, 0xff, 0xff,
    0xff, 0xff, 0xf5, 0x0, 0x0, 0x0, 0xcf, 0xff,
    0xff, 0xff, 0xff, 0xff, 0xff, 0x60, 0x0, 0x0,
    0xaf, 0xff, 0xd5, 0x55, 0x55, 0x55, 0x8f, 0xf6,
    0x0, 0x0, 0x9f, 0xff, 0xfc, 0x11, 0x11, 0x11,
    0x14, 0xff, 0x60, 0x1, 0xbf, 0xff, 0xef, 0xff,
    0xff, 0xff, 0xff, 0xff, 0xf6, 0x0, 0xc, 0xff,
    0x4d, 0xff, 0xff, 0xff, 0xff, 0xff, 0xff, 0x60,
    0x0, 0x1c, 0x20, 0xdf, 0xc1, 0x11, 0x11, 0x11,
    0x4f, 0xf6, 0x0, 0x0, 0x0, 0xd, 0xfd, 0x44,
    0x44, 0x44, 0x46, 0xff, 0x60, 0x0, 0x0, 0x0,
    0xdf, 0xff, 0xff, 0xff, 0xff, 0xff, 0xf6, 0x0,
    0x0, 0x0, 0xd, 0xff, 0xff, 0xff, 0xff, 0xff,
    0xff, 0x60, 0x0, 0x0, 0x0, 0xdf, 0xc0, 0x0,
    0x0, 0x0, 0x3f, 0xf6, 0x0, 0x0, 0x0, 0xd,
    0xfc, 0x0, 0x0, 0x37, 0x79, 0xff, 0x50, 0x0,
    0x0, 0x0, 0xdf, 0xc0, 0x0, 0x1, 0xff, 0xff,
    0xf2, 0x0, 0x0, 0x0, 0xd, 0xfc, 0x0, 0x0,
    0xc, 0xff, 0xd6, 0x0, 0x0, 0x0, 0x0, 0x0,
    0x0, 0x0, 0x0, 0x0, 0x0, 0x0, 0x0,

    /* U+6728 "木" */
    0x0, 0x0, 0x0, 0x0, 0x2, 0xbb, 0x60, 0x0,
    0x0, 0x0, 0x0, 0x0, 0x0, 0x0, 0x0, 0x3,
    0xff, 0xa0, 0x0, 0x0, 0x0, 0x0, 0x0, 0x0,
    0x0, 0x0, 0x3, 0xff, 0xa0, 0x0, 0x0, 0x0,
    0x0, 0x0, 0x0, 0x0, 0x0, 0x3, 0xff, 0xa0,
    0x0, 0x0, 0x0, 0x0, 0x0, 0x0, 0x0, 0x0,
    0x3, 0xff, 0xa0, 0x0, 0x0, 0x0, 0x0, 0x3,
    0x99, 0x99, 0x99, 0x9a, 0xff, 0xd9, 0x99, 0x99,
    0x99, 0x80, 0x7, 0xff, 0xff, 0xff, 0xff, 0xff,
    0xff, 0xff, 0xff, 0xff, 0xe0, 0x7, 0xff, 0xff,
    0xff, 0xff, 0xff, 0xff, 0xff, 0xff, 0xff, 0xe0,
    0x0, 0x0, 0x0, 0x0, 0x9f, 0xff, 0xfe, 0x10,
    0x0, 0x0, 0x0, 0x0, 0x0, 0x0, 0x2, 0xff,
    0xff, 0xff, 0x80, 0x0, 0x0, 0x0, 0x0, 0x0,
    0x0, 0xc, 0xff, 0xff, 0xff, 0xf4, 0x0, 0x0,
    0x0, 0x0, 0x0, 0x0, 0x9f, 0xfb, 0xff, 0xbf,
    0xfe, 0x20, 0x0, 0x0, 0x0, 0x0, 0x6, 0xff,
    0xd3, 0xff, 0xa6, 0xff, 0xd1, 0x0, 0x0, 0x0,
    0x0, 0x5f, 0xff, 0x33, 0xff, 0xa0, 0xaf, 0xfd,
    0x10, 0x0, 0x0, 0x7, 0xff, 0xf6, 0x3, 0xff,
    0xa0, 0xc, 0xff, 0xd2, 0x0, 0x0, 0x9f, 0xff,
    0x80, 0x3, 0xff, 0xa0, 0x1, 0xef, 0xff, 0x50,
    0x2e, 0xff, 0xf8, 0x0, 0x3, 0xff, 0xa0, 0x0,
    0x2e, 0xff, 0xf8, 0x9, 0xff, 0x70, 0x0, 0x3,
    0xff, 0xa0, 0x0, 0x1, 0xcf, 0xd0, 0x0, 0xa4,
    0x0, 0x0, 0x3, 0xff, 0xa0, 0x0, 0x0, 0x8,
    0x20, 0x0, 0x0, 0x0, 0x0, 0x3, 0xff, 0xa0,
    0x0, 0x0, 0x0, 0x0, 0x0, 0x0, 0x0, 0x0,
    0x3, 0xff, 0xa0, 0x0, 0x0, 0x0, 0x0,

    /* U+672A "未" */
    0x0, 0x0, 0x0, 0x0, 0x9, 0xdd, 0x20, 0x0,
    0x0, 0x0, 0x0, 0x0, 0x0, 0x0, 0x0, 0xa,
    0xff, 0x20, 0x0, 0x0, 0x0, 0x0, 0x0, 0x0,
    0x0, 0x0, 0xa, 0xff, 0x20, 0x0, 0x0, 0x0,
    0x0, 0x0, 0x39, 0x99, 0x99, 0x9d, 0xff, 0xa9,
    0x99, 0x99, 0x90, 0x0, 0x0, 0x6f, 0xff, 0xff,
    0xff, 0xff, 0xff, 0xff, 0xff, 0xf1, 0x0, 0x0,
    0x6f, 0xff, 0xff, 0xff, 0xff, 0xff, 0xff, 0xff,
    0xf1, 0x0, 0x0, 0x0, 0x0, 0x0, 0xa, 0xff,
    0x30, 0x0, 0x0, 0x0, 0x0, 0x0, 0x0, 0x0,
    0x0, 0xa, 0xff, 0x20, 0x0, 0x0, 0x0, 0x0,
    0x0, 0x0, 0x0, 0x0, 0xa, 0xff, 0x20, 0x0,
    0x0, 0x0, 0x0, 0xf, 0xff, 0xff, 0xff, 0xff,
    0xff, 0xff, 0xff, 0xff, 0xff, 0xa0, 0xf, 0xff,
    0xff, 0xff, 0xff, 0xff, 0xff, 0xff, 0xff, 0xff,
    0xb0, 0xa, 0xaa, 0xaa, 0xaa, 0xff, 0xff, 0xfd,
    0xaa, 0xaa, 0xaa, 0x70, 0x0, 0x0, 0x0, 0x9,
    0xff, 0xff, 0xff, 0x20, 0x0, 0x0, 0x0, 0x0,
    0x0, 0x0, 0x8f, 0xff, 0xff, 0xff, 0xe2, 0x0,
    0x0, 0x0, 0x0, 0x0, 0xa, 0xff, 0xec, 0xff,
    0x8f, 0xfe, 0x30, 0x0, 0x0, 0x0, 0x2, 0xcf,
    0xfe, 0x2a, 0xff, 0x27, 0xff, 0xf7, 0x0, 0x0,
    0x0, 0x7f, 0xff, 0xe2, 0xa, 0xff, 0x20, 0x7f,
    0xff, 0xc2, 0x0, 0x5d, 0xff, 0xfc, 0x10, 0xa,
    0xff, 0x20, 0x6, 0xff, 0xff, 0x90, 0x2e, 0xff,
    0x90, 0x0, 0xa, 0xff, 0x20, 0x0, 0x3d, 0xff,
    0x80, 0x3, 0xd4, 0x0, 0x0, 0xa, 0xff, 0x20,
    0x0, 0x0, 0x9b, 0x0, 0x0, 0x0, 0x0, 0x0,
    0xa, 0xff, 0x20, 0x0, 0x0, 0x0, 0x0,

    /* U+672C "本" */
    0x0, 0x0, 0x0, 0x0, 0x8, 0xee, 0x20, 0x0,
    0x0, 0x0, 0x0, 0x0, 0x0, 0x0, 0x0, 0xa,
    0xff, 0x20, 0x0, 0x0, 0x0, 0x0, 0x0, 0x0,
    0x0, 0x0, 0xa, 0xff, 0x20, 0x0, 0x0, 0x0,
    0x0, 0x0, 0x0, 0x0, 0x0, 0xa, 0xff, 0x20,
    0x0, 0x0, 0x0, 0x0, 0x9, 0xaa, 0xaa, 0xaa,
    0xae, 0xff, 0xba, 0xaa, 0xaa, 0xaa, 0x50, 0xe,
    0xff, 0xff, 0xff, 0xff, 0xff, 0xff, 0xff, 0xff,
    0xff, 0x80, 0xe, 0xff, 0xff, 0xff, 0xff, 0xff,
    0xff, 0xff, 0xff, 0xff, 0x80, 0x0, 0x11, 0x11,
    0xbf, 0xfb, 0xff, 0xcf, 0xf3, 0x11, 0x11, 0x0,
    0x0, 0x0, 0x2, 0xff, 0xaa, 0xff, 0x5f, 0xfa,
    0x0, 0x0, 0x0, 0x0, 0x0, 0xa, 0xff, 0x3a,
    0xff, 0x2b, 0xff, 0x30, 0x0, 0x0, 0x0, 0x0,
    0x4f, 0xfb, 0xa, 0xff, 0x24, 0xff, 0xc0, 0x0,
    0x0, 0x0, 0x1, 0xef, 0xf3, 0xa, 0xff, 0x20,
    0xbf, 0xf8, 0x0, 0x0, 0x0, 0xb, 0xff, 0x90,
    0xa, 0xff, 0x20, 0x2f, 0xff, 0x50, 0x0, 0x0,
    0x9f, 0xfe, 0x0, 0xa, 0xff, 0x20, 0x7, 0xff,
    0xf4, 0x0, 0x9, 0xff, 0xfc, 0xaa, 0xae, 0xff,
    0xba, 0xaa, 0xff, 0xff, 0x60, 0x5f, 0xff, 0xaf,
    0xff, 0xff, 0xff, 0xff, 0xff, 0xdd, 0xff, 0xa0,
    0x8, 0xf6, 0x4f, 0xff, 0xff, 0xff, 0xff, 0xff,
    0xc1, 0xdb, 0x0, 0x0, 0x30, 0x0, 0x0, 0xa,
    0xff, 0x30, 0x0, 0x0, 0x11, 0x0, 0x0, 0x0,
    0x0, 0x0, 0xa, 0xff, 0x20, 0x0, 0x0, 0x0,
    0x0, 0x0, 0x0, 0x0, 0x0, 0xa, 0xff, 0x20,
    0x0, 0x0, 0x0, 0x0, 0x0, 0x0, 0x0, 0x0,
    0xa, 0xff, 0x20, 0x0, 0x0, 0x0, 0x0,

    /* U+6821 "校" */
    0x0, 0x3, 0xbb, 0x10, 0x0, 0x0, 0x17, 0xc2,
    0x0, 0x0, 0x0, 0x0, 0x4, 0xff, 0x20, 0x0,
    0x0, 0x3f, 0xfc, 0x0, 0x0, 0x0, 0x0, 0x4,
    0xff, 0x20, 0x0, 0x0, 0x9, 0xff, 0x40, 0x0,
    0x0, 0x0, 0x4, 0xff, 0x20, 0x1a, 0xaa, 0xab,
    0xfd, 0xaa, 0xaa, 0xa0, 0x5, 0x58, 0xff, 0x75,
    0x3f, 0xff, 0xff, 0xff, 0xff, 0xff, 0xf1, 0xe,
    0xff, 0xff, 0xff, 0x6c, 0xcd, 0xcc, 0xcc, 0xcf,
    0xcc, 0xc1, 0xe, 0xff, 0xff, 0xff, 0x50, 0x1e,
    0xb3, 0x0, 0xaf, 0x60, 0x0, 0x1, 0x1d, 0xff,
    0x41, 0x0, 0xaf, 0xf6, 0x1, 0xdf, 0xf5, 0x0,
    0x0, 0x1f, 0xff, 0x90, 0x8, 0xff, 0xa0, 0x0,
    0x1e, 0xff, 0x30, 0x0, 0x5f, 0xff, 0xf4, 0x7f,
    0xfd, 0x10, 0x0, 0x3, 0xff, 0xe1, 0x0, 0xaf,
    0xff, 0xfe, 0xbf, 0xff, 0xd0, 0x0, 0xed, 0xdf,
    0x90, 0x0, 0xff, 0xff, 0xdf, 0x88, 0x6f, 0xf4,
    0x4, 0xff, 0x85, 0x0, 0x6, 0xfd, 0xff, 0x7f,
    0x90, 0xd, 0xfd, 0xc, 0xff, 0x20, 0x0, 0xe,
    0xf8, 0xff, 0x2b, 0x0, 0x6, 0xff, 0xcf, 0xfa,
    0x0, 0x0, 0x6f, 0xe4, 0xff, 0x20, 0x0, 0x0,
    0xdf, 0xff, 0xf2, 0x0, 0x0, 0x2f, 0x84, 0xff,
    0x20, 0x0, 0x0, 0x4f, 0xff, 0x90, 0x0, 0x0,
    0xa, 0x14, 0xff, 0x20, 0x0, 0x2, 0xdf, 0xff,
    0xf8, 0x0, 0x0, 0x0, 0x4, 0xff, 0x20, 0x0,
    0x7f, 0xff, 0xef, 0xff, 0xd5, 0x0, 0x0, 0x4,
    0xff, 0x20, 0x6d, 0xff, 0xfa, 0x7, 0xff, 0xff,
    0xe4, 0x0, 0x4, 0xff, 0x20, 0xcf, 0xfe, 0x50,
    0x0, 0x3d, 0xff, 0xb0, 0x0, 0x4, 0xff, 0x20,
    0x2d, 0x80, 0x0, 0x0, 0x0, 0x5b, 0x10, 0x0,
    0x0, 0x0, 0x0, 0x0, 0x0, 0x0, 0x0, 0x0,
    0x0, 0x0,

    /* U+68A6 "梦" */
    0x0, 0x0, 0x3e, 0xe2, 0x0, 0x0, 0x0, 0x7e,
    0xd0, 0x0, 0x0, 0x0, 0x0, 0x3f, 0xf2, 0x0,
    0x0, 0x0, 0x8f, 0xf0, 0x0, 0x0, 0xd, 0xff,
    0xff, 0xff, 0xff, 0x8d, 0xff, 0xff, 0xff, 0xff,
    0xf0, 0xe, 0xff, 0xff, 0xff, 0xff, 0x8e, 0xff,
    0xff, 0xff, 0xff, 0xf0, 0x4, 0x47, 0xff, 0xfe,
    0x64, 0x23, 0x4a, 0xff, 0xff, 0x74, 0x40, 0x0,
    0x1e, 0xff, 0xff, 0xf6, 0x0, 0x5f, 0xff, 0xff,
    0xe2, 0x0, 0x2, 0xef, 0xef, 0xfc, 0xff, 0x57,
    0xff, 0xff, 0xfd, 0xfe, 0x40, 0x3f, 0xfe, 0x5f,
    0xf3, 0xbc, 0x9f, 0xfb, 0x8f, 0xf2, 0xef, 0xf5,
    0x9, 0xf3, 0x3f, 0xf2, 0x2, 0xd, 0xb0, 0x8f,
    0xf0, 0x2e, 0xa0, 0x0, 0x20, 0x2d, 0xd2, 0x4f,
    0xa5, 0x0, 0x6d, 0xc0, 0x1, 0x0, 0x0, 0x0,
    0x0, 0x6, 0xff, 0xf6, 0x0, 0x0, 0x0, 0x0,
    0x0, 0x0, 0x0, 0x2, 0xbf, 0xff, 0xff, 0xff,
    0xff, 0xfc, 0x30, 0x0, 0x0, 0x1, 0x9f, 0xff,
    0xff, 0xff, 0xff, 0xff, 0xff, 0xb0, 0x0, 0x0,
    0xaf, 0xff, 0xf8, 0x33, 0x33, 0x33, 0x8f, 0xff,
    0x20, 0x0, 0x0, 0x5f, 0xfb, 0x4c, 0xa3, 0x0,
    0x7, 0xff, 0xf4, 0x0, 0x0, 0x0, 0x4, 0x20,
    0xbf, 0xff, 0xb5, 0xcf, 0xff, 0x50, 0x0, 0x0,
    0x0, 0x0, 0x0, 0x5, 0xdf, 0xff, 0xff, 0xd3,
    0x0, 0x0, 0x0, 0x0, 0x0, 0x2, 0x6a, 0xff,
    0xff, 0xf8, 0x0, 0x0, 0x0, 0x0, 0x2, 0xac,
    0xff, 0xff, 0xff, 0xf8, 0x10, 0x0, 0x0, 0x0,
    0x0, 0x0, 0xcf, 0xff, 0xff, 0xa5, 0x0, 0x0,
    0x0, 0x0, 0x0, 0x0, 0x0, 0x4d, 0xa7, 0x30,
    0x0, 0x0, 0x0, 0x0, 0x0, 0x0, 0x0,

    /* U+69C3 "槃" */
    0x0, 0x0, 0x3, 0xa8, 0x10, 0x0, 0x13, 0x32,
    0x33, 0x10, 0x0, 0x0, 0x0, 0x8, 0xfd, 0x0,
    0x0, 0x8f, 0xff, 0xff, 0xa0, 0x0, 0x0, 0x2f,
    0xff, 0xff, 0xff, 0x70, 0x8f, 0xec, 0xef, 0xa0,
    0x0, 0x0, 0x2f, 0xfd, 0xdd, 0xff, 0x80, 0xdf,
    0x60, 0x7f, 0xb2, 0x31, 0x0, 0x2f, 0xd7, 0xe2,
    0xbf, 0xac, 0xfe, 0x10, 0x4f, 0xff, 0xf7, 0x0,
    0x2f, 0xd1, 0xf7, 0xbf, 0xae, 0xc2, 0x0, 0x7,
    0xab, 0xa5, 0xa, 0xcf, 0xfc, 0xdc, 0xff, 0x8c,
    0xcc, 0xcc, 0xcc, 0xc8, 0x0, 0xd, 0xff, 0xff,
    0xff, 0xff, 0x8e, 0xff, 0xff, 0xff, 0xf9, 0x0,
    0x0, 0x6f, 0xa4, 0x50, 0xbf, 0x80, 0xcb, 0x50,
    0x5f, 0xe1, 0x0, 0x0, 0xaf, 0x7c, 0xf3, 0xbf,
    0x82, 0xcf, 0xff, 0xff, 0x40, 0x0, 0x3, 0xff,
    0x11, 0xc3, 0xcf, 0x80, 0x4c, 0xff, 0xff, 0xa2,
    0x0, 0xd, 0xfa, 0x0, 0x4f, 0xff, 0x7f, 0xff,
    0xfa, 0x7e, 0xff, 0x50, 0x3, 0xc1, 0x0, 0xe,
    0xdb, 0xae, 0xd7, 0x20, 0x0, 0x8f, 0x20, 0x5,
    0x66, 0x66, 0x66, 0x67, 0xff, 0xb6, 0x66, 0x66,
    0x67, 0x50, 0xd, 0xff, 0xff, 0xff, 0xff, 0xff,
    0xff, 0xff, 0xff, 0xff, 0xd0, 0xb, 0xee, 0xee,
    0xee, 0xff, 0xff, 0xff, 0xee, 0xee, 0xee, 0xb0,
    0x0, 0x0, 0x0, 0x5e, 0xff, 0xff, 0xff, 0xe7,
    0x10, 0x0, 0x0, 0x0, 0x0, 0x6d, 0xff, 0xe5,
    0xff, 0x9c, 0xff, 0xf9, 0x30, 0x0, 0x6, 0xaf,
    0xff, 0xf9, 0x2, 0xff, 0x80, 0x6e, 0xff, 0xfe,
    0xa3, 0x8, 0xff, 0xfb, 0x30, 0x2, 0xff, 0x80,
    0x0, 0x7e, 0xff, 0xc0, 0x0, 0xb9, 0x20, 0x0,
    0x2, 0xff, 0x80, 0x0, 0x0, 0x5a, 0x10,

    /* U+6B21 "次" */
    0x0, 0x0, 0x0, 0x0, 0x3, 0x52, 0x0, 0x0,
    0x0, 0x0, 0x0, 0x0, 0x0, 0x0, 0x0, 0x9,
    0xff, 0x50, 0x0, 0x0, 0x0, 0x0, 0x1, 0xc6,
    0x0, 0x0, 0xd, 0xff, 0x20, 0x0, 0x0, 0x0,
    0x0, 0xc, 0xff, 0xc3, 0x0, 0x1f, 0xfd, 0x0,
    0x0, 0x0, 0x10, 0x0, 0x4, 0xef, 0xff, 0x60,
    0x6f, 0xff, 0xff, 0xff, 0xff, 0xfd, 0x50, 0x0,
    0x1a, 0xff, 0x90, 0xcf, 0xff, 0xff, 0xff, 0xff,
    0xff, 0xc0, 0x0, 0x0, 0x6c, 0x3, 0xff, 0xe9,
    0x99, 0x99, 0x9c, 0xff, 0x80, 0x0, 0x0, 0x0,
    0xb, 0xff, 0x70, 0xbc, 0xb0, 0x9, 0xff, 0x30,
    0x0, 0x0, 0x0, 0x4f, 0xfe, 0x0, 0xef, 0xe0,
    0xe, 0xfd, 0x0, 0x0, 0x0, 0x0, 0xef, 0xf7,
    0x0, 0xff, 0xe0, 0x4f, 0xf7, 0x0, 0x0, 0x0,
    0x12, 0x19, 0xd0, 0x0, 0xff, 0xf0, 0x3c, 0xf1,
    0x0, 0x0, 0x0, 0x8f, 0x40, 0x0, 0x3, 0xff,
    0xf3, 0x0, 0x20, 0x0, 0x0, 0x2, 0xff, 0xe0,
    0x0, 0x7, 0xff, 0xf9, 0x0, 0x0, 0x0, 0x0,
    0xc, 0xff, 0x60, 0x0, 0xc, 0xff, 0xff, 0x10,
    0x0, 0x0, 0x0, 0x6f, 0xfd, 0x0, 0x0, 0x4f,
    0xff, 0xff, 0x80, 0x0, 0x0, 0x1, 0xff, 0xf4,
    0x0, 0x1, 0xef, 0xf7, 0xcf, 0xf3, 0x0, 0x0,
    0xb, 0xff, 0xb0, 0x0, 0xb, 0xff, 0xe0, 0x4f,
    0xfe, 0x20, 0x0, 0x2e, 0xff, 0x20, 0x1, 0xcf,
    0xff, 0x30, 0x9, 0xff, 0xe5, 0x0, 0x1, 0xc8,
    0x0, 0x5e, 0xff, 0xf5, 0x0, 0x0, 0xcf, 0xff,
    0xc2, 0x0, 0x0, 0x4, 0xff, 0xff, 0x40, 0x0,
    0x0, 0xb, 0xff, 0xb0, 0x0, 0x0, 0x0, 0x5f,
    0xb2, 0x0, 0x0, 0x0, 0x0, 0x6d, 0x10, 0x0,
    0x0, 0x0, 0x2, 0x0, 0x0, 0x0, 0x0, 0x0,
    0x0, 0x0,

    /* U+6B65 "步" */
    0x0, 0x0, 0x0, 0x0, 0x0, 0xab, 0xb0, 0x0,
    0x0, 0x0, 0x0, 0x0, 0x3, 0x43, 0x0, 0xe,
    0xff, 0x10, 0x0, 0x0, 0x0, 0x0, 0x0, 0xef,
    0xc0, 0x0, 0xef, 0xff, 0xff, 0xff, 0xf4, 0x0,
    0x0, 0xe, 0xfc, 0x0, 0xe, 0xff, 0xff, 0xff,
    0xff, 0x40, 0x0, 0x0, 0xef, 0xc0, 0x0, 0xef,
    0xf9, 0x88, 0x88, 0x82, 0x0, 0x0, 0xe, 0xfc,
    0x0, 0xe, 0xff, 0x10, 0x0, 0x0, 0x0, 0x6,
    0x66, 0xff, 0xd6, 0x66, 0xff, 0xf7, 0x66, 0x66,
    0x66, 0x50, 0xff, 0xff, 0xff, 0xff, 0xff, 0xff,
    0xff, 0xff, 0xff, 0xfd, 0xf, 0xff, 0xff, 0xff,
    0xff, 0xff, 0xff, 0xff, 0xff, 0xff, 0xd0, 0x0,
    0x0, 0x12, 0x0, 0x1f, 0xfb, 0x0, 0x0, 0x0,
    0x0, 0x0, 0x0, 0xb, 0xfc, 0x21, 0xff, 0xb0,
    0x0, 0x4f, 0x92, 0x0, 0x0, 0xa, 0xff, 0xb0,
    0x1f, 0xfb, 0x0, 0xd, 0xff, 0x60, 0x0, 0x1b,
    0xff, 0xd1, 0x1, 0xff, 0xb0, 0xb, 0xff, 0xc0,
    0x0, 0x3e, 0xff, 0xe2, 0x0, 0x1f, 0xfb, 0xa,
    0xff, 0xe2, 0x0, 0x0, 0xcf, 0xd1, 0x0, 0x1,
    0xff, 0xdc, 0xff, 0xf3, 0x0, 0x0, 0x1, 0x80,
    0x0, 0x0, 0x9, 0xff, 0xff, 0xe3, 0x0, 0x0,
    0x0, 0x0, 0x0, 0x0, 0x5a, 0xff, 0xff, 0xc1,
    0x0, 0x0, 0x0, 0x0, 0x14, 0x8b, 0xff, 0xff,
    0xfe, 0x50, 0x0, 0x0, 0x0, 0xa, 0xff, 0xff,
    0xff, 0xff, 0xc6, 0x0, 0x0, 0x0, 0x0, 0x0,
    0x4f, 0xff, 0xff, 0xc7, 0x20, 0x0, 0x0, 0x0,
    0x0, 0x0, 0x0, 0xa9, 0x63, 0x0, 0x0, 0x0,
    0x0, 0x0, 0x0, 0x0, 0x0,

    /* U+6B7B "死" */
    0x8, 0x99, 0x99, 0x99, 0x99, 0x99, 0x99, 0x99,
    0x99, 0x99, 0x70, 0xe, 0xff, 0xff, 0xff, 0xff,
    0xff, 0xff, 0xff, 0xff, 0xff, 0xd0, 0xe, 0xff,
    0xff, 0xff, 0xff, 0xff, 0xff, 0xff, 0xff, 0xff,
    0xd0, 0x0, 0x0, 0x5f, 0xf7, 0x0, 0x0, 0x9f,
    0xf1, 0x0, 0x0, 0x0, 0x0, 0x0, 0xbf, 0xf1,
    0x0, 0x0, 0x9f, 0xf1, 0x0, 0x0, 0x0, 0x0,
    0x2, 0xff, 0xd5, 0x57, 0x40, 0x9f, 0xf1, 0x0,
    0x20, 0x0, 0x0, 0xa, 0xff, 0xff, 0xff, 0xfa,
    0x9f, 0xf1, 0x5, 0xf8, 0x0, 0x0, 0x3f, 0xff,
    0xff, 0xff, 0xf8, 0x9f, 0xf1, 0x7f, 0xff, 0x50,
    0x0, 0xdf, 0xf4, 0x11, 0x7f, 0xf4, 0x9f, 0xfc,
    0xff, 0xf9, 0x0, 0xa, 0xff, 0x90, 0x0, 0xbf,
    0xf0, 0x9f, 0xff, 0xfd, 0x40, 0x0, 0x3f, 0xfd,
    0x8d, 0x21, 0xff, 0xa0, 0x9f, 0xff, 0x80, 0x0,
    0x0, 0x3, 0xc4, 0xff, 0xfb, 0xff, 0x40, 0x9f,
    0xf2, 0x0, 0x0, 0x0, 0x0, 0x0, 0x6f, 0xff,
    0xfd, 0x0, 0x9f, 0xf1, 0x0, 0x0, 0x0, 0x0,
    0x0, 0x5, 0xff, 0xf4, 0x0, 0x9f, 0xf1, 0x0,
    0x0, 0x0, 0x0, 0x0, 0xa, 0xff, 0xb0, 0x0,
    0x9f, 0xf1, 0x0, 0x4c, 0x50, 0x0, 0x0, 0xaf,
    0xfe, 0x10, 0x0, 0x9f, 0xf1, 0x0, 0x5f, 0xf1,
    0x0, 0x3d, 0xff, 0xf2, 0x0, 0x0, 0x8f, 0xf6,
    0x33, 0xaf, 0xf0, 0xb, 0xff, 0xfe, 0x20, 0x0,
    0x0, 0x6f, 0xff, 0xff, 0xff, 0xa0, 0x6, 0xff,
    0xa1, 0x0, 0x0, 0x0, 0xc, 0xff, 0xff, 0xfe,
    0x20, 0x0, 0x64, 0x0, 0x0, 0x0, 0x0, 0x0,
    0x12, 0x33, 0x20, 0x0,

    /* U+6CD5 "法" */
    0x0, 0x3, 0x20, 0x0, 0x0, 0x0, 0xc, 0xc7,
    0x0, 0x0, 0x0, 0x0, 0x1e, 0xfa, 0x20, 0x0,
    0x0, 0x1f, 0xf9, 0x0, 0x0, 0x0, 0x0, 0x6f,
    0xff, 0xf7, 0x0, 0x0, 0x1f, 0xf9, 0x0, 0x0,
    0x0, 0x0, 0x1, 0x9f, 0xf5, 0x37, 0x77, 0x8f,
    0xfc, 0x77, 0x77, 0x0, 0x0, 0x0, 0x4, 0x90,
    0x7f, 0xff, 0xff, 0xff, 0xff, 0xff, 0x20, 0x0,
    0x0, 0x0, 0x0, 0x7f, 0xff, 0xff, 0xff, 0xff,
    0xff, 0x20, 0x0, 0x61, 0x0, 0x0, 0x0, 0x0,
    0x2f, 0xfa, 0x0, 0x0, 0x0, 0x6, 0xff, 0x91,
    0x0, 0x0, 0x0, 0x1f, 0xf9, 0x0, 0x0, 0x0,
    0xa, 0xff, 0xfe, 0x30, 0x0, 0x0, 0x1f, 0xf9,
    0x0, 0x0, 0x0, 0x0, 0x3c, 0xfe, 0x13, 0xaa,
    0xaa, 0xbf, 0xfe, 0xaa, 0xaa, 0x90, 0x0, 0x0,
    0x75, 0x5, 0xff, 0xff, 0xff, 0xff, 0xff, 0xff,
    0xe0, 0x0, 0x0, 0x0, 0x4, 0xdd, 0xdd, 0xff,
    0xfd, 0xdd, 0xdd, 0xb0, 0x0, 0x0, 0x4, 0x50,
    0x0, 0x8, 0xff, 0x90, 0x0, 0x0, 0x0, 0x0,
    0x0, 0xc, 0xf6, 0x0, 0x1f, 0xff, 0x10, 0x2,
    0x0, 0x0, 0x0, 0x0, 0x5f, 0xf8, 0x0, 0x8f,
    0xf8, 0x3, 0xdf, 0x30, 0x0, 0x0, 0x0, 0xef,
    0xf1, 0x1, 0xff, 0xe1, 0x1, 0xef, 0xe0, 0x0,
    0x0, 0x9, 0xff, 0x70, 0xa, 0xff, 0x60, 0x0,
    0x6f, 0xf9, 0x0, 0x0, 0x3f, 0xfe, 0x0, 0x7f,
    0xff, 0x9b, 0xde, 0xff, 0xff, 0x30, 0x0, 0xdf,
    0xf5, 0x0, 0xef, 0xff, 0xff, 0xff, 0xff, 0xff,
    0xb0, 0x0, 0xaf, 0xc0, 0x0, 0x8f, 0xff, 0xdb,
    0x97, 0x53, 0xcf, 0xf3, 0x0, 0x7, 0x30, 0x0,
    0x25, 0x20, 0x0, 0x0, 0x0, 0x5c, 0x50, 0x0,
    0x0, 0x0, 0x0, 0x0, 0x0, 0x0, 0x0, 0x0,
    0x0, 0x0,

    /* U+6CE2 "波" */
    0x0, 0x8, 0x20, 0x0, 0x0, 0x0, 0x1e, 0xe7,
    0x0, 0x0, 0x0, 0x0, 0x9f, 0xf9, 0x10, 0x0,
    0x0, 0x1f, 0xf8, 0x0, 0x0, 0x0, 0x0, 0x9f,
    0xff, 0xf1, 0x0, 0x0, 0x1f, 0xf8, 0x0, 0x0,
    0x0, 0x0, 0x2, 0xbf, 0x85, 0xff, 0xff, 0xff,
    0xff, 0xff, 0xff, 0xb0, 0x0, 0x0, 0x5, 0x5,
    0xff, 0xff, 0xff, 0xff, 0xff, 0xff, 0xc0, 0x0,
    0x0, 0x0, 0x5, 0xff, 0x97, 0x8f, 0xfc, 0x7a,
    0xff, 0x60, 0x2, 0x81, 0x0, 0x5, 0xff, 0x30,
    0x1f, 0xf8, 0x8, 0xff, 0x10, 0xd, 0xff, 0x70,
    0x5, 0xff, 0x30, 0x1f, 0xf8, 0xa, 0xfa, 0x0,
    0x2c, 0xff, 0xfc, 0x5, 0xff, 0x74, 0x5f, 0xfa,
    0x45, 0x41, 0x0, 0x0, 0x5e, 0xf5, 0x5, 0xff,
    0xff, 0xff, 0xff, 0xff, 0xf8, 0x0, 0x0, 0x0,
    0x60, 0x5, 0xff, 0xff, 0xff, 0xff, 0xff, 0xf6,
    0x0, 0x0, 0x0, 0x0, 0x6, 0xff, 0xff, 0xa0,
    0x0, 0x9f, 0xf1, 0x0, 0x0, 0x0, 0x84, 0x7,
    0xff, 0x7f, 0xf2, 0x1, 0xff, 0xb0, 0x0, 0x0,
    0x1, 0xff, 0x69, 0xfe, 0xe, 0xfc, 0x9, 0xff,
    0x40, 0x0, 0x0, 0x7, 0xff, 0x4c, 0xfc, 0x6,
    0xff, 0xbf, 0xfb, 0x0, 0x0, 0x0, 0xe, 0xfd,
    0xf, 0xf9, 0x0, 0xbf, 0xff, 0xf2, 0x0, 0x0,
    0x0, 0x8f, 0xf6, 0x4f, 0xf5, 0x0, 0x6f, 0xff,
    0xc0, 0x0, 0x0, 0x1, 0xff, 0xe0, 0x9f, 0xf1,
    0x19, 0xff, 0xff, 0xfe, 0x60, 0x0, 0x9, 0xff,
    0x71, 0xff, 0xd9, 0xff, 0xff, 0x8d, 0xff, 0xfe,
    0x80, 0x7, 0xfe, 0x7, 0xff, 0x5c, 0xff, 0xd3,
    0x0, 0x9f, 0xff, 0x70, 0x0, 0x25, 0x0, 0x49,
    0x1, 0xd6, 0x0, 0x0, 0x2, 0x9a, 0x0,

    /* U+6D85 "涅" */
    0x0, 0x39, 0x20, 0x0, 0x0, 0x0, 0x0, 0x0,
    0x0, 0x0, 0x0, 0xd, 0xff, 0x91, 0xc, 0xdd,
    0xdd, 0xdd, 0xdd, 0xdd, 0xc0, 0x2, 0xbf, 0xff,
    0xe0, 0xef, 0xff, 0xff, 0xff, 0xff, 0xfe, 0x0,
    0x0, 0x4d, 0xf7, 0xe, 0xfb, 0x55, 0x55, 0x55,
    0xcf, 0xe0, 0x0, 0x0, 0x8, 0x0, 0xef, 0x90,
    0x0, 0x0, 0xb, 0xfe, 0x0, 0x0, 0x0, 0x0,
    0xe, 0xff, 0xff, 0xff, 0xff, 0xff, 0xe0, 0x5,
    0x50, 0x0, 0x0, 0xef, 0xff, 0xff, 0xff, 0xff,
    0xfe, 0x3, 0xff, 0xd5, 0x0, 0xe, 0xf9, 0x0,
    0x0, 0x0, 0xbf, 0xe0, 0x5d, 0xff, 0xf9, 0x0,
    0xef, 0xd9, 0x99, 0x99, 0x9e, 0xfe, 0x0, 0x6,
    0xff, 0x30, 0xe, 0xff, 0xff, 0xff, 0xff, 0xff,
    0xe0, 0x0, 0x1, 0x50, 0x0, 0x89, 0x99, 0xdf,
    0xfa, 0x99, 0x98, 0x0, 0x0, 0x0, 0x0, 0x0,
    0x0, 0x9, 0xff, 0x10, 0x0, 0x0, 0x0, 0x0,
    0x38, 0x1, 0x22, 0x22, 0xaf, 0xf4, 0x22, 0x22,
    0x0, 0x0, 0xc, 0xfa, 0x6f, 0xff, 0xff, 0xff,
    0xff, 0xff, 0xf1, 0x0, 0x4, 0xff, 0x96, 0xff,
    0xff, 0xff, 0xff, 0xff, 0xff, 0x10, 0x0, 0xdf,
    0xf2, 0x1, 0x11, 0x1a, 0xff, 0x31, 0x11, 0x10,
    0x0, 0x7f, 0xf9, 0x0, 0x0, 0x0, 0x9f, 0xf1,
    0x0, 0x0, 0x0, 0x1f, 0xff, 0x10, 0x0, 0x0,
    0x9, 0xff, 0x10, 0x0, 0x0, 0xa, 0xff, 0x80,
    0xef, 0xff, 0xff, 0xff, 0xff, 0xff, 0xff, 0xe0,
    0x5f, 0xe0, 0xe, 0xff, 0xff, 0xff, 0xff, 0xff,
    0xff, 0xff, 0x0, 0x24, 0x0, 0x55, 0x55, 0x55,
    0x55, 0x55, 0x55, 0x55, 0x50,

    /* U+6DF1 "深" */
    0x0, 0x46, 0x0, 0x0, 0x0, 0x0, 0x0, 0x0,
    0x0, 0x0, 0x0, 0x1, 0xef, 0xd5, 0xd, 0xee,
    0xee, 0xee, 0xee, 0xee, 0xee, 0x70, 0x3, 0xdf,
    0xff, 0x4e, 0xff, 0xff, 0xff, 0xff, 0xff, 0xff,
    0x70, 0x0, 0x7, 0xfc, 0xe, 0xf9, 0x55, 0x55,
    0x55, 0x55, 0xff, 0x70, 0x0, 0x0, 0x22, 0xe,
    0xf6, 0x57, 0x20, 0x7, 0x80, 0xef, 0x70, 0x0,
    0x0, 0x0, 0x9, 0x96, 0xff, 0xc0, 0x7f, 0xf8,
    0x78, 0x30, 0x3, 0x40, 0x0, 0x0, 0x1d, 0xff,
    0x30, 0xa, 0xff, 0x70, 0x0, 0xd, 0xfb, 0x20,
    0x2, 0xdf, 0xf6, 0x0, 0x0, 0xcf, 0xf4, 0x0,
    0x2d, 0xff, 0xf5, 0xe, 0xff, 0x80, 0x13, 0x30,
    0x1e, 0xfe, 0x10, 0x0, 0x8f, 0xf5, 0x3, 0xf8,
    0x0, 0x9f, 0xf1, 0x3, 0xf7, 0x0, 0x0, 0x3,
    0xa0, 0x0, 0x20, 0x0, 0x9f, 0xf1, 0x0, 0x10,
    0x0, 0x0, 0x0, 0x0, 0xf, 0xff, 0xff, 0xff,
    0xff, 0xff, 0xff, 0x80, 0x0, 0x0, 0xa2, 0xf,
    0xff, 0xff, 0xff, 0xff, 0xff, 0xff, 0x80, 0x0,
    0x3, 0xfe, 0x14, 0x55, 0x7f, 0xff, 0xff, 0xc5,
    0x55, 0x20, 0x0, 0xa, 0xfe, 0x0, 0x0, 0xcf,
    0xff, 0xff, 0xf5, 0x0, 0x0, 0x0, 0x2f, 0xf8,
    0x0, 0xa, 0xff, 0xdf, 0xfd, 0xff, 0x30, 0x0,
    0x0, 0xaf, 0xf1, 0x0, 0xbf, 0xf8, 0x9f, 0xf3,
    0xff, 0xf4, 0x0, 0x2, 0xff, 0x90, 0x4d, 0xff,
    0xb0, 0x9f, 0xf1, 0x5f, 0xff, 0x70, 0xb, 0xff,
    0x21, 0xdf, 0xfb, 0x0, 0x9f, 0xf1, 0x7, 0xff,
    0xa0, 0x8, 0xfa, 0x0, 0x2e, 0x80, 0x0, 0x9f,
    0xf1, 0x0, 0x6c, 0x0, 0x0, 0x82, 0x0, 0x0,
    0x0, 0x0, 0x9f, 0xf1, 0x0, 0x0, 0x0,

    /* U+706D "灭" */
    0x9, 0xee, 0xee, 0xee, 0xee, 0xee, 0xee, 0xee,
    0xee, 0xee, 0x90, 0xb, 0xff, 0xff, 0xff, 0xff,
    0xff, 0xff, 0xff, 0xff, 0xff, 0xa0, 0x8, 0xbb,
    0xbb, 0xbb, 0xbd, 0xff, 0xdb, 0xbb, 0xbb, 0xbb,
    0x70, 0x0, 0x0, 0x0, 0x0, 0x7, 0xff, 0x50,
    0x0, 0x0, 0x0, 0x0, 0x0, 0x0, 0x0, 0x0,
    0x7, 0xff, 0x50, 0x0, 0x0, 0x0, 0x0, 0x0,
    0x0, 0x34, 0x0, 0x8, 0xff, 0x40, 0x0, 0x18,
    0x30, 0x0, 0x0, 0x0, 0xbf, 0xe0, 0x9, 0xff,
    0x40, 0x0, 0x7f, 0xf6, 0x0, 0x0, 0x1, 0xff,
    0xa0, 0xa, 0xff, 0x70, 0x0, 0xdf, 0xf1, 0x0,
    0x0, 0x9, 0xff, 0x40, 0xc, 0xff, 0xb0, 0x4,
    0xff, 0x90, 0x0, 0x0, 0x3f, 0xfd, 0x0, 0xf,
    0xff, 0xf0, 0xc, 0xff, 0x10, 0x0, 0x0, 0xdf,
    0xf5, 0x0, 0x2f, 0xff, 0xf4, 0x3f, 0xf8, 0x0,
    0x0, 0x0, 0x19, 0xb0, 0x0, 0x8f, 0xff, 0xfb,
    0x2, 0x70, 0x0, 0x0, 0x0, 0x0, 0x0, 0x0,
    0xef, 0xfb, 0xff, 0x30, 0x0, 0x0, 0x0, 0x0,
    0x0, 0x0, 0x9, 0xff, 0xb2, 0xff, 0xd0, 0x0,
    0x0, 0x0, 0x0, 0x0, 0x0, 0x6f, 0xff, 0x30,
    0xaf, 0xfb, 0x0, 0x0, 0x0, 0x0, 0x0, 0x8,
    0xff, 0xf7, 0x0, 0x1e, 0xff, 0xc2, 0x0, 0x0,
    0x0, 0x5, 0xdf, 0xff, 0x90, 0x0, 0x3, 0xef,
    0xff, 0x92, 0x0, 0x29, 0xef, 0xff, 0xf7, 0x0,
    0x0, 0x0, 0x2d, 0xff, 0xff, 0xd4, 0xc, 0xff,
    0xfb, 0x30, 0x0, 0x0, 0x0, 0x0, 0x8f, 0xff,
    0xc0, 0x3, 0xfa, 0x30, 0x0, 0x0, 0x0, 0x0,
    0x0, 0x0, 0x6b, 0x30, 0x0, 0x0, 0x0, 0x0,
    0x0, 0x0, 0x0, 0x0, 0x0, 0x0, 0x0,

    /* U+7167 "照" */
    0x5, 0xff, 0xff, 0xff, 0x7c, 0xff, 0xff, 0xff,
    0xff, 0xff, 0xb0, 0x5, 0xff, 0xff, 0xff, 0x8c,
    0xff, 0xff, 0xff, 0xff, 0xff, 0xa0, 0x5, 0xff,
    0x76, 0xff, 0x83, 0x44, 0xcf, 0xf4, 0x44, 0xff,
    0x90, 0x5, 0xff, 0x20, 0xef, 0x80, 0x2, 0xff,
    0xb0, 0x0, 0xff, 0x70, 0x5, 0xff, 0x20, 0xef,
    0x80, 0x5e, 0xff, 0x36, 0x7a, 0xff, 0x50, 0x5,
    0xff, 0xed, 0xff, 0xbe, 0xff, 0xf7, 0x7, 0xff,
    0xfe, 0x0, 0x5, 0xff, 0xff, 0xff, 0x89, 0xfc,
    0x40, 0x2, 0x87, 0x61, 0x0, 0x5, 0xff, 0x86,
    0xff, 0x80, 0xfd, 0xdd, 0xdd, 0xdd, 0xdd, 0x0,
    0x5, 0xff, 0x20, 0xef, 0x80, 0xff, 0xff, 0xff,
    0xff, 0xff, 0x0, 0x5, 0xff, 0x20, 0xef, 0x80,
    0xff, 0xa4, 0x44, 0x4a, 0xff, 0x0, 0x5, 0xff,
    0x53, 0xff, 0x80, 0xff, 0x80, 0x0, 0x9, 0xff,
    0x0, 0x5, 0xff, 0xff, 0xff, 0x80, 0xff, 0x92,
    0x22, 0x2a, 0xff, 0x0, 0x5, 0xff, 0xff, 0xff,
    0x80, 0xff, 0xff, 0xff, 0xff, 0xff, 0x0, 0x5,
    0xff, 0x43, 0x33, 0x10, 0xff, 0xff, 0xff, 0xff,
    0xff, 0x0, 0x1, 0x39, 0x40, 0x0, 0x0, 0x0,
    0x1, 0x0, 0x4, 0x80, 0x0, 0x0, 0x2f, 0xf9,
    0xc, 0xe9, 0x1, 0xef, 0x70, 0x7f, 0xf7, 0x0,
    0x0, 0xbf, 0xf3, 0xe, 0xfc, 0x0, 0xdf, 0xd0,
    0xe, 0xff, 0x10, 0x4, 0xff, 0xb0, 0xd, 0xfe,
    0x0, 0x9f, 0xf1, 0x6, 0xff, 0x90, 0x1e, 0xff,
    0x20, 0xc, 0xff, 0x0, 0x5f, 0xf5, 0x0, 0xef,
    0xf1, 0x5, 0xc9, 0x0, 0x9, 0xb9, 0x0, 0x2a,
    0x72, 0x0, 0x7a, 0x30, 0x0, 0x0, 0x0, 0x0,
    0x0, 0x0, 0x0, 0x0, 0x0, 0x0, 0x0,

    /* U+7184 "熄" */
    0x0, 0x1, 0x77, 0x10, 0x0, 0x0, 0x9, 0xba,
    0x20, 0x0, 0x0, 0x0, 0x2, 0xff, 0x30, 0x0,
    0x0, 0xd, 0xfe, 0x0, 0x0, 0x0, 0x0, 0x2,
    0xff, 0x30, 0x1, 0xcc, 0xcf, 0xfe, 0xcc, 0xcb,
    0x0, 0x0, 0x2, 0xff, 0x30, 0x2, 0xff, 0xff,
    0xff, 0xff, 0xff, 0x0, 0x0, 0x2, 0xff, 0x3a,
    0xa5, 0xff, 0x40, 0x0, 0x9, 0xff, 0x0, 0xa,
    0xe5, 0xff, 0x3f, 0xf7, 0xff, 0xcb, 0xbb, 0xbe,
    0xff, 0x0, 0xa, 0xf6, 0xff, 0x6f, 0xe2, 0xff,
    0xff, 0xff, 0xff, 0xff, 0x0, 0xc, 0xf4, 0xff,
    0xbf, 0x72, 0xff, 0x40, 0x0, 0x9, 0xff, 0x0,
    0xe, 0xf3, 0xff, 0xff, 0x12, 0xff, 0xdc, 0xcc,
    0xce, 0xff, 0x0, 0x2f, 0xd3, 0xff, 0x34, 0x2,
    0xff, 0xff, 0xff, 0xff, 0xff, 0x0, 0x4d, 0x84,
    0xff, 0x20, 0x2, 0xff, 0x40, 0x0, 0x9, 0xff,
    0x0, 0x0, 0x5, 0xff, 0x10, 0x2, 0xff, 0xff,
    0xff, 0xff, 0xff, 0x0, 0x0, 0x7, 0xff, 0x30,
    0x2, 0xdd, 0xdf, 0xfd, 0xdd, 0xdd, 0x0, 0x0,
    0xa, 0xff, 0xe2, 0x0, 0x0, 0x4f, 0xf4, 0x0,
    0x0, 0x0, 0x0, 0xe, 0xff, 0xfe, 0x20, 0x15,
    0x7d, 0xff, 0x50, 0x1, 0x0, 0x0, 0x3f, 0xfa,
    0xff, 0xee, 0x8f, 0xf3, 0xbf, 0xa4, 0xec, 0x0,
    0x0, 0x9f, 0xf1, 0x77, 0xcf, 0x9f, 0xf2, 0x7,
    0x1, 0xff, 0x60, 0x2, 0xff, 0xb0, 0x0, 0xff,
    0x6f, 0xf2, 0x0, 0x7a, 0xcf, 0xd0, 0xd, 0xff,
    0x30, 0x5, 0xff, 0x3f, 0xf5, 0x22, 0xaf, 0xaf,
    0xf4, 0x3f, 0xf9, 0x0, 0x5, 0xeb, 0x1f, 0xff,
    0xff, 0xff, 0x5b, 0xd4, 0x4, 0xc0, 0x0, 0x0,
    0x2, 0x7, 0xef, 0xff, 0xfa, 0x1, 0x0, 0x0,
    0x0, 0x0, 0x0, 0x0, 0x0, 0x0, 0x0, 0x0,
    0x0, 0x0,

    /* U+7248 "版" */
    0x0, 0x11, 0x1, 0xaa, 0x20, 0x0, 0x0, 0x0,
    0x1, 0x46, 0x0, 0x0, 0xff, 0x61, 0xff, 0x40,
    0x37, 0x89, 0xbd, 0xff, 0xff, 0x50, 0x0, 0xff,
    0x61, 0xff, 0x40, 0x7f, 0xff, 0xff, 0xff, 0xff,
    0xc0, 0x0, 0xff, 0x61, 0xff, 0x40, 0x7f, 0xfc,
    0xa9, 0x75, 0x31, 0x0, 0x0, 0xff, 0x61, 0xff,
    0x40, 0x7f, 0xf0, 0x0, 0x0, 0x0, 0x0, 0x0,
    0xff, 0x61, 0xff, 0x40, 0x7f, 0xf0, 0x0, 0x0,
    0x0, 0x0, 0x0, 0xff, 0xdb, 0xff, 0xc8, 0x7f,
    0xf7, 0x77, 0x77, 0x76, 0x20, 0x0, 0xff, 0xff,
    0xff, 0xfc, 0x7f, 0xff, 0xff, 0xff, 0xff, 0xa0,
    0x0, 0xff, 0xa7, 0x77, 0x75, 0x7f, 0xff, 0xff,
    0xff, 0xff, 0x80, 0x0, 0xff, 0x60, 0x0, 0x0,
    0x7f, 0xff, 0xf0, 0x1, 0xff, 0x50, 0x0, 0xff,
    0x71, 0x11, 0x10, 0x8f, 0xfd, 0xf4, 0x5, 0xff,
    0x20, 0x0, 0xff, 0xff, 0xff, 0xb0, 0x8f, 0xf9,
    0xf9, 0xa, 0xfe, 0x0, 0x1, 0xff, 0xff, 0xff,
    0xb0, 0x9f, 0xe4, 0xff, 0x1f, 0xfa, 0x0, 0x2,
    0xff, 0x63, 0xcf, 0xb0, 0xaf, 0xd0, 0xef, 0xdf,
    0xf4, 0x0, 0x4, 0xff, 0x20, 0xbf, 0xb0, 0xcf,
    0xb0, 0x8f, 0xff, 0xe0, 0x0, 0x6, 0xff, 0x10,
    0xbf, 0xb0, 0xff, 0x90, 0x2f, 0xff, 0x60, 0x0,
    0x8, 0xfe, 0x0, 0xbf, 0xb2, 0xff, 0x70, 0x5f,
    0xff, 0x60, 0x0, 0xc, 0xfb, 0x0, 0xbf, 0xb6,
    0xff, 0x35, 0xff, 0xff, 0xf5, 0x0, 0x1f, 0xf7,
    0x0, 0xbf, 0xbb, 0xff, 0x9f, 0xff, 0x9f, 0xff,
    0x80, 0x4f, 0xf2, 0x0, 0xbf, 0xcf, 0xfb, 0xef,
    0xf6, 0x6, 0xff, 0xc0, 0x4, 0xb0, 0x0, 0xbf,
    0xb4, 0xe3, 0x4d, 0x30, 0x0, 0x5d, 0x10, 0x0,
    0x0, 0x0, 0x0, 0x0, 0x10, 0x0, 0x0, 0x0,
    0x0, 0x0,

    /* U+751F "生" */
    0x0, 0x0, 0x12, 0x0, 0x1, 0xaa, 0x60, 0x0,
    0x0, 0x0, 0x0, 0x0, 0x0, 0x7f, 0xf5, 0x2,
    0xff, 0xa0, 0x0, 0x0, 0x0, 0x0, 0x0, 0x0,
    0xcf, 0xf2, 0x2, 0xff, 0xa0, 0x0, 0x0, 0x0,
    0x0, 0x0, 0x2, 0xff, 0xd0, 0x2, 0xff, 0xa0,
    0x0, 0x0, 0x0, 0x0, 0x0, 0x8, 0xff, 0xda,
    0xab, 0xff, 0xea, 0xaa, 0xaa, 0xaa, 0x10, 0x0,
    0x1f, 0xff, 0xff, 0xff, 0xff, 0xff, 0xff, 0xff,
    0xff, 0x10, 0x0, 0x8f, 0xff, 0xff, 0xff, 0xff,
    0xff, 0xff, 0xff, 0xff, 0x10, 0x3, 0xff, 0xf1,
    0x0, 0x2, 0xff, 0xa0, 0x0, 0x0, 0x0, 0x0,
    0xd, 0xff, 0x70, 0x0, 0x2, 0xff, 0xa0, 0x0,
    0x0, 0x0, 0x0, 0x1, 0xac, 0x0, 0x0, 0x2,
    0xff, 0xa0, 0x0, 0x0, 0x0, 0x0, 0x0, 0x1,
    0x0, 0x0, 0x2, 0xff, 0xa0, 0x0, 0x0, 0x0,
    0x0, 0x0, 0x2, 0xff, 0xff, 0xff, 0xff, 0xff,
    0xff, 0xff, 0xf4, 0x0, 0x0, 0x2, 0xff, 0xff,
    0xff, 0xff, 0xff, 0xff, 0xff, 0xf4, 0x0, 0x0,
    0x1, 0x88, 0x88, 0x89, 0xff, 0xd8, 0x88, 0x88,
    0x82, 0x0, 0x0, 0x0, 0x0, 0x0, 0x2, 0xff,
    0xa0, 0x0, 0x0, 0x0, 0x0, 0x0, 0x0, 0x0,
    0x0, 0x2, 0xff, 0xa0, 0x0, 0x0, 0x0, 0x0,
    0x0, 0x0, 0x0, 0x0, 0x2, 0xff, 0xa0, 0x0,
    0x0, 0x0, 0x0, 0x2, 0x33, 0x33, 0x33, 0x35,
    0xff, 0xb3, 0x33, 0x33, 0x33, 0x30, 0xa, 0xff,
    0xff, 0xff, 0xff, 0xff, 0xff, 0xff, 0xff, 0xff,
    0xf3, 0xa, 0xff, 0xff, 0xff, 0xff, 0xff, 0xff,
    0xff, 0xff, 0xff, 0xf3, 0x3, 0x55, 0x55, 0x55,
    0x55, 0x55, 0x55, 0x55, 0x55, 0x55, 0x51,

    /* U+7535 "电" */
    0x0, 0x0, 0x0, 0x7, 0x99, 0x0, 0x0, 0x0,
    0x0, 0x0, 0x0, 0x0, 0x0, 0xc, 0xff, 0x10,
    0x0, 0x0, 0x0, 0x0, 0x0, 0x0, 0x0, 0xc,
    0xff, 0x10, 0x0, 0x0, 0x0, 0x0, 0x58, 0x88,
    0x88, 0x8e, 0xff, 0x98, 0x88, 0x88, 0x82, 0x0,
    0x9f, 0xff, 0xff, 0xff, 0xff, 0xff, 0xff, 0xff,
    0xf3, 0x0, 0x9f, 0xff, 0xff, 0xff, 0xff, 0xff,
    0xff, 0xff, 0xf3, 0x0, 0x9f, 0xf3, 0x0, 0xc,
    0xff, 0x20, 0x0, 0x7f, 0xf3, 0x0, 0x9f, 0xf2,
    0x0, 0xc, 0xff, 0x10, 0x0, 0x7f, 0xf3, 0x0,
    0x9f, 0xff, 0xff, 0xff, 0xff, 0xff, 0xff, 0xff,
    0xf3, 0x0, 0x9f, 0xff, 0xff, 0xff, 0xff, 0xff,
    0xff, 0xff, 0xf3, 0x0, 0x9f, 0xf8, 0x77, 0x7e,
    0xff, 0x87, 0x77, 0xbf, 0xf3, 0x0, 0x9f, 0xf2,
    0x0, 0xc, 0xff, 0x10, 0x0, 0x7f, 0xf3, 0x0,
    0x9f, 0xfa, 0x99, 0x9e, 0xff, 0x99, 0x99, 0xcf,
    0xf3, 0x0, 0x9f, 0xff, 0xff, 0xff, 0xff, 0xff,
    0xff, 0xff, 0xf3, 0x0, 0x9f, 0xff, 0xff, 0xff,
    0xff, 0xff, 0xff, 0xff, 0xf3, 0x0, 0x9f, 0xf3,
    0x0, 0xc, 0xff, 0x20, 0x0, 0x0, 0x5e, 0x81,
    0x35, 0x50, 0x0, 0xc, 0xff, 0x10, 0x0, 0x0,
    0x6f, 0xf4, 0x0, 0x0, 0x0, 0xb, 0xff, 0x20,
    0x0, 0x0, 0xaf, 0xf2, 0x0, 0x0, 0x0, 0x9,
    0xff, 0xda, 0xaa, 0xab, 0xff, 0xe0, 0x0, 0x0,
    0x0, 0x4, 0xff, 0xff, 0xff, 0xff, 0xff, 0x70,
    0x0, 0x0, 0x0, 0x0, 0x6d, 0xff, 0xff, 0xff,
    0xe8, 0x0,

    /* U+754C "界" */
    0x0, 0x0, 0x0, 0x0, 0x0, 0x0, 0x0, 0x0,
    0x0, 0x0, 0x0, 0x0, 0xe, 0xff, 0xff, 0xff,
    0xff, 0xff, 0xff, 0xff, 0xd0, 0x0, 0x0, 0xe,
    0xff, 0xff, 0xff, 0xff, 0xff, 0xff, 0xff, 0xd0,
    0x0, 0x0, 0xe, 0xfb, 0x11, 0x1a, 0xff, 0x21,
    0x11, 0xef, 0xd0, 0x0, 0x0, 0xe, 0xfb, 0x0,
    0x9, 0xff, 0x20, 0x0, 0xef, 0xd0, 0x0, 0x0,
    0xe, 0xff, 0xff, 0xff, 0xff, 0xff, 0xff, 0xff,
    0xd0, 0x0, 0x0, 0xe, 0xff, 0xff, 0xff, 0xff,
    0xff, 0xff, 0xff, 0xd0, 0x0, 0x0, 0xe, 0xfb,
    0x0, 0x9, 0xff, 0x10, 0x0, 0xef, 0xd0, 0x0,
    0x0, 0xe, 0xff, 0xee, 0xef, 0xff, 0xee, 0xee,
    0xff, 0xd0, 0x0, 0x0, 0xe, 0xff, 0xff, 0xff,
    0xff, 0xff, 0xff, 0xff, 0xd0, 0x0, 0x0, 0x3,
    0x44, 0xdf, 0xf9, 0x44, 0xcf, 0xfa, 0x44, 0x30,
    0x0, 0x0, 0x0, 0x2d, 0xff, 0xb0, 0x0, 0x1e,
    0xff, 0xa1, 0x0, 0x0, 0x0, 0x18, 0xff, 0xfb,
    0x0, 0x0, 0x2, 0xef, 0xfe, 0x71, 0x0, 0x19,
    0xff, 0xff, 0xed, 0xc0, 0x0, 0xb, 0xdf, 0xff,
    0xff, 0xa0, 0xa, 0xff, 0xd4, 0xaf, 0xf0, 0x0,
    0xf, 0xfc, 0x6e, 0xff, 0x70, 0x0, 0xb6, 0x0,
    0xcf, 0xe0, 0x0, 0xf, 0xfc, 0x0, 0x69, 0x0,
    0x0, 0x0, 0x2, 0xff, 0xb0, 0x0, 0xf, 0xfc,
    0x0, 0x0, 0x0, 0x0, 0x0, 0x1c, 0xff, 0x60,
    0x0, 0xf, 0xfc, 0x0, 0x0, 0x0, 0x0, 0x6,
    0xef, 0xfd, 0x0, 0x0, 0xf, 0xfc, 0x0, 0x0,
    0x0, 0x0, 0x5f, 0xff, 0xd2, 0x0, 0x0, 0xf,
    0xfc, 0x0, 0x0, 0x0, 0x0, 0x7, 0xf9, 0x10,
    0x0, 0x0, 0xf, 0xfc, 0x0, 0x0, 0x0, 0x0,
    0x0, 0x10, 0x0, 0x0, 0x0, 0x0, 0x0, 0x0,
    0x0, 0x0,

    /* U+7686 "皆" */
    0x9, 0xee, 0x10, 0x0, 0x7, 0xee, 0x10, 0x0,
    0x0, 0x0, 0xa, 0xff, 0x10, 0x0, 0x8, 0xff,
    0x10, 0x2, 0x80, 0x0, 0xa, 0xff, 0xfe, 0xee,
    0xa8, 0xff, 0x25, 0xbf, 0xfa, 0x0, 0xa, 0xff,
    0xff, 0xff, 0xb8, 0xff, 0xff, 0xff, 0xfb, 0x20,
    0xa, 0xff, 0x65, 0x55, 0x38, 0xff, 0xff, 0xc7,
    0x10, 0x0, 0xa, 0xff, 0x10, 0x0, 0x8, 0xff,
    0x50, 0x0, 0x2, 0x0, 0xa, 0xff, 0x46, 0x9c,
    0xc8, 0xff, 0x10, 0x0, 0xf, 0xb2, 0x2e, 0xff,
    0xff, 0xff, 0xd7, 0xff, 0x75, 0x55, 0x8f, 0xf3,
    0x5f, 0xff, 0xff, 0xeb, 0x74, 0xff, 0xff, 0xff,
    0xff, 0xe0, 0xe, 0xb7, 0x41, 0xd, 0xa5, 0x8e,
    0xff, 0xff, 0xfd, 0x40, 0x0, 0x0, 0x0, 0x4f,
    0xf6, 0x0, 0x0, 0x0, 0x0, 0x0, 0x5, 0xff,
    0xff, 0xff, 0xff, 0xff, 0xff, 0xff, 0xb0, 0x0,
    0x6, 0xff, 0xff, 0xff, 0xff, 0xff, 0xff, 0xff,
    0xc0, 0x0, 0x6, 0xff, 0x63, 0x33, 0x33, 0x33,
    0x33, 0xff, 0xc0, 0x0, 0x6, 0xff, 0x40, 0x0,
    0x0, 0x0, 0x0, 0xff, 0xc0, 0x0, 0x6, 0xff,
    0xff, 0xff, 0xff, 0xff, 0xff, 0xff, 0xc0, 0x0,
    0x6, 0xff, 0xff, 0xff, 0xff, 0xff, 0xff, 0xff,
    0xc0, 0x0, 0x6, 0xff, 0x40, 0x0, 0x0, 0x0,
    0x0, 0xff, 0xc0, 0x0, 0x6, 0xff, 0xff, 0xff,
    0xff, 0xff, 0xff, 0xff, 0xc0, 0x0, 0x6, 0xff,
    0xff, 0xff, 0xff, 0xff, 0xff, 0xff, 0xc0, 0x0,
    0x6, 0xff, 0x63, 0x33, 0x33, 0x33, 0x33, 0xff,
    0xc0, 0x0,

    /* U+76F8 "相" */
    0x0, 0x0, 0xab, 0x60, 0x0, 0x0, 0x0, 0x0,
    0x0, 0x0, 0x0, 0x0, 0xe, 0xf9, 0x0, 0x5,
    0x88, 0x88, 0x88, 0x88, 0x84, 0x0, 0x0, 0xef,
    0x90, 0x0, 0xaf, 0xff, 0xff, 0xff, 0xff, 0x80,
    0x0, 0xe, 0xf9, 0x0, 0xa, 0xff, 0xff, 0xff,
    0xff, 0xf8, 0x2, 0x22, 0xff, 0xa2, 0x20, 0xaf,
    0xe0, 0x0, 0x2, 0xff, 0x81, 0xff, 0xff, 0xff,
    0xff, 0x5a, 0xfe, 0x0, 0x0, 0x2f, 0xf8, 0x1f,
    0xff, 0xff, 0xff, 0xf5, 0xaf, 0xf4, 0x44, 0x46,
    0xff, 0x80, 0x55, 0x8f, 0xfc, 0x55, 0x2a, 0xff,
    0xff, 0xff, 0xff, 0xf8, 0x0, 0x9, 0xff, 0xb0,
    0x0, 0xaf, 0xff, 0xff, 0xff, 0xff, 0x80, 0x0,
    0xef, 0xff, 0x60, 0xa, 0xfe, 0x11, 0x11, 0x3f,
    0xf8, 0x0, 0x4f, 0xff, 0xff, 0x40, 0xaf, 0xe0,
    0x0, 0x2, 0xff, 0x80, 0xb, 0xff, 0xff, 0xfe,
    0x2a, 0xfe, 0x11, 0x11, 0x3f, 0xf8, 0x3, 0xff,
    0xff, 0xae, 0xf9, 0xaf, 0xff, 0xff, 0xff, 0xff,
    0x80, 0xcf, 0x9e, 0xf9, 0x5d, 0x1a, 0xff, 0xff,
    0xff, 0xff, 0xf8, 0x7f, 0xf2, 0xef, 0x90, 0x20,
    0xaf, 0xf4, 0x44, 0x46, 0xff, 0x82, 0xfa, 0xe,
    0xf9, 0x0, 0xa, 0xfe, 0x0, 0x0, 0x2f, 0xf8,
    0x9, 0x10, 0xef, 0x90, 0x0, 0xaf, 0xe0, 0x0,
    0x2, 0xff, 0x80, 0x0, 0xe, 0xf9, 0x0, 0xa,
    0xff, 0xff, 0xff, 0xff, 0xf8, 0x0, 0x0, 0xef,
    0x90, 0x0, 0xaf, 0xff, 0xff, 0xff, 0xff, 0x80,
    0x0, 0xe, 0xf9, 0x0, 0xa, 0xff, 0x77, 0x77,
    0x8f, 0xf8, 0x0, 0x0, 0xef, 0x90, 0x0, 0xaf,
    0xe0, 0x0, 0x2, 0xff, 0x80, 0x0, 0x0, 0x0,
    0x0, 0x1, 0x21, 0x0, 0x0, 0x0, 0x0,

    /* U+771F "真" */
    0x0, 0x0, 0x0, 0x0, 0xb, 0x96, 0x0, 0x0,
    0x0, 0x0, 0x0, 0x33, 0x33, 0x33, 0x33, 0xff,
    0xb3, 0x33, 0x33, 0x33, 0x10, 0x1f, 0xff, 0xff,
    0xff, 0xff, 0xff, 0xff, 0xff, 0xff, 0xf7, 0x1,
    0xff, 0xff, 0xff, 0xff, 0xff, 0xff, 0xff, 0xff,
    0xff, 0x70, 0x0, 0x0, 0x11, 0x11, 0x8f, 0xf2,
    0x11, 0x11, 0x10, 0x0, 0x0, 0x0, 0xef, 0xff,
    0xff, 0xff, 0xff, 0xff, 0xff, 0x0, 0x0, 0x0,
    0xe, 0xfd, 0xaa, 0xaa, 0xaa, 0xaa, 0xdf, 0xf0,
    0x0, 0x0, 0x0, 0xef, 0xd7, 0x77, 0x77, 0x77,
    0x7d, 0xff, 0x0, 0x0, 0x0, 0xe, 0xff, 0xff,
    0xff, 0xff, 0xff, 0xff, 0xf0, 0x0, 0x0, 0x0,
    0xef, 0xb3, 0x33, 0x33, 0x33, 0x3b, 0xff, 0x0,
    0x0, 0x0, 0xe, 0xff, 0xff, 0xff, 0xff, 0xff,
    0xff, 0xf0, 0x0, 0x0, 0x0, 0xef, 0xb3, 0x33,
    0x33, 0x33, 0x3b, 0xff, 0x0, 0x0, 0x0, 0xe,
    0xff, 0xff, 0xff, 0xff, 0xff, 0xff, 0xf0, 0x0,
    0x0, 0x0, 0xef, 0xd8, 0x88, 0x88, 0x88, 0x8d,
    0xff, 0x0, 0x0, 0x0, 0xe, 0xfa, 0x0, 0x0,
    0x0, 0x0, 0xaf, 0xf0, 0x0, 0xd, 0xff, 0xff,
    0xff, 0xff, 0xff, 0xff, 0xff, 0xff, 0xff, 0xd0,
    0xdf, 0xff, 0xff, 0xff, 0xff, 0xff, 0xff, 0xff,
    0xff, 0xfd, 0x1, 0x22, 0x23, 0xae, 0x42, 0x22,
    0x28, 0xfd, 0x83, 0x22, 0x10, 0x0, 0x4a, 0xff,
    0xff, 0x20, 0x2, 0xdf, 0xff, 0xfb, 0x40, 0x7,
    0xff, 0xff, 0xf9, 0x20, 0x0, 0x0, 0x39, 0xff,
    0xff, 0xb0, 0xb, 0xfc, 0x61, 0x0, 0x0, 0x0,
    0x0, 0x1, 0x7e, 0xb0, 0x0, 0x1, 0x0, 0x0,
    0x0, 0x0, 0x0, 0x0, 0x0, 0x0, 0x0,

    /* U+773C "眼" */
    0x25, 0x75, 0x55, 0x51, 0x6c, 0xcc, 0xcc, 0xcc,
    0xcc, 0xc3, 0x6, 0xff, 0xff, 0xff, 0x38, 0xff,
    0xff, 0xff, 0xff, 0xff, 0x40, 0x6f, 0xff, 0xff,
    0xf3, 0x8f, 0xf9, 0x88, 0x88, 0xaf, 0xf4, 0x6,
    0xfd, 0x0, 0xef, 0x38, 0xff, 0x10, 0x0, 0x4,
    0xff, 0x40, 0x6f, 0xd0, 0xe, 0xf3, 0x8f, 0xfe,
    0xee, 0xee, 0xef, 0xf4, 0x6, 0xff, 0xff, 0xff,
    0x38, 0xff, 0xff, 0xff, 0xff, 0xff, 0x40, 0x6f,
    0xff, 0xff, 0xf3, 0x8f, 0xf4, 0x33, 0x33, 0x6f,
    0xf4, 0x6, 0xfe, 0x44, 0xff, 0x38, 0xff, 0x10,
    0x0, 0x4, 0xff, 0x40, 0x6f, 0xd0, 0xe, 0xf3,
    0x8f, 0xff, 0xff, 0xff, 0xff, 0xf4, 0x6, 0xfe,
    0x44, 0xff, 0x38, 0xff, 0xff, 0xff, 0xff, 0xff,
    0x40, 0x6f, 0xff, 0xff, 0xf3, 0x8f, 0xf8, 0x7f,
    0xf9, 0x77, 0x92, 0x6, 0xff, 0xff, 0xff, 0x38,
    0xff, 0x10, 0xdf, 0x90, 0x3e, 0xa0, 0x6f, 0xd0,
    0xe, 0xf3, 0x8f, 0xf1, 0x8, 0xff, 0x8f, 0xff,
    0x46, 0xfd, 0x0, 0xef, 0x38, 0xff, 0x10, 0x2f,
    0xff, 0xfd, 0x30, 0x6f, 0xff, 0xff, 0xf3, 0x8f,
    0xf1, 0x0, 0xbf, 0xfa, 0x0, 0x6, 0xff, 0xff,
    0xff, 0x38, 0xff, 0x10, 0x24, 0xff, 0xe2, 0x0,
    0x6f, 0xe5, 0x55, 0x51, 0x9f, 0xfc, 0xef, 0x29,
    0xff, 0xe4, 0x6, 0xfd, 0x0, 0x0, 0x1f, 0xff,
    0xff, 0xf3, 0xc, 0xff, 0xf7, 0x2, 0x10, 0x0,
    0x0, 0xef, 0xfd, 0x95, 0x0, 0xb, 0xfc, 0x0,
    0x0, 0x0, 0x0, 0x6, 0x71, 0x0, 0x0, 0x0,
    0x6, 0x20,

    /* U+77E5 "知" */
    0x0, 0x2c, 0x92, 0x0, 0x0, 0x0, 0x0, 0x0,
    0x0, 0x0, 0x0, 0x6, 0xff, 0x30, 0x0, 0x0,
    0x0, 0x0, 0x0, 0x0, 0x0, 0x0, 0xaf, 0xf2,
    0x22, 0x22, 0x13, 0xff, 0xff, 0xff, 0xff, 0x30,
    0xf, 0xff, 0xff, 0xff, 0xfb, 0x3f, 0xff, 0xff,
    0xff, 0xf3, 0x5, 0xff, 0xff, 0xff, 0xff, 0xb3,
    0xff, 0xa7, 0x7a, 0xff, 0x30, 0xcf, 0xf6, 0xff,
    0xb5, 0x53, 0x3f, 0xf5, 0x0, 0x6f, 0xf3, 0x5f,
    0xf9, 0x1f, 0xf9, 0x0, 0x3, 0xff, 0x50, 0x6,
    0xff, 0x30, 0x9f, 0x21, 0xff, 0x90, 0x0, 0x3f,
    0xf5, 0x0, 0x6f, 0xf3, 0x0, 0x20, 0x1f, 0xf9,
    0x0, 0x3, 0xff, 0x50, 0x6, 0xff, 0x32, 0xff,
    0xff, 0xff, 0xff, 0xff, 0x6f, 0xf5, 0x0, 0x6f,
    0xf3, 0x2f, 0xff, 0xff, 0xff, 0xff, 0xf6, 0xff,
    0x50, 0x6, 0xff, 0x31, 0x88, 0x8a, 0xff, 0xa8,
    0x88, 0x4f, 0xf5, 0x0, 0x6f, 0xf3, 0x0, 0x0,
    0x7f, 0xf7, 0x0, 0x3, 0xff, 0x50, 0x6, 0xff,
    0x30, 0x0, 0xb, 0xff, 0xf6, 0x0, 0x3f, 0xf5,
    0x0, 0x6f, 0xf3, 0x0, 0x1, 0xff, 0xff, 0xf5,
    0x3, 0xff, 0x50, 0x6, 0xff, 0x30, 0x0, 0x9f,
    0xf7, 0xef, 0xf4, 0x3f, 0xf5, 0x0, 0x6f, 0xf3,
    0x0, 0x3f, 0xfe, 0x4, 0xff, 0xf5, 0xff, 0xff,
    0xff, 0xff, 0x30, 0x2e, 0xff, 0x50, 0x7, 0xfd,
    0x3f, 0xff, 0xff, 0xff, 0xf3, 0x3f, 0xff, 0xa0,
    0x0, 0xb, 0x23, 0xff, 0xb8, 0x8b, 0xff, 0x30,
    0xaf, 0xb0, 0x0, 0x0, 0x0, 0x3f, 0xf5, 0x0,
    0x5d, 0xd3, 0x0, 0x70, 0x0, 0x0, 0x0, 0x0,
    0x22, 0x0, 0x0, 0x0, 0x0,

    /* U+788D "碍" */
    0xb, 0xbb, 0xbb, 0xbb, 0xb3, 0xdf, 0xff, 0xff,
    0xff, 0xff, 0x10, 0xf, 0xff, 0xff, 0xff, 0xf4,
    0xdf, 0xfd, 0xdd, 0xde, 0xff, 0x10, 0xb, 0xbd,
    0xff, 0xcb, 0xb3, 0xdf, 0xa0, 0x0, 0x7, 0xff,
    0x10, 0x0, 0xb, 0xff, 0x0, 0x0, 0xdf, 0xff,
    0xff, 0xff, 0xff, 0x10, 0x0, 0xf, 0xfc, 0x0,
    0x0, 0xdf, 0xeb, 0xbb, 0xbd, 0xff, 0x10, 0x0,
    0x4f, 0xf7, 0x0, 0x0, 0xdf, 0xa1, 0x11, 0x17,
    0xff, 0x10, 0x0, 0x9f, 0xf2, 0x0, 0x0, 0xdf,
    0xff, 0xff, 0xff, 0xff, 0x10, 0x1, 0xff, 0xfa,
    0xaa, 0x90, 0xac, 0xcc, 0xcc, 0xcc, 0xcc, 0x10,
    0x8, 0xff, 0xff, 0xff, 0xe3, 0x88, 0x88, 0x88,
    0x88, 0x88, 0x80, 0x3f, 0xff, 0xd7, 0xbf, 0xe6,
    0xff, 0xff, 0xff, 0xff, 0xff, 0xf0, 0x5f, 0xff,
    0xc0, 0x8f, 0xe4, 0xaa, 0xaa, 0xaa, 0xff, 0xea,
    0xa0, 0xf, 0xff, 0xc0, 0x8f, 0xe0, 0x0, 0x0,
    0x0, 0xef, 0x90, 0x0, 0xa, 0xcf, 0xc0, 0x8f,
    0xeb, 0xff, 0xff, 0xff, 0xff, 0xff, 0xf4, 0x0,
    0x9f, 0xc0, 0x8f, 0xeb, 0xff, 0xff, 0xff, 0xff,
    0xff, 0xf4, 0x0, 0x9f, 0xc0, 0x8f, 0xe3, 0x5d,
    0xf7, 0x44, 0xff, 0xb4, 0x41, 0x0, 0x9f, 0xff,
    0xff, 0xe0, 0x2f, 0xfe, 0x10, 0xef, 0x90, 0x0,
    0x0, 0x9f, 0xff, 0xff, 0xe0, 0x5, 0xff, 0x90,
    0xef, 0x90, 0x0, 0x0, 0x9f, 0xd4, 0x44, 0x30,
    0x0, 0xaa, 0x54, 0xff, 0x90, 0x0, 0x0, 0x9e,
    0xb0, 0x0, 0x0, 0x0, 0x0, 0xef, 0xff, 0x70,
    0x0, 0x0, 0x0, 0x0, 0x0, 0x0, 0x0, 0x0,
    0x9f, 0xe9, 0x0, 0x0,

    /* U+795E "神" */
    0x0, 0x0, 0x73, 0x0, 0x0, 0x0, 0x5, 0xbb,
    0x0, 0x0, 0x0, 0x0, 0xcf, 0xe1, 0x0, 0x0,
    0x0, 0x8f, 0xf1, 0x0, 0x0, 0x0, 0x4, 0xff,
    0x90, 0x0, 0x0, 0x8, 0xff, 0x10, 0x0, 0x0,
    0x0, 0xb, 0xe5, 0x0, 0x58, 0x88, 0xcf, 0xf9,
    0x88, 0x84, 0x1f, 0xff, 0xff, 0xff, 0x6a, 0xff,
    0xff, 0xff, 0xff, 0xff, 0x91, 0xff, 0xff, 0xff,
    0xfa, 0xaf, 0xfd, 0xef, 0xfd, 0xdf, 0xf9, 0x6,
    0x66, 0x6a, 0xff, 0x4a, 0xfc, 0x8, 0xff, 0x10,
    0xef, 0x90, 0x0, 0x0, 0xef, 0xc0, 0xaf, 0xc1,
    0x8f, 0xf2, 0x1f, 0xf9, 0x0, 0x0, 0xaf, 0xf3,
    0xa, 0xff, 0xff, 0xff, 0xff, 0xff, 0x90, 0x0,
    0x7f, 0xfb, 0x0, 0xaf, 0xff, 0xff, 0xff, 0xff,
    0xf9, 0x0, 0x6f, 0xff, 0xf6, 0xa, 0xfd, 0x4a,
    0xff, 0x44, 0xff, 0x90, 0x8f, 0xff, 0xff, 0xf5,
    0xaf, 0xc0, 0x8f, 0xf1, 0xe, 0xf9, 0x7f, 0xff,
    0xff, 0xdf, 0xfb, 0xfd, 0x6b, 0xff, 0x66, 0xff,
    0x92, 0xff, 0x9f, 0xf3, 0xf9, 0xaf, 0xff, 0xff,
    0xff, 0xff, 0xf9, 0xa, 0x26, 0xff, 0x5, 0xa,
    0xff, 0xff, 0xff, 0xff, 0xff, 0x90, 0x0, 0x6f,
    0xf0, 0x0, 0x9f, 0xb0, 0x8f, 0xf1, 0xb, 0xc6,
    0x0, 0x6, 0xff, 0x0, 0x0, 0x0, 0x8, 0xff,
    0x10, 0x0, 0x0, 0x0, 0x6f, 0xf0, 0x0, 0x0,
    0x0, 0x8f, 0xf1, 0x0, 0x0, 0x0, 0x6, 0xff,
    0x0, 0x0, 0x0, 0x8, 0xff, 0x10, 0x0, 0x0,
    0x0, 0x6f, 0xf0, 0x0, 0x0, 0x0, 0x8f, 0xf1,
    0x0, 0x0, 0x0, 0x6, 0xff, 0x0, 0x0, 0x0,
    0x8, 0xff, 0x10, 0x0, 0x0,

    /* U+79BB "离" */
    0x0, 0x0, 0x0, 0x0, 0x6b, 0x70, 0x0, 0x0,
    0x0, 0x0, 0x0, 0x0, 0x0, 0x0, 0xbf, 0xf0,
    0x0, 0x0, 0x0, 0x0, 0x9f, 0xff, 0xff, 0xff,
    0xff, 0xff, 0xff, 0xff, 0xff, 0xfe, 0x9f, 0xff,
    0xff, 0xff, 0xff, 0xff, 0xff, 0xff, 0xff, 0xfe,
    0x24, 0x56, 0x65, 0x6c, 0x64, 0x45, 0xc9, 0x46,
    0x66, 0x44, 0x0, 0x5f, 0xf2, 0x8f, 0xfa, 0x6e,
    0xfa, 0xf, 0xfc, 0x0, 0x0, 0x5f, 0xf2, 0x3,
    0xef, 0xff, 0x80, 0xf, 0xfc, 0x0, 0x0, 0x5f,
    0xf4, 0xaf, 0xfd, 0x9f, 0xfd, 0x2f, 0xfc, 0x0,
    0x0, 0x5f, 0xf2, 0x9c, 0x50, 0x1, 0x8b, 0xf,
    0xfc, 0x0, 0x0, 0x5f, 0xff, 0xff, 0xff, 0xff,
    0xff, 0xff, 0xfc, 0x0, 0x0, 0x5f, 0xff, 0xff,
    0xff, 0xff, 0xff, 0xff, 0xfb, 0x0, 0x0, 0x0,
    0x0, 0x0, 0xaf, 0xf3, 0x0, 0x0, 0x0, 0x0,
    0xb, 0xff, 0xff, 0xff, 0xff, 0xff, 0xff, 0xff,
    0xff, 0xf2, 0xc, 0xff, 0xff, 0xff, 0xff, 0xff,
    0xff, 0xff, 0xff, 0xf2, 0xc, 0xfd, 0x44, 0xaf,
    0xf7, 0x47, 0xfb, 0x44, 0x9f, 0xf2, 0xc, 0xfc,
    0x3, 0xff, 0xa0, 0x5, 0xff, 0x40, 0x7f, 0xf2,
    0xc, 0xfc, 0x1f, 0xff, 0xcd, 0xff, 0xff, 0xe1,
    0x7f, 0xf2, 0xc, 0xfc, 0xd, 0xff, 0xff, 0xff,
    0xee, 0xf7, 0x7f, 0xf2, 0xc, 0xfc, 0x7, 0xb8,
    0x64, 0x20, 0x3, 0x60, 0x7f, 0xf2, 0xc, 0xfc,
    0x0, 0x0, 0x0, 0x0, 0xa, 0xee, 0xff, 0xf1,
    0xc, 0xfc, 0x0, 0x0, 0x0, 0x0, 0x4, 0xff,
    0xfd, 0x50, 0x0, 0x0, 0x0, 0x0, 0x0, 0x0,
    0x0, 0x0, 0x0, 0x0,

    /* U+79D2 "秒" */
    0x0, 0x0, 0x0, 0x4, 0x10, 0x0, 0x4, 0xaa,
    0x0, 0x0, 0x0, 0x0, 0x2, 0x6a, 0xff, 0xa0,
    0x0, 0x6, 0xff, 0x10, 0x0, 0x0, 0xc, 0xff,
    0xff, 0xff, 0xf3, 0x0, 0x6, 0xff, 0x10, 0x0,
    0x0, 0xa, 0xff, 0xff, 0xc4, 0x0, 0x0, 0x6,
    0xff, 0x10, 0x30, 0x0, 0x2, 0x31, 0xff, 0xa0,
    0x0, 0x8b, 0x66, 0xff, 0x2e, 0xf7, 0x0, 0x0,
    0x0, 0xff, 0xa0, 0x0, 0xcf, 0xa6, 0xff, 0x1c,
    0xfd, 0x0, 0x27, 0x77, 0xff, 0xc7, 0x72, 0xef,
    0x76, 0xff, 0x16, 0xff, 0x40, 0x4f, 0xff, 0xff,
    0xff, 0xf7, 0xff, 0x46, 0xff, 0x11, 0xff, 0xa0,
    0x4f, 0xff, 0xff, 0xff, 0xfa, 0xff, 0x16, 0xff,
    0x10, 0xbf, 0xe0, 0x0, 0x8, 0xff, 0xd0, 0xa,
    0xfd, 0x6, 0xff, 0x10, 0x6f, 0xd1, 0x0, 0xe,
    0xff, 0xfb, 0x9, 0xf8, 0x6, 0xff, 0x10, 0x23,
    0x0, 0x0, 0x6f, 0xff, 0xff, 0x90, 0x22, 0x6,
    0xff, 0x11, 0xb7, 0x10, 0x0, 0xef, 0xff, 0xcf,
    0xf3, 0x0, 0x6, 0xff, 0x17, 0xff, 0x40, 0x8,
    0xfd, 0xff, 0xa9, 0x90, 0x0, 0x6, 0xff, 0x3f,
    0xfd, 0x0, 0x4f, 0xf6, 0xff, 0xa1, 0x0, 0x0,
    0x0, 0x0, 0xcf, 0xf5, 0x0, 0x3f, 0xe0, 0xff,
    0xa0, 0x0, 0x0, 0x0, 0x1b, 0xff, 0xb0, 0x0,
    0xb, 0x50, 0xff, 0xa0, 0x0, 0x0, 0x5, 0xef,
    0xfd, 0x10, 0x0, 0x1, 0x0, 0xff, 0xa0, 0x0,
    0x17, 0xdf, 0xff, 0xc1, 0x0, 0x0, 0x0, 0x0,
    0xff, 0xa0, 0x9d, 0xff, 0xff, 0xf7, 0x0, 0x0,
    0x0, 0x0, 0x0, 0xff, 0xa0, 0x7f, 0xff, 0xe8,
    0x10, 0x0, 0x0, 0x0, 0x0, 0x0, 0xff, 0xa0,
    0xc, 0x94, 0x0, 0x0, 0x0, 0x0, 0x0,

    /* U+7A76 "究" */
    0x0, 0x0, 0x0, 0x0, 0x3, 0x79, 0x0, 0x0,
    0x0, 0x0, 0x0, 0x0, 0x0, 0x0, 0x0, 0xd,
    0xff, 0x50, 0x0, 0x0, 0x0, 0x0, 0x3, 0x55,
    0x55, 0x55, 0x5b, 0xff, 0xd5, 0x55, 0x55, 0x55,
    0x30, 0x9, 0xff, 0xff, 0xff, 0xff, 0xff, 0xff,
    0xff, 0xff, 0xff, 0xb0, 0x9, 0xff, 0xff, 0xff,
    0xff, 0xff, 0xff, 0xff, 0xff, 0xff, 0xb0, 0x9,
    0xff, 0x10, 0x3, 0x70, 0x0, 0x7, 0x50, 0x1,
    0xff, 0xb0, 0x9, 0xff, 0x11, 0x9f, 0xfd, 0x10,
    0x9f, 0xfe, 0x71, 0xdd, 0x90, 0x0, 0x4, 0xaf,
    0xff, 0xc2, 0x0, 0x6, 0xdf, 0xfe, 0x70, 0x0,
    0x0, 0xbf, 0xff, 0xd5, 0x0, 0x0, 0x0, 0x6,
    0xef, 0xfc, 0x0, 0x0, 0x2e, 0xc5, 0x0, 0xff,
    0xb0, 0x0, 0x0, 0x19, 0xe3, 0x0, 0x0, 0x2,
    0x22, 0x22, 0xff, 0xc2, 0x22, 0x43, 0x10, 0x0,
    0x0, 0x0, 0x5f, 0xff, 0xff, 0xff, 0xff, 0xff,
    0xff, 0xa0, 0x0, 0x0, 0x0, 0x5f, 0xff, 0xff,
    0xff, 0xff, 0xff, 0xff, 0xa0, 0x0, 0x0, 0x0,
    0x14, 0x44, 0x46, 0xff, 0xc4, 0x45, 0xff, 0xa0,
    0x0, 0x0, 0x0, 0x0, 0x0, 0x6, 0xff, 0x70,
    0x1, 0xff, 0xa0, 0x0, 0x0, 0x0, 0x0, 0x0,
    0x1e, 0xff, 0x30, 0x1, 0xff, 0xa0, 0x9, 0x20,
    0x0, 0x0, 0x1, 0xcf, 0xfc, 0x0, 0x1, 0xff,
    0xa0, 0xf, 0xf6, 0x0, 0x0, 0x5e, 0xff, 0xf2,
    0x0, 0x1, 0xff, 0xa0, 0xf, 0xf6, 0x1, 0x6d,
    0xff, 0xfe, 0x30, 0x0, 0x0, 0xff, 0xe8, 0x9f,
    0xf4, 0xb, 0xff, 0xff, 0xb1, 0x0, 0x0, 0x0,
    0xdf, 0xff, 0xff, 0xf0, 0x0, 0xdf, 0xa4, 0x0,
    0x0, 0x0, 0x0, 0x4d, 0xff, 0xfe, 0x50, 0x0,
    0x11, 0x0, 0x0, 0x0, 0x0, 0x0, 0x0, 0x0,
    0x0, 0x0,

    /* U+7A7A "空" */
    0x0, 0x0, 0x0, 0x1, 0x5a, 0x80, 0x0, 0x0,
    0x0, 0x0, 0x0, 0x0, 0x0, 0x2, 0xff, 0xf1,
    0x0, 0x0, 0x0, 0x0, 0x23, 0x33, 0x33, 0x33,
    0xdf, 0xf9, 0x33, 0x33, 0x33, 0x32, 0xaf, 0xff,
    0xff, 0xff, 0xff, 0xff, 0xff, 0xff, 0xff, 0xfb,
    0xaf, 0xff, 0xff, 0xff, 0xff, 0xff, 0xff, 0xff,
    0xff, 0xfb, 0xaf, 0xf3, 0x33, 0x33, 0x33, 0x33,
    0x33, 0x33, 0x3f, 0xfb, 0xaf, 0xf0, 0x0, 0x89,
    0x0, 0x2, 0xc6, 0x0, 0x1f, 0xfb, 0xaf, 0xf0,
    0x4d, 0xff, 0x90, 0x1e, 0xff, 0xe8, 0x2c, 0xc8,
    0x23, 0x7b, 0xff, 0xfc, 0x10, 0x5, 0xdf, 0xff,
    0xf9, 0x10, 0x3d, 0xff, 0xff, 0x80, 0x0, 0x0,
    0x6, 0xef, 0xff, 0xf4, 0xd, 0xff, 0xb2, 0x0,
    0x0, 0x0, 0x0, 0x7, 0xef, 0xb0, 0x5, 0xce,
    0x99, 0x99, 0x99, 0x99, 0x99, 0x99, 0x88, 0x10,
    0x0, 0xf, 0xff, 0xff, 0xff, 0xff, 0xff, 0xff,
    0xb0, 0x0, 0x0, 0xb, 0xbb, 0xbb, 0xef, 0xfc,
    0xbb, 0xbb, 0x80, 0x0, 0x0, 0x0, 0x0, 0x0,
    0xbf, 0xf1, 0x0, 0x0, 0x0, 0x0, 0x0, 0x0,
    0x0, 0x0, 0xbf, 0xf1, 0x0, 0x0, 0x0, 0x0,
    0x0, 0x0, 0x0, 0x0, 0xbf, 0xf1, 0x0, 0x0,
    0x0, 0x0, 0x12, 0x22, 0x22, 0x22, 0xcf, 0xf4,
    0x22, 0x22, 0x22, 0x21, 0x7f, 0xff, 0xff, 0xff,
    0xff, 0xff, 0xff, 0xff, 0xff, 0xf9, 0x7f, 0xff,
    0xff, 0xff, 0xff, 0xff, 0xff, 0xff, 0xff, 0xf9,
    0x14, 0x44, 0x44, 0x44, 0x44, 0x44, 0x44, 0x44,
    0x44, 0x42,

    /* U+7ACB "立" */
    0x0, 0x0, 0x0, 0x0, 0x6, 0xaa, 0x0, 0x0,
    0x0, 0x0, 0x0, 0x0, 0x0, 0x0, 0x0, 0xd,
    0xff, 0x10, 0x0, 0x0, 0x0, 0x0, 0x0, 0x0,
    0x0, 0x0, 0x7, 0xff, 0x60, 0x0, 0x0, 0x0,
    0x0, 0x0, 0x0, 0x0, 0x0, 0x3, 0xff, 0x70,
    0x0, 0x0, 0x0, 0x0, 0x0, 0xbb, 0xbb, 0xbb,
    0xbb, 0xfb, 0xbb, 0xbb, 0xbb, 0xbb, 0x10, 0x0,
    0xff, 0xff, 0xff, 0xff, 0xff, 0xff, 0xff, 0xff,
    0xff, 0x10, 0x0, 0xff, 0xff, 0xff, 0xff, 0xff,
    0xff, 0xff, 0xff, 0xff, 0x10, 0x0, 0x0, 0x0,
    0x32, 0x0, 0x0, 0x0, 0x23, 0x0, 0x0, 0x0,
    0x0, 0x0, 0x2f, 0xfa, 0x0, 0x0, 0x0, 0x8f,
    0xf6, 0x0, 0x0, 0x0, 0x0, 0xf, 0xfe, 0x0,
    0x0, 0x0, 0xbf, 0xf4, 0x0, 0x0, 0x0, 0x0,
    0xb, 0xff, 0x20, 0x0, 0x0, 0xff, 0xf0, 0x0,
    0x0, 0x0, 0x0, 0x7, 0xff, 0x60, 0x0, 0x3,
    0xff, 0xa0, 0x0, 0x0, 0x0, 0x0, 0x4, 0xff,
    0xa0, 0x0, 0x8, 0xff, 0x50, 0x0, 0x0, 0x0,
    0x0, 0x0, 0xff, 0xe0, 0x0, 0xd, 0xff, 0x10,
    0x0, 0x0, 0x0, 0x0, 0x0, 0xdf, 0xf1, 0x0,
    0x2f, 0xfb, 0x0, 0x0, 0x0, 0x0, 0x0, 0x0,
    0xaf, 0xf4, 0x0, 0x7f, 0xf5, 0x0, 0x0, 0x0,
    0x0, 0x0, 0x0, 0x69, 0x51, 0x0, 0xdf, 0xf0,
    0x0, 0x0, 0x0, 0xa, 0xaa, 0xaa, 0xaa, 0xaa,
    0xab, 0xff, 0xea, 0xaa, 0xaa, 0xa0, 0xf, 0xff,
    0xff, 0xff, 0xff, 0xff, 0xff, 0xff, 0xff, 0xff,
    0xf0, 0xf, 0xff, 0xff, 0xff, 0xff, 0xff, 0xff,
    0xff, 0xff, 0xff, 0xf0, 0x0, 0x0, 0x0, 0x0,
    0x0, 0x0, 0x0, 0x0, 0x0, 0x0, 0x0,

    /* U+7ADF "竟" */
    0x0, 0x0, 0x0, 0x0, 0x2, 0x69, 0x0, 0x0,
    0x0, 0x0, 0x0, 0x0, 0x0, 0x0, 0x0, 0x7,
    0xff, 0x60, 0x0, 0x0, 0x0, 0x0, 0x0, 0xaf,
    0xff, 0xff, 0xff, 0xff, 0xff, 0xff, 0xff, 0xf9,
    0x0, 0x0, 0xaf, 0xff, 0xff, 0xff, 0xff, 0xff,
    0xff, 0xff, 0xf9, 0x0, 0x0, 0x11, 0x16, 0xbe,
    0x31, 0x11, 0x13, 0xeb, 0x61, 0x11, 0x0, 0x1,
    0x11, 0x15, 0xff, 0x91, 0x11, 0x19, 0xff, 0x51,
    0x11, 0x0, 0xe, 0xff, 0xff, 0xff, 0xff, 0xff,
    0xff, 0xff, 0xff, 0xff, 0xb0, 0xe, 0xff, 0xff,
    0xff, 0xff, 0xff, 0xff, 0xff, 0xff, 0xff, 0xb0,
    0x1, 0x12, 0x22, 0x22, 0x22, 0x22, 0x22, 0x22,
    0x22, 0x21, 0x10, 0x0, 0xb, 0xff, 0xff, 0xff,
    0xff, 0xff, 0xff, 0xff, 0x80, 0x0, 0x0, 0xb,
    0xff, 0xcc, 0xcc, 0xcc, 0xcc, 0xcc, 0xff, 0x80,
    0x0, 0x0, 0xb, 0xfd, 0x0, 0x0, 0x0, 0x0,
    0x2, 0xff, 0x80, 0x0, 0x0, 0xb, 0xff, 0xff,
    0xff, 0xff, 0xff, 0xff, 0xff, 0x80, 0x0, 0x0,
    0xb, 0xff, 0xaa, 0xaa, 0xaa, 0xaa, 0xaa, 0xff,
    0x80, 0x0, 0x0, 0xb, 0xff, 0xbb, 0xbb, 0xbb,
    0xbb, 0xbb, 0xff, 0x80, 0x0, 0x0, 0xb, 0xff,
    0xff, 0xff, 0xff, 0xff, 0xff, 0xff, 0x80, 0x0,
    0x0, 0x1, 0x22, 0x6f, 0xfb, 0x22, 0xdf, 0xe2,
    0x22, 0x10, 0x0, 0x0, 0x0, 0x1, 0xcf, 0xf5,
    0x0, 0xdf, 0xd0, 0x0, 0x1e, 0x70, 0x0, 0x14,
    0x8e, 0xff, 0xc0, 0x0, 0xcf, 0xe3, 0x22, 0x6f,
    0xf2, 0x1e, 0xff, 0xff, 0xfb, 0x10, 0x0, 0x9f,
    0xff, 0xff, 0xff, 0xe0, 0x7, 0xff, 0xe9, 0x40,
    0x0, 0x0, 0x1b, 0xff, 0xff, 0xfd, 0x40, 0x0,
    0x41, 0x0, 0x0, 0x0, 0x0, 0x0, 0x0, 0x0,
    0x0, 0x0,

    /* U+7B2C "第" */
    0x0, 0x0, 0xb8, 0x30, 0x0, 0x0, 0x1c, 0x83,
    0x0, 0x0, 0x0, 0x0, 0x4f, 0xf5, 0x0, 0x0,
    0x7, 0xff, 0x50, 0x0, 0x0, 0x0, 0xd, 0xff,
    0xff, 0xff, 0xf1, 0xef, 0xff, 0xff, 0xff, 0xf0,
    0x8, 0xff, 0xff, 0xfe, 0xee, 0x9f, 0xfe, 0xff,
    0xfe, 0xee, 0x5, 0xff, 0xa1, 0xff, 0x90, 0x4f,
    0xfd, 0x6, 0xff, 0x80, 0x0, 0xcf, 0xd1, 0x8,
    0xfd, 0x7, 0xff, 0x30, 0xc, 0xfc, 0x0, 0x0,
    0x7a, 0x88, 0xac, 0x88, 0x8a, 0xd8, 0x88, 0xbb,
    0x80, 0x0, 0x4, 0xff, 0xff, 0xff, 0xff, 0xff,
    0xff, 0xff, 0xff, 0x0, 0x0, 0x2a, 0xaa, 0xaa,
    0xae, 0xff, 0xaa, 0xaa, 0xdf, 0xf0, 0x0, 0x0,
    0x12, 0x42, 0x22, 0xbf, 0xe2, 0x22, 0x2a, 0xff,
    0x0, 0x0, 0x9, 0xff, 0xff, 0xff, 0xff, 0xff,
    0xff, 0xff, 0xf0, 0x0, 0x0, 0xbf, 0xff, 0xff,
    0xff, 0xff, 0xff, 0xff, 0xff, 0x0, 0x0, 0xd,
    0xfb, 0x0, 0xb, 0xfd, 0x0, 0x0, 0x0, 0x0,
    0x0, 0x0, 0xff, 0xfe, 0xee, 0xff, 0xfe, 0xee,
    0xee, 0xfe, 0xe1, 0x0, 0x1f, 0xff, 0xff, 0xff,
    0xff, 0xff, 0xff, 0xff, 0xff, 0x0, 0x1, 0x56,
    0x56, 0xff, 0xff, 0xe5, 0x55, 0x55, 0xdf, 0xf0,
    0x0, 0x0, 0x4, 0xef, 0xfe, 0xfd, 0x0, 0x0,
    0xe, 0xfd, 0x0, 0x0, 0x2a, 0xff, 0xf5, 0xbf,
    0xd0, 0x14, 0x46, 0xff, 0xb0, 0x4, 0xbf, 0xff,
    0xd2, 0xb, 0xfd, 0x0, 0xef, 0xff, 0xf6, 0x0,
    0x4f, 0xff, 0x80, 0x0, 0xbf, 0xd0, 0xa, 0xff,
    0xf9, 0x0, 0x0, 0x79, 0x10, 0x0, 0xb, 0xfd,
    0x0, 0x1, 0x10, 0x0, 0x0,

    /* U+7B49 "等" */
    0x0, 0x2, 0xb7, 0x20, 0x0, 0x0, 0x3b, 0x71,
    0x0, 0x0, 0x0, 0x0, 0xa, 0xff, 0x61, 0x11,
    0x10, 0xbf, 0xf2, 0x11, 0x11, 0x10, 0x0, 0x4f,
    0xff, 0xff, 0xff, 0xe4, 0xff, 0xff, 0xff, 0xff,
    0xf0, 0x1, 0xef, 0xff, 0xff, 0xff, 0xfd, 0xff,
    0xff, 0xff, 0xff, 0xf0, 0x1c, 0xff, 0x8c, 0xfd,
    0x11, 0xcf, 0xf7, 0x4f, 0xf9, 0x11, 0x10, 0x3d,
    0xfb, 0x5, 0xfe, 0x21, 0x9f, 0xb0, 0xa, 0xfd,
    0x0, 0x0, 0x0, 0x83, 0x33, 0x83, 0x36, 0xff,
    0x83, 0x35, 0x73, 0x30, 0x0, 0x0, 0xd, 0xff,
    0xff, 0xff, 0xff, 0xff, 0xff, 0xff, 0xf0, 0x0,
    0x0, 0xc, 0xff, 0xff, 0xff, 0xff, 0xff, 0xff,
    0xff, 0xf0, 0x0, 0x0, 0x0, 0x0, 0x0, 0x4,
    0xff, 0x50, 0x0, 0x0, 0x0, 0x0, 0xd, 0xdd,
    0xdd, 0xdd, 0xdd, 0xff, 0xed, 0xdd, 0xdd, 0xdd,
    0xd1, 0xf, 0xff, 0xff, 0xff, 0xff, 0xff, 0xff,
    0xff, 0xff, 0xff, 0xf1, 0x5, 0x55, 0x55, 0x55,
    0x55, 0x55, 0x55, 0xff, 0xc5, 0x55, 0x50, 0x0,
    0x44, 0x44, 0x44, 0x44, 0x44, 0x44, 0xff, 0xc4,
    0x44, 0x10, 0x3, 0xff, 0xff, 0xff, 0xff, 0xff,
    0xff, 0xff, 0xff, 0xff, 0x60, 0x3, 0xff, 0xff,
    0xff, 0xff, 0xff, 0xff, 0xff, 0xff, 0xff, 0x60,
    0x0, 0x0, 0xa, 0xff, 0x40, 0x0, 0x0, 0xff,
    0xa0, 0x0, 0x0, 0x0, 0x0, 0x5, 0xff, 0xf5,
    0x0, 0x0, 0xff, 0xa0, 0x0, 0x0, 0x0, 0x0,
    0x0, 0x4f, 0xfe, 0x16, 0x66, 0xff, 0xa0, 0x0,
    0x0, 0x0, 0x0, 0x0, 0x4, 0xd2, 0xc, 0xff,
    0xff, 0x80, 0x0, 0x0, 0x0, 0x0, 0x0, 0x0,
    0x0, 0x6, 0xff, 0xe9, 0x0, 0x0, 0x0, 0x0,
    0x0, 0x0, 0x0, 0x0, 0x0, 0x0, 0x0, 0x0,
    0x0, 0x0,

    /* U+7D2F "累" */
    0x0, 0x0, 0x0, 0x0, 0x0, 0x0, 0x0, 0x0,
    0x0, 0x0, 0x0, 0x2, 0xff, 0xff, 0xff, 0xff,
    0xff, 0xff, 0xff, 0xff, 0x80, 0x0, 0x2f, 0xff,
    0xff, 0xff, 0xff, 0xff, 0xff, 0xff, 0xf8, 0x0,
    0x2, 0xff, 0x50, 0x0, 0x7f, 0xf1, 0x0, 0x1,
    0xff, 0x80, 0x0, 0x2f, 0xff, 0xff, 0xff, 0xff,
    0xff, 0xff, 0xff, 0xf8, 0x0, 0x2, 0xff, 0xff,
    0xff, 0xff, 0xff, 0xff, 0xff, 0xff, 0x80, 0x0,
    0x2f, 0xf5, 0x0, 0x7, 0xff, 0x10, 0x0, 0x1f,
    0xf8, 0x0, 0x2, 0xff, 0xfe, 0xee, 0xff, 0xff,
    0xee, 0xee, 0xff, 0x80, 0x0, 0x2f, 0xff, 0xff,
    0xff, 0xff, 0xff, 0xff, 0xff, 0xf8, 0x0, 0x0,
    0x11, 0x8f, 0xff, 0x82, 0x12, 0xaf, 0x81, 0x11,
    0x0, 0x0, 0x9, 0xef, 0xff, 0xdb, 0xcd, 0xff,
    0xfd, 0x20, 0x0, 0x0, 0x0, 0xbf, 0xff, 0xff,
    0xff, 0xff, 0xe7, 0x5a, 0x10, 0x0, 0x0, 0x6,
    0x97, 0x6b, 0xff, 0xfe, 0x81, 0x3f, 0xfd, 0x20,
    0x0, 0x0, 0x4, 0xaf, 0xff, 0xd7, 0x22, 0x23,
    0x8f, 0xfe, 0x20, 0x0, 0xae, 0xff, 0xff, 0xff,
    0xff, 0xff, 0xff, 0xff, 0xfd, 0x10, 0xa, 0xff,
    0xff, 0xff, 0xff, 0xfe, 0xdc, 0xcb, 0xbf, 0xf6,
    0x0, 0x46, 0x5b, 0x51, 0x17, 0xff, 0x50, 0x6,
    0x20, 0x74, 0x0, 0x0, 0x5e, 0xff, 0x60, 0x6f,
    0xf5, 0x1d, 0xff, 0x91, 0x0, 0x6, 0xdf, 0xff,
    0x64, 0x49, 0xff, 0x40, 0x3b, 0xff, 0xf8, 0x0,
    0xaf, 0xfa, 0x10, 0xbf, 0xff, 0xf3, 0x0, 0x4,
    0xdf, 0xf6, 0x0, 0x73, 0x0, 0x5, 0xff, 0xd7,
    0x0, 0x0, 0x0, 0x84, 0x0, 0x0, 0x0, 0x0,
    0x0, 0x0, 0x0, 0x0, 0x0, 0x0, 0x0,

    /* U+7ECF "经" */
    0x0, 0x0, 0x52, 0x0, 0x0, 0x0, 0x0, 0x0,
    0x0, 0x0, 0x0, 0x0, 0x0, 0xef, 0x90, 0x5,
    0x66, 0x66, 0x66, 0x67, 0x60, 0x0, 0x0, 0x5,
    0xff, 0x80, 0xc, 0xff, 0xff, 0xff, 0xff, 0xfe,
    0x10, 0x0, 0xc, 0xfe, 0x10, 0xb, 0xff, 0xff,
    0xff, 0xff, 0xfb, 0x0, 0x0, 0x4f, 0xf7, 0x0,
    0x0, 0x0, 0x0, 0x6, 0xff, 0xe1, 0x0, 0x0,
    0xdf, 0xd0, 0x4c, 0x30, 0x0, 0x0, 0x7f, 0xff,
    0x40, 0x0, 0x7, 0xff, 0x30, 0xdf, 0xf2, 0x0,
    0x1a, 0xff, 0xf6, 0x0, 0x0, 0x5f, 0xff, 0xce,
    0xff, 0x90, 0x7, 0xef, 0xff, 0xfb, 0x40, 0x0,
    0x5f, 0xff, 0xff, 0xfd, 0x27, 0xef, 0xff, 0xde,
    0xff, 0xfc, 0x40, 0xd, 0x98, 0xff, 0xf3, 0xdf,
    0xff, 0xe6, 0x0, 0x7e, 0xff, 0xf3, 0x0, 0xb,
    0xff, 0x60, 0x2f, 0xd6, 0x0, 0x0, 0x0, 0x8f,
    0xa0, 0x0, 0x9f, 0xfb, 0x68, 0x46, 0x66, 0x66,
    0x66, 0x66, 0x68, 0x10, 0x1a, 0xff, 0xff, 0xff,
    0x59, 0xff, 0xff, 0xff, 0xff, 0xff, 0x20, 0x4f,
    0xff, 0xff, 0xfc, 0x39, 0xff, 0xff, 0xff, 0xff,
    0xff, 0x20, 0xe, 0xd9, 0x62, 0x0, 0x0, 0x0,
    0x9, 0xff, 0x0, 0x0, 0x0, 0x1, 0x0, 0x0,
    0x3, 0x0, 0x0, 0x9, 0xff, 0x0, 0x0, 0x0,
    0x0, 0x3, 0x7b, 0xff, 0x30, 0x0, 0x9, 0xff,
    0x0, 0x0, 0x0, 0x3b, 0xff, 0xff, 0xff, 0x50,
    0x0, 0x9, 0xff, 0x0, 0x0, 0x0, 0x3f, 0xff,
    0xfd, 0x83, 0xdf, 0xff, 0xff, 0xff, 0xff, 0xff,
    0xf3, 0xf, 0xd8, 0x30, 0x0, 0xef, 0xff, 0xff,
    0xff, 0xff, 0xff, 0xf3, 0x2, 0x0, 0x0, 0x0,
    0xef, 0xff, 0xff, 0xff, 0xff, 0xff, 0xf3,

    /* U+7EDF "统" */
    0x0, 0x0, 0x87, 0x0, 0x0, 0x0, 0x5, 0x97,
    0x0, 0x0, 0x0, 0x0, 0x0, 0xff, 0xe0, 0x0,
    0x0, 0xd, 0xff, 0x0, 0x0, 0x0, 0x0, 0x5,
    0xff, 0xa0, 0x0, 0x0, 0x7, 0xff, 0x50, 0x0,
    0x0, 0x0, 0xc, 0xff, 0x30, 0x1d, 0xdd, 0xdd,
    0xfe, 0xdd, 0xdd, 0xd2, 0x0, 0x4f, 0xfa, 0x10,
    0x2f, 0xff, 0xff, 0xff, 0xff, 0xff, 0xf2, 0x0,
    0xcf, 0xf1, 0x9d, 0x48, 0x88, 0xef, 0xfb, 0x88,
    0x88, 0x81, 0x7, 0xff, 0x72, 0xff, 0xd0, 0x5,
    0xff, 0xc0, 0x2a, 0xa0, 0x0, 0x4f, 0xff, 0xdf,
    0xff, 0x50, 0x2e, 0xff, 0x20, 0x7f, 0xf4, 0x0,
    0xf, 0xff, 0xff, 0xfa, 0x1, 0xcf, 0xf5, 0x12,
    0x4f, 0xfe, 0x0, 0xb, 0xec, 0xff, 0xe1, 0x5e,
    0xff, 0xff, 0xff, 0xff, 0xff, 0x80, 0x0, 0xb,
    0xff, 0x40, 0x5f, 0xff, 0xff, 0xff, 0xff, 0xef,
    0xf1, 0x0, 0x8f, 0xf8, 0x26, 0x4f, 0xdd, 0xb8,
    0x45, 0x42, 0x3f, 0xc2, 0x8, 0xff, 0xff, 0xff,
    0x50, 0x1f, 0xf8, 0xe, 0xfb, 0x4, 0x0, 0xf,
    0xff, 0xff, 0xff, 0x40, 0x2f, 0xf7, 0xe, 0xfb,
    0x0, 0x0, 0xa, 0xff, 0xb7, 0x30, 0x0, 0x3f,
    0xf5, 0xe, 0xfb, 0x0, 0x0, 0x4, 0x40, 0x0,
    0x5, 0x40, 0x6f, 0xf3, 0xe, 0xfb, 0x3, 0x0,
    0x0, 0x0, 0x4a, 0xff, 0x90, 0xcf, 0xf0, 0xe,
    0xfb, 0xb, 0xd4, 0x4, 0x9e, 0xff, 0xff, 0x95,
    0xff, 0xa0, 0xe, 0xfb, 0xc, 0xf7, 0xf, 0xff,
    0xfe, 0x82, 0x6f, 0xff, 0x30, 0xd, 0xfd, 0x3e,
    0xf5, 0xb, 0xfb, 0x50, 0x7, 0xff, 0xf8, 0x0,
    0xb, 0xff, 0xff, 0xf1, 0x3, 0x20, 0x0, 0x0,
    0xcf, 0x70, 0x0, 0x3, 0xdf, 0xff, 0x70, 0x0,
    0x0, 0x0, 0x0, 0x22, 0x0, 0x0, 0x0, 0x0,
    0x0, 0x0,

    /* U+7F57 "罗" */
    0xe, 0xff, 0xff, 0xff, 0xff, 0xff, 0xff, 0xff,
    0xff, 0xb0, 0xef, 0xff, 0xff, 0xff, 0xff, 0xff,
    0xff, 0xff, 0xfb, 0xe, 0xfb, 0x33, 0xff, 0x93,
    0x3f, 0xf9, 0x33, 0xff, 0xb0, 0xef, 0x90, 0xe,
    0xf7, 0x0, 0xff, 0x70, 0xf, 0xfb, 0xe, 0xfb,
    0x44, 0xff, 0x94, 0x4f, 0xf9, 0x44, 0xff, 0xb0,
    0xef, 0xff, 0xff, 0xff, 0xff, 0xff, 0xff, 0xff,
    0xfb, 0xe, 0xff, 0xff, 0xff, 0xff, 0xff, 0xff,
    0xff, 0xff, 0xb0, 0x0, 0x0, 0xa, 0xff, 0x50,
    0x0, 0x0, 0x0, 0x0, 0x0, 0x0, 0xa, 0xff,
    0xf6, 0x55, 0x55, 0x57, 0x30, 0x0, 0x0, 0x1b,
    0xff, 0xff, 0xff, 0xff, 0xff, 0xff, 0x80, 0x0,
    0x5e, 0xff, 0xff, 0xff, 0xff, 0xff, 0xff, 0xf7,
    0x2, 0xdf, 0xff, 0xa2, 0x0, 0x0, 0x0, 0x4f,
    0xfd, 0x0, 0xa, 0xfe, 0x56, 0xfc, 0x10, 0x0,
    0x3f, 0xff, 0x30, 0x0, 0x7, 0x0, 0x8f, 0xfe,
    0x20, 0x5f, 0xff, 0x60, 0x0, 0x0, 0x0, 0x0,
    0x6f, 0xff, 0xaf, 0xff, 0x60, 0x0, 0x0, 0x0,
    0x0, 0x0, 0x7f, 0xff, 0xfe, 0x40, 0x0, 0x0,
    0x0, 0x0, 0x26, 0xbf, 0xff, 0xfb, 0x10, 0x0,
    0x0, 0x2, 0x7a, 0xef, 0xff, 0xff, 0xc4, 0x0,
    0x0, 0x0, 0x0, 0x1e, 0xff, 0xff, 0xe9, 0x30,
    0x0, 0x0, 0x0, 0x0, 0x0, 0x5f, 0xb8, 0x30,
    0x0, 0x0, 0x0, 0x0, 0x0, 0x0, 0x0, 0x0,
    0x0, 0x0, 0x0, 0x0, 0x0, 0x0, 0x0, 0x0,

    /* U+7F63 "罣" */
    0x0, 0xef, 0xff, 0xff, 0xff, 0xff, 0xff, 0xff,
    0xff, 0xfe, 0x0, 0x0, 0xff, 0xff, 0xff, 0xff,
    0xff, 0xff, 0xff, 0xff, 0xff, 0x0, 0x0, 0xff,
    0xa4, 0x4f, 0xf9, 0x44, 0xff, 0xa4, 0x4c, 0xff,
    0x0, 0x0, 0xff, 0x91, 0x1e, 0xf8, 0x11, 0xef,
    0x81, 0x1c, 0xff, 0x0, 0x0, 0xff, 0xff, 0xff,
    0xff, 0xff, 0xff, 0xff, 0xff, 0xff, 0x0, 0x0,
    0xef, 0xff, 0xff, 0xff, 0xff, 0xff, 0xff, 0xff,
    0xfe, 0x0, 0x0, 0x0, 0x0, 0x0, 0x6, 0xdd,
    0x10, 0x0, 0x0, 0x0, 0x0, 0x0, 0x9, 0xdd,
    0xdd, 0xde, 0xff, 0xed, 0xdd, 0xdd, 0xb0, 0x0,
    0x0, 0xb, 0xff, 0xff, 0xff, 0xff, 0xff, 0xff,
    0xff, 0xd0, 0x0, 0x0, 0x2, 0x33, 0x33, 0x39,
    0xff, 0x53, 0x33, 0x33, 0x20, 0x0, 0x1, 0x33,
    0x33, 0x33, 0x39, 0xff, 0x53, 0x33, 0x33, 0x33,
    0x10, 0x5, 0xff, 0xff, 0xff, 0xff, 0xff, 0xff,
    0xff, 0xff, 0xff, 0x70, 0x4, 0xee, 0xee, 0xee,
    0xee, 0xee, 0xee, 0xee, 0xee, 0xee, 0x60, 0x0,
    0x1, 0x11, 0x11, 0x19, 0xff, 0x31, 0x11, 0x11,
    0x10, 0x0, 0x0, 0x4f, 0xff, 0xff, 0xff, 0xff,
    0xff, 0xff, 0xff, 0xf6, 0x0, 0x0, 0x4f, 0xff,
    0xff, 0xff, 0xff, 0xff, 0xff, 0xff, 0xf6, 0x0,
    0x0, 0x0, 0x0, 0x0, 0x8, 0xff, 0x20, 0x0,
    0x0, 0x0, 0x0, 0xe, 0xee, 0xee, 0xee, 0xef,
    0xff, 0xee, 0xee, 0xee, 0xee, 0xe0, 0xf, 0xff,
    0xff, 0xff, 0xff, 0xff, 0xff, 0xff, 0xff, 0xff,
    0xf0, 0x3, 0x33, 0x33, 0x33, 0x33, 0x33, 0x33,
    0x33, 0x33, 0x33, 0x30,

    /* U+7F6E "置" */
    0xc, 0xff, 0xff, 0xff, 0xff, 0xff, 0xff, 0xff,
    0xff, 0xa0, 0xd, 0xff, 0xdd, 0xff, 0xfd, 0xdf,
    0xfe, 0xdd, 0xff, 0xa0, 0xd, 0xfd, 0x0, 0xbf,
    0xb0, 0xc, 0xf9, 0x0, 0xdf, 0xa0, 0xd, 0xff,
    0xee, 0xff, 0xfe, 0xef, 0xff, 0xee, 0xff, 0xa0,
    0xb, 0xee, 0xee, 0xee, 0xff, 0xfe, 0xee, 0xee,
    0xee, 0x90, 0x34, 0x44, 0x44, 0x44, 0xaf, 0xf6,
    0x44, 0x44, 0x44, 0x40, 0xcf, 0xff, 0xff, 0xff,
    0xff, 0xff, 0xff, 0xff, 0xff, 0xf1, 0x68, 0x88,
    0x88, 0x88, 0xef, 0xe8, 0x88, 0x88, 0x88, 0x80,
    0x0, 0x3a, 0xaa, 0xaa, 0xff, 0xea, 0xaa, 0xaa,
    0xa2, 0x0, 0x0, 0x4f, 0xff, 0xff, 0xff, 0xff,
    0xff, 0xff, 0xf4, 0x0, 0x0, 0x4f, 0xf5, 0x33,
    0x33, 0x33, 0x33, 0x7f, 0xf4, 0x0, 0x0, 0x4f,
    0xff, 0xff, 0xff, 0xff, 0xff, 0xff, 0xf4, 0x0,
    0x0, 0x4f, 0xf5, 0x33, 0x33, 0x33, 0x33, 0x7f,
    0xf4, 0x0, 0x0, 0x4f, 0xff, 0xff, 0xff, 0xff,
    0xff, 0xff, 0xf4, 0x0, 0x0, 0x4f, 0xf7, 0x55,
    0x55, 0x55, 0x55, 0x9f, 0xf4, 0x0, 0x0, 0x4f,
    0xf8, 0x77, 0x77, 0x77, 0x77, 0xaf, 0xf4, 0x0,
    0x0, 0x4f, 0xfe, 0xee, 0xee, 0xee, 0xee, 0xff,
    0xf4, 0x0, 0x34, 0x7f, 0xf6, 0x44, 0x44, 0x44,
    0x44, 0x8f, 0xf7, 0x44, 0xef, 0xff, 0xff, 0xff,
    0xff, 0xff, 0xff, 0xff, 0xff, 0xff, 0x89, 0x99,
    0x99, 0x99, 0x99, 0x99, 0x99, 0x99, 0x99, 0x99,

    /* U+8001 "老" */
    0x0, 0x0, 0x0, 0x2, 0xbb, 0x60, 0x0, 0x0,
    0x0, 0x0, 0x0, 0x0, 0x0, 0x0, 0x3, 0xff,
    0x90, 0x0, 0x0, 0x6, 0x81, 0x0, 0x0, 0x0,
    0x0, 0x4, 0xff, 0x90, 0x0, 0x0, 0x2f, 0xfe,
    0x10, 0x0, 0xf, 0xff, 0xff, 0xff, 0xff, 0xff,
    0xf7, 0xdf, 0xf7, 0x0, 0x0, 0xf, 0xff, 0xff,
    0xff, 0xff, 0xff, 0xff, 0xff, 0xb0, 0x0, 0x0,
    0x6, 0x66, 0x68, 0xff, 0xb6, 0x66, 0xef, 0xfd,
    0x10, 0x0, 0x0, 0x0, 0x0, 0x3, 0xff, 0x90,
    0xa, 0xff, 0xe1, 0x0, 0x0, 0x6, 0x66, 0x66,
    0x68, 0xff, 0xb6, 0xcf, 0xff, 0x86, 0x66, 0x60,
    0xf, 0xff, 0xff, 0xff, 0xff, 0xff, 0xff, 0xff,
    0xff, 0xff, 0xf0, 0xf, 0xff, 0xff, 0xff, 0xff,
    0xff, 0xff, 0xff, 0xff, 0xff, 0xf0, 0x0, 0x0,
    0x0, 0x2, 0xbf, 0xff, 0xa1, 0x0, 0x0, 0x0,
    0x0, 0x0, 0x0, 0x0, 0x7f, 0xff, 0xf7, 0x0,
    0x0, 0x30, 0x0, 0x0, 0x0, 0x0, 0x6d, 0xff,
    0xfd, 0x30, 0x3, 0x9f, 0xf6, 0x0, 0x0, 0x1,
    0x7e, 0xff, 0xff, 0xf3, 0x59, 0xef, 0xff, 0xff,
    0x40, 0x0, 0x4f, 0xff, 0xff, 0xef, 0xff, 0xff,
    0xff, 0xfa, 0x50, 0x0, 0x0, 0xa, 0xff, 0xa2,
    0xaf, 0xff, 0xfc, 0x84, 0x0, 0x0, 0x0, 0x0,
    0x0, 0x82, 0x0, 0xaf, 0xf5, 0x0, 0x0, 0x0,
    0x4, 0xd6, 0x0, 0x0, 0x0, 0x0, 0x9f, 0xf2,
    0x0, 0x0, 0x0, 0x6, 0xff, 0x20, 0x0, 0x0,
    0x0, 0x8f, 0xfa, 0x66, 0x66, 0x66, 0x6e, 0xff,
    0x0, 0x0, 0x0, 0x0, 0x4f, 0xff, 0xff, 0xff,
    0xff, 0xff, 0xf9, 0x0, 0x0, 0x0, 0x0, 0x5,
    0xce, 0xff, 0xff, 0xff, 0xfe, 0x90, 0x0,

    /* U+8028 "耨" */
    0x0, 0x2, 0xee, 0x20, 0x0, 0x0, 0x0, 0x0,
    0x0, 0x0, 0x0, 0x0, 0x2, 0xff, 0x30, 0x8,
    0xff, 0xff, 0xff, 0xff, 0xff, 0xf4, 0xf, 0xff,
    0xff, 0xff, 0xc8, 0xff, 0xff, 0xff, 0xff, 0xff,
    0xf3, 0xf, 0xff, 0xff, 0xff, 0xd8, 0xfb, 0x4,
    0x44, 0x44, 0x44, 0x10, 0x4, 0x46, 0xff, 0x64,
    0x38, 0xfb, 0x2f, 0xff, 0xff, 0xff, 0x50, 0x0,
    0x2, 0xff, 0x30, 0x8, 0xfb, 0x17, 0x77, 0x77,
    0x77, 0x20, 0xb, 0xff, 0xff, 0xff, 0x98, 0xfe,
    0xbb, 0xbb, 0xbb, 0xbb, 0xb3, 0xc, 0xff, 0xff,
    0xff, 0x98, 0xff, 0xff, 0xff, 0xff, 0xff, 0xf5,
    0x3, 0x46, 0xff, 0x64, 0x29, 0xfa, 0x1f, 0xe1,
    0xfc, 0xa, 0x50, 0x0, 0x2, 0xff, 0x30, 0x9,
    0xfa, 0x1f, 0xe0, 0x9f, 0xef, 0x80, 0x3f, 0xff,
    0xff, 0xff, 0xaa, 0xf9, 0x3f, 0xf9, 0xad, 0xfb,
    0x0, 0x3f, 0xff, 0xff, 0xff, 0xab, 0xf8, 0x9f,
    0xff, 0xc2, 0xef, 0xe3, 0x3, 0x3a, 0xff, 0xe3,
    0x2d, 0xf6, 0x2f, 0xa4, 0x5b, 0xc9, 0x90, 0x0,
    0xe, 0xff, 0xf8, 0xf, 0xf4, 0x13, 0x11, 0x7f,
    0xf2, 0x10, 0x0, 0x8f, 0xff, 0xff, 0x6f, 0xf6,
    0xff, 0xff, 0xff, 0xff, 0xf4, 0x3, 0xff, 0xff,
    0x9f, 0xff, 0xe3, 0xde, 0xdd, 0xef, 0xfd, 0xd3,
    0x1d, 0xfd, 0xff, 0x3a, 0xbf, 0xa0, 0xaf, 0x40,
    0x6f, 0xf0, 0x0, 0x3f, 0xf4, 0xff, 0x30, 0xff,
    0x60, 0x8f, 0xf2, 0x6f, 0xf0, 0x0, 0xb, 0x62,
    0xff, 0x37, 0xff, 0x10, 0xd, 0xd4, 0x7f, 0xf0,
    0x0, 0x1, 0x2, 0xff, 0x3a, 0xfa, 0x0, 0x2,
    0xe, 0xff, 0xf0, 0x0, 0x0, 0x2, 0xff, 0x30,
    0x72, 0x0, 0x0, 0xa, 0xfd, 0x60, 0x0,

    /* U+8033 "耳" */
    0x8, 0xdd, 0xdd, 0xdd, 0xdd, 0xdd, 0xdd, 0xdd,
    0xdd, 0xdd, 0xc0, 0xa, 0xff, 0xff, 0xff, 0xff,
    0xff, 0xff, 0xff, 0xff, 0xff, 0xf0, 0x8, 0xdd,
    0xef, 0xfe, 0xdd, 0xdd, 0xdd, 0xdf, 0xff, 0xdd,
    0xc0, 0x0, 0x0, 0x6f, 0xf6, 0x0, 0x0, 0x0,
    0x2f, 0xfb, 0x0, 0x0, 0x0, 0x0, 0x6f, 0xf6,
    0x0, 0x0, 0x0, 0x2f, 0xfb, 0x0, 0x0, 0x0,
    0x0, 0x6f, 0xff, 0xff, 0xff, 0xff, 0xff, 0xfb,
    0x0, 0x0, 0x0, 0x0, 0x6f, 0xff, 0xff, 0xff,
    0xff, 0xff, 0xfb, 0x0, 0x0, 0x0, 0x0, 0x6f,
    0xfb, 0x88, 0x88, 0x88, 0x9f, 0xfb, 0x0, 0x0,
    0x0, 0x0, 0x6f, 0xf6, 0x0, 0x0, 0x0, 0x2f,
    0xfb, 0x0, 0x0, 0x0, 0x0, 0x6f, 0xf6, 0x0,
    0x0, 0x0, 0x2f, 0xfb, 0x0, 0x0, 0x0, 0x0,
    0x6f, 0xff, 0xff, 0xff, 0xff, 0xff, 0xfb, 0x0,
    0x0, 0x0, 0x0, 0x6f, 0xff, 0xff, 0xff, 0xff,
    0xff, 0xfb, 0x0, 0x0, 0x0, 0x0, 0x6f, 0xfb,
    0x77, 0x77, 0x77, 0x8f, 0xfb, 0x0, 0x0, 0x0,
    0x0, 0x6f, 0xf6, 0x0, 0x0, 0x0, 0x2f, 0xfb,
    0x0, 0x0, 0x0, 0x0, 0x6f, 0xf8, 0x34, 0x56,
    0x78, 0xaf, 0xff, 0xef, 0xf3, 0x1c, 0xde, 0xff,
    0xff, 0xff, 0xff, 0xff, 0xff, 0xff, 0xff, 0xf3,
    0xf, 0xff, 0xff, 0xff, 0xff, 0xff, 0xff, 0xff,
    0xff, 0xba, 0x81, 0xe, 0xfd, 0xcb, 0xa8, 0x76,
    0x54, 0x31, 0x2f, 0xfb, 0x0, 0x0, 0x0, 0x0,
    0x0, 0x0, 0x0, 0x0, 0x0, 0x2f, 0xfb, 0x0,
    0x0, 0x0, 0x0, 0x0, 0x0, 0x0, 0x0, 0x0,
    0x2f, 0xfb, 0x0, 0x0,

    /* U+80FD "能" */
    0x0, 0xa, 0x62, 0x0, 0x0, 0x9, 0x96, 0x0,
    0x0, 0x0, 0x0, 0x7, 0xff, 0x90, 0x30, 0x0,
    0xff, 0xa0, 0x0, 0x40, 0x0, 0x1, 0xff, 0xe2,
    0xdf, 0x80, 0xf, 0xfa, 0x6, 0xdf, 0x80, 0x0,
    0xcf, 0xf4, 0xa, 0xff, 0x20, 0xff, 0xee, 0xff,
    0xfc, 0x10, 0xaf, 0xfe, 0xab, 0xdf, 0xfb, 0xf,
    0xff, 0xfe, 0x83, 0x0, 0x9, 0xff, 0xff, 0xff,
    0xff, 0xf2, 0xff, 0xc3, 0x0, 0x5, 0x0, 0x4d,
    0xa8, 0x75, 0x45, 0xfb, 0x2f, 0xfa, 0x0, 0x2,
    0xfe, 0x20, 0x0, 0x0, 0x0, 0x1, 0x0, 0xff,
    0xd5, 0x55, 0x9f, 0xf1, 0xf, 0xff, 0xff, 0xff,
    0xf4, 0xc, 0xff, 0xff, 0xff, 0xfd, 0x0, 0xff,
    0xff, 0xff, 0xff, 0x50, 0x3c, 0xff, 0xff, 0xfc,
    0x30, 0xf, 0xf8, 0x33, 0x7f, 0xf5, 0x4, 0x42,
    0x0, 0x0, 0x0, 0x0, 0xff, 0x83, 0x37, 0xff,
    0x50, 0xff, 0xa0, 0x0, 0x0, 0x0, 0xf, 0xff,
    0xff, 0xff, 0xf5, 0xf, 0xfa, 0x0, 0x6e, 0x60,
    0x0, 0xff, 0xdc, 0xcd, 0xff, 0x50, 0xff, 0xb7,
    0xef, 0xff, 0x30, 0xf, 0xf7, 0x0, 0x5f, 0xf5,
    0xf, 0xff, 0xff, 0xfb, 0x40, 0x0, 0xff, 0xff,
    0xff, 0xff, 0x50, 0xff, 0xfc, 0x61, 0x0, 0x0,
    0xf, 0xff, 0xee, 0xff, 0xf5, 0xf, 0xfa, 0x0,
    0x0, 0xa5, 0x0, 0xff, 0x60, 0x4, 0xff, 0x50,
    0xff, 0xa0, 0x0, 0xf, 0xf7, 0xf, 0xf6, 0x25,
    0x9f, 0xf4, 0xe, 0xfe, 0x77, 0x79, 0xff, 0x40,
    0xff, 0x62, 0xff, 0xff, 0x20, 0xaf, 0xff, 0xff,
    0xff, 0xe0, 0xf, 0xf6, 0xd, 0xec, 0x60, 0x1,
    0x9d, 0xee, 0xed, 0xb3, 0x0,

    /* U+81EA "自" */
    0x0, 0x0, 0x0, 0x7b, 0x94, 0x0, 0x0, 0x0,
    0x0, 0x0, 0x0, 0xc, 0xff, 0x40, 0x0, 0x0,
    0x0, 0x0, 0x0, 0x0, 0xff, 0xd0, 0x0, 0x0,
    0x0, 0xb, 0xff, 0xff, 0xff, 0xff, 0xff, 0xff,
    0xff, 0xf2, 0xcf, 0xff, 0xff, 0xff, 0xff, 0xff,
    0xff, 0xff, 0x3c, 0xff, 0x99, 0x99, 0x99, 0x99,
    0x99, 0xdf, 0xf3, 0xcf, 0xe0, 0x0, 0x0, 0x0,
    0x0, 0x9, 0xff, 0x3c, 0xfe, 0x0, 0x0, 0x0,
    0x0, 0x0, 0xaf, 0xf3, 0xcf, 0xff, 0xff, 0xff,
    0xff, 0xff, 0xff, 0xff, 0x3c, 0xff, 0xff, 0xff,
    0xff, 0xff, 0xff, 0xff, 0xf3, 0xcf, 0xf6, 0x66,
    0x66, 0x66, 0x66, 0x6c, 0xff, 0x3c, 0xfe, 0x0,
    0x0, 0x0, 0x0, 0x0, 0x9f, 0xf3, 0xcf, 0xe5,
    0x55, 0x55, 0x55, 0x55, 0x5c, 0xff, 0x3c, 0xff,
    0xff, 0xff, 0xff, 0xff, 0xff, 0xff, 0xf3, 0xcf,
    0xff, 0xff, 0xff, 0xff, 0xff, 0xff, 0xff, 0x3c,
    0xfe, 0x11, 0x11, 0x11, 0x11, 0x11, 0xaf, 0xf3,
    0xcf, 0xe0, 0x0, 0x0, 0x0, 0x0, 0x9, 0xff,
    0x3c, 0xff, 0x88, 0x88, 0x88, 0x88, 0x88, 0xcf,
    0xf3, 0xcf, 0xff, 0xff, 0xff, 0xff, 0xff, 0xff,
    0xff, 0x3c, 0xff, 0xff, 0xff, 0xff, 0xff, 0xff,
    0xff, 0xf3, 0xcf, 0xe0, 0x0, 0x0, 0x0, 0x0,
    0x9, 0xff, 0x30, 0x0, 0x0, 0x0, 0x0, 0x0,
    0x0, 0x0, 0x0,

    /* U+81F3 "至" */
    0x47, 0x77, 0x77, 0x77, 0x77, 0x77, 0x77, 0x77,
    0x77, 0x70, 0xa, 0xff, 0xff, 0xff, 0xff, 0xff,
    0xff, 0xff, 0xff, 0xff, 0x10, 0x9f, 0xff, 0xff,
    0xff, 0xff, 0xff, 0xff, 0xff, 0xff, 0xf1, 0x0,
    0x0, 0x2, 0xef, 0xf7, 0x0, 0x1, 0xb8, 0x0,
    0x0, 0x0, 0x0, 0x2, 0xef, 0xfa, 0x0, 0x0,
    0xdf, 0xfb, 0x10, 0x0, 0x0, 0x3, 0xef, 0xfb,
    0x0, 0x0, 0x2, 0xef, 0xfd, 0x20, 0x0, 0x6,
    0xff, 0xff, 0xee, 0xef, 0xff, 0xff, 0xff, 0xfe,
    0x20, 0x0, 0x4f, 0xff, 0xff, 0xff, 0xff, 0xff,
    0xff, 0xff, 0xfe, 0x20, 0x0, 0xed, 0xa9, 0x87,
    0x76, 0x55, 0x43, 0x33, 0xdf, 0xc1, 0x0, 0x1,
    0x0, 0x0, 0x4, 0xaa, 0x30, 0x0, 0x2, 0xa0,
    0x0, 0x0, 0x0, 0x0, 0x0, 0x7f, 0xf4, 0x0,
    0x0, 0x0, 0x0, 0x0, 0x7, 0x77, 0x77, 0x7b,
    0xff, 0xa7, 0x77, 0x77, 0x70, 0x0, 0x0, 0xff,
    0xff, 0xff, 0xff, 0xff, 0xff, 0xff, 0xff, 0x0,
    0x0, 0xe, 0xff, 0xff, 0xff, 0xff, 0xff, 0xff,
    0xff, 0xf0, 0x0, 0x0, 0x0, 0x0, 0x0, 0x7f,
    0xf4, 0x0, 0x0, 0x0, 0x0, 0x0, 0x0, 0x0,
    0x0, 0x7, 0xff, 0x40, 0x0, 0x0, 0x0, 0x0,
    0x0, 0x0, 0x0, 0x0, 0x7f, 0xf5, 0x0, 0x0,
    0x0, 0x0, 0xf, 0xff, 0xff, 0xff, 0xff, 0xff,
    0xff, 0xff, 0xff, 0xff, 0xf0, 0xff, 0xff, 0xff,
    0xff, 0xff, 0xff, 0xff, 0xff, 0xff, 0xff, 0x6,
    0x66, 0x66, 0x66, 0x66, 0x66, 0x66, 0x66, 0x66,
    0x66, 0x60,

    /* U+820C "舌" */
    0x0, 0x0, 0x0, 0x0, 0x0, 0x0, 0x0, 0x4,
    0x83, 0x0, 0x0, 0x0, 0x0, 0x1, 0x23, 0x56,
    0x8a, 0xdf, 0xff, 0xf4, 0x0, 0x0, 0x5f, 0xff,
    0xff, 0xff, 0xff, 0xff, 0xff, 0xfc, 0x70, 0x0,
    0x0, 0xff, 0xff, 0xff, 0xff, 0xfb, 0x86, 0x30,
    0x0, 0x0, 0x0, 0x4, 0x43, 0x32, 0x1b, 0xff,
    0x10, 0x0, 0x0, 0x0, 0x0, 0x0, 0x0, 0x0,
    0x0, 0xaf, 0xf1, 0x0, 0x0, 0x0, 0x0, 0x16,
    0x66, 0x66, 0x66, 0x6d, 0xff, 0x76, 0x66, 0x66,
    0x66, 0x53, 0xff, 0xff, 0xff, 0xff, 0xff, 0xff,
    0xff, 0xff, 0xff, 0xfd, 0x3f, 0xff, 0xff, 0xff,
    0xff, 0xff, 0xff, 0xff, 0xff, 0xff, 0xd0, 0x11,
    0x11, 0x11, 0x11, 0xbf, 0xf2, 0x11, 0x11, 0x11,
    0x10, 0x0, 0x0, 0x0, 0x0, 0xa, 0xff, 0x10,
    0x0, 0x0, 0x0, 0x0, 0x0, 0x12, 0x22, 0x22,
    0xbf, 0xf3, 0x22, 0x22, 0x21, 0x0, 0x0, 0xa,
    0xff, 0xff, 0xff, 0xff, 0xff, 0xff, 0xff, 0xb0,
    0x0, 0x0, 0xaf, 0xff, 0xff, 0xff, 0xff, 0xff,
    0xff, 0xfb, 0x0, 0x0, 0xa, 0xff, 0x54, 0x44,
    0x44, 0x44, 0x45, 0xff, 0xb0, 0x0, 0x0, 0xaf,
    0xf1, 0x0, 0x0, 0x0, 0x0, 0x1f, 0xfb, 0x0,
    0x0, 0xa, 0xff, 0x10, 0x0, 0x0, 0x0, 0x1,
    0xff, 0xb0, 0x0, 0x0, 0xaf, 0xf4, 0x44, 0x44,
    0x44, 0x44, 0x5f, 0xfb, 0x0, 0x0, 0xa, 0xff,
    0xff, 0xff, 0xff, 0xff, 0xff, 0xff, 0xb0, 0x0,
    0x0, 0xaf, 0xff, 0xff, 0xff, 0xff, 0xff, 0xff,
    0xfb, 0x0, 0x0, 0xa, 0xff, 0x32, 0x22, 0x22,
    0x22, 0x24, 0xff, 0xb0, 0x0, 0x0, 0x23, 0x30,
    0x0, 0x0, 0x0, 0x0, 0x0, 0x0, 0x0,

    /* U+820D "舍" */
    0x0, 0x0, 0x0, 0x0, 0x0, 0x0, 0x0, 0x0,
    0x0, 0x0, 0x0, 0x0, 0x0, 0x0, 0x0, 0x0,
    0xb8, 0x0, 0x0, 0x0, 0x0, 0x0, 0x0, 0x0,
    0x0, 0x0, 0x1c, 0xff, 0xa0, 0x0, 0x0, 0x0,
    0x0, 0x0, 0x0, 0x0, 0x3, 0xdf, 0xff, 0xf8,
    0x0, 0x0, 0x0, 0x0, 0x0, 0x0, 0x0, 0x8f,
    0xff, 0x8d, 0xff, 0xd3, 0x0, 0x0, 0x0, 0x0,
    0x0, 0x5e, 0xff, 0xe4, 0x0, 0xaf, 0xff, 0xb4,
    0x0, 0x0, 0x0, 0x5c, 0xff, 0xfd, 0x32, 0x22,
    0x28, 0xff, 0xff, 0xd7, 0x10, 0x5d, 0xff, 0xff,
    0xff, 0xff, 0xff, 0xff, 0xff, 0xff, 0xff, 0xd0,
    0x1e, 0xff, 0x8a, 0xff, 0xff, 0xff, 0xff, 0xff,
    0x5a, 0xff, 0x20, 0x3, 0x81, 0x1, 0x11, 0x1b,
    0xff, 0x31, 0x11, 0x0, 0x25, 0x0, 0x1, 0x55,
    0x55, 0x55, 0x5c, 0xff, 0x65, 0x55, 0x55, 0x54,
    0x0, 0x3, 0xff, 0xff, 0xff, 0xff, 0xff, 0xff,
    0xff, 0xff, 0xfb, 0x0, 0x3, 0xff, 0xff, 0xff,
    0xff, 0xff, 0xff, 0xff, 0xff, 0xfa, 0x0, 0x0,
    0x0, 0x0, 0x0, 0xa, 0xff, 0x10, 0x0, 0x0,
    0x0, 0x0, 0x0, 0x2, 0x44, 0x44, 0x4b, 0xff,
    0x54, 0x44, 0x43, 0x0, 0x0, 0x0, 0x7, 0xff,
    0xff, 0xff, 0xff, 0xff, 0xff, 0xfe, 0x0, 0x0,
    0x0, 0x7, 0xff, 0xff, 0xff, 0xff, 0xff, 0xff,
    0xfe, 0x0, 0x0, 0x0, 0x7, 0xff, 0x30, 0x0,
    0x0, 0x0, 0xe, 0xfe, 0x0, 0x0, 0x0, 0x7,
    0xff, 0x42, 0x22, 0x22, 0x22, 0x2f, 0xfe, 0x0,
    0x0, 0x0, 0x7, 0xff, 0xff, 0xff, 0xff, 0xff,
    0xff, 0xfe, 0x0, 0x0, 0x0, 0x7, 0xff, 0xff,
    0xff, 0xff, 0xff, 0xff, 0xfe, 0x0, 0x0, 0x0,
    0x7, 0xff, 0x52, 0x22, 0x22, 0x22, 0x2f, 0xfe,
    0x0, 0x0, 0x0, 0x0, 0x11, 0x0, 0x0, 0x0,
    0x0, 0x0, 0x0, 0x0, 0x0,

    /* U+822C "般" */
    0x0, 0x0, 0x6, 0x64, 0x0, 0x0, 0x0, 0x0,
    0x0, 0x0, 0x0, 0x0, 0x0, 0xf, 0xf9, 0x0,
    0x0, 0x57, 0x77, 0x78, 0x72, 0x0, 0x0, 0x13,
    0x6f, 0xf6, 0x33, 0x10, 0xcf, 0xff, 0xff, 0xf5,
    0x0, 0x0, 0xaf, 0xff, 0xff, 0xff, 0x70, 0xcf,
    0xec, 0xcf, 0xf5, 0x0, 0x0, 0xaf, 0xfe, 0xee,
    0xff, 0x70, 0xcf, 0xa0, 0x1f, 0xf5, 0x0, 0x0,
    0xaf, 0xa5, 0x40, 0xef, 0x70, 0xef, 0x90, 0x1f,
    0xf5, 0x0, 0x0, 0xaf, 0xdf, 0xe1, 0xef, 0x76,
    0xff, 0x70, 0xf, 0xfe, 0xc7, 0x0, 0xaf, 0xaa,
    0xf9, 0xef, 0xaf, 0xff, 0x20, 0xa, 0xff, 0xf9,
    0x0, 0xaf, 0xa2, 0xd4, 0xef, 0x75, 0xf9, 0x0,
    0x0, 0x34, 0x42, 0x3, 0xbf, 0xb3, 0x43, 0xff,
    0x75, 0x85, 0x55, 0x55, 0x65, 0x0, 0x1f, 0xff,
    0xff, 0xff, 0xff, 0x8f, 0xff, 0xff, 0xff, 0xff,
    0xb0, 0x1f, 0xff, 0xff, 0xff, 0xff, 0x7f, 0xff,
    0xff, 0xff, 0xff, 0x80, 0x0, 0xbf, 0x91, 0x20,
    0xef, 0x77, 0xfe, 0x10, 0x4, 0xff, 0x30, 0x0,
    0xcf, 0xbf, 0xc0, 0xef, 0x73, 0xff, 0x90, 0xb,
    0xfd, 0x0, 0x0, 0xdf, 0x7d, 0xf5, 0xef, 0x70,
    0xaf, 0xf5, 0x4f, 0xf6, 0x0, 0x0, 0xff, 0x55,
    0xfd, 0xef, 0x70, 0x1e, 0xff, 0xef, 0xd0, 0x0,
    0x2, 0xff, 0x30, 0xa3, 0xef, 0x70, 0x4, 0xff,
    0xff, 0x30, 0x0, 0x5, 0xff, 0x0, 0x0, 0xef,
    0x70, 0x6, 0xff, 0xff, 0xc3, 0x0, 0x9, 0xfd,
    0x2, 0x33, 0xff, 0x97, 0xdf, 0xff, 0xff, 0xff,
    0xc4, 0xe, 0xf8, 0x5, 0xff, 0xff, 0xbf, 0xff,
    0xc3, 0x2b, 0xff, 0xe1, 0x4, 0xe3, 0x1, 0xff,
    0xe8, 0xb, 0xc5, 0x0, 0x0, 0x3a, 0x40, 0x0,
    0x0, 0x0, 0x0, 0x0, 0x0, 0x0, 0x0, 0x0,
    0x0, 0x0,

    /* U+8272 "色" */
    0x0, 0x0, 0x0, 0xa, 0x61, 0x0, 0x0, 0x0,
    0x0, 0x0, 0x0, 0x0, 0x0, 0x0, 0x8f, 0xf7,
    0x0, 0x0, 0x0, 0x0, 0x0, 0x0, 0x0, 0x0,
    0x4, 0xff, 0xff, 0xff, 0xff, 0xfb, 0x10, 0x0,
    0x0, 0x0, 0x0, 0x2f, 0xff, 0xff, 0xff, 0xff,
    0xff, 0x50, 0x0, 0x0, 0x0, 0x2, 0xef, 0xf8,
    0x55, 0x55, 0xcf, 0xf9, 0x0, 0x0, 0x0, 0x0,
    0x4f, 0xff, 0x80, 0x0, 0x6, 0xff, 0xb0, 0x0,
    0x0, 0x0, 0x8, 0xff, 0xfe, 0x77, 0x77, 0x8f,
    0xff, 0x87, 0x77, 0x72, 0x0, 0x2f, 0xff, 0xff,
    0xff, 0xff, 0xff, 0xff, 0xff, 0xff, 0xf5, 0x0,
    0x8, 0xfe, 0xff, 0xff, 0xff, 0xff, 0xff, 0xff,
    0xff, 0xf5, 0x0, 0x1, 0x3b, 0xfd, 0x0, 0x1,
    0xff, 0x80, 0x0, 0x4f, 0xf5, 0x0, 0x0, 0xb,
    0xfd, 0x0, 0x1, 0xff, 0x80, 0x0, 0x4f, 0xf5,
    0x0, 0x0, 0xb, 0xff, 0x99, 0x9a, 0xff, 0xc9,
    0x99, 0xbf, 0xf5, 0x0, 0x0, 0xb, 0xff, 0xff,
    0xff, 0xff, 0xff, 0xff, 0xff, 0xf5, 0x0, 0x0,
    0xb, 0xff, 0xee, 0xee, 0xee, 0xee, 0xee, 0xff,
    0xf5, 0x0, 0x0, 0xb, 0xfd, 0x0, 0x0, 0x0,
    0x0, 0x0, 0x2a, 0xa3, 0x0, 0x0, 0xb, 0xfd,
    0x0, 0x0, 0x0, 0x0, 0x0, 0x0, 0x1d, 0x61,
    0x0, 0xb, 0xfd, 0x0, 0x0, 0x0, 0x0, 0x0,
    0x0, 0x3f, 0xf6, 0x0, 0xb, 0xfe, 0x0, 0x0,
    0x0, 0x0, 0x0, 0x0, 0x7f, 0xf3, 0x0, 0x8,
    0xff, 0xa7, 0x66, 0x66, 0x66, 0x66, 0x69, 0xff,
    0xf0, 0x0, 0x2, 0xff, 0xff, 0xff, 0xff, 0xff,
    0xff, 0xff, 0xff, 0x70, 0x0, 0x0, 0x3a, 0xdf,
    0xff, 0xff, 0xff, 0xff, 0xff, 0xc6, 0x0,

    /* U+82E5 "若" */
    0x0, 0x0, 0x2, 0xbb, 0x40, 0x0, 0x4, 0xbb,
    0x20, 0x0, 0x0, 0x0, 0x0, 0x3f, 0xf7, 0x0,
    0x0, 0x6f, 0xf3, 0x0, 0x0, 0xb, 0xff, 0xff,
    0xff, 0xff, 0xff, 0xff, 0xff, 0xff, 0xff, 0xc0,
    0xcf, 0xff, 0xff, 0xff, 0xff, 0xff, 0xff, 0xff,
    0xff, 0xfd, 0x6, 0x88, 0x89, 0xff, 0xb8, 0x88,
    0x8b, 0xff, 0x98, 0x88, 0x60, 0x0, 0x0, 0x3f,
    0xf8, 0x95, 0x10, 0x6f, 0xf3, 0x0, 0x0, 0x0,
    0x0, 0x1, 0x77, 0x9f, 0xf8, 0x3, 0x77, 0x10,
    0x0, 0x0, 0x45, 0x55, 0x55, 0x5d, 0xff, 0x75,
    0x55, 0x55, 0x55, 0x54, 0xf, 0xff, 0xff, 0xff,
    0xff, 0xff, 0xff, 0xff, 0xff, 0xff, 0xf0, 0xff,
    0xff, 0xff, 0xff, 0xff, 0xff, 0xff, 0xff, 0xff,
    0xff, 0x2, 0x22, 0x22, 0x8f, 0xfb, 0x22, 0x22,
    0x22, 0x22, 0x22, 0x20, 0x0, 0x0, 0x2f, 0xff,
    0x10, 0x0, 0x0, 0x0, 0x0, 0x0, 0x0, 0x0,
    0x1e, 0xff, 0xb6, 0x66, 0x66, 0x66, 0x66, 0x61,
    0x0, 0x0, 0x2d, 0xff, 0xff, 0xff, 0xff, 0xff,
    0xff, 0xff, 0x30, 0x0, 0x5f, 0xff, 0xff, 0xee,
    0xee, 0xee, 0xee, 0xff, 0xf3, 0x2, 0xaf, 0xff,
    0xff, 0xd0, 0x0, 0x0, 0x0, 0x8, 0xff, 0x30,
    0x1d, 0xff, 0x8b, 0xfd, 0x0, 0x0, 0x0, 0x0,
    0x8f, 0xf3, 0x0, 0x1b, 0x30, 0xbf, 0xe6, 0x66,
    0x66, 0x66, 0x6b, 0xff, 0x30, 0x0, 0x0, 0xb,
    0xff, 0xff, 0xff, 0xff, 0xff, 0xff, 0xf3, 0x0,
    0x0, 0x0, 0xbf, 0xff, 0xff, 0xff, 0xff, 0xff,
    0xff, 0x30, 0x0, 0x0, 0xb, 0xfd, 0x0, 0x0,
    0x0, 0x0, 0x8f, 0xf3, 0x0, 0x0, 0x0, 0x0,
    0x0, 0x0, 0x0, 0x0, 0x0, 0x0, 0x0,

    /* U+82E6 "苦" */
    0x0, 0x0, 0x3c, 0xc2, 0x0, 0x0, 0x6c, 0xc0,
    0x0, 0x0, 0x0, 0x0, 0x4f, 0xf3, 0x0, 0x0,
    0x8f, 0xf1, 0x0, 0x0, 0xaf, 0xff, 0xff, 0xff,
    0xff, 0xff, 0xff, 0xff, 0xff, 0xf9, 0xbf, 0xff,
    0xff, 0xff, 0xff, 0xff, 0xff, 0xff, 0xff, 0xf9,
    0x57, 0x77, 0xaf, 0xf9, 0x77, 0x77, 0xcf, 0xf8,
    0x77, 0x74, 0x0, 0x0, 0x4f, 0xf3, 0x24, 0x40,
    0x8f, 0xf1, 0x0, 0x0, 0x0, 0x0, 0x2a, 0xa2,
    0xaf, 0xf1, 0x5a, 0xa0, 0x0, 0x0, 0x11, 0x11,
    0x11, 0x11, 0xaf, 0xf2, 0x11, 0x11, 0x11, 0x11,
    0xcf, 0xff, 0xff, 0xff, 0xff, 0xff, 0xff, 0xff,
    0xff, 0xfa, 0xcf, 0xff, 0xff, 0xff, 0xff, 0xff,
    0xff, 0xff, 0xff, 0xfa, 0x46, 0x66, 0x66, 0x66,
    0xcf, 0xf6, 0x66, 0x66, 0x66, 0x63, 0x0, 0x0,
    0x0, 0x0, 0xaf, 0xf1, 0x0, 0x0, 0x0, 0x0,
    0x0, 0x48, 0x88, 0x88, 0xdf, 0xf9, 0x88, 0x88,
    0x85, 0x0, 0x0, 0x7f, 0xff, 0xff, 0xff, 0xff,
    0xff, 0xff, 0xfa, 0x0, 0x0, 0x7f, 0xfe, 0xee,
    0xee, 0xee, 0xee, 0xef, 0xfa, 0x0, 0x0, 0x7f,
    0xf1, 0x0, 0x0, 0x0, 0x0, 0x3f, 0xfa, 0x0,
    0x0, 0x7f, 0xf1, 0x0, 0x0, 0x0, 0x0, 0x3f,
    0xfa, 0x0, 0x0, 0x7f, 0xf6, 0x55, 0x55, 0x55,
    0x55, 0x7f, 0xfa, 0x0, 0x0, 0x7f, 0xff, 0xff,
    0xff, 0xff, 0xff, 0xff, 0xfa, 0x0, 0x0, 0x7f,
    0xff, 0xff, 0xff, 0xff, 0xff, 0xff, 0xfa, 0x0,
    0x0, 0x7f, 0xf3, 0x22, 0x22, 0x22, 0x22, 0x4f,
    0xfa, 0x0, 0x0, 0x0, 0x0, 0x0, 0x0, 0x0,
    0x0, 0x0, 0x0, 0x0,

    /* U+83E9 "菩" */
    0x0, 0x0, 0x29, 0x93, 0x0, 0x0, 0x49, 0x91,
    0x0, 0x0, 0x45, 0x55, 0x7f, 0xf9, 0x55, 0x55,
    0xaf, 0xf6, 0x55, 0x54, 0xcf, 0xff, 0xff, 0xff,
    0xff, 0xff, 0xff, 0xff, 0xff, 0xfd, 0xbf, 0xff,
    0xff, 0xff, 0xff, 0xff, 0xff, 0xff, 0xff, 0xfc,
    0x0, 0x0, 0x3f, 0xf5, 0x26, 0x90, 0x7f, 0xf2,
    0x0, 0x0, 0x0, 0x0, 0x15, 0x52, 0x7f, 0xf7,
    0x25, 0x50, 0x0, 0x0, 0xa, 0xff, 0xff, 0xff,
    0xff, 0xff, 0xff, 0xff, 0xff, 0xa0, 0xa, 0xff,
    0xff, 0xff, 0xff, 0xff, 0xff, 0xff, 0xff, 0xa0,
    0x1, 0x22, 0x8e, 0xf4, 0x22, 0x22, 0x2d, 0xfc,
    0x22, 0x10, 0x0, 0x0, 0x3f, 0xf8, 0x0, 0x0,
    0x3f, 0xf8, 0x0, 0x0, 0x45, 0x55, 0x5f, 0xfb,
    0x55, 0x55, 0xcf, 0xf6, 0x55, 0x54, 0xef, 0xff,
    0xff, 0xff, 0xff, 0xff, 0xff, 0xff, 0xff, 0xfe,
    0xdf, 0xff, 0xff, 0xff, 0xff, 0xff, 0xff, 0xff,
    0xff, 0xfe, 0x0, 0x2, 0x22, 0x22, 0x22, 0x22,
    0x22, 0x22, 0x20, 0x0, 0x0, 0x2f, 0xff, 0xff,
    0xff, 0xff, 0xff, 0xff, 0xf5, 0x0, 0x0, 0x2f,
    0xff, 0xff, 0xff, 0xff, 0xff, 0xff, 0xf5, 0x0,
    0x0, 0x2f, 0xf6, 0x11, 0x11, 0x11, 0x11, 0x5f,
    0xf5, 0x0, 0x0, 0x2f, 0xf5, 0x0, 0x0, 0x0,
    0x0, 0x4f, 0xf5, 0x0, 0x0, 0x2f, 0xff, 0xff,
    0xff, 0xff, 0xff, 0xff, 0xf5, 0x0, 0x0, 0x2f,
    0xff, 0xff, 0xff, 0xff, 0xff, 0xff, 0xf5, 0x0,
    0x0, 0x2f, 0xf8, 0x44, 0x44, 0x44, 0x44, 0x7f,
    0xf5, 0x0,

    /* U+8428 "萨" */
    0x0, 0x0, 0xb, 0xb6, 0x0, 0x0, 0x6b, 0xb1,
    0x0, 0x0, 0x23, 0x33, 0x4f, 0xfb, 0x33, 0x33,
    0xaf, 0xf4, 0x33, 0x32, 0xcf, 0xff, 0xff, 0xff,
    0xff, 0xff, 0xff, 0xff, 0xff, 0xfd, 0xcf, 0xff,
    0xff, 0xff, 0xff, 0xff, 0xff, 0xff, 0xff, 0xfc,
    0x0, 0x0, 0x1f, 0xf9, 0x0, 0x0, 0x9f, 0xf2,
    0x0, 0x0, 0x12, 0x22, 0x27, 0x42, 0x0, 0x0,
    0xbf, 0xa0, 0x0, 0x0, 0x6f, 0xff, 0xff, 0xe5,
    0x0, 0x0, 0x9f, 0xe1, 0x0, 0x0, 0x6f, 0xff,
    0xff, 0xf4, 0xcf, 0xff, 0xff, 0xff, 0xff, 0xf6,
    0x6f, 0xe0, 0x7f, 0xe0, 0xcf, 0xff, 0xff, 0xff,
    0xff, 0xf6, 0x6f, 0xe0, 0xcf, 0x80, 0x13, 0xbf,
    0x21, 0x19, 0xe8, 0x10, 0x6f, 0xe1, 0xff, 0x20,
    0x0, 0xdf, 0x70, 0xe, 0xf9, 0x0, 0x6f, 0xe3,
    0xff, 0x40, 0x58, 0xcf, 0x96, 0x9f, 0xf7, 0x64,
    0x6f, 0xe0, 0x7f, 0xe0, 0xcf, 0xff, 0xff, 0xff,
    0xff, 0xfc, 0x6f, 0xe0, 0x1f, 0xf4, 0xcf, 0xfd,
    0xdd, 0xdd, 0xdd, 0xd9, 0x6f, 0xe0, 0xe, 0xf7,
    0xdf, 0xa0, 0x0, 0x0, 0x0, 0x0, 0x6f, 0xe3,
    0x5f, 0xf6, 0xef, 0x90, 0x0, 0x0, 0x0, 0x0,
    0x6f, 0xe8, 0xff, 0xf2, 0xff, 0x70, 0x0, 0x0,
    0x0, 0x0, 0x6f, 0xe3, 0xca, 0x35, 0xff, 0x30,
    0x0, 0x0, 0x0, 0x0, 0x6f, 0xe0, 0x0, 0xd,
    0xfe, 0x0, 0x0, 0x0, 0x0, 0x0, 0x6f, 0xe0,
    0x0, 0x8f, 0xf6, 0x0, 0x0, 0x0, 0x0, 0x0,
    0x6f, 0xe0, 0x0, 0x7, 0xa0, 0x0, 0x0, 0x0,
    0x0, 0x0,

    /* U+8574 "蕴" */
    0x0, 0x0, 0x0, 0x99, 0x40, 0x0, 0x5, 0x97,
    0x0, 0x0, 0x0, 0x4, 0x55, 0x55, 0xff, 0xb5,
    0x55, 0x5b, 0xfe, 0x55, 0x55, 0x40, 0xd, 0xff,
    0xff, 0xff, 0xff, 0xff, 0xff, 0xff, 0xff, 0xff,
    0xe0, 0xc, 0xff, 0xff, 0xff, 0xff, 0xff, 0xff,
    0xff, 0xff, 0xff, 0xd0, 0x0, 0x0, 0x0, 0xff,
    0x80, 0x0, 0x9, 0xfd, 0x0, 0x0, 0x0, 0x0,
    0x0, 0x9f, 0xd3, 0x10, 0x2a, 0xac, 0xdd, 0xaa,
    0xa6, 0x0, 0x0, 0x4, 0xff, 0x70, 0x0, 0x4f,
    0xff, 0xff, 0xff, 0xf9, 0x0, 0x0, 0x1e, 0xfc,
    0x4, 0x50, 0x4f, 0xe0, 0x0, 0xa, 0xf9, 0x0,
    0x0, 0xcf, 0xe1, 0x1e, 0xfa, 0x4f, 0xfa, 0xaa,
    0xad, 0xf9, 0x0, 0xd, 0xff, 0xee, 0xff, 0xf6,
    0x4f, 0xff, 0xff, 0xff, 0xf9, 0x0, 0xb, 0xff,
    0xff, 0xff, 0x80, 0x4f, 0xe0, 0x0, 0xa, 0xf9,
    0x0, 0x4, 0x64, 0xaf, 0xf8, 0x0, 0x4f, 0xff,
    0xff, 0xff, 0xf9, 0x0, 0x0, 0x8, 0xff, 0x93,
    0x50, 0x28, 0x88, 0x88, 0x88, 0x85, 0x0, 0x0,
    0xaf, 0xff, 0xff, 0xf0, 0xbb, 0xbb, 0xbb, 0xbb,
    0xbb, 0x20, 0xc, 0xff, 0xff, 0xff, 0xc1, 0xff,
    0xff, 0xff, 0xff, 0xff, 0x30, 0x7, 0xeb, 0x74,
    0x20, 0x0, 0xff, 0x2d, 0x98, 0xf1, 0xef, 0x30,
    0x1, 0x0, 0x0, 0x25, 0x80, 0xff, 0x2d, 0x98,
    0xf1, 0xef, 0x30, 0x2, 0x58, 0xbe, 0xff, 0xf0,
    0xff, 0x2d, 0x98, 0xf1, 0xef, 0x30, 0xd, 0xff,
    0xff, 0xff, 0xfa, 0xff, 0xbf, 0xdd, 0xfb, 0xff,
    0xb2, 0xa, 0xff, 0xea, 0x51, 0x8f, 0xff, 0xff,
    0xff, 0xff, 0xff, 0xf4, 0x6, 0x73, 0x0, 0x0,
    0x8f, 0xff, 0xff, 0xff, 0xff, 0xff, 0xf4,

    /* U+85D0 "藐" */
    0x0, 0x0, 0x0, 0xbb, 0x60, 0x0, 0x0, 0xbb,
    0x60, 0x0, 0x0, 0x2, 0x33, 0x34, 0xff, 0xa3,
    0x33, 0x34, 0xff, 0xa3, 0x33, 0x30, 0xc, 0xff,
    0xff, 0xff, 0xff, 0xff, 0xff, 0xff, 0xff, 0xff,
    0xf0, 0xc, 0xff, 0xff, 0xff, 0xff, 0xff, 0xff,
    0xff, 0xff, 0xff, 0xf0, 0x0, 0x11, 0x12, 0xff,
    0x91, 0x11, 0x11, 0xff, 0x91, 0x11, 0x10, 0x0,
    0x0, 0x2, 0xaf, 0x80, 0x0, 0x0, 0xec, 0x80,
    0x0, 0x0, 0x1, 0x48, 0xdf, 0xfc, 0x30, 0x0,
    0x3, 0xff, 0x80, 0x0, 0x0, 0xa, 0xff, 0xfb,
    0xa4, 0x1, 0x6f, 0xff, 0xff, 0xff, 0xff, 0x30,
    0x2, 0xa7, 0x43, 0xff, 0xbf, 0xbf, 0xfc, 0xcc,
    0xcd, 0xff, 0x30, 0x0, 0x1f, 0xf3, 0xbf, 0xfd,
    0x8f, 0xf0, 0x0, 0x3, 0xff, 0x30, 0x0, 0xa,
    0xff, 0xff, 0x80, 0x6f, 0xff, 0xff, 0xff, 0xff,
    0x30, 0x8, 0xff, 0xff, 0xfe, 0x10, 0x6f, 0xfa,
    0xaa, 0xab, 0xff, 0x30, 0x1, 0xfc, 0x64, 0xff,
    0x80, 0x6f, 0xf3, 0x33, 0x35, 0xff, 0x30, 0x0,
    0x4, 0xaf, 0xff, 0xf0, 0x6f, 0xff, 0xff, 0xff,
    0xff, 0x30, 0x7, 0xef, 0xfa, 0x4f, 0xf5, 0x4a,
    0xcf, 0xfa, 0xff, 0xca, 0x10, 0x3, 0xfb, 0x36,
    0xff, 0xf8, 0x0, 0x7f, 0xe0, 0xff, 0x60, 0x0,
    0x0, 0x26, 0xdf, 0xfe, 0xf9, 0x0, 0xbf, 0xb0,
    0xff, 0x60, 0x0, 0x9, 0xff, 0xfb, 0x2b, 0xf8,
    0x3, 0xff, 0x70, 0xff, 0x65, 0x60, 0x8, 0xfc,
    0x51, 0x3f, 0xf6, 0x5e, 0xfe, 0x10, 0xef, 0x89,
    0xf5, 0x0, 0x30, 0x4f, 0xff, 0xe6, 0xff, 0xf4,
    0x0, 0xdf, 0xff, 0xf2, 0x0, 0x0, 0xf, 0xfd,
    0x40, 0xaa, 0x20, 0x0, 0x4c, 0xdd, 0x70, 0x0,
    0x0, 0x0, 0x0, 0x0, 0x0, 0x0, 0x0, 0x0,
    0x0, 0x0,

    /* U+865A "虚" */
    0x0, 0x0, 0x0, 0x0, 0x5, 0x88, 0x0, 0x0,
    0x0, 0x0, 0x0, 0x0, 0x0, 0x0, 0x0, 0xaf,
    0xf2, 0x22, 0x22, 0x22, 0x0, 0x0, 0x0, 0x0,
    0x0, 0xa, 0xff, 0xff, 0xff, 0xff, 0xf2, 0x0,
    0x0, 0x0, 0x0, 0x0, 0xaf, 0xff, 0xff, 0xff,
    0xff, 0x20, 0x0, 0x13, 0x43, 0x33, 0x3b, 0xff,
    0x33, 0x33, 0x33, 0x42, 0x0, 0x8, 0xff, 0xff,
    0xff, 0xff, 0xff, 0xff, 0xff, 0xff, 0xf9, 0x0,
    0x8f, 0xfd, 0xdd, 0xdf, 0xff, 0xdd, 0xdd, 0xde,
    0xff, 0x60, 0x8, 0xff, 0x10, 0x0, 0xbf, 0xe5,
    0x67, 0x95, 0x9f, 0xf1, 0x0, 0x8f, 0xf5, 0xef,
    0xff, 0xff, 0xff, 0xff, 0xa3, 0x89, 0x0, 0x8,
    0xff, 0x4d, 0xba, 0xdf, 0xf5, 0x43, 0x20, 0x8,
    0xa3, 0x0, 0x8f, 0xf1, 0x0, 0x8, 0xff, 0xed,
    0xdd, 0xdd, 0xff, 0x60, 0x8, 0xff, 0x10, 0x0,
    0x1b, 0xff, 0xff, 0xff, 0xff, 0xa0, 0x0, 0x9f,
    0xf0, 0x0, 0x18, 0x81, 0x29, 0x92, 0x0, 0x0,
    0x0, 0xa, 0xff, 0x17, 0x23, 0xff, 0x34, 0xff,
    0x30, 0xa5, 0x10, 0x0, 0xcf, 0xde, 0xf9, 0x3f,
    0xf3, 0x4f, 0xf3, 0x6f, 0xf7, 0x0, 0xe, 0xfb,
    0x7f, 0xf5, 0xff, 0x34, 0xff, 0x3d, 0xfd, 0x0,
    0x2, 0xff, 0x81, 0xff, 0xaf, 0xf3, 0x4f, 0xf8,
    0xff, 0x30, 0x0, 0x6f, 0xf5, 0xc, 0x96, 0xff,
    0x34, 0xff, 0x6a, 0x80, 0x0, 0xc, 0xff, 0x88,
    0x88, 0x9f, 0xf9, 0xaf, 0xf9, 0x88, 0x88, 0x43,
    0xff, 0xbe, 0xff, 0xff, 0xff, 0xff, 0xff, 0xff,
    0xff, 0xf8, 0x4, 0xe5, 0xef, 0xff, 0xff, 0xff,
    0xff, 0xff, 0xff, 0xff, 0x80, 0x1, 0x0, 0x0,
    0x0, 0x0, 0x0, 0x0, 0x0, 0x0, 0x0,

    /* U+871C "蜜" */
    0x0, 0x0, 0x0, 0x0, 0x37, 0x80, 0x0, 0x0,
    0x0, 0x0, 0x1, 0x11, 0x11, 0x11, 0xaf, 0xf5,
    0x11, 0x11, 0x11, 0x10, 0x7f, 0xff, 0xff, 0xff,
    0xff, 0xff, 0xff, 0xff, 0xff, 0xf7, 0x7f, 0xff,
    0xff, 0xff, 0xff, 0xff, 0xff, 0xff, 0xff, 0xf7,
    0x7f, 0xe0, 0x1, 0x1a, 0xff, 0xa1, 0x5f, 0xc1,
    0x2f, 0xf7, 0x4a, 0xc6, 0xd, 0xf6, 0x6f, 0xb8,
    0xff, 0x85, 0x6a, 0xa4, 0x1, 0xdf, 0x7d, 0xf6,
    0x7, 0xef, 0xf6, 0x6f, 0xf9, 0x0, 0xc, 0xfd,
    0xd, 0xfb, 0xdf, 0xfb, 0x23, 0x78, 0xff, 0xc1,
    0x2, 0xb5, 0x7e, 0xff, 0xff, 0xeb, 0xbe, 0xf9,
    0x4f, 0xd3, 0x2b, 0xff, 0xff, 0xff, 0xff, 0xff,
    0xff, 0xd1, 0x3, 0x0, 0xa, 0xfd, 0x94, 0x0,
    0x6b, 0xb1, 0x10, 0x0, 0x0, 0x0, 0x0, 0x6b,
    0xbb, 0xbb, 0xef, 0xfb, 0xbb, 0xbb, 0xb9, 0x0,
    0x0, 0x6f, 0xff, 0xff, 0xff, 0xff, 0xff, 0xff,
    0xfc, 0x0, 0x0, 0x6f, 0xf3, 0x33, 0xaf, 0xf4,
    0x33, 0x3f, 0xfc, 0x0, 0x0, 0x6f, 0xf1, 0x11,
    0x9f, 0xf2, 0x11, 0x1f, 0xfc, 0x0, 0x0, 0x6f,
    0xff, 0xff, 0xff, 0xff, 0xff, 0xff, 0xfc, 0x0,
    0x0, 0x5d, 0xdd, 0xdd, 0xff, 0xfe, 0xdd, 0xff,
    0xea, 0x0, 0x0, 0x0, 0x0, 0x0, 0x8f, 0xf2,
    0x14, 0xff, 0xe4, 0x0, 0x2c, 0xdd, 0xde, 0xef,
    0xff, 0xff, 0xff, 0xff, 0xff, 0x70, 0x1f, 0xff,
    0xff, 0xff, 0xff, 0xff, 0xff, 0xfe, 0xff, 0xf8,
    0x7, 0x66, 0x55, 0x43, 0x32, 0x21, 0x0, 0x0,
    0xb, 0x91, 0x0, 0x0, 0x0, 0x0, 0x0, 0x0,
    0x0, 0x0, 0x0, 0x0,

    /* U+884C "行" */
    0x0, 0x0, 0x7, 0x50, 0x0, 0x0, 0x0, 0x0,
    0x0, 0x0, 0x0, 0x0, 0x0, 0x6f, 0xfc, 0x1,
    0x77, 0x77, 0x77, 0x77, 0x77, 0x40, 0x0, 0x6,
    0xff, 0xf2, 0x3, 0xff, 0xff, 0xff, 0xff, 0xff,
    0x80, 0x0, 0x7f, 0xff, 0x30, 0x3, 0xff, 0xff,
    0xff, 0xff, 0xff, 0x80, 0x1b, 0xff, 0xf3, 0x0,
    0x0, 0x0, 0x0, 0x0, 0x0, 0x0, 0x0, 0x1e,
    0xfe, 0x30, 0xc9, 0x20, 0x0, 0x0, 0x0, 0x0,
    0x0, 0x0, 0x4, 0xb1, 0x8, 0xff, 0x90, 0x0,
    0x0, 0x0, 0x0, 0x0, 0x0, 0x0, 0x0, 0x5f,
    0xfe, 0x17, 0x77, 0x77, 0x77, 0x77, 0x77, 0x70,
    0x0, 0x3, 0xff, 0xf3, 0x2f, 0xff, 0xff, 0xff,
    0xff, 0xff, 0xf1, 0x0, 0x3f, 0xff, 0xa0, 0x2f,
    0xff, 0xff, 0xff, 0xff, 0xff, 0xf1, 0x4, 0xff,
    0xff, 0x90, 0x0, 0x0, 0x0, 0xa, 0xff, 0x20,
    0x0, 0x5f, 0xff, 0xff, 0x90, 0x0, 0x0, 0x0,
    0xa, 0xff, 0x10, 0x0, 0x1d, 0xfc, 0xff, 0x90,
    0x0, 0x0, 0x0, 0xa, 0xff, 0x10, 0x0, 0x3,
    0xa1, 0xff, 0x90, 0x0, 0x0, 0x0, 0xa, 0xff,
    0x10, 0x0, 0x0, 0x1, 0xff, 0x90, 0x0, 0x0,
    0x0, 0xa, 0xff, 0x10, 0x0, 0x0, 0x1, 0xff,
    0x90, 0x0, 0x0, 0x0, 0xa, 0xff, 0x10, 0x0,
    0x0, 0x1, 0xff, 0x90, 0x0, 0x0, 0x0, 0xa,
    0xff, 0x10, 0x0, 0x0, 0x1, 0xff, 0x90, 0x0,
    0x0, 0x0, 0xa, 0xff, 0x10, 0x0, 0x0, 0x1,
    0xff, 0x90, 0x0, 0x1, 0xaa, 0xae, 0xff, 0x0,
    0x0, 0x0, 0x1, 0xff, 0x90, 0x0, 0x0, 0xdf,
    0xff, 0xfd, 0x0, 0x0, 0x0, 0x1, 0xff, 0x90,
    0x0, 0x0, 0x9f, 0xfe, 0xa2, 0x0, 0x0, 0x0,
    0x0, 0x11, 0x0, 0x0, 0x0, 0x0, 0x0, 0x0,
    0x0, 0x0,

    /* U+89C1 "见" */
    0x0, 0x7, 0xbb, 0xbb, 0xbb, 0xbb, 0xbb, 0xbb,
    0xbb, 0x70, 0x0, 0x0, 0xa, 0xff, 0xff, 0xff,
    0xff, 0xff, 0xff, 0xff, 0xb0, 0x0, 0x0, 0xa,
    0xff, 0xff, 0xff, 0xff, 0xff, 0xff, 0xff, 0xb0,
    0x0, 0x0, 0xa, 0xff, 0x10, 0x0, 0x0, 0x0,
    0x2, 0xff, 0xb0, 0x0, 0x0, 0xa, 0xff, 0x10,
    0x3, 0x55, 0x0, 0x2, 0xff, 0xb0, 0x0, 0x0,
    0xa, 0xff, 0x10, 0xb, 0xff, 0x10, 0x2, 0xff,
    0xb0, 0x0, 0x0, 0xa, 0xff, 0x10, 0xb, 0xff,
    0x0, 0x2, 0xff, 0xb0, 0x0, 0x0, 0xa, 0xff,
    0x10, 0xc, 0xff, 0x0, 0x2, 0xff, 0xb0, 0x0,
    0x0, 0xa, 0xff, 0x10, 0xd, 0xfe, 0x0, 0x2,
    0xff, 0xb0, 0x0, 0x0, 0xa, 0xff, 0x10, 0xf,
    0xfc, 0x0, 0x2, 0xff, 0xb0, 0x0, 0x0, 0xa,
    0xff, 0x10, 0x1f, 0xfa, 0x0, 0x2, 0xff, 0xb0,
    0x0, 0x0, 0xa, 0xff, 0x10, 0x5f, 0xfe, 0xc6,
    0x2, 0xff, 0xb0, 0x0, 0x0, 0xa, 0xff, 0x10,
    0xaf, 0xff, 0xf9, 0x2, 0xff, 0xb0, 0x0, 0x0,
    0x0, 0x11, 0x3, 0xff, 0xff, 0xf9, 0x0, 0x11,
    0x10, 0x0, 0x0, 0x0, 0x0, 0x1d, 0xff, 0x8f,
    0xf9, 0x0, 0x0, 0x1e, 0x81, 0x0, 0x0, 0x3,
    0xdf, 0xfc, 0x2f, 0xf9, 0x0, 0x0, 0x2f, 0xf4,
    0x0, 0x2, 0x9f, 0xff, 0xd1, 0x1f, 0xfb, 0x11,
    0x11, 0x8f, 0xf1, 0x18, 0xcf, 0xff, 0xfb, 0x10,
    0xf, 0xff, 0xff, 0xff, 0xff, 0xd0, 0xb, 0xff,
    0xfd, 0x50, 0x0, 0x7, 0xff, 0xff, 0xff, 0xff,
    0x40, 0x1, 0xea, 0x40, 0x0, 0x0, 0x0, 0x14,
    0x55, 0x55, 0x41, 0x0, 0x0, 0x0, 0x0, 0x0,
    0x0, 0x0, 0x0, 0x0, 0x0, 0x0, 0x0,

    /* U+89C2 "观" */
    0x0, 0x0, 0x0, 0x1, 0x0, 0x9a, 0xaa, 0xaa,
    0xaa, 0xaa, 0x70, 0xc, 0xff, 0xff, 0xff, 0xe5,
    0xef, 0xff, 0xff, 0xff, 0xff, 0xa0, 0xc, 0xff,
    0xff, 0xff, 0xf5, 0xef, 0xda, 0xaa, 0xaa, 0xff,
    0xa0, 0x5, 0x77, 0x77, 0xaf, 0xf3, 0xef, 0x90,
    0x0, 0x0, 0xef, 0xa0, 0x0, 0x0, 0x0, 0x7f,
    0xf1, 0xef, 0x90, 0x9a, 0x50, 0xef, 0xa0, 0x0,
    0x23, 0x0, 0xaf, 0xe0, 0xef, 0x90, 0xef, 0x80,
    0xef, 0xa0, 0x6, 0xfe, 0x10, 0xef, 0xb0, 0xef,
    0x90, 0xef, 0x80, 0xef, 0xa0, 0x3, 0xff, 0xb2,
    0xff, 0x80, 0xef, 0x90, 0xef, 0x80, 0xef, 0xa0,
    0x0, 0x7f, 0xfc, 0xff, 0x40, 0xef, 0x90, 0xff,
    0x80, 0xef, 0xa0, 0x0, 0xc, 0xff, 0xff, 0x0,
    0xef, 0x90, 0xff, 0x70, 0xef, 0xa0, 0x0, 0x2,
    0xff, 0xfb, 0x0, 0xef, 0x92, 0xff, 0x50, 0xef,
    0xa0, 0x0, 0x0, 0x9f, 0xf9, 0x0, 0xef, 0x95,
    0xff, 0x20, 0xef, 0xa0, 0x0, 0x0, 0xef, 0xff,
    0x10, 0x0, 0xa, 0xff, 0x94, 0x0, 0x0, 0x0,
    0x6, 0xff, 0xff, 0xa0, 0x0, 0x1f, 0xff, 0xf7,
    0x0, 0x0, 0x0, 0xe, 0xff, 0xdf, 0xf3, 0x0,
    0x9f, 0xff, 0xf7, 0x1, 0x0, 0x0, 0x9f, 0xf9,
    0x3f, 0xf6, 0x5, 0xff, 0xbf, 0xf7, 0x6, 0xe5,
    0x5, 0xff, 0xe1, 0xb, 0x50, 0x4f, 0xfe, 0x1f,
    0xf7, 0x7, 0xf8, 0x2f, 0xff, 0x50, 0x0, 0x8,
    0xff, 0xf4, 0xf, 0xf7, 0xa, 0xf6, 0x6, 0xf9,
    0x0, 0x0, 0xcf, 0xff, 0x40, 0xe, 0xff, 0xff,
    0xf3, 0x0, 0x50, 0x0, 0x0, 0x2f, 0xc2, 0x0,
    0x5, 0xef, 0xff, 0x90, 0x0, 0x0, 0x0, 0x0,
    0x2, 0x0, 0x0, 0x0, 0x0, 0x0, 0x0,

    /* U+89E6 "触" */
    0x0, 0x5, 0x95, 0x0, 0x0, 0x0, 0x0, 0x7a,
    0xa0, 0x0, 0x0, 0x0, 0xa, 0xfd, 0x0, 0x0,
    0x0, 0x0, 0xbf, 0xf0, 0x0, 0x0, 0x0, 0xf,
    0xff, 0xef, 0x80, 0x0, 0x0, 0xbf, 0xf0, 0x0,
    0x0, 0x0, 0x6f, 0xff, 0xff, 0xf3, 0x0, 0x0,
    0xbf, 0xf0, 0x0, 0x0, 0x0, 0xdf, 0xc2, 0x8f,
    0xd0, 0xa, 0xbb, 0xef, 0xfb, 0xbb, 0x30, 0x6,
    0xff, 0x50, 0xcf, 0x70, 0xe, 0xff, 0xff, 0xff,
    0xff, 0x40, 0x2f, 0xff, 0xff, 0xff, 0xff, 0x2e,
    0xf8, 0xaf, 0xe7, 0xff, 0x40, 0x2e, 0xff, 0xff,
    0xff, 0xff, 0x2e, 0xf2, 0x6f, 0xc0, 0xef, 0x40,
    0x1, 0xff, 0x2c, 0xf1, 0xef, 0x2e, 0xf2, 0x6f,
    0xc0, 0xef, 0x40, 0x0, 0xff, 0x3c, 0xf2, 0xef,
    0x2e, 0xf2, 0x6f, 0xc0, 0xef, 0x40, 0x0, 0xff,
    0xff, 0xff, 0xff, 0x2e, 0xf2, 0x6f, 0xc0, 0xef,
    0x40, 0x0, 0xff, 0xdf, 0xfd, 0xff, 0x2e, 0xff,
    0xff, 0xff, 0xff, 0x40, 0x0, 0xff, 0x2c, 0xf1,
    0xef, 0x2e, 0xff, 0xff, 0xff, 0xff, 0x40, 0x0,
    0xff, 0x2c, 0xf2, 0xef, 0x24, 0x44, 0xcf, 0xf4,
    0x44, 0x10, 0x1, 0xff, 0xff, 0xff, 0xff, 0x20,
    0x0, 0xaf, 0xf3, 0x86, 0x0, 0x2, 0xff, 0xef,
    0xfe, 0xff, 0x20, 0x0, 0xaf, 0xf7, 0xfe, 0x0,
    0x4, 0xfe, 0xc, 0xf1, 0xef, 0x20, 0x0, 0xaf,
    0xf2, 0xff, 0x50, 0x7, 0xfb, 0xc, 0xf1, 0xef,
    0x67, 0x9a, 0xef, 0xff, 0xff, 0xa0, 0xb, 0xf8,
    0xc, 0xf2, 0xef, 0xaf, 0xff, 0xff, 0xff, 0xff,
    0xf0, 0x1f, 0xf4, 0xc, 0xfb, 0xff, 0x6f, 0xfd,
    0xba, 0x86, 0x6f, 0xf3, 0x8, 0xe0, 0x4, 0x66,
    0xf8, 0x0, 0x0, 0x0, 0x0, 0xd, 0x71, 0x0,
    0x10, 0x0, 0x0, 0x0, 0x0, 0x0, 0x0, 0x0,
    0x0, 0x0,

    /* U+8BA1 "计" */
    0x0, 0x0, 0x30, 0x0, 0x0, 0x0, 0x7, 0x99,
    0x0, 0x0, 0x0, 0x0, 0xb, 0xf6, 0x0, 0x0,
    0x0, 0xc, 0xff, 0x10, 0x0, 0x0, 0x0, 0x2e,
    0xff, 0x80, 0x0, 0x0, 0xc, 0xff, 0x10, 0x0,
    0x0, 0x0, 0x1, 0xdf, 0xf8, 0x0, 0x0, 0xc,
    0xff, 0x10, 0x0, 0x0, 0x0, 0x0, 0x1d, 0xf4,
    0x0, 0x0, 0xc, 0xff, 0x10, 0x0, 0x0, 0x0,
    0x0, 0x1, 0x50, 0x0, 0x0, 0xc, 0xff, 0x10,
    0x0, 0x0, 0x0, 0x0, 0x0, 0x0, 0x0, 0x0,
    0xc, 0xff, 0x10, 0x0, 0x0, 0x2e, 0xee, 0xff,
    0xa0, 0xcc, 0xcc, 0xcf, 0xff, 0xcc, 0xcc, 0xc2,
    0x2f, 0xff, 0xff, 0xb0, 0xff, 0xff, 0xff, 0xff,
    0xff, 0xff, 0xf2, 0x1b, 0xbb, 0xff, 0xb0, 0xff,
    0xff, 0xff, 0xff, 0xff, 0xff, 0xf2, 0x0, 0x0,
    0xff, 0xb0, 0x0, 0x0, 0xc, 0xff, 0x10, 0x0,
    0x0, 0x0, 0x0, 0xff, 0xb0, 0x0, 0x0, 0xc,
    0xff, 0x10, 0x0, 0x0, 0x0, 0x0, 0xff, 0xb0,
    0x0, 0x0, 0xc, 0xff, 0x10, 0x0, 0x0, 0x0,
    0x0, 0xff, 0xb0, 0x0, 0x0, 0xc, 0xff, 0x10,
    0x0, 0x0, 0x0, 0x0, 0xff, 0xb1, 0xa0, 0x0,
    0xc, 0xff, 0x10, 0x0, 0x0, 0x0, 0x0, 0xff,
    0xde, 0xf5, 0x0, 0xc, 0xff, 0x10, 0x0, 0x0,
    0x0, 0x0, 0xff, 0xff, 0xf7, 0x0, 0xc, 0xff,
    0x10, 0x0, 0x0, 0x0, 0x4, 0xff, 0xff, 0x60,
    0x0, 0xc, 0xff, 0x10, 0x0, 0x0, 0x0, 0xe,
    0xff, 0xd2, 0x0, 0x0, 0xc, 0xff, 0x10, 0x0,
    0x0, 0x0, 0x7, 0xfa, 0x0, 0x0, 0x0, 0xc,
    0xff, 0x10, 0x0, 0x0, 0x0, 0x1, 0x70, 0x0,
    0x0, 0x0, 0xc, 0xff, 0x10, 0x0, 0x0,

    /* U+8BBE "设" */
    0x0, 0x1, 0x10, 0x0, 0x0, 0x0, 0x0, 0x0,
    0x0, 0x0, 0x0, 0x0, 0x1d, 0xe3, 0x0, 0x0,
    0x8f, 0xff, 0xff, 0xff, 0x60, 0x0, 0x0, 0x4f,
    0xff, 0x40, 0x0, 0x8f, 0xff, 0xff, 0xff, 0x60,
    0x0, 0x0, 0x4, 0xff, 0xf3, 0x0, 0x8f, 0xf7,
    0x78, 0xff, 0x60, 0x0, 0x0, 0x0, 0x4f, 0xe1,
    0x0, 0xaf, 0xe0, 0x1, 0xff, 0x60, 0x0, 0x0,
    0x0, 0x5, 0x20, 0x0, 0xef, 0xb0, 0x1, 0xff,
    0x60, 0x0, 0x0, 0x0, 0x0, 0x0, 0xb, 0xff,
    0x50, 0x1, 0xff, 0x94, 0x40, 0xe, 0xef, 0xfe,
    0x14, 0xef, 0xfc, 0x0, 0x0, 0xef, 0xff, 0xf2,
    0x1f, 0xff, 0xff, 0x11, 0xdf, 0xc1, 0x0, 0x0,
    0x4d, 0xff, 0xe3, 0xa, 0xac, 0xff, 0x10, 0x38,
    0x22, 0x22, 0x22, 0x22, 0x30, 0x0, 0x0, 0x6,
    0xff, 0x10, 0xaf, 0xff, 0xff, 0xff, 0xff, 0xfe,
    0x20, 0x0, 0x6, 0xff, 0x10, 0xaf, 0xff, 0xff,
    0xff, 0xff, 0xff, 0x0, 0x0, 0x6, 0xff, 0x10,
    0x3b, 0xfd, 0x55, 0x55, 0x7f, 0xf9, 0x0, 0x0,
    0x6, 0xff, 0x10, 0x6, 0xff, 0x50, 0x0, 0xcf,
    0xf1, 0x0, 0x0, 0x6, 0xff, 0x3c, 0x20, 0xcf,
    0xf4, 0x9, 0xff, 0x70, 0x0, 0x0, 0x6, 0xff,
    0xef, 0x90, 0x1e, 0xff, 0xbf, 0xfb, 0x0, 0x0,
    0x0, 0x7, 0xff, 0xff, 0x50, 0x3, 0xff, 0xff,
    0xc0, 0x0, 0x0, 0x0, 0xc, 0xff, 0xf4, 0x0,
    0x5b, 0xff, 0xff, 0xf9, 0x30, 0x0, 0x0, 0x4f,
    0xfe, 0x26, 0xbf, 0xff, 0xfe, 0xcf, 0xff, 0xfe,
    0x93, 0x0, 0xc, 0xd1, 0x8, 0xff, 0xfe, 0x70,
    0x4, 0xcf, 0xff, 0xe0, 0x0, 0x3, 0x10, 0x1,
    0xd9, 0x40, 0x0, 0x0, 0x3, 0x9d, 0x40,

    /* U+8BC3 "诃" */
    0x0, 0x22, 0x0, 0x0, 0x0, 0x0, 0x0, 0x0,
    0x0, 0x0, 0x0, 0x2e, 0xe3, 0x0, 0x44, 0x44,
    0x44, 0x44, 0x44, 0x44, 0x41, 0x4, 0xff, 0xf4,
    0x2f, 0xff, 0xff, 0xff, 0xff, 0xff, 0xff, 0x50,
    0x4, 0xff, 0xf5, 0xff, 0xff, 0xff, 0xff, 0xff,
    0xff, 0xf5, 0x0, 0x4, 0xfa, 0x16, 0x66, 0x66,
    0x66, 0x66, 0xcf, 0xf6, 0x20, 0x0, 0x3, 0x0,
    0x0, 0x0, 0x0, 0x0, 0x9, 0xff, 0x10, 0x0,
    0x0, 0x0, 0x1, 0x56, 0x55, 0x55, 0x50, 0x9f,
    0xf1, 0xe, 0xff, 0xff, 0x50, 0x3f, 0xff, 0xff,
    0xfe, 0x9, 0xff, 0x10, 0xff, 0xff, 0xf6, 0x3,
    0xff, 0xff, 0xff, 0xe0, 0x9f, 0xf1, 0x8, 0x99,
    0xff, 0x60, 0x3f, 0xf0, 0x6, 0xfe, 0x9, 0xff,
    0x10, 0x0, 0x1f, 0xf6, 0x3, 0xff, 0x0, 0x6f,
    0xe0, 0x9f, 0xf1, 0x0, 0x1, 0xff, 0x60, 0x3f,
    0xf0, 0x6, 0xfe, 0x9, 0xff, 0x10, 0x0, 0x1f,
    0xf6, 0x3, 0xff, 0x0, 0x6f, 0xe0, 0x9f, 0xf1,
    0x0, 0x1, 0xff, 0x60, 0x3f, 0xff, 0xff, 0xfe,
    0x9, 0xff, 0x10, 0x0, 0x1f, 0xf6, 0x3, 0xff,
    0xff, 0xff, 0xe0, 0x9f, 0xf1, 0x0, 0x1, 0xff,
    0x79, 0x6f, 0xf3, 0x33, 0x33, 0x9, 0xff, 0x10,
    0x0, 0x1f, 0xff, 0xf9, 0x99, 0x0, 0x0, 0x0,
    0x9f, 0xf1, 0x0, 0x5, 0xff, 0xff, 0x50, 0x0,
    0x0, 0x0, 0x9, 0xff, 0x10, 0x0, 0xef, 0xfd,
    0x20, 0x0, 0x0, 0x3a, 0xaa, 0xef, 0xf0, 0x0,
    0x6, 0xf9, 0x0, 0x0, 0x0, 0x0, 0xff, 0xff,
    0xfd, 0x0, 0x0, 0x6, 0x0, 0x0, 0x0, 0x0,
    0xa, 0xff, 0xd9, 0x20, 0x0,

    /* U+8BC6 "识" */
    0x0, 0x4, 0x0, 0x0, 0x0, 0x0, 0x0, 0x0,
    0x0, 0x0, 0x0, 0x0, 0x9f, 0xa0, 0x0, 0x4,
    0x77, 0x77, 0x77, 0x77, 0x77, 0x0, 0x0, 0xbf,
    0xfc, 0x0, 0x9, 0xff, 0xff, 0xff, 0xff, 0xff,
    0x0, 0x0, 0xa, 0xff, 0xc0, 0x9, 0xff, 0xff,
    0xff, 0xff, 0xff, 0x0, 0x0, 0x0, 0xbf, 0x60,
    0x9, 0xff, 0x10, 0x0, 0xc, 0xff, 0x0, 0x0,
    0x0, 0x5, 0x0, 0x9, 0xff, 0x10, 0x0, 0xc,
    0xff, 0x0, 0x1, 0x11, 0x11, 0x0, 0x9, 0xff,
    0x10, 0x0, 0xc, 0xff, 0x0, 0x1f, 0xff, 0xff,
    0x0, 0x9, 0xff, 0x10, 0x0, 0xc, 0xff, 0x0,
    0x1f, 0xff, 0xff, 0x0, 0x9, 0xff, 0x10, 0x0,
    0xc, 0xff, 0x0, 0x7, 0x7b, 0xff, 0x0, 0x9,
    0xff, 0x87, 0x77, 0x7e, 0xff, 0x0, 0x0, 0x8,
    0xff, 0x0, 0x9, 0xff, 0xff, 0xff, 0xff, 0xff,
    0x0, 0x0, 0x8, 0xff, 0x0, 0x9, 0xff, 0xff,
    0xff, 0xff, 0xff, 0x0, 0x0, 0x8, 0xff, 0x0,
    0x0, 0x0, 0x0, 0x0, 0x0, 0x0, 0x0, 0x0,
    0x8, 0xff, 0x3, 0x10, 0x0, 0x0, 0x0, 0x0,
    0x10, 0x0, 0x0, 0x8, 0xff, 0x6f, 0x60, 0x6f,
    0xc4, 0x0, 0xaf, 0xb0, 0x0, 0x0, 0x8, 0xff,
    0xff, 0xd0, 0xcf, 0xf2, 0x0, 0xaf, 0xf5, 0x0,
    0x0, 0x9, 0xff, 0xfe, 0x34, 0xff, 0xb0, 0x0,
    0x2f, 0xfd, 0x0, 0x0, 0xe, 0xff, 0xc1, 0xd,
    0xff, 0x30, 0x0, 0xa, 0xff, 0x50, 0x0, 0x9f,
    0xfb, 0x0, 0xaf, 0xfa, 0x0, 0x0, 0x3, 0xff,
    0xd0, 0x0, 0x2e, 0x90, 0x1, 0xcf, 0xe1, 0x0,
    0x0, 0x0, 0xdf, 0xf1, 0x0, 0x2, 0x0, 0x0,
    0x6, 0x40, 0x0, 0x0, 0x0, 0x55, 0x0,

    /* U+8BF4 "说" */
    0x0, 0x3, 0x0, 0x0, 0x0, 0x56, 0x0, 0x0,
    0x46, 0x20, 0x0, 0x0, 0x6f, 0xa0, 0x0, 0xa,
    0xff, 0x20, 0x0, 0xbf, 0xf3, 0x0, 0x0, 0xcf,
    0xfb, 0x0, 0x2, 0xff, 0xc0, 0x2, 0xff, 0xd0,
    0x0, 0x0, 0xc, 0xff, 0xb0, 0x0, 0x9f, 0xf3,
    0x8, 0xff, 0x50, 0x0, 0x0, 0x1, 0xdf, 0xc0,
    0x35, 0x8f, 0xc6, 0x5f, 0xfe, 0x54, 0x0, 0x0,
    0x0, 0x1a, 0x0, 0xaf, 0xff, 0xff, 0xff, 0xff,
    0xfd, 0x0, 0x0, 0x0, 0x0, 0x0, 0xaf, 0xff,
    0xff, 0xff, 0xff, 0xfd, 0x0, 0x2f, 0xff, 0xff,
    0x30, 0xaf, 0xe0, 0x0, 0x0, 0xd, 0xfd, 0x0,
    0x3f, 0xff, 0xff, 0x30, 0xaf, 0xe0, 0x0, 0x0,
    0xd, 0xfd, 0x0, 0x1a, 0xac, 0xff, 0x30, 0xaf,
    0xf5, 0x55, 0x55, 0x5e, 0xfd, 0x0, 0x0, 0x7,
    0xff, 0x30, 0xaf, 0xff, 0xff, 0xff, 0xff, 0xfd,
    0x0, 0x0, 0x7, 0xff, 0x30, 0xaf, 0xff, 0xff,
    0xff, 0xff, 0xfd, 0x0, 0x0, 0x7, 0xff, 0x30,
    0x0, 0x4f, 0xf6, 0x1f, 0xf8, 0x0, 0x0, 0x0,
    0x7, 0xff, 0x31, 0x40, 0x6f, 0xf4, 0x1f, 0xf8,
    0x0, 0x0, 0x0, 0x7, 0xff, 0x5d, 0xc0, 0x9f,
    0xf2, 0x1f, 0xf8, 0x0, 0x0, 0x0, 0x7, 0xff,
    0xff, 0xf2, 0xdf, 0xe0, 0x1f, 0xf8, 0x0, 0x0,
    0x0, 0x8, 0xff, 0xff, 0xb5, 0xff, 0x90, 0x1f,
    0xf8, 0xc, 0x71, 0x0, 0x1e, 0xff, 0xf8, 0x1e,
    0xff, 0x30, 0x1f, 0xf8, 0xe, 0xf6, 0x0, 0xbf,
    0xff, 0x55, 0xef, 0xf9, 0x0, 0xf, 0xfc, 0x7f,
    0xf4, 0x0, 0x3f, 0xd2, 0x3f, 0xff, 0xb0, 0x0,
    0xe, 0xff, 0xff, 0xf1, 0x0, 0x8, 0x10, 0x7,
    0xf7, 0x0, 0x0, 0x5, 0xef, 0xff, 0x60, 0x0,
    0x0, 0x0, 0x0, 0x10, 0x0, 0x0, 0x0, 0x0,
    0x0, 0x0,

    /* U+8BF5 "诵" */
    0x0, 0x2, 0x0, 0x0, 0x0, 0x0, 0x0, 0x0,
    0x0, 0x0, 0x0, 0x4, 0xfa, 0x0, 0x0, 0xff,
    0xff, 0xff, 0xff, 0xff, 0x80, 0x0, 0xbf, 0xfc,
    0x10, 0xf, 0xff, 0xff, 0xff, 0xff, 0xfd, 0x10,
    0x0, 0xaf, 0xfc, 0x0, 0x33, 0x53, 0x33, 0x9f,
    0xfd, 0x10, 0x0, 0x0, 0xaf, 0xb0, 0x0, 0xe,
    0xfa, 0xbf, 0xfc, 0x10, 0x0, 0x0, 0x0, 0x80,
    0x0, 0x3, 0xcf, 0xff, 0xfd, 0x10, 0x0, 0x0,
    0x0, 0x0, 0x0, 0x12, 0x22, 0x5b, 0xff, 0xfe,
    0x33, 0x10, 0xff, 0xff, 0xf0, 0x8, 0xff, 0xff,
    0xff, 0xff, 0xff, 0xf7, 0xf, 0xff, 0xff, 0x0,
    0x8f, 0xff, 0xff, 0xff, 0xff, 0xff, 0x70, 0x99,
    0xcf, 0xf0, 0x8, 0xfe, 0x22, 0xff, 0x82, 0x2b,
    0xf7, 0x0, 0x6, 0xff, 0x0, 0x8f, 0xe4, 0x4f,
    0xfa, 0x44, 0xcf, 0x70, 0x0, 0x6f, 0xf0, 0x8,
    0xff, 0xff, 0xff, 0xff, 0xff, 0xf7, 0x0, 0x6,
    0xff, 0x0, 0x8f, 0xff, 0xff, 0xff, 0xff, 0xff,
    0x70, 0x0, 0x6f, 0xf0, 0x8, 0xfe, 0x0, 0xef,
    0x70, 0xb, 0xf7, 0x0, 0x6, 0xff, 0x2b, 0x9f,
    0xe5, 0x5f, 0xfa, 0x55, 0xcf, 0x70, 0x0, 0x6f,
    0xfe, 0xfe, 0xff, 0xff, 0xff, 0xff, 0xff, 0xf7,
    0x0, 0x8, 0xff, 0xff, 0xff, 0xff, 0xff, 0xff,
    0xff, 0xff, 0x70, 0x0, 0xdf, 0xff, 0x78, 0xfe,
    0x0, 0xef, 0x70, 0xb, 0xf7, 0x0, 0x8f, 0xff,
    0x40, 0x8f, 0xe0, 0xe, 0xf7, 0x35, 0xcf, 0x70,
    0x4, 0xfd, 0x20, 0x8, 0xfe, 0x0, 0xef, 0x75,
    0xff, 0xf5, 0x0, 0x4, 0x10, 0x0, 0x8f, 0xe0,
    0xd, 0xe6, 0xf, 0xe9, 0x0,

    /* U+8BF8 "诸" */
    0x0, 0x0, 0x0, 0x0, 0x0, 0x2, 0x77, 0x20,
    0x0, 0x0, 0x0, 0x0, 0x3e, 0x40, 0x0, 0x0,
    0x6, 0xff, 0x50, 0x0, 0x7a, 0x40, 0x0, 0xef,
    0xf5, 0x0, 0x56, 0x6a, 0xff, 0xa6, 0x62, 0xff,
    0xe0, 0x0, 0x2e, 0xff, 0x60, 0xef, 0xff, 0xff,
    0xff, 0xfb, 0xff, 0x60, 0x0, 0x2, 0xef, 0xa0,
    0xce, 0xef, 0xff, 0xfe, 0xff, 0xfc, 0x0, 0x0,
    0x0, 0x29, 0x0, 0x0, 0x6, 0xff, 0x52, 0xff,
    0xf2, 0x0, 0x0, 0x0, 0x0, 0x4, 0x55, 0x59,
    0xff, 0x9d, 0xff, 0xa5, 0x51, 0x1f, 0xff, 0xff,
    0xb, 0xff, 0xff, 0xff, 0xff, 0xff, 0xff, 0xf5,
    0x2f, 0xff, 0xff, 0xb, 0xff, 0xff, 0xff, 0xff,
    0xff, 0xff, 0xf5, 0x19, 0x9c, 0xff, 0x0, 0x11,
    0x15, 0xff, 0xf8, 0x11, 0x11, 0x10, 0x0, 0x8,
    0xff, 0x0, 0x1, 0x9f, 0xff, 0xa3, 0x33, 0x33,
    0x10, 0x0, 0x8, 0xff, 0x0, 0x6e, 0xff, 0xff,
    0xff, 0xff, 0xff, 0x60, 0x0, 0x8, 0xff, 0x4e,
    0xff, 0xff, 0xff, 0xff, 0xff, 0xff, 0x60, 0x0,
    0x8, 0xff, 0xb, 0xfe, 0xff, 0x50, 0x0, 0x2,
    0xff, 0x60, 0x0, 0x8, 0xff, 0x27, 0x52, 0xff,
    0xee, 0xee, 0xee, 0xff, 0x60, 0x0, 0x8, 0xff,
    0xed, 0x2, 0xff, 0xff, 0xff, 0xff, 0xff, 0x60,
    0x0, 0x9, 0xff, 0xff, 0x22, 0xff, 0x73, 0x33,
    0x35, 0xff, 0x60, 0x0, 0xe, 0xff, 0xe3, 0x2,
    0xff, 0x60, 0x0, 0x3, 0xff, 0x60, 0x0, 0x9f,
    0xfd, 0x20, 0x2, 0xff, 0xff, 0xff, 0xff, 0xff,
    0x60, 0x0, 0x4f, 0xb1, 0x0, 0x2, 0xff, 0xff,
    0xff, 0xff, 0xff, 0x60, 0x0, 0x4, 0x0, 0x0,
    0x2, 0xff, 0x72, 0x22, 0x24, 0xff, 0x60, 0x0,
    0x0, 0x0, 0x0, 0x0, 0x0, 0x0, 0x0, 0x0,
    0x0, 0x0,

    /* U+8BFB "读" */
    0x0, 0x3, 0x0, 0x0, 0x0, 0x0, 0xb, 0xb6,
    0x0, 0x0, 0x0, 0x0, 0x9f, 0x80, 0x0, 0x0,
    0x0, 0xf, 0xf8, 0x0, 0x0, 0x0, 0x1, 0xef,
    0xfb, 0x0, 0x5f, 0xff, 0xff, 0xff, 0xff, 0xfd,
    0x0, 0x0, 0x1d, 0xff, 0xc0, 0x5f, 0xff, 0xff,
    0xff, 0xff, 0xfe, 0x0, 0x0, 0x1, 0xdf, 0x60,
    0x13, 0x33, 0x3f, 0xfa, 0x33, 0x33, 0x0, 0x0,
    0x0, 0x16, 0x0, 0x66, 0x66, 0x6f, 0xfb, 0x66,
    0x77, 0x40, 0x0, 0x0, 0x0, 0x1, 0xff, 0xff,
    0xff, 0xff, 0xff, 0xff, 0xd0, 0x5f, 0xff, 0xfb,
    0x1, 0xcc, 0xcc, 0xcc, 0xcc, 0xcc, 0xff, 0x80,
    0x6f, 0xff, 0xfb, 0x0, 0x0, 0xb6, 0x4, 0xaa,
    0x0, 0xff, 0x40, 0x39, 0x9e, 0xfb, 0x0, 0x3,
    0xef, 0xca, 0xff, 0x14, 0xfe, 0x0, 0x0, 0xb,
    0xfb, 0x0, 0x9b, 0x39, 0xfd, 0xff, 0x11, 0x55,
    0x0, 0x0, 0xb, 0xfb, 0x0, 0xaf, 0xf7, 0x38,
    0xff, 0x0, 0x0, 0x0, 0x0, 0xb, 0xfb, 0x0,
    0x5, 0xee, 0x1a, 0xff, 0x0, 0x0, 0x0, 0x0,
    0xb, 0xfb, 0x8, 0xff, 0xff, 0xff, 0xff, 0xff,
    0xff, 0xe0, 0x0, 0xb, 0xfb, 0x2b, 0xff, 0xff,
    0xff, 0xff, 0xff, 0xff, 0xe0, 0x0, 0xb, 0xfe,
    0xfc, 0x44, 0x45, 0xff, 0xf5, 0x94, 0x44, 0x40,
    0x0, 0xb, 0xff, 0xfe, 0x0, 0xb, 0xff, 0x98,
    0xfc, 0x20, 0x0, 0x0, 0xd, 0xff, 0xe2, 0x2,
    0xcf, 0xfd, 0x6, 0xff, 0xf5, 0x0, 0x0, 0x4f,
    0xfc, 0x12, 0x9f, 0xff, 0xd1, 0x0, 0x2d, 0xff,
    0x80, 0x0, 0x6f, 0xb0, 0xa, 0xff, 0xfa, 0x0,
    0x0, 0x1, 0xbf, 0xf3, 0x0, 0x7, 0x0, 0x0,
    0xcb, 0x30, 0x0, 0x0, 0x0, 0xb, 0x50, 0x0,
    0x0, 0x0, 0x0, 0x0, 0x0, 0x0, 0x0, 0x0,
    0x0, 0x0,

    /* U+8C1B "谛" */
    0x0, 0x1, 0x0, 0x0, 0x0, 0x0, 0x4a, 0xd0,
    0x0, 0x0, 0x0, 0x7, 0xf6, 0x0, 0x0, 0x0,
    0x5, 0xff, 0x50, 0x0, 0x0, 0x0, 0xcf, 0xf3,
    0x3, 0xff, 0xff, 0xff, 0xff, 0xff, 0xff, 0x80,
    0x2, 0xff, 0xe1, 0x3f, 0xff, 0xff, 0xff, 0xff,
    0xff, 0xf8, 0x0, 0x5, 0xff, 0x30, 0x35, 0xcf,
    0x53, 0x33, 0xee, 0x73, 0x20, 0x0, 0x9, 0x20,
    0x0, 0x1f, 0xf7, 0x0, 0x3f, 0xf3, 0x0, 0x0,
    0x0, 0x0, 0x2, 0x22, 0xde, 0x82, 0x29, 0xfd,
    0x22, 0x22, 0xff, 0xff, 0xc0, 0xef, 0xff, 0xff,
    0xff, 0xff, 0xff, 0xfe, 0x3f, 0xff, 0xfd, 0xe,
    0xff, 0xee, 0xee, 0xee, 0xee, 0xff, 0xe1, 0x99,
    0xef, 0xd0, 0xef, 0x60, 0x0, 0x99, 0x30, 0x8,
    0xfe, 0x0, 0xa, 0xfd, 0xe, 0xf6, 0x0, 0x1f,
    0xf6, 0x0, 0x8f, 0xd0, 0x0, 0xaf, 0xd0, 0x7,
    0xff, 0xff, 0xff, 0xff, 0xff, 0xd0, 0x0, 0xa,
    0xfd, 0x0, 0x7f, 0xff, 0xff, 0xff, 0xff, 0xfd,
    0x0, 0x0, 0xaf, 0xd0, 0x7, 0xfd, 0x23, 0xff,
    0x82, 0x9f, 0xd0, 0x0, 0xa, 0xfd, 0x21, 0x7f,
    0xd0, 0x1f, 0xf6, 0x8, 0xfd, 0x0, 0x0, 0xaf,
    0xff, 0x87, 0xfd, 0x1, 0xff, 0x60, 0x8f, 0xd0,
    0x0, 0xb, 0xff, 0xfe, 0x7f, 0xd0, 0x1f, 0xf6,
    0x5b, 0xfd, 0x0, 0x1, 0xff, 0xfe, 0x37, 0xfd,
    0x1, 0xff, 0x6c, 0xff, 0xb0, 0x0, 0xbf, 0xfb,
    0x10, 0x49, 0x70, 0x1f, 0xf6, 0x7e, 0xb2, 0x0,
    0x3, 0xf9, 0x0, 0x0, 0x0, 0x1, 0xff, 0x60,
    0x0, 0x0, 0x0, 0x5, 0x0, 0x0, 0x0, 0x0,
    0x1f, 0xf6, 0x0, 0x0, 0x0,

    /* U+8D25 "败" */
    0x0, 0x0, 0x0, 0x0, 0x0, 0x0, 0x1, 0x0,
    0x0, 0x0, 0x0, 0x1, 0x66, 0x66, 0x66, 0x66,
    0x20, 0x8, 0xfc, 0x0, 0x0, 0x0, 0x3, 0xff,
    0xff, 0xff, 0xff, 0x40, 0xc, 0xfc, 0x0, 0x0,
    0x0, 0x3, 0xff, 0xee, 0xee, 0xff, 0x40, 0x1f,
    0xf7, 0x0, 0x0, 0x0, 0x3, 0xfe, 0x4, 0x40,
    0xef, 0x40, 0x6f, 0xfe, 0xee, 0xee, 0xe2, 0x3,
    0xfe, 0x1f, 0xf1, 0xef, 0x40, 0xcf, 0xff, 0xff,
    0xff, 0xf2, 0x3, 0xfe, 0x1f, 0xf1, 0xef, 0x43,
    0xff, 0xa7, 0x7a, 0xff, 0x71, 0x3, 0xfe, 0x1f,
    0xf1, 0xef, 0x4b, 0xff, 0x10, 0x7, 0xfd, 0x0,
    0x3, 0xfe, 0x1f, 0xf1, 0xef, 0xaf, 0xfe, 0x0,
    0x9, 0xfa, 0x0, 0x3, 0xfe, 0x1f, 0xf1, 0xef,
    0xef, 0xff, 0x30, 0xc, 0xf7, 0x0, 0x3, 0xfe,
    0x1f, 0xf1, 0xef, 0x6e, 0xff, 0x80, 0xf, 0xf4,
    0x0, 0x3, 0xfe, 0x1f, 0xf1, 0xef, 0x44, 0x7f,
    0xe0, 0x4f, 0xf0, 0x0, 0x3, 0xfe, 0x2f, 0xf0,
    0xef, 0x40, 0x1f, 0xf6, 0xaf, 0xb0, 0x0, 0x3,
    0xfe, 0x4f, 0xf0, 0xef, 0x40, 0xa, 0xfe, 0xff,
    0x60, 0x0, 0x3, 0xfe, 0x7f, 0xc0, 0xef, 0x40,
    0x2, 0xff, 0xff, 0x0, 0x0, 0x0, 0x22, 0xbf,
    0x81, 0x21, 0x0, 0x0, 0xaf, 0xf9, 0x0, 0x0,
    0x0, 0x3, 0xff, 0x8f, 0xc0, 0x0, 0x0, 0xdf,
    0xfe, 0x20, 0x0, 0x0, 0xc, 0xfc, 0x2f, 0xf7,
    0x0, 0x1c, 0xff, 0xff, 0xe3, 0x0, 0x0, 0xbf,
    0xf3, 0x7, 0xff, 0x33, 0xdf, 0xf9, 0x6f, 0xff,
    0x70, 0xd, 0xff, 0x60, 0x0, 0xdf, 0x7d, 0xff,
    0x90, 0x6, 0xff, 0xf3, 0x3, 0xe6, 0x0, 0x0,
    0x43, 0x2, 0xe6, 0x0, 0x0, 0x3d, 0x60, 0x0,
    0x0, 0x0, 0x0, 0x0, 0x0, 0x0, 0x0, 0x0,
    0x0, 0x0,

    /* U+8EAB "身" */
    0x0, 0x0, 0x0, 0x0, 0x3, 0x75, 0x30, 0x0,
    0x0, 0x0, 0x0, 0x0, 0x0, 0x0, 0x0, 0x9,
    0xff, 0x80, 0x0, 0x0, 0x0, 0x0, 0x0, 0x0,
    0x46, 0x66, 0x6e, 0xff, 0x76, 0x67, 0x63, 0x0,
    0x0, 0x0, 0x0, 0xaf, 0xff, 0xff, 0xff, 0xff,
    0xff, 0xf9, 0x0, 0x0, 0x0, 0x0, 0xaf, 0xfe,
    0xee, 0xee, 0xee, 0xef, 0xf9, 0x0, 0x0, 0x0,
    0x0, 0xaf, 0xf0, 0x0, 0x0, 0x0, 0x1f, 0xf9,
    0x0, 0x0, 0x0, 0x0, 0xaf, 0xff, 0xff, 0xff,
    0xff, 0xff, 0xf9, 0x0, 0x0, 0x0, 0x0, 0xaf,
    0xfd, 0xdd, 0xdd, 0xdd, 0xdf, 0xf9, 0x36, 0x0,
    0x0, 0x0, 0xaf, 0xf0, 0x0, 0x0, 0x0, 0xf,
    0xf9, 0xdf, 0xe0, 0x0, 0x0, 0xaf, 0xfe, 0xee,
    0xee, 0xee, 0xef, 0xff, 0xff, 0x70, 0x0, 0x0,
    0xaf, 0xff, 0xff, 0xff, 0xff, 0xff, 0xff, 0xfa,
    0x0, 0x0, 0x0, 0xaf, 0xf0, 0x0, 0x0, 0x0,
    0xf, 0xff, 0xc0, 0x0, 0x3, 0x77, 0xcf, 0xf7,
    0x77, 0x77, 0x77, 0xaf, 0xfd, 0x10, 0x0, 0x7,
    0xff, 0xff, 0xff, 0xff, 0xff, 0xff, 0xff, 0xf9,
    0x0, 0x0, 0x6, 0xdd, 0xdd, 0xdd, 0xdd, 0xdf,
    0xff, 0xff, 0xf9, 0x0, 0x0, 0x0, 0x0, 0x0,
    0x0, 0x3, 0xcf, 0xff, 0x7f, 0xf9, 0x0, 0x0,
    0x0, 0x0, 0x0, 0x3, 0xaf, 0xff, 0xc2, 0xf,
    0xf9, 0x0, 0x0, 0x0, 0x0, 0x6, 0xcf, 0xff,
    0xe6, 0x0, 0xf, 0xf9, 0x0, 0x0, 0x1, 0x5a,
    0xff, 0xff, 0xe7, 0x9, 0x99, 0xaf, 0xf8, 0x0,
    0x0, 0xb, 0xff, 0xff, 0xd6, 0x0, 0x9, 0xff,
    0xff, 0xf5, 0x0, 0x0, 0x1, 0xde, 0x93, 0x0,
    0x0, 0x4, 0xff, 0xec, 0x60, 0x0, 0x0, 0x0,
    0x10, 0x0, 0x0, 0x0, 0x0, 0x0, 0x0, 0x0,
    0x0, 0x0,

    /* U+8F6E "轮" */
    0x0, 0x3, 0x96, 0x0, 0x0, 0x0, 0x5, 0xa7,
    0x20, 0x0, 0x0, 0x0, 0x6, 0xff, 0x0, 0x0,
    0x0, 0xd, 0xff, 0x50, 0x0, 0x0, 0x4, 0x4b,
    0xfe, 0x44, 0x40, 0x0, 0x5f, 0xff, 0xc0, 0x0,
    0x0, 0x2f, 0xff, 0xff, 0xff, 0xf0, 0x0, 0xdf,
    0xff, 0xf6, 0x0, 0x0, 0x2f, 0xff, 0xff, 0xff,
    0xf0, 0x8, 0xff, 0xad, 0xff, 0x20, 0x0, 0x3,
    0x6f, 0xf3, 0x33, 0x30, 0x4f, 0xff, 0x14, 0xff,
    0xc0, 0x0, 0x0, 0x8f, 0xd9, 0x90, 0x2, 0xef,
    0xf5, 0x0, 0x9f, 0xfa, 0x0, 0x0, 0xdf, 0x9f,
    0xf1, 0x2e, 0xff, 0x90, 0x0, 0xd, 0xff, 0xa0,
    0x2, 0xff, 0x4f, 0xf1, 0xcf, 0xff, 0x63, 0x0,
    0x2, 0xff, 0xe1, 0xa, 0xfd, 0x8f, 0xf7, 0x8d,
    0xcf, 0xf9, 0x0, 0x4, 0x4e, 0x20, 0xf, 0xff,
    0xff, 0xff, 0xf2, 0x1f, 0xf9, 0x2, 0xcf, 0x50,
    0x0, 0xa, 0xff, 0xff, 0xff, 0xe0, 0xf, 0xf9,
    0x7f, 0xff, 0xf1, 0x0, 0x1, 0x0, 0x3f, 0xf1,
    0x0, 0xf, 0xff, 0xff, 0xfc, 0x20, 0x0, 0x0,
    0x0, 0x3f, 0xf1, 0x21, 0xf, 0xff, 0xfd, 0x50,
    0x0, 0x0, 0x1, 0x46, 0xaf, 0xff, 0xf5, 0xf,
    0xfe, 0x60, 0x0, 0x0, 0x0, 0x4f, 0xff, 0xff,
    0xff, 0xf6, 0xf, 0xf9, 0x0, 0x0, 0x96, 0x10,
    0x1f, 0xff, 0xff, 0xf6, 0x20, 0xf, 0xf9, 0x0,
    0x0, 0xdf, 0x90, 0x5, 0x31, 0x3f, 0xf1, 0x0,
    0xf, 0xfb, 0x0, 0x2, 0xff, 0x70, 0x0, 0x0,
    0x3f, 0xf1, 0x0, 0xe, 0xff, 0xff, 0xff, 0xff,
    0x30, 0x0, 0x0, 0x3f, 0xf1, 0x0, 0x6, 0xff,
    0xff, 0xff, 0xfa, 0x0, 0x0, 0x0, 0x3f, 0xf1,
    0x0, 0x0, 0x24, 0x55, 0x55, 0x30, 0x0,

    /* U+8FDB "进" */
    0x0, 0x1, 0x0, 0x0, 0x0, 0x12, 0x20, 0x1,
    0x11, 0x0, 0x0, 0x1, 0xce, 0x30, 0x0, 0x0,
    0xaf, 0xe0, 0xa, 0xff, 0x0, 0x0, 0x5, 0xff,
    0xf3, 0x0, 0x0, 0xaf, 0xe0, 0xa, 0xff, 0x0,
    0x0, 0x0, 0x5f, 0xff, 0x30, 0x0, 0xaf, 0xe0,
    0xa, 0xff, 0x0, 0x0, 0x0, 0x6, 0xff, 0x56,
    0xff, 0xff, 0xff, 0xff, 0xff, 0xff, 0x70, 0x0,
    0x0, 0x83, 0x7, 0xff, 0xff, 0xff, 0xff, 0xff,
    0xff, 0x70, 0x0, 0x0, 0x0, 0x4, 0x99, 0xef,
    0xf9, 0x9e, 0xff, 0x99, 0x40, 0x0, 0x0, 0x0,
    0x0, 0x0, 0xaf, 0xe0, 0xa, 0xff, 0x0, 0x0,
    0xc, 0xcc, 0xcc, 0x10, 0x0, 0xbf, 0xe0, 0xa,
    0xff, 0x0, 0x0, 0x1f, 0xff, 0xff, 0x14, 0x77,
    0xdf, 0xf7, 0x7d, 0xff, 0x77, 0x70, 0x9, 0x9c,
    0xff, 0x1a, 0xff, 0xff, 0xff, 0xff, 0xff, 0xff,
    0xe0, 0x0, 0x8, 0xff, 0x1a, 0xff, 0xff, 0xff,
    0xff, 0xff, 0xff, 0xe0, 0x0, 0x8, 0xff, 0x10,
    0x4, 0xff, 0x70, 0xa, 0xff, 0x0, 0x0, 0x0,
    0x8, 0xff, 0x10, 0xa, 0xff, 0x30, 0xa, 0xff,
    0x0, 0x0, 0x0, 0x8, 0xff, 0x10, 0x4f, 0xfd,
    0x0, 0xa, 0xff, 0x0, 0x0, 0x0, 0x8, 0xff,
    0x11, 0xff, 0xf4, 0x0, 0xa, 0xff, 0x0, 0x0,
    0x0, 0x5e, 0xff, 0x70, 0x4f, 0x90, 0x0, 0xa,
    0xff, 0x0, 0x0, 0x8, 0xff, 0xff, 0xfd, 0x66,
    0x10, 0x0, 0x1, 0x23, 0x23, 0x52, 0x4f, 0xfe,
    0x48, 0xff, 0xff, 0xff, 0xff, 0xff, 0xff, 0xff,
    0xf1, 0xb, 0xf3, 0x0, 0x2a, 0xff, 0xff, 0xff,
    0xff, 0xff, 0xff, 0xd0, 0x1, 0x70, 0x0, 0x0,
    0x4, 0x67, 0x88, 0x87, 0x77, 0x65, 0x30,

    /* U+8FDC "远" */
    0x0, 0x54, 0x0, 0x0, 0x56, 0x66, 0x66, 0x66,
    0x66, 0x61, 0x0, 0x4, 0xff, 0x90, 0x0, 0xcf,
    0xff, 0xff, 0xff, 0xff, 0xf3, 0x0, 0x3, 0xef,
    0xfd, 0x20, 0xcf, 0xff, 0xff, 0xff, 0xff, 0xf2,
    0x0, 0x0, 0x1b, 0xff, 0x70, 0x0, 0x0, 0x0,
    0x0, 0x0, 0x0, 0x0, 0x0, 0x0, 0x89, 0x0,
    0x0, 0x0, 0x0, 0x0, 0x0, 0x0, 0x0, 0x0,
    0x0, 0x0, 0x9, 0x99, 0x99, 0x99, 0x99, 0x99,
    0x99, 0x70, 0x2, 0x22, 0x22, 0xf, 0xff, 0xff,
    0xff, 0xff, 0xff, 0xff, 0xd0, 0x3f, 0xff, 0xff,
    0xc, 0xcc, 0xff, 0xec, 0xff, 0xfc, 0xcc, 0xa0,
    0x3f, 0xff, 0xff, 0x0, 0x1, 0xff, 0x80, 0xcf,
    0xb0, 0x0, 0x0, 0x4, 0x4a, 0xff, 0x0, 0x3,
    0xff, 0x60, 0xcf, 0xb0, 0x0, 0x0, 0x0, 0x8,
    0xff, 0x0, 0x6, 0xff, 0x40, 0xcf, 0xb0, 0x0,
    0x0, 0x0, 0x8, 0xff, 0x0, 0xc, 0xff, 0x0,
    0xcf, 0xb0, 0x59, 0x30, 0x0, 0x8, 0xff, 0x0,
    0x7f, 0xfa, 0x0, 0xcf, 0xb0, 0x6f, 0xf0, 0x0,
    0x8, 0xff, 0x19, 0xff, 0xf2, 0x0, 0xbf, 0xe8,
    0xcf, 0xe0, 0x0, 0x8, 0xff, 0x7f, 0xff, 0x50,
    0x0, 0x8f, 0xff, 0xff, 0x90, 0x0, 0xb, 0xff,
    0x4c, 0xd3, 0x0, 0x0, 0x19, 0xcc, 0xc9, 0x10,
    0x3, 0xdf, 0xff, 0xf9, 0x0, 0x0, 0x0, 0x0,
    0x0, 0x0, 0x0, 0x2f, 0xff, 0x98, 0xff, 0xea,
    0x76, 0x55, 0x56, 0x67, 0x9a, 0xd4, 0xd, 0xfa,
    0x0, 0x4e, 0xff, 0xff, 0xff, 0xff, 0xff, 0xff,
    0xf0, 0x4, 0xe0, 0x0, 0x1, 0x7c, 0xef, 0xff,
    0xff, 0xff, 0xfe, 0xa0, 0x0, 0x20, 0x0, 0x0,
    0x0, 0x0, 0x11, 0x10, 0x0, 0x0, 0x0,

    /* U+9000 "退" */
    0x0, 0x0, 0x0, 0x0, 0x0, 0x0, 0x0, 0x0,
    0x0, 0x0, 0x0, 0x0, 0x8b, 0x10, 0x0, 0x8f,
    0xff, 0xff, 0xff, 0xff, 0xf5, 0x0, 0x7, 0xff,
    0xd1, 0x0, 0x9f, 0xff, 0xff, 0xff, 0xff, 0xf5,
    0x0, 0x0, 0x9f, 0xfd, 0x10, 0x9f, 0xf4, 0x22,
    0x22, 0x5f, 0xf5, 0x0, 0x0, 0xa, 0xff, 0x30,
    0x9f, 0xfc, 0xcc, 0xcc, 0xdf, 0xf5, 0x0, 0x0,
    0x0, 0xa2, 0x0, 0x9f, 0xff, 0xff, 0xff, 0xff,
    0xf5, 0x0, 0x0, 0x0, 0x0, 0x0, 0x9f, 0xf4,
    0x22, 0x22, 0x5f, 0xf5, 0x0, 0x0, 0x0, 0x0,
    0x0, 0x9f, 0xf8, 0x77, 0x77, 0x9f, 0xf5, 0x0,
    0x1f, 0xff, 0xff, 0x0, 0x9f, 0xff, 0xff, 0xff,
    0xff, 0xf5, 0x0, 0x1f, 0xff, 0xff, 0x0, 0x9f,
    0xfb, 0xbb, 0xbb, 0xbb, 0xe8, 0x0, 0x8, 0x8c,
    0xff, 0x0, 0x9f, 0xf1, 0x1a, 0xe3, 0x7, 0xff,
    0x90, 0x0, 0x8, 0xff, 0x0, 0x9f, 0xf1, 0x3e,
    0xff, 0xcf, 0xfd, 0x40, 0x0, 0x8, 0xff, 0x0,
    0x9f, 0xf1, 0x1, 0xcf, 0xff, 0x80, 0x0, 0x0,
    0x8, 0xff, 0x0, 0xaf, 0xf3, 0x58, 0x5a, 0xff,
    0xc0, 0x0, 0x0, 0x8, 0xff, 0x2, 0xff, 0xff,
    0xff, 0x70, 0x8f, 0xfc, 0x10, 0x0, 0x8, 0xff,
    0x4, 0xff, 0xff, 0xfb, 0x40, 0x7, 0xff, 0x60,
    0x0, 0x1b, 0xff, 0x80, 0xba, 0x62, 0x0, 0x0,
    0x0, 0x85, 0x0, 0x3, 0xef, 0xff, 0xfe, 0x83,
    0x10, 0x0, 0x0, 0x0, 0x12, 0x43, 0x3f, 0xff,
    0x87, 0xef, 0xff, 0xff, 0xfe, 0xef, 0xff, 0xff,
    0xf5, 0xc, 0xf5, 0x0, 0x7, 0xdf, 0xff, 0xff,
    0xff, 0xff, 0xff, 0xf1, 0x2, 0x50, 0x0, 0x0,
    0x1, 0x45, 0x67, 0x66, 0x65, 0x54, 0x30,

    /* U+9053 "道" */
    0x0, 0x0, 0x0, 0x0, 0x5, 0xb2, 0x0, 0x0,
    0x86, 0x10, 0x0, 0x1, 0x96, 0x0, 0x0, 0x3f,
    0xfc, 0x0, 0x5, 0xff, 0x90, 0x0, 0xc, 0xff,
    0x50, 0x1, 0x1a, 0xfd, 0x21, 0x1e, 0xfe, 0x11,
    0x10, 0x1, 0xef, 0xf3, 0x4f, 0xff, 0xff, 0xff,
    0xff, 0xff, 0xff, 0xf2, 0x0, 0x3f, 0xfe, 0x4f,
    0xff, 0xff, 0xff, 0xff, 0xff, 0xff, 0xf2, 0x0,
    0x6, 0xb2, 0x1, 0x11, 0x12, 0xff, 0xc1, 0x11,
    0x11, 0x10, 0x0, 0x0, 0x0, 0x0, 0xcd, 0xdd,
    0xff, 0xed, 0xdd, 0xd6, 0x0, 0x0, 0x0, 0x0,
    0x0, 0xef, 0xff, 0xff, 0xff, 0xff, 0xf8, 0x0,
    0x1f, 0xff, 0xff, 0x10, 0xef, 0x90, 0x0, 0x0,
    0x1f, 0xf8, 0x0, 0x1f, 0xff, 0xff, 0x10, 0xef,
    0xda, 0xaa, 0xaa, 0xaf, 0xf8, 0x0, 0x9, 0x9c,
    0xff, 0x10, 0xef, 0xff, 0xff, 0xff, 0xff, 0xf8,
    0x0, 0x0, 0x7, 0xff, 0x10, 0xef, 0x90, 0x0,
    0x0, 0x1f, 0xf8, 0x0, 0x0, 0x7, 0xff, 0x10,
    0xef, 0xdb, 0xbb, 0xbb, 0xbf, 0xf8, 0x0, 0x0,
    0x7, 0xff, 0x10, 0xef, 0xff, 0xff, 0xff, 0xff,
    0xf8, 0x0, 0x0, 0x7, 0xff, 0x10, 0xef, 0x90,
    0x0, 0x0, 0x1f, 0xf8, 0x0, 0x0, 0x7, 0xff,
    0x10, 0xef, 0xfd, 0xdd, 0xdd, 0xdf, 0xf8, 0x0,
    0x0, 0x9, 0xff, 0x30, 0xef, 0xff, 0xff, 0xff,
    0xff, 0xf7, 0x0, 0x2, 0xcf, 0xff, 0xf7, 0x0,
    0x0, 0x0, 0x0, 0x0, 0x0, 0x0, 0x3f, 0xff,
    0x98, 0xff, 0xe9, 0x64, 0x32, 0x23, 0x35, 0x68,
    0xa5, 0x2f, 0xf7, 0x0, 0x3d, 0xff, 0xff, 0xff,
    0xff, 0xff, 0xff, 0xf2, 0x8, 0xb0, 0x0, 0x0,
    0x5b, 0xef, 0xff, 0xff, 0xff, 0xff, 0xd0, 0x0,
    0x10, 0x0, 0x0, 0x0, 0x0, 0x11, 0x11, 0x10,
    0x0, 0x0,

    /* U+91CF "量" */
    0x0, 0x0, 0x0, 0x0, 0x0, 0x0, 0x0, 0x0,
    0x0, 0x0, 0x0, 0x0, 0x3, 0xff, 0xff, 0xff,
    0xff, 0xff, 0xff, 0xff, 0x20, 0x0, 0x0, 0x3,
    0xff, 0x84, 0x44, 0x44, 0x44, 0x4a, 0xff, 0x20,
    0x0, 0x0, 0x3, 0xff, 0xff, 0xff, 0xff, 0xff,
    0xff, 0xff, 0x20, 0x0, 0x0, 0x3, 0xff, 0x85,
    0x55, 0x55, 0x55, 0x5a, 0xff, 0x20, 0x0, 0x0,
    0x3, 0xff, 0xff, 0xff, 0xff, 0xff, 0xff, 0xff,
    0x20, 0x0, 0x0, 0x1, 0x66, 0x66, 0x66, 0x66,
    0x66, 0x66, 0x66, 0x10, 0x0, 0xe, 0xee, 0xee,
    0xee, 0xee, 0xee, 0xee, 0xee, 0xee, 0xee, 0xe0,
    0xf, 0xff, 0xff, 0xff, 0xff, 0xff, 0xff, 0xff,
    0xff, 0xff, 0xf0, 0x0, 0x3, 0x55, 0x55, 0x55,
    0x55, 0x55, 0x55, 0x55, 0x30, 0x0, 0x0, 0x9,
    0xff, 0xff, 0xff, 0xff, 0xff, 0xff, 0xff, 0xb0,
    0x0, 0x0, 0x9, 0xfe, 0x33, 0x37, 0xff, 0x73,
    0x33, 0xef, 0xb0, 0x0, 0x0, 0x9, 0xff, 0xff,
    0xff, 0xff, 0xff, 0xff, 0xff, 0xb0, 0x0, 0x0,
    0x9, 0xfe, 0x33, 0x37, 0xff, 0x73, 0x33, 0xef,
    0xb0, 0x0, 0x0, 0x9, 0xff, 0xff, 0xff, 0xff,
    0xff, 0xff, 0xff, 0xb0, 0x0, 0x0, 0x2, 0x44,
    0x44, 0x48, 0xff, 0x74, 0x44, 0x44, 0x30, 0x0,
    0x0, 0xf, 0xff, 0xff, 0xff, 0xff, 0xff, 0xff,
    0xff, 0xf1, 0x0, 0x0, 0xb, 0xbb, 0xbb, 0xbc,
    0xff, 0xcb, 0xbb, 0xbb, 0xb1, 0x0, 0x4, 0x44,
    0x44, 0x44, 0x47, 0xff, 0x74, 0x44, 0x44, 0x44,
    0x40, 0xf, 0xff, 0xff, 0xff, 0xff, 0xff, 0xff,
    0xff, 0xff, 0xff, 0xf1, 0xa, 0xaa, 0xaa, 0xaa,
    0xaa, 0xaa, 0xaa, 0xaa, 0xaa, 0xaa, 0xa1,

    /* U+95ED "闭" */
    0x0, 0x40, 0x0, 0x0, 0x0, 0x0, 0x0, 0x0,
    0x0, 0x0, 0xa, 0xfc, 0x0, 0x37, 0x77, 0x77,
    0x77, 0x77, 0x78, 0x74, 0x8, 0xff, 0xb0, 0x6f,
    0xff, 0xff, 0xff, 0xff, 0xff, 0xf9, 0x0, 0xbf,
    0xf7, 0x6f, 0xff, 0xff, 0xff, 0xff, 0xff, 0xf9,
    0x0, 0xe, 0xa1, 0x0, 0x0, 0x5, 0x53, 0x0,
    0xf, 0xf9, 0x25, 0x51, 0x0, 0x0, 0x0, 0x1f,
    0xfa, 0x0, 0xf, 0xf9, 0x9f, 0xf1, 0x0, 0x0,
    0x0, 0x1f, 0xfa, 0x0, 0xf, 0xf9, 0x9f, 0xf1,
    0x57, 0x77, 0x77, 0x8f, 0xfd, 0x77, 0x1f, 0xf9,
    0x9f, 0xf1, 0xbf, 0xff, 0xff, 0xff, 0xff, 0xff,
    0x2f, 0xf9, 0x9f, 0xf1, 0xbf, 0xff, 0xff, 0xff,
    0xff, 0xff, 0x2f, 0xf9, 0x9f, 0xf1, 0x0, 0x0,
    0x3f, 0xff, 0xfa, 0x0, 0xf, 0xf9, 0x9f, 0xf1,
    0x0, 0x2, 0xef, 0xff, 0xfa, 0x0, 0xf, 0xf9,
    0x9f, 0xf1, 0x0, 0x3e, 0xff, 0x8f, 0xfa, 0x0,
    0xf, 0xf9, 0x9f, 0xf1, 0x6, 0xff, 0xf8, 0x1f,
    0xfa, 0x0, 0xf, 0xf9, 0x9f, 0xf4, 0xcf, 0xff,
    0x70, 0x1f, 0xfa, 0x0, 0xf, 0xf9, 0x9f, 0xf4,
    0xff, 0xe4, 0x0, 0x1f, 0xfa, 0x0, 0xf, 0xf9,
    0x9f, 0xf1, 0x4a, 0x12, 0x77, 0x8f, 0xfa, 0x0,
    0xf, 0xf9, 0x9f, 0xf1, 0x0, 0x0, 0xef, 0xff,
    0xf7, 0x0, 0xf, 0xf9, 0x9f, 0xf1, 0x0, 0x0,
    0xaf, 0xfd, 0x80, 0x35, 0x6f, 0xf9, 0x9f, 0xf1,
    0x0, 0x0, 0x0, 0x0, 0x0, 0x4f, 0xff, 0xf6,
    0x9f, 0xf1, 0x0, 0x0, 0x0, 0x0, 0x0, 0xf,
    0xfd, 0x80,

    /* U+963F "阿" */
    0x4c, 0xcc, 0xcc, 0x82, 0x55, 0x55, 0x55, 0x55,
    0x55, 0x55, 0x26, 0xff, 0xff, 0xff, 0xdf, 0xff,
    0xff, 0xff, 0xff, 0xff, 0xf8, 0x6f, 0xfa, 0xcf,
    0xf8, 0xff, 0xff, 0xff, 0xff, 0xff, 0xff, 0x86,
    0xfe, 0x9, 0xfe, 0x2, 0x22, 0x22, 0x22, 0x2a,
    0xff, 0x21, 0x6f, 0xe0, 0xef, 0x90, 0x0, 0x0,
    0x0, 0x0, 0x9f, 0xe0, 0x6, 0xfe, 0x2f, 0xf4,
    0x4, 0x44, 0x44, 0x41, 0x9, 0xfe, 0x0, 0x6f,
    0xe7, 0xfe, 0x1, 0xff, 0xff, 0xff, 0x60, 0x9f,
    0xe0, 0x6, 0xfe, 0x8f, 0xe1, 0x1f, 0xff, 0xff,
    0xf6, 0x9, 0xfe, 0x0, 0x6f, 0xe0, 0xdf, 0x91,
    0xff, 0x20, 0xef, 0x60, 0x9f, 0xe0, 0x6, 0xfe,
    0x5, 0xff, 0x1f, 0xf2, 0xe, 0xf6, 0x9, 0xfe,
    0x0, 0x6f, 0xe0, 0x1f, 0xf4, 0xff, 0x20, 0xef,
    0x60, 0x9f, 0xe0, 0x6, 0xfe, 0x0, 0xff, 0x5f,
    0xf4, 0x2e, 0xf6, 0x9, 0xfe, 0x0, 0x6f, 0xe4,
    0x8f, 0xf4, 0xff, 0xff, 0xff, 0x60, 0x9f, 0xe0,
    0x6, 0xfe, 0xcf, 0xfe, 0x1f, 0xff, 0xff, 0xf6,
    0x9, 0xfe, 0x0, 0x6f, 0xea, 0xfc, 0x31, 0xff,
    0x31, 0x11, 0x0, 0x9f, 0xe0, 0x6, 0xfe, 0x0,
    0x0, 0x7, 0x71, 0x0, 0x0, 0x9, 0xfe, 0x0,
    0x6f, 0xe0, 0x0, 0x0, 0x0, 0x0, 0x0, 0x0,
    0x9f, 0xe0, 0x6, 0xfe, 0x0, 0x0, 0x0, 0x0,
    0x14, 0x44, 0x4b, 0xfe, 0x0, 0x6f, 0xe0, 0x0,
    0x0, 0x0, 0x1, 0xff, 0xff, 0xff, 0xb0, 0x6,
    0xfe, 0x0, 0x0, 0x0, 0x0, 0xc, 0xff, 0xfe,
    0xa1, 0x0, 0x1, 0x10, 0x0, 0x0, 0x0, 0x0,
    0x0, 0x0, 0x0, 0x0, 0x0,

    /* U+9664 "除" */
    0x0, 0x0, 0x0, 0x0, 0x0, 0x0, 0x0, 0x0,
    0x0, 0x0, 0x0, 0x0, 0x0, 0x0, 0x0, 0x0,
    0x0, 0xc, 0xb4, 0x0, 0x0, 0x0, 0x5f, 0xff,
    0xff, 0xb2, 0x0, 0x0, 0x8f, 0xf6, 0x0, 0x0,
    0x0, 0x6f, 0xff, 0xff, 0xf7, 0x0, 0x6, 0xff,
    0xfe, 0x30, 0x0, 0x0, 0x6f, 0xf6, 0x9f, 0xf2,
    0x0, 0x7f, 0xfd, 0xef, 0xf4, 0x0, 0x0, 0x6f,
    0xe0, 0x8f, 0xd0, 0xa, 0xff, 0xe1, 0x2e, 0xff,
    0x90, 0x0, 0x6f, 0xe0, 0xcf, 0x75, 0xef, 0xfd,
    0x20, 0x2, 0xef, 0xfe, 0x60, 0x6f, 0xe0, 0xff,
    0x3d, 0xff, 0xe4, 0x33, 0x33, 0x4e, 0xff, 0x60,
    0x6f, 0xe3, 0xfd, 0x1, 0xde, 0xff, 0xff, 0xff,
    0xff, 0xa9, 0x0, 0x6f, 0xe1, 0xff, 0x30, 0xa,
    0xff, 0xff, 0xff, 0xff, 0x40, 0x0, 0x6f, 0xe0,
    0x9f, 0xa0, 0x0, 0x0, 0x2f, 0xf7, 0x0, 0x0,
    0x0, 0x6f, 0xe0, 0x4f, 0xf0, 0x0, 0x0, 0x2f,
    0xf7, 0x0, 0x0, 0x0, 0x6f, 0xe0, 0x2f, 0xf7,
    0xff, 0xff, 0xff, 0xff, 0xff, 0xff, 0x60, 0x6f,
    0xe0, 0x2f, 0xf8, 0xff, 0xff, 0xff, 0xff, 0xff,
    0xff, 0x60, 0x6f, 0xe4, 0x9f, 0xf4, 0x77, 0x77,
    0x8f, 0xfb, 0x77, 0x77, 0x30, 0x6f, 0xe8, 0xff,
    0xd0, 0xb, 0x82, 0x1f, 0xf7, 0x3b, 0x60, 0x0,
    0x6f, 0xe4, 0xeb, 0x20, 0x7f, 0xf4, 0x1f, 0xf7,
    0x9f, 0xf3, 0x0, 0x6f, 0xe0, 0x0, 0x2, 0xff,
    0xb0, 0x1f, 0xf7, 0xd, 0xfd, 0x0, 0x6f, 0xe0,
    0x0, 0xd, 0xff, 0x20, 0x1f, 0xf7, 0x4, 0xff,
    0x70, 0x6f, 0xe0, 0x0, 0x5f, 0xf7, 0x35, 0x6f,
    0xf7, 0x0, 0xaf, 0xa0, 0x6f, 0xe0, 0x0, 0x2,
    0x80, 0x4f, 0xff, 0xf4, 0x0, 0x24, 0x0, 0x6f,
    0xe0, 0x0, 0x0, 0x0, 0xf, 0xfd, 0x70, 0x0,
    0x0, 0x0,

    /* U+969C "障" */
    0x0, 0x0, 0x0, 0x0, 0x0, 0x0, 0x59, 0x40,
    0x0, 0x0, 0xa, 0xbb, 0xbb, 0xb4, 0x1, 0x11,
    0x1e, 0xfb, 0x11, 0x11, 0x0, 0xef, 0xff, 0xff,
    0xf8, 0xff, 0xff, 0xff, 0xff, 0xff, 0xf5, 0xe,
    0xfc, 0xae, 0xfd, 0x6f, 0xff, 0xff, 0xff, 0xff,
    0xff, 0x50, 0xef, 0x60, 0xdf, 0x70, 0x8, 0xff,
    0x10, 0xe, 0xf9, 0x0, 0xe, 0xf6, 0x2f, 0xf5,
    0xee, 0xff, 0xfe, 0xee, 0xff, 0xfe, 0xe0, 0xef,
    0x66, 0xfc, 0x3f, 0xff, 0xff, 0xff, 0xff, 0xff,
    0xff, 0xe, 0xf6, 0xbf, 0x70, 0x22, 0x22, 0x22,
    0x22, 0x22, 0x22, 0x20, 0xef, 0x67, 0xfd, 0x0,
    0xee, 0xee, 0xee, 0xee, 0xee, 0xd0, 0xe, 0xf6,
    0xe, 0xf6, 0xf, 0xfe, 0xdd, 0xdd, 0xdf, 0xfe,
    0x0, 0xef, 0x60, 0x9f, 0xb0, 0xff, 0x82, 0x22,
    0x22, 0xbf, 0xe0, 0xe, 0xf6, 0x6, 0xfe, 0xf,
    0xff, 0xff, 0xff, 0xff, 0xfe, 0x0, 0xef, 0x60,
    0x6f, 0xf0, 0xff, 0xa5, 0x55, 0x55, 0xcf, 0xe0,
    0xe, 0xf7, 0x5c, 0xfe, 0xf, 0xfd, 0xbb, 0xbb,
    0xbe, 0xfe, 0x0, 0xef, 0x6e, 0xff, 0x90, 0xee,
    0xee, 0xff, 0xfe, 0xee, 0xd0, 0xe, 0xf6, 0xad,
    0x91, 0x0, 0x0, 0xb, 0xfe, 0x0, 0x0, 0x0,
    0xef, 0x60, 0x0, 0x2f, 0xff, 0xff, 0xff, 0xff,
    0xff, 0xff, 0xe, 0xf6, 0x0, 0x2, 0xff, 0xff,
    0xff, 0xff, 0xff, 0xff, 0xf0, 0xef, 0x60, 0x0,
    0x2, 0x22, 0x22, 0xbf, 0xf2, 0x22, 0x22, 0xe,
    0xf6, 0x0, 0x0, 0x0, 0x0, 0xa, 0xfe, 0x0,
    0x0, 0x0, 0xef, 0x50, 0x0, 0x0, 0x0, 0x0,
    0xaf, 0xe0, 0x0, 0x0, 0x0,

    /* U+96C6 "集" */
    0x0, 0x0, 0x4, 0x52, 0x0, 0x15, 0x50, 0x0,
    0x0, 0x0, 0x0, 0x0, 0x0, 0x1f, 0xfe, 0x0,
    0xbf, 0xe0, 0x0, 0x0, 0x0, 0x0, 0x0, 0x0,
    0xbf, 0xf9, 0x55, 0x9f, 0xf9, 0x55, 0x55, 0x54,
    0x0, 0x0, 0x9, 0xff, 0xff, 0xff, 0xff, 0xff,
    0xff, 0xff, 0xfd, 0x0, 0x0, 0x8f, 0xff, 0xaa,
    0xaa, 0xef, 0xfa, 0xaa, 0xaa, 0xa9, 0x0, 0xa,
    0xff, 0xff, 0x77, 0x77, 0xcf, 0xf7, 0x77, 0x77,
    0x60, 0x0, 0x5f, 0xff, 0xff, 0xff, 0xff, 0xff,
    0xff, 0xff, 0xff, 0xd0, 0x0, 0x4, 0xaa, 0xff,
    0x22, 0x22, 0xaf, 0xf2, 0x22, 0x22, 0x20, 0x0,
    0x0, 0x9, 0xff, 0xff, 0xff, 0xff, 0xff, 0xff,
    0xff, 0xe0, 0x0, 0x0, 0x9, 0xff, 0xbb, 0xbb,
    0xef, 0xfb, 0xbb, 0xbb, 0xa0, 0x0, 0x0, 0x9,
    0xff, 0x22, 0x22, 0xaf, 0xf2, 0x22, 0x22, 0x22,
    0x0, 0x0, 0x9, 0xff, 0xff, 0xff, 0xff, 0xff,
    0xff, 0xff, 0xff, 0x60, 0x0, 0x9, 0xff, 0xee,
    0xef, 0xff, 0xee, 0xee, 0xee, 0xee, 0x50, 0x0,
    0x4, 0x77, 0x0, 0x8, 0xff, 0x10, 0x0, 0x0,
    0x0, 0x0, 0x1f, 0xff, 0xff, 0xff, 0xff, 0xff,
    0xff, 0xff, 0xff, 0xff, 0xc0, 0x1f, 0xff, 0xff,
    0xff, 0xff, 0xff, 0xff, 0xff, 0xff, 0xff, 0xc0,
    0x1, 0x11, 0x12, 0x9f, 0xff, 0xff, 0xff, 0xe7,
    0x11, 0x11, 0x10, 0x0, 0x4, 0xaf, 0xff, 0xdb,
    0xff, 0x6e, 0xff, 0xe8, 0x20, 0x0, 0x4a, 0xef,
    0xff, 0xf7, 0x8, 0xff, 0x11, 0x9f, 0xff, 0xfd,
    0x90, 0x2f, 0xff, 0xe8, 0x10, 0x8, 0xff, 0x10,
    0x2, 0x9f, 0xff, 0x90, 0x6, 0xb5, 0x0, 0x0,
    0x8, 0xff, 0x10, 0x0, 0x0, 0x5a, 0x10,

    /* U+97F3 "音" */
    0x0, 0x0, 0x0, 0x0, 0x7c, 0xe2, 0x0, 0x0,
    0x0, 0x0, 0x0, 0x0, 0x0, 0x0, 0x7f, 0xf9,
    0x0, 0x0, 0x0, 0x0, 0xa, 0xff, 0xff, 0xff,
    0xff, 0xff, 0xff, 0xff, 0xff, 0xd0, 0xa, 0xff,
    0xff, 0xff, 0xff, 0xff, 0xff, 0xff, 0xff, 0xe0,
    0x4, 0x66, 0xad, 0xe6, 0x66, 0x66, 0x6d, 0xfb,
    0x76, 0x50, 0x0, 0x0, 0xaf, 0xf4, 0x0, 0x0,
    0x1f, 0xff, 0x10, 0x0, 0x0, 0x0, 0x3f, 0xfa,
    0x0, 0x0, 0x6f, 0xf8, 0x0, 0x0, 0xdf, 0xff,
    0xff, 0xff, 0xff, 0xff, 0xff, 0xff, 0xff, 0xfe,
    0xef, 0xff, 0xff, 0xff, 0xff, 0xff, 0xff, 0xff,
    0xff, 0xfe, 0x56, 0x66, 0x66, 0x66, 0x66, 0x66,
    0x66, 0x66, 0x66, 0x65, 0x0, 0x2, 0x22, 0x22,
    0x22, 0x22, 0x22, 0x22, 0x21, 0x0, 0x0, 0x2f,
    0xff, 0xff, 0xff, 0xff, 0xff, 0xff, 0xf6, 0x0,
    0x0, 0x2f, 0xff, 0xff, 0xff, 0xff, 0xff, 0xff,
    0xf6, 0x0, 0x0, 0x2f, 0xf7, 0x0, 0x0, 0x0,
    0x0, 0x5f, 0xf6, 0x0, 0x0, 0x2f, 0xfd, 0xbb,
    0xbb, 0xbb, 0xbb, 0xdf, 0xf6, 0x0, 0x0, 0x2f,
    0xff, 0xff, 0xff, 0xff, 0xff, 0xff, 0xf6, 0x0,
    0x0, 0x2f, 0xfa, 0x44, 0x44, 0x44, 0x44, 0x8f,
    0xf6, 0x0, 0x0, 0x2f, 0xf7, 0x0, 0x0, 0x0,
    0x0, 0x5f, 0xf6, 0x0, 0x0, 0x2f, 0xff, 0xff,
    0xff, 0xff, 0xff, 0xff, 0xf6, 0x0, 0x0, 0x2f,
    0xff, 0xff, 0xff, 0xff, 0xff, 0xff, 0xf6, 0x0,
    0x0, 0x2f, 0xf9, 0x33, 0x33, 0x33, 0x33, 0x8f,
    0xf6, 0x0, 0x0, 0x0, 0x0, 0x0, 0x0, 0x0,
    0x0, 0x0, 0x0, 0x0,

    /* U+98A0 "颠" */
    0x0, 0x0, 0x8, 0x96, 0x0, 0x0, 0x0, 0x0,
    0x0, 0x0, 0x0, 0x1, 0x11, 0x1d, 0xf9, 0x11,
    0x15, 0x77, 0x77, 0x77, 0x77, 0x60, 0xe, 0xff,
    0xff, 0xff, 0xff, 0xcb, 0xff, 0xff, 0xff, 0xff,
    0xe0, 0xe, 0xff, 0xff, 0xff, 0xff, 0xb7, 0xaa,
    0xaf, 0xfc, 0xaa, 0x90, 0x0, 0x0, 0x4f, 0xf0,
    0x0, 0x0, 0x0, 0x5f, 0xf1, 0x0, 0x0, 0x0,
    0xff, 0xff, 0xff, 0xff, 0x42, 0x88, 0xdf, 0xe8,
    0x88, 0x20, 0x0, 0xff, 0x98, 0x88, 0xff, 0x44,
    0xff, 0xff, 0xff, 0xff, 0x50, 0x0, 0xff, 0x76,
    0x66, 0xff, 0x44, 0xfe, 0x88, 0x88, 0xef, 0x50,
    0x0, 0xff, 0xff, 0xff, 0xff, 0x44, 0xfd, 0x8,
    0x81, 0xdf, 0x50, 0x0, 0xff, 0x42, 0x22, 0xff,
    0x44, 0xfd, 0xf, 0xf3, 0xdf, 0x50, 0x0, 0xff,
    0xff, 0xff, 0xff, 0x44, 0xfd, 0xf, 0xf2, 0xdf,
    0x50, 0x0, 0xff, 0x42, 0x22, 0xff, 0x44, 0xfd,
    0xf, 0xf2, 0xdf, 0x50, 0x0, 0xff, 0xff, 0xff,
    0xff, 0x44, 0xfd, 0x1f, 0xf1, 0xdf, 0x50, 0x0,
    0xff, 0x76, 0x66, 0xff, 0x44, 0xfd, 0x2f, 0xf0,
    0xdf, 0x50, 0x14, 0xff, 0x53, 0x33, 0xff, 0x65,
    0xfd, 0x4f, 0xe0, 0xdf, 0x50, 0x4f, 0xff, 0xff,
    0xff, 0xff, 0xf7, 0xca, 0x9f, 0xb0, 0x9b, 0x30,
    0x4e, 0xef, 0xee, 0xee, 0xfe, 0xe3, 0x1, 0xef,
    0x77, 0x10, 0x0, 0x0, 0x2e, 0xc3, 0x2d, 0xf5,
    0x0, 0xb, 0xff, 0xaf, 0xe3, 0x0, 0x3, 0xef,
    0xf3, 0xc, 0xff, 0x54, 0xdf, 0xf8, 0x3d, 0xff,
    0x50, 0x4f, 0xff, 0x40, 0x0, 0xcb, 0x4f, 0xff,
    0xa0, 0x1, 0xcf, 0xf0, 0x8, 0xd2, 0x0, 0x0,
    0x0, 0x6, 0xe6, 0x0, 0x0, 0xc, 0x40, 0x0,
    0x0, 0x0, 0x0, 0x0, 0x0, 0x0, 0x0, 0x0,
    0x0, 0x0,

    /* U+9999 "香" */
    0x0, 0x0, 0x0, 0x0, 0x0, 0x0, 0x0, 0x36,
    0x80, 0x0, 0x0, 0x0, 0x1, 0x34, 0x56, 0x79,
    0xac, 0xef, 0xff, 0xf9, 0x0, 0x0, 0x0, 0xa,
    0xff, 0xff, 0xff, 0xff, 0xff, 0xff, 0xfd, 0x20,
    0x0, 0x0, 0x6, 0xff, 0xfe, 0xdd, 0xff, 0xc6,
    0x42, 0x0, 0x0, 0x0, 0x0, 0x0, 0x10, 0x0,
    0x2, 0xff, 0x90, 0x0, 0x0, 0x0, 0x0, 0x4,
    0x77, 0x77, 0x77, 0x78, 0xff, 0xc7, 0x77, 0x77,
    0x77, 0x70, 0x9, 0xff, 0xff, 0xff, 0xff, 0xff,
    0xff, 0xff, 0xff, 0xff, 0xf1, 0x8, 0xee, 0xee,
    0xef, 0xff, 0xff, 0xff, 0xfe, 0xee, 0xee, 0xe1,
    0x0, 0x0, 0x0, 0x6f, 0xfd, 0xff, 0xef, 0xfc,
    0x20, 0x0, 0x0, 0x0, 0x0, 0x1b, 0xff, 0xb3,
    0xff, 0x95, 0xff, 0xf7, 0x0, 0x0, 0x0, 0x18,
    0xff, 0xf9, 0x2, 0xff, 0x90, 0x3d, 0xff, 0xe7,
    0x10, 0xa, 0xff, 0xfe, 0x50, 0x1, 0xdd, 0x80,
    0x0, 0x8f, 0xff, 0xf5, 0x5, 0xff, 0xef, 0xff,
    0xff, 0xff, 0xff, 0xff, 0xff, 0xaf, 0xa0, 0x0,
    0x40, 0xaf, 0xff, 0xff, 0xff, 0xff, 0xff, 0xff,
    0x1, 0x0, 0x0, 0x0, 0xaf, 0xf0, 0x0, 0x0,
    0x0, 0xc, 0xff, 0x0, 0x0, 0x0, 0x0, 0xaf,
    0xfb, 0xbb, 0xbb, 0xbb, 0xbf, 0xff, 0x0, 0x0,
    0x0, 0x0, 0xaf, 0xff, 0xff, 0xff, 0xff, 0xff,
    0xff, 0x0, 0x0, 0x0, 0x0, 0xaf, 0xf0, 0x0,
    0x0, 0x0, 0xc, 0xff, 0x0, 0x0, 0x0, 0x0,
    0xaf, 0xff, 0xff, 0xff, 0xff, 0xff, 0xff, 0x0,
    0x0, 0x0, 0x0, 0xaf, 0xff, 0xff, 0xff, 0xff,
    0xff, 0xff, 0x0, 0x0, 0x0, 0x0, 0xaf, 0xf1,
    0x11, 0x11, 0x11, 0x1c, 0xff, 0x0, 0x0, 0x0,
    0x0, 0x0, 0x0, 0x0, 0x0, 0x0, 0x0, 0x0,
    0x0, 0x0,

    /* U+9AD8 "高" */
    0x0, 0x0, 0x0, 0x0, 0x5a, 0xe1, 0x0, 0x0,
    0x0, 0x0, 0x0, 0x0, 0x0, 0x0, 0x8f, 0xf8,
    0x0, 0x0, 0x0, 0x0, 0xbc, 0xcc, 0xcc, 0xcc,
    0xdf, 0xff, 0xcc, 0xcc, 0xcc, 0xc7, 0xef, 0xff,
    0xff, 0xff, 0xff, 0xff, 0xff, 0xff, 0xff, 0xf9,
    0x67, 0x77, 0x77, 0x77, 0x77, 0x77, 0x77, 0x77,
    0x77, 0x74, 0x0, 0xa, 0xbb, 0xbb, 0xbb, 0xbb,
    0xbb, 0xbb, 0xb1, 0x0, 0x0, 0xe, 0xff, 0xff,
    0xff, 0xff, 0xff, 0xff, 0xf1, 0x0, 0x0, 0xe,
    0xfc, 0x0, 0x0, 0x0, 0x0, 0xbf, 0xf1, 0x0,
    0x0, 0xe, 0xfe, 0xbb, 0xbb, 0xbb, 0xbb, 0xef,
    0xf1, 0x0, 0x0, 0xe, 0xff, 0xff, 0xff, 0xff,
    0xff, 0xff, 0xf1, 0x0, 0x0, 0x1, 0x11, 0x11,
    0x11, 0x11, 0x11, 0x11, 0x11, 0x10, 0x5f, 0xff,
    0xff, 0xff, 0xff, 0xff, 0xff, 0xff, 0xff, 0xf3,
    0x5f, 0xff, 0xff, 0xff, 0xff, 0xff, 0xff, 0xff,
    0xff, 0xf3, 0x5f, 0xf7, 0x22, 0x22, 0x22, 0x22,
    0x22, 0x22, 0x8f, 0xf3, 0x5f, 0xf5, 0xf, 0xff,
    0xff, 0xff, 0xff, 0xa0, 0x7f, 0xf3, 0x5f, 0xf5,
    0xf, 0xfe, 0xdd, 0xdd, 0xff, 0xa0, 0x7f, 0xf3,
    0x5f, 0xf5, 0xf, 0xf7, 0x0, 0x0, 0xaf, 0xa0,
    0x7f, 0xf3, 0x5f, 0xf5, 0xf, 0xff, 0xee, 0xee,
    0xff, 0xa0, 0x7f, 0xf3, 0x5f, 0xf5, 0xf, 0xff,
    0xff, 0xff, 0xff, 0xb1, 0x8f, 0xf3, 0x5f, 0xf5,
    0xd, 0xd6, 0x0, 0x0, 0x0, 0xef, 0xff, 0xf1,
    0x5f, 0xf5, 0x0, 0x0, 0x0, 0x0, 0x0, 0x7d,
    0xcb, 0x50,

    /* U+9C7C "鱼" */
    0x0, 0x0, 0x0, 0x7b, 0x72, 0x0, 0x0, 0x0,
    0x0, 0x0, 0x0, 0x0, 0x0, 0x3f, 0xff, 0x42,
    0x22, 0x31, 0x0, 0x0, 0x0, 0x0, 0x0, 0x1d,
    0xff, 0xff, 0xff, 0xff, 0xf8, 0x0, 0x0, 0x0,
    0x0, 0xc, 0xff, 0xff, 0xff, 0xff, 0xff, 0xa0,
    0x0, 0x0, 0x0, 0x1c, 0xff, 0xd2, 0x22, 0x24,
    0xff, 0xe1, 0x0, 0x0, 0x0, 0x2d, 0xff, 0xe2,
    0x0, 0x1, 0xcf, 0xf5, 0x0, 0x0, 0x0, 0x1f,
    0xff, 0xff, 0xff, 0xff, 0xff, 0xff, 0xff, 0xff,
    0xd0, 0x0, 0x6f, 0xff, 0xff, 0xff, 0xff, 0xff,
    0xff, 0xff, 0xfd, 0x0, 0x0, 0x5a, 0xfd, 0x11,
    0x16, 0xff, 0x51, 0x11, 0xdf, 0xd0, 0x0, 0x0,
    0xaf, 0xd0, 0x0, 0x5f, 0xf4, 0x0, 0xd, 0xfd,
    0x0, 0x0, 0xa, 0xff, 0xff, 0xff, 0xff, 0xff,
    0xff, 0xff, 0xd0, 0x0, 0x0, 0xaf, 0xff, 0xff,
    0xff, 0xff, 0xff, 0xff, 0xfd, 0x0, 0x0, 0xa,
    0xfd, 0x11, 0x16, 0xff, 0x41, 0x11, 0xdf, 0xd0,
    0x0, 0x0, 0xaf, 0xd0, 0x0, 0x5f, 0xf4, 0x0,
    0xd, 0xfd, 0x0, 0x0, 0xa, 0xff, 0xff, 0xff,
    0xff, 0xff, 0xff, 0xff, 0xd0, 0x0, 0x0, 0xaf,
    0xff, 0xff, 0xff, 0xff, 0xff, 0xff, 0xfd, 0x0,
    0x0, 0x2, 0x33, 0x33, 0x33, 0x33, 0x33, 0x33,
    0x33, 0x20, 0x0, 0x45, 0x55, 0x55, 0x55, 0x55,
    0x55, 0x55, 0x55, 0x55, 0x53, 0xe, 0xff, 0xff,
    0xff, 0xff, 0xff, 0xff, 0xff, 0xff, 0xff, 0xb0,
    0xef, 0xff, 0xff, 0xff, 0xff, 0xff, 0xff, 0xff,
    0xff, 0xfb, 0x2, 0x22, 0x22, 0x22, 0x22, 0x22,
    0x22, 0x22, 0x22, 0x22, 0x20,

    /* U+9F3B "鼻" */
    0x0, 0x0, 0x0, 0x0, 0x6b, 0x96, 0x0, 0x0,
    0x0, 0x0, 0x0, 0x0, 0x11, 0x11, 0xdf, 0xf5,
    0x11, 0x11, 0x0, 0x0, 0x0, 0xa, 0xff, 0xff,
    0xff, 0xff, 0xff, 0xff, 0xb0, 0x0, 0x0, 0xa,
    0xfe, 0x55, 0x55, 0x55, 0x55, 0xff, 0xb0, 0x0,
    0x0, 0xa, 0xff, 0xff, 0xff, 0xff, 0xff, 0xff,
    0xb0, 0x0, 0x0, 0xa, 0xfe, 0x55, 0x55, 0x55,
    0x55, 0xff, 0xb0, 0x0, 0x0, 0xa, 0xff, 0xcc,
    0xcc, 0xcc, 0xcc, 0xff, 0xb0, 0x0, 0x0, 0xa,
    0xfe, 0x77, 0x77, 0x77, 0x77, 0xff, 0xb0, 0x0,
    0x0, 0xa, 0xff, 0xff, 0xff, 0xff, 0xff, 0xff,
    0xa0, 0x0, 0x3, 0x77, 0x77, 0x77, 0x77, 0x77,
    0x77, 0x77, 0x77, 0x40, 0x7, 0xff, 0xee, 0xee,
    0xff, 0xff, 0xee, 0xee, 0xff, 0x80, 0x7, 0xff,
    0x77, 0x77, 0x9f, 0xf8, 0x77, 0x77, 0xff, 0x80,
    0x7, 0xff, 0x99, 0x99, 0xbf, 0xfa, 0x99, 0x99,
    0xff, 0x80, 0x7, 0xff, 0xcc, 0xcc, 0xdf, 0xfd,
    0xcc, 0xcc, 0xff, 0x80, 0x4, 0x99, 0x99, 0x99,
    0x99, 0x99, 0x99, 0x99, 0x99, 0x50, 0x9b, 0xbb,
    0xbb, 0xbb, 0xbb, 0xbb, 0xbb, 0xbb, 0xbb, 0xbb,
    0xdf, 0xff, 0xff, 0xff, 0xff, 0xff, 0xff, 0xff,
    0xff, 0xff, 0x56, 0x66, 0x8f, 0xfb, 0x66, 0x66,
    0xdf, 0xf6, 0x66, 0x66, 0x1, 0x37, 0xef, 0xf1,
    0x0, 0x0, 0xaf, 0xe0, 0x0, 0x0, 0x9f, 0xff,
    0xfe, 0x40, 0x0, 0x0, 0xaf, 0xe0, 0x0, 0x0,
    0x1e, 0xd9, 0x50, 0x0, 0x0, 0x0, 0xaf, 0xe0,
    0x0, 0x0, 0x0, 0x0, 0x0, 0x0, 0x0, 0x0,
    0x0, 0x0, 0x0, 0x0,

    /* U+FF0C "，" */
    0x0, 0x1, 0x0, 0x4, 0xef, 0xd1, 0xb, 0xff,
    0xf8, 0xa, 0xff, 0xfb, 0x1, 0xae, 0xfb, 0x0,
    0xa, 0xf8, 0x0, 0x7f, 0xf1, 0x1d, 0xff, 0x50,
    0xd, 0xc3, 0x0, 0x1, 0x0, 0x0,

    /* U+FF1A "：" */
    0x1, 0x40, 0x4, 0xff, 0xd1, 0xbf, 0xff, 0x69,
    0xff, 0xf4, 0x1a, 0xd7, 0x0, 0x0, 0x0, 0x0,
    0x0, 0x0, 0x0, 0x0, 0x0, 0x0, 0x0, 0x0,
    0x0, 0x0, 0x0, 0x2, 0xcf, 0x90, 0xaf, 0xff,
    0x5b, 0xff, 0xf5, 0x3f, 0xfc, 0x0, 0x2, 0x0
};


/*---------------------
 *  GLYPH DESCRIPTION
 *--------------------*/

static const lv_font_fmt_txt_glyph_dsc_t glyph_dsc[] = {
    {.bitmap_index = 0, .adv_w = 0, .box_w = 0, .box_h = 0, .ofs_x = 0, .ofs_y = 0} /* id = 0 reserved */,
    {.bitmap_index = 0, .adv_w = 80, .box_w = 0, .box_h = 0, .ofs_x = 0, .ofs_y = 0},
    {.bitmap_index = 0, .adv_w = 130, .box_w = 5, .box_h = 17, .ofs_x = 2, .ofs_y = 0},
    {.bitmap_index = 43, .adv_w = 202, .box_w = 10, .box_h = 9, .ofs_x = 1, .ofs_y = 9},
    {.bitmap_index = 88, .adv_w = 208, .box_w = 13, .box_h = 17, .ofs_x = 0, .ofs_y = 0},
    {.bitmap_index = 199, .adv_w = 208, .box_w = 11, .box_h = 23, .ofs_x = 1, .ofs_y = -3},
    {.bitmap_index = 326, .adv_w = 339, .box_w = 21, .box_h = 17, .ofs_x = 0, .ofs_y = 0},
    {.bitmap_index = 505, .adv_w = 260, .box_w = 16, .box_h = 17, .ofs_x = 0, .ofs_y = 0},
    {.bitmap_index = 641, .adv_w = 114, .box_w = 5, .box_h = 9, .ofs_x = 1, .ofs_y = 9},
    {.bitmap_index = 664, .adv_w = 133, .box_w = 7, .box_h = 24, .ofs_x = 1, .ofs_y = -5},
    {.bitmap_index = 748, .adv_w = 133, .box_w = 6, .box_h = 24, .ofs_x = 1, .ofs_y = -5},
    {.bitmap_index = 820, .adv_w = 178, .box_w = 10, .box_h = 9, .ofs_x = 1, .ofs_y = 9},
    {.bitmap_index = 865, .adv_w = 208, .box_w = 13, .box_h = 13, .ofs_x = 0, .ofs_y = 2},
    {.bitmap_index = 950, .adv_w = 114, .box_w = 5, .box_h = 9, .ofs_x = 1, .ofs_y = -5},
    {.bitmap_index = 973, .adv_w = 130, .box_w = 7, .box_h = 3, .ofs_x = 1, .ofs_y = 5},
    {.bitmap_index = 984, .adv_w = 114, .box_w = 5, .box_h = 5, .ofs_x = 1, .ofs_y = 0},
    {.bitmap_index = 997, .adv_w = 136, .box_w = 8, .box_h = 23, .ofs_x = 0, .ofs_y = -5},
    {.bitmap_index = 1089, .adv_w = 208, .box_w = 13, .box_h = 17, .ofs_x = 0, .ofs_y = 0},
    {.bitmap_index = 1200, .adv_w = 208, .box_w = 11, .box_h = 17, .ofs_x = 1, .ofs_y = 0},
    {.bitmap_index = 1294, .adv_w = 208, .box_w = 12, .box_h = 17, .ofs_x = 0, .ofs_y = 0},
    {.bitmap_index = 1396, .adv_w = 208, .box_w = 12, .box_h = 17, .ofs_x = 0, .ofs_y = 0},
    {.bitmap_index = 1498, .adv_w = 208, .box_w = 13, .box_h = 17, .ofs_x = 0, .ofs_y = 0},
    {.bitmap_index = 1609, .adv_w = 208, .box_w = 12, .box_h = 17, .ofs_x = 0, .ofs_y = 0},
    {.bitmap_index = 1711, .adv_w = 208, .box_w = 12, .box_h = 17, .ofs_x = 1, .ofs_y = 0},
    {.bitmap_index = 1813, .adv_w = 208, .box_w = 11, .box_h = 17, .ofs_x = 1, .ofs_y = 0},
    {.bitmap_index = 1907, .adv_w = 208, .box_w = 11, .box_h = 17, .ofs_x = 1, .ofs_y = 0},
    {.bitmap_index = 2001, .adv_w = 208, .box_w = 12, .box_h = 17, .ofs_x = 0, .ofs_y = 0},
    {.bitmap_index = 2103, .adv_w = 114, .box_w = 5, .box_h = 13, .ofs_x = 1, .ofs_y = 0},
    {.bitmap_index = 2136, .adv_w = 114, .box_w = 5, .box_h = 18, .ofs_x = 1, .ofs_y = -5},
    {.bitmap_index = 2181, .adv_w = 208, .box_w = 13, .box_h = 13, .ofs_x = 0, .ofs_y = 2},
    {.bitmap_index = 2266, .adv_w = 208, .box_w = 13, .box_h = 9, .ofs_x = 0, .ofs_y = 4},
    {.bitmap_index = 2325, .adv_w = 208, .box_w = 13, .box_h = 13, .ofs_x = 0, .ofs_y = 2},
    {.bitmap_index = 2410, .adv_w = 181, .box_w = 11, .box_h = 17, .ofs_x = 0, .ofs_y = 0},
    {.bitmap_index = 2504, .adv_w = 354, .box_w = 20, .box_h = 22, .ofs_x = 1, .ofs_y = -5},
    {.bitmap_index = 2724, .adv_w = 226, .box_w = 16, .box_h = 17, .ofs_x = -1, .ofs_y = 0},
    {.bitmap_index = 2860, .adv_w = 240, .box_w = 13, .box_h = 17, .ofs_x = 2, .ofs_y = 0},
    {.bitmap_index = 2971, .adv_w = 231, .box_w = 13, .box_h = 17, .ofs_x = 1, .ofs_y = 0},
    {.bitmap_index = 3082, .adv_w = 251, .box_w = 13, .box_h = 17, .ofs_x = 2, .ofs_y = 0},
    {.bitmap_index = 3193, .adv_w = 216, .box_w = 11, .box_h = 17, .ofs_x = 2, .ofs_y = 0},
    {.bitmap_index = 3287, .adv_w = 206, .box_w = 11, .box_h = 17, .ofs_x = 2, .ofs_y = 0},
    {.bitmap_index = 3381, .adv_w = 252, .box_w = 14, .box_h = 17, .ofs_x = 1, .ofs_y = 0},
    {.bitmap_index = 3500, .adv_w = 266, .box_w = 13, .box_h = 17, .ofs_x = 2, .ofs_y = 0},
    {.bitmap_index = 3611, .adv_w = 116, .box_w = 4, .box_h = 17, .ofs_x = 2, .ofs_y = 0},
    {.bitmap_index = 3645, .adv_w = 200, .box_w = 11, .box_h = 17, .ofs_x = 0, .ofs_y = 0},
    {.bitmap_index = 3739, .adv_w = 241, .box_w = 14, .box_h = 17, .ofs_x = 2, .ofs_y = 0},
    {.bitmap_index = 3858, .adv_w = 203, .box_w = 10, .box_h = 17, .ofs_x = 2, .ofs_y = 0},
    {.bitmap_index = 3943, .adv_w = 300, .box_w = 15, .box_h = 17, .ofs_x = 2, .ofs_y = 0},
    {.bitmap_index = 4071, .adv_w = 264, .box_w = 13, .box_h = 17, .ofs_x = 2, .ofs_y = 0},
    {.bitmap_index = 4182, .adv_w = 271, .box_w = 15, .box_h = 17, .ofs_x = 1, .ofs_y = 0},
    {.bitmap_index = 4310, .adv_w = 235, .box_w = 12, .box_h = 17, .ofs_x = 2, .ofs_y = 0},
    {.bitmap_index = 4412, .adv_w = 271, .box_w = 16, .box_h = 22, .ofs_x = 1, .ofs_y = -5},
    {.bitmap_index = 4588, .adv_w = 240, .box_w = 13, .box_h = 17, .ofs_x = 2, .ofs_y = 0},
    {.bitmap_index = 4699, .adv_w = 220, .box_w = 13, .box_h = 17, .ofs_x = 0, .ofs_y = 0},
    {.bitmap_index = 4810, .adv_w = 220, .box_w = 14, .box_h = 17, .ofs_x = 0, .ofs_y = 0},
    {.bitmap_index = 4929, .adv_w = 263, .box_w = 14, .box_h = 17, .ofs_x = 1, .ofs_y = 0},
    {.bitmap_index = 5048, .adv_w = 218, .box_w = 15, .box_h = 17, .ofs_x = -1, .ofs_y = 0},
    {.bitmap_index = 5176, .adv_w = 322, .box_w = 20, .box_h = 17, .ofs_x = 0, .ofs_y = 0},
    {.bitmap_index = 5346, .adv_w = 221, .box_w = 14, .box_h = 17, .ofs_x = 0, .ofs_y = 0},
    {.bitmap_index = 5465, .adv_w = 204, .box_w = 14, .box_h = 17, .ofs_x = -1, .ofs_y = 0},
    {.bitmap_index = 5584, .adv_w = 216, .box_w = 13, .box_h = 17, .ofs_x = 0, .ofs_y = 0},
    {.bitmap_index = 5695, .adv_w = 133, .box_w = 6, .box_h = 22, .ofs_x = 2, .ofs_y = -4},
    {.bitmap_index = 5761, .adv_w = 136, .box_w = 9, .box_h = 23, .ofs_x = 0, .ofs_y = -5},
    {.bitmap_index = 5865, .adv_w = 133, .box_w = 6, .box_h = 22, .ofs_x = 1, .ofs_y = -4},
    {.bitmap_index = 5931, .adv_w = 208, .box_w = 11, .box_h = 10, .ofs_x = 1, .ofs_y = 7},
    {.bitmap_index = 5986, .adv_w = 200, .box_w = 13, .box_h = 2, .ofs_x = 0, .ofs_y = -4},
    {.bitmap_index = 5999, .adv_w = 220, .box_w = 7, .box_h = 7, .ofs_x = 2, .ofs_y = 14},
    {.bitmap_index = 6024, .adv_w = 208, .box_w = 11, .box_h = 13, .ofs_x = 1, .ofs_y = 0},
    {.bitmap_index = 6096, .adv_w = 227, .box_w = 13, .box_h = 18, .ofs_x = 1, .ofs_y = 0},
    {.bitmap_index = 6213, .adv_w = 186, .box_w = 11, .box_h = 13, .ofs_x = 0, .ofs_y = 0},
    {.bitmap_index = 6285, .adv_w = 227, .box_w = 12, .box_h = 18, .ofs_x = 1, .ofs_y = 0},
    {.bitmap_index = 6393, .adv_w = 205, .box_w = 12, .box_h = 13, .ofs_x = 0, .ofs_y = 0},
    {.bitmap_index = 6471, .adv_w = 131, .box_w = 9, .box_h = 18, .ofs_x = 0, .ofs_y = 0},
    {.bitmap_index = 6552, .adv_w = 210, .box_w = 13, .box_h = 18, .ofs_x = 0, .ofs_y = -5},
    {.bitmap_index = 6669, .adv_w = 225, .box_w = 12, .box_h = 18, .ofs_x = 1, .ofs_y = 0},
    {.bitmap_index = 6777, .adv_w = 107, .box_w = 5, .box_h = 18, .ofs_x = 1, .ofs_y = 0},
    {.bitmap_index = 6822, .adv_w = 108, .box_w = 8, .box_h = 23, .ofs_x = -2, .ofs_y = -5},
    {.bitmap_index = 6914, .adv_w = 213, .box_w = 13, .box_h = 18, .ofs_x = 1, .ofs_y = 0},
    {.bitmap_index = 7031, .adv_w = 111, .box_w = 6, .box_h = 18, .ofs_x = 1, .ofs_y = 0},
    {.bitmap_index = 7085, .adv_w = 339, .box_w = 19, .box_h = 13, .ofs_x = 1, .ofs_y = 0},
    {.bitmap_index = 7209, .adv_w = 226, .box_w = 12, .box_h = 13, .ofs_x = 1, .ofs_y = 0},
    {.bitmap_index = 7287, .adv_w = 220, .box_w = 13, .box_h = 13, .ofs_x = 0, .ofs_y = 0},
    {.bitmap_index = 7372, .adv_w = 227, .box_w = 13, .box_h = 18, .ofs_x = 1, .ofs_y = -5},
    {.bitmap_index = 7489, .adv_w = 227, .box_w = 12, .box_h = 18, .ofs_x = 1, .ofs_y = -5},
    {.bitmap_index = 7597, .adv_w = 154, .box_w = 9, .box_h = 13, .ofs_x = 1, .ofs_y = 0},
    {.bitmap_index = 7656, .adv_w = 174, .box_w = 11, .box_h = 13, .ofs_x = 0, .ofs_y = 0},
    {.bitmap_index = 7728, .adv_w = 148, .box_w = 9, .box_h = 17, .ofs_x = 0, .ofs_y = 0},
    {.bitmap_index = 7805, .adv_w = 224, .box_w = 12, .box_h = 13, .ofs_x = 1, .ofs_y = 0},
    {.bitmap_index = 7883, .adv_w = 203, .box_w = 13, .box_h = 13, .ofs_x = 0, .ofs_y = 0},
    {.bitmap_index = 7968, .adv_w = 304, .box_w = 19, .box_h = 13, .ofs_x = 0, .ofs_y = 0},
    {.bitmap_index = 8092, .adv_w = 198, .box_w = 13, .box_h = 13, .ofs_x = 0, .ofs_y = 0},
    {.bitmap_index = 8177, .adv_w = 202, .box_w = 13, .box_h = 18, .ofs_x = 0, .ofs_y = -5},
    {.bitmap_index = 8294, .adv_w = 180, .box_w = 11, .box_h = 13, .ofs_x = 0, .ofs_y = 0},
    {.bitmap_index = 8366, .adv_w = 133, .box_w = 8, .box_h = 22, .ofs_x = 0, .ofs_y = -4},
    {.bitmap_index = 8454, .adv_w = 104, .box_w = 3, .box_h = 26, .ofs_x = 2, .ofs_y = -6},
    {.bitmap_index = 8493, .adv_w = 133, .box_w = 7, .box_h = 22, .ofs_x = 1, .ofs_y = -4},
    {.bitmap_index = 8570, .adv_w = 208, .box_w = 13, .box_h = 5, .ofs_x = 0, .ofs_y = 6},
    {.bitmap_index = 8603, .adv_w = 352, .box_w = 6, .box_h = 6, .ofs_x = 8, .ofs_y = 6},
    {.bitmap_index = 8621, .adv_w = 352, .box_w = 8, .box_h = 8, .ofs_x = 0, .ofs_y = -2},
    {.bitmap_index = 8653, .adv_w = 352, .box_w = 22, .box_h = 4, .ofs_x = 0, .ofs_y = 7},
    {.bitmap_index = 8697, .adv_w = 352, .box_w = 20, .box_h = 18, .ofs_x = 1, .ofs_y = -1},
    {.bitmap_index = 8877, .adv_w = 352, .box_w = 21, .box_h = 20, .ofs_x = 1, .ofs_y = -1},
    {.bitmap_index = 9087, .adv_w = 352, .box_w = 22, .box_h = 20, .ofs_x = 0, .ofs_y = -2},
    {.bitmap_index = 9307, .adv_w = 352, .box_w = 21, .box_h = 20, .ofs_x = 0, .ofs_y = -1},
    {.bitmap_index = 9517, .adv_w = 352, .box_w = 19, .box_h = 21, .ofs_x = 1, .ofs_y = -2},
    {.bitmap_index = 9717, .adv_w = 352, .box_w = 21, .box_h = 21, .ofs_x = 0, .ofs_y = -3},
    {.bitmap_index = 9938, .adv_w = 352, .box_w = 20, .box_h = 18, .ofs_x = 1, .ofs_y = -1},
    {.bitmap_index = 10118, .adv_w = 352, .box_w = 21, .box_h = 23, .ofs_x = 0, .ofs_y = -3},
    {.bitmap_index = 10360, .adv_w = 352, .box_w = 22, .box_h = 22, .ofs_x = 0, .ofs_y = -3},
    {.bitmap_index = 10602, .adv_w = 352, .box_w = 22, .box_h = 22, .ofs_x = 0, .ofs_y = -3},
    {.bitmap_index = 10844, .adv_w = 352, .box_w = 22, .box_h = 21, .ofs_x = 0, .ofs_y = -2},
    {.bitmap_index = 11075, .adv_w = 352, .box_w = 21, .box_h = 21, .ofs_x = 1, .ofs_y = -3},
    {.bitmap_index = 11296, .adv_w = 352, .box_w = 22, .box_h = 22, .ofs_x = 0, .ofs_y = -3},
    {.bitmap_index = 11538, .adv_w = 352, .box_w = 21, .box_h = 22, .ofs_x = 0, .ofs_y = -3},
    {.bitmap_index = 11769, .adv_w = 352, .box_w = 22, .box_h = 22, .ofs_x = 0, .ofs_y = -3},
    {.bitmap_index = 12011, .adv_w = 352, .box_w = 21, .box_h = 21, .ofs_x = 0, .ofs_y = -2},
    {.bitmap_index = 12232, .adv_w = 352, .box_w = 21, .box_h = 22, .ofs_x = 0, .ofs_y = -3},
    {.bitmap_index = 12463, .adv_w = 352, .box_w = 22, .box_h = 21, .ofs_x = 0, .ofs_y = -2},
    {.bitmap_index = 12694, .adv_w = 352, .box_w = 22, .box_h = 22, .ofs_x = 0, .ofs_y = -3},
    {.bitmap_index = 12936, .adv_w = 352, .box_w = 22, .box_h = 22, .ofs_x = 0, .ofs_y = -3},
    {.bitmap_index = 13178, .adv_w = 352, .box_w = 19, .box_h = 21, .ofs_x = 1, .ofs_y = -2},
    {.bitmap_index = 13378, .adv_w = 352, .box_w = 21, .box_h = 21, .ofs_x = 1, .ofs_y = -2},
    {.bitmap_index = 13599, .adv_w = 352, .box_w = 21, .box_h = 21, .ofs_x = 0, .ofs_y = -3},
    {.bitmap_index = 13820, .adv_w = 352, .box_w = 21, .box_h = 22, .ofs_x = 0, .ofs_y = -3},
    {.bitmap_index = 14051, .adv_w = 352, .box_w = 20, .box_h = 22, .ofs_x = 1, .ofs_y = -3},
    {.bitmap_index = 14271, .adv_w = 352, .box_w = 21, .box_h = 20, .ofs_x = 0, .ofs_y = -2},
    {.bitmap_index = 14481, .adv_w = 352, .box_w = 22, .box_h = 21, .ofs_x = 0, .ofs_y = -3},
    {.bitmap_index = 14712, .adv_w = 352, .box_w = 22, .box_h = 21, .ofs_x = 0, .ofs_y = -2},
    {.bitmap_index = 14943, .adv_w = 352, .box_w = 20, .box_h = 21, .ofs_x = 1, .ofs_y = -3},
    {.bitmap_index = 15153, .adv_w = 352, .box_w = 21, .box_h = 22, .ofs_x = 0, .ofs_y = -3},
    {.bitmap_index = 15384, .adv_w = 352, .box_w = 21, .box_h = 21, .ofs_x = 1, .ofs_y = -2},
    {.bitmap_index = 15605, .adv_w = 352, .box_w = 22, .box_h = 21, .ofs_x = 0, .ofs_y = -3},
    {.bitmap_index = 15836, .adv_w = 352, .box_w = 21, .box_h = 21, .ofs_x = 0, .ofs_y = -2},
    {.bitmap_index = 16057, .adv_w = 352, .box_w = 22, .box_h = 22, .ofs_x = 0, .ofs_y = -3},
    {.bitmap_index = 16299, .adv_w = 352, .box_w = 22, .box_h = 21, .ofs_x = 0, .ofs_y = -2},
    {.bitmap_index = 16530, .adv_w = 352, .box_w = 21, .box_h = 21, .ofs_x = 0, .ofs_y = -2},
    {.bitmap_index = 16751, .adv_w = 352, .box_w = 21, .box_h = 22, .ofs_x = 0, .ofs_y = -3},
    {.bitmap_index = 16982, .adv_w = 352, .box_w = 22, .box_h = 21, .ofs_x = 0, .ofs_y = -2},
    {.bitmap_index = 17213, .adv_w = 352, .box_w = 21, .box_h = 21, .ofs_x = 1, .ofs_y = -2},
    {.bitmap_index = 17434, .adv_w = 352, .box_w = 22, .box_h = 21, .ofs_x = 0, .ofs_y = -2},
    {.bitmap_index = 17665, .adv_w = 352, .box_w = 22, .box_h = 21, .ofs_x = 0, .ofs_y = -2},
    {.bitmap_index = 17896, .adv_w = 352, .box_w = 22, .box_h = 21, .ofs_x = 0, .ofs_y = -2},
    {.bitmap_index = 18127, .adv_w = 352, .box_w = 21, .box_h = 21, .ofs_x = 0, .ofs_y = -2},
    {.bitmap_index = 18348, .adv_w = 352, .box_w = 22, .box_h = 22, .ofs_x = 0, .ofs_y = -3},
    {.bitmap_index = 18590, .adv_w = 352, .box_w = 22, .box_h = 22, .ofs_x = 0, .ofs_y = -3},
    {.bitmap_index = 18832, .adv_w = 352, .box_w = 21, .box_h = 20, .ofs_x = 1, .ofs_y = -2},
    {.bitmap_index = 19042, .adv_w = 352, .box_w = 20, .box_h = 21, .ofs_x = 1, .ofs_y = -2},
    {.bitmap_index = 19252, .adv_w = 352, .box_w = 22, .box_h = 22, .ofs_x = 0, .ofs_y = -3},
    {.bitmap_index = 19494, .adv_w = 352, .box_w = 20, .box_h = 21, .ofs_x = 1, .ofs_y = -2},
    {.bitmap_index = 19704, .adv_w = 352, .box_w = 22, .box_h = 21, .ofs_x = 0, .ofs_y = -3},
    {.bitmap_index = 19935, .adv_w = 352, .box_w = 21, .box_h = 21, .ofs_x = 0, .ofs_y = -3},
    {.bitmap_index = 20156, .adv_w = 352, .box_w = 20, .box_h = 20, .ofs_x = 2, .ofs_y = -2},
    {.bitmap_index = 20356, .adv_w = 352, .box_w = 22, .box_h = 21, .ofs_x = 0, .ofs_y = -2},
    {.bitmap_index = 20587, .adv_w = 352, .box_w = 22, .box_h = 22, .ofs_x = 0, .ofs_y = -2},
    {.bitmap_index = 20829, .adv_w = 352, .box_w = 22, .box_h = 21, .ofs_x = 0, .ofs_y = -3},
    {.bitmap_index = 21060, .adv_w = 352, .box_w = 22, .box_h = 21, .ofs_x = 0, .ofs_y = -3},
    {.bitmap_index = 21291, .adv_w = 352, .box_w = 22, .box_h = 22, .ofs_x = 0, .ofs_y = -3},
    {.bitmap_index = 21533, .adv_w = 352, .box_w = 22, .box_h = 22, .ofs_x = 0, .ofs_y = -3},
    {.bitmap_index = 21775, .adv_w = 352, .box_w = 22, .box_h = 20, .ofs_x = 0, .ofs_y = -2},
    {.bitmap_index = 21995, .adv_w = 352, .box_w = 22, .box_h = 21, .ofs_x = 0, .ofs_y = -2},
    {.bitmap_index = 22226, .adv_w = 352, .box_w = 22, .box_h = 20, .ofs_x = 0, .ofs_y = -2},
    {.bitmap_index = 22446, .adv_w = 352, .box_w = 22, .box_h = 21, .ofs_x = 0, .ofs_y = -2},
    {.bitmap_index = 22677, .adv_w = 352, .box_w = 21, .box_h = 21, .ofs_x = 1, .ofs_y = -2},
    {.bitmap_index = 22898, .adv_w = 352, .box_w = 22, .box_h = 23, .ofs_x = 0, .ofs_y = -3},
    {.bitmap_index = 23151, .adv_w = 352, .box_w = 22, .box_h = 22, .ofs_x = 0, .ofs_y = -3},
    {.bitmap_index = 23393, .adv_w = 352, .box_w = 22, .box_h = 22, .ofs_x = 0, .ofs_y = -3},
    {.bitmap_index = 23635, .adv_w = 352, .box_w = 22, .box_h = 22, .ofs_x = 0, .ofs_y = -3},
    {.bitmap_index = 23877, .adv_w = 352, .box_w = 22, .box_h = 21, .ofs_x = 0, .ofs_y = -2},
    {.bitmap_index = 24108, .adv_w = 352, .box_w = 22, .box_h = 22, .ofs_x = 0, .ofs_y = -3},
    {.bitmap_index = 24350, .adv_w = 352, .box_w = 22, .box_h = 21, .ofs_x = 0, .ofs_y = -2},
    {.bitmap_index = 24581, .adv_w = 352, .box_w = 22, .box_h = 21, .ofs_x = 0, .ofs_y = -3},
    {.bitmap_index = 24812, .adv_w = 352, .box_w = 16, .box_h = 21, .ofs_x = 3, .ofs_y = -3},
    {.bitmap_index = 24980, .adv_w = 352, .box_w = 21, .box_h = 21, .ofs_x = 1, .ofs_y = -2},
    {.bitmap_index = 25201, .adv_w = 352, .box_w = 20, .box_h = 21, .ofs_x = 1, .ofs_y = -3},
    {.bitmap_index = 25411, .adv_w = 352, .box_w = 22, .box_h = 21, .ofs_x = 0, .ofs_y = -3},
    {.bitmap_index = 25642, .adv_w = 352, .box_w = 21, .box_h = 22, .ofs_x = 0, .ofs_y = -3},
    {.bitmap_index = 25873, .adv_w = 352, .box_w = 18, .box_h = 19, .ofs_x = 2, .ofs_y = -2},
    {.bitmap_index = 26044, .adv_w = 352, .box_w = 21, .box_h = 22, .ofs_x = 0, .ofs_y = -3},
    {.bitmap_index = 26275, .adv_w = 352, .box_w = 22, .box_h = 21, .ofs_x = 0, .ofs_y = -2},
    {.bitmap_index = 26506, .adv_w = 352, .box_w = 22, .box_h = 21, .ofs_x = 0, .ofs_y = -2},
    {.bitmap_index = 26737, .adv_w = 352, .box_w = 22, .box_h = 21, .ofs_x = 0, .ofs_y = -2},
    {.bitmap_index = 26968, .adv_w = 352, .box_w = 22, .box_h = 22, .ofs_x = 0, .ofs_y = -3},
    {.bitmap_index = 27210, .adv_w = 352, .box_w = 22, .box_h = 21, .ofs_x = 0, .ofs_y = -2},
    {.bitmap_index = 27441, .adv_w = 352, .box_w = 22, .box_h = 21, .ofs_x = 0, .ofs_y = -2},
    {.bitmap_index = 27672, .adv_w = 352, .box_w = 22, .box_h = 22, .ofs_x = 0, .ofs_y = -3},
    {.bitmap_index = 27914, .adv_w = 352, .box_w = 21, .box_h = 21, .ofs_x = 0, .ofs_y = -2},
    {.bitmap_index = 28135, .adv_w = 352, .box_w = 22, .box_h = 20, .ofs_x = 0, .ofs_y = -2},
    {.bitmap_index = 28355, .adv_w = 352, .box_w = 22, .box_h = 22, .ofs_x = 0, .ofs_y = -3},
    {.bitmap_index = 28597, .adv_w = 352, .box_w = 22, .box_h = 21, .ofs_x = 0, .ofs_y = -2},
    {.bitmap_index = 28828, .adv_w = 352, .box_w = 21, .box_h = 21, .ofs_x = 0, .ofs_y = -2},
    {.bitmap_index = 29049, .adv_w = 352, .box_w = 22, .box_h = 21, .ofs_x = 0, .ofs_y = -2},
    {.bitmap_index = 29280, .adv_w = 352, .box_w = 22, .box_h = 21, .ofs_x = 0, .ofs_y = -3},
    {.bitmap_index = 29511, .adv_w = 352, .box_w = 22, .box_h = 21, .ofs_x = 0, .ofs_y = -3},
    {.bitmap_index = 29742, .adv_w = 352, .box_w = 22, .box_h = 22, .ofs_x = 0, .ofs_y = -3},
    {.bitmap_index = 29984, .adv_w = 352, .box_w = 22, .box_h = 22, .ofs_x = 0, .ofs_y = -3},
    {.bitmap_index = 30226, .adv_w = 352, .box_w = 22, .box_h = 21, .ofs_x = 0, .ofs_y = -2},
    {.bitmap_index = 30457, .adv_w = 352, .box_w = 20, .box_h = 21, .ofs_x = 2, .ofs_y = -2},
    {.bitmap_index = 30667, .adv_w = 352, .box_w = 22, .box_h = 22, .ofs_x = 0, .ofs_y = -3},
    {.bitmap_index = 30909, .adv_w = 352, .box_w = 20, .box_h = 21, .ofs_x = 2, .ofs_y = -2},
    {.bitmap_index = 31119, .adv_w = 352, .box_w = 21, .box_h = 22, .ofs_x = 0, .ofs_y = -3},
    {.bitmap_index = 31350, .adv_w = 352, .box_w = 21, .box_h = 22, .ofs_x = 1, .ofs_y = -3},
    {.bitmap_index = 31581, .adv_w = 352, .box_w = 21, .box_h = 20, .ofs_x = 1, .ofs_y = -2},
    {.bitmap_index = 31791, .adv_w = 352, .box_w = 21, .box_h = 21, .ofs_x = 0, .ofs_y = -2},
    {.bitmap_index = 32012, .adv_w = 352, .box_w = 22, .box_h = 20, .ofs_x = 0, .ofs_y = -2},
    {.bitmap_index = 32232, .adv_w = 352, .box_w = 21, .box_h = 21, .ofs_x = 0, .ofs_y = -2},
    {.bitmap_index = 32453, .adv_w = 352, .box_w = 20, .box_h = 22, .ofs_x = 1, .ofs_y = -3},
    {.bitmap_index = 32673, .adv_w = 352, .box_w = 22, .box_h = 21, .ofs_x = 0, .ofs_y = -2},
    {.bitmap_index = 32904, .adv_w = 352, .box_w = 22, .box_h = 22, .ofs_x = 0, .ofs_y = -3},
    {.bitmap_index = 33146, .adv_w = 352, .box_w = 20, .box_h = 21, .ofs_x = 1, .ofs_y = -2},
    {.bitmap_index = 33356, .adv_w = 352, .box_w = 22, .box_h = 21, .ofs_x = 0, .ofs_y = -2},
    {.bitmap_index = 33587, .adv_w = 352, .box_w = 22, .box_h = 22, .ofs_x = 0, .ofs_y = -3},
    {.bitmap_index = 33829, .adv_w = 352, .box_w = 21, .box_h = 21, .ofs_x = 0, .ofs_y = -2},
    {.bitmap_index = 34050, .adv_w = 352, .box_w = 22, .box_h = 22, .ofs_x = 0, .ofs_y = -3},
    {.bitmap_index = 34292, .adv_w = 352, .box_w = 21, .box_h = 22, .ofs_x = 0, .ofs_y = -3},
    {.bitmap_index = 34523, .adv_w = 352, .box_w = 22, .box_h = 21, .ofs_x = 0, .ofs_y = -2},
    {.bitmap_index = 34754, .adv_w = 352, .box_w = 22, .box_h = 22, .ofs_x = 0, .ofs_y = -3},
    {.bitmap_index = 34996, .adv_w = 352, .box_w = 19, .box_h = 21, .ofs_x = 1, .ofs_y = -3},
    {.bitmap_index = 35196, .adv_w = 352, .box_w = 22, .box_h = 20, .ofs_x = 0, .ofs_y = -2},
    {.bitmap_index = 35416, .adv_w = 352, .box_w = 20, .box_h = 20, .ofs_x = 1, .ofs_y = -2},
    {.bitmap_index = 35616, .adv_w = 352, .box_w = 22, .box_h = 21, .ofs_x = 0, .ofs_y = -2},
    {.bitmap_index = 35847, .adv_w = 352, .box_w = 22, .box_h = 21, .ofs_x = 0, .ofs_y = -2},
    {.bitmap_index = 36078, .adv_w = 352, .box_w = 22, .box_h = 20, .ofs_x = 0, .ofs_y = -2},
    {.bitmap_index = 36298, .adv_w = 352, .box_w = 21, .box_h = 21, .ofs_x = 1, .ofs_y = -2},
    {.bitmap_index = 36519, .adv_w = 352, .box_w = 17, .box_h = 22, .ofs_x = 3, .ofs_y = -3},
    {.bitmap_index = 36706, .adv_w = 352, .box_w = 21, .box_h = 20, .ofs_x = 1, .ofs_y = -2},
    {.bitmap_index = 36916, .adv_w = 352, .box_w = 21, .box_h = 22, .ofs_x = 0, .ofs_y = -3},
    {.bitmap_index = 37147, .adv_w = 352, .box_w = 22, .box_h = 23, .ofs_x = 0, .ofs_y = -3},
    {.bitmap_index = 37400, .adv_w = 352, .box_w = 22, .box_h = 22, .ofs_x = 0, .ofs_y = -3},
    {.bitmap_index = 37642, .adv_w = 352, .box_w = 22, .box_h = 21, .ofs_x = 0, .ofs_y = -2},
    {.bitmap_index = 37873, .adv_w = 352, .box_w = 21, .box_h = 22, .ofs_x = 0, .ofs_y = -3},
    {.bitmap_index = 38104, .adv_w = 352, .box_w = 20, .box_h = 22, .ofs_x = 1, .ofs_y = -3},
    {.bitmap_index = 38324, .adv_w = 352, .box_w = 20, .box_h = 21, .ofs_x = 1, .ofs_y = -2},
    {.bitmap_index = 38534, .adv_w = 352, .box_w = 20, .box_h = 21, .ofs_x = 1, .ofs_y = -2},
    {.bitmap_index = 38744, .adv_w = 352, .box_w = 22, .box_h = 21, .ofs_x = 0, .ofs_y = -2},
    {.bitmap_index = 38975, .adv_w = 352, .box_w = 22, .box_h = 22, .ofs_x = 0, .ofs_y = -3},
    {.bitmap_index = 39217, .adv_w = 352, .box_w = 21, .box_h = 22, .ofs_x = 0, .ofs_y = -3},
    {.bitmap_index = 39448, .adv_w = 352, .box_w = 20, .box_h = 22, .ofs_x = 1, .ofs_y = -3},
    {.bitmap_index = 39668, .adv_w = 352, .box_w = 22, .box_h = 22, .ofs_x = 0, .ofs_y = -3},
    {.bitmap_index = 39910, .adv_w = 352, .box_w = 22, .box_h = 21, .ofs_x = 0, .ofs_y = -3},
    {.bitmap_index = 40141, .adv_w = 352, .box_w = 22, .box_h = 21, .ofs_x = 0, .ofs_y = -3},
    {.bitmap_index = 40372, .adv_w = 352, .box_w = 22, .box_h = 22, .ofs_x = 0, .ofs_y = -3},
    {.bitmap_index = 40614, .adv_w = 352, .box_w = 22, .box_h = 21, .ofs_x = 0, .ofs_y = -2},
    {.bitmap_index = 40845, .adv_w = 352, .box_w = 22, .box_h = 21, .ofs_x = 0, .ofs_y = -2},
    {.bitmap_index = 41076, .adv_w = 352, .box_w = 21, .box_h = 21, .ofs_x = 1, .ofs_y = -2},
    {.bitmap_index = 41297, .adv_w = 352, .box_w = 22, .box_h = 21, .ofs_x = 0, .ofs_y = -2},
    {.bitmap_index = 41528, .adv_w = 352, .box_w = 22, .box_h = 22, .ofs_x = 0, .ofs_y = -3},
    {.bitmap_index = 41770, .adv_w = 352, .box_w = 21, .box_h = 21, .ofs_x = 0, .ofs_y = -2},
    {.bitmap_index = 41991, .adv_w = 352, .box_w = 22, .box_h = 22, .ofs_x = 0, .ofs_y = -3},
    {.bitmap_index = 42233, .adv_w = 352, .box_w = 22, .box_h = 22, .ofs_x = 0, .ofs_y = -3},
    {.bitmap_index = 42475, .adv_w = 352, .box_w = 21, .box_h = 21, .ofs_x = 0, .ofs_y = -2},
    {.bitmap_index = 42696, .adv_w = 352, .box_w = 22, .box_h = 22, .ofs_x = 0, .ofs_y = -3},
    {.bitmap_index = 42938, .adv_w = 352, .box_w = 22, .box_h = 22, .ofs_x = 0, .ofs_y = -3},
    {.bitmap_index = 43180, .adv_w = 352, .box_w = 22, .box_h = 21, .ofs_x = 0, .ofs_y = -2},
    {.bitmap_index = 43411, .adv_w = 352, .box_w = 22, .box_h = 21, .ofs_x = 0, .ofs_y = -2},
    {.bitmap_index = 43642, .adv_w = 352, .box_w = 22, .box_h = 21, .ofs_x = 0, .ofs_y = -3},
    {.bitmap_index = 43873, .adv_w = 352, .box_w = 22, .box_h = 21, .ofs_x = 0, .ofs_y = -2},
    {.bitmap_index = 44104, .adv_w = 352, .box_w = 22, .box_h = 22, .ofs_x = 0, .ofs_y = -3},
    {.bitmap_index = 44346, .adv_w = 352, .box_w = 22, .box_h = 21, .ofs_x = 0, .ofs_y = -2},
    {.bitmap_index = 44577, .adv_w = 352, .box_w = 20, .box_h = 21, .ofs_x = 1, .ofs_y = -2},
    {.bitmap_index = 44787, .adv_w = 352, .box_w = 21, .box_h = 21, .ofs_x = 1, .ofs_y = -3},
    {.bitmap_index = 45008, .adv_w = 352, .box_w = 22, .box_h = 22, .ofs_x = 1, .ofs_y = -2},
    {.bitmap_index = 45250, .adv_w = 352, .box_w = 21, .box_h = 21, .ofs_x = 1, .ofs_y = -2},
    {.bitmap_index = 45471, .adv_w = 352, .box_w = 22, .box_h = 21, .ofs_x = 0, .ofs_y = -2},
    {.bitmap_index = 45702, .adv_w = 352, .box_w = 20, .box_h = 22, .ofs_x = 1, .ofs_y = -3},
    {.bitmap_index = 45922, .adv_w = 352, .box_w = 22, .box_h = 22, .ofs_x = 0, .ofs_y = -3},
    {.bitmap_index = 46164, .adv_w = 352, .box_w = 22, .box_h = 22, .ofs_x = 0, .ofs_y = -3},
    {.bitmap_index = 46406, .adv_w = 352, .box_w = 20, .box_h = 21, .ofs_x = 1, .ofs_y = -2},
    {.bitmap_index = 46616, .adv_w = 352, .box_w = 21, .box_h = 21, .ofs_x = 0, .ofs_y = -2},
    {.bitmap_index = 46837, .adv_w = 352, .box_w = 20, .box_h = 22, .ofs_x = 1, .ofs_y = -3},
    {.bitmap_index = 47057, .adv_w = 352, .box_w = 6, .box_h = 10, .ofs_x = 3, .ofs_y = -4},
    {.bitmap_index = 47087, .adv_w = 352, .box_w = 5, .box_h = 16, .ofs_x = 3, .ofs_y = -1}
};

/*---------------------
 *  CHARACTER MAPPING
 *--------------------*/

static const uint16_t unicode_list_1[] = {
    0x0, 0x2f4b, 0x4d49, 0x4d52, 0x4d53, 0x4d56, 0x4d5f, 0x4d76,
    0x4d8c, 0x4ddd, 0x4def, 0x4df7, 0x4e13, 0x4e17, 0x4e2e, 0x4e97,
    0x4ea4, 0x4ee6, 0x4f5b, 0x5030, 0x50bc, 0x5109, 0x5118, 0x5143,
    0x5144, 0x5150, 0x5172, 0x51f1, 0x52bc, 0x52cd, 0x5320, 0x5355,
    0x5378, 0x53bc, 0x53db, 0x5671, 0x56eb, 0x573e, 0x57e7, 0x5839,
    0x5856, 0x5863, 0x5870, 0x587a, 0x587d, 0x58cb, 0x5914, 0x598f,
    0x5a99, 0x5aa0, 0x5ad5, 0x5ae7, 0x5b86, 0x5b98, 0x5d3b, 0x5d9e,
    0x5def, 0x5e49, 0x5e4b, 0x5ece, 0x5ee0, 0x5f0c, 0x5f5f, 0x5f99,
    0x603c, 0x6058, 0x6159, 0x6189, 0x6319, 0x6336, 0x648e, 0x64bb,
    0x64d0, 0x6529, 0x652e, 0x653f, 0x6557, 0x6578, 0x65c3, 0x6639,
    0x6652, 0x6671, 0x6673, 0x6675, 0x676a, 0x67ef, 0x690c, 0x6a6a,
    0x6aae, 0x6ac4, 0x6c1e, 0x6c2b, 0x6cce, 0x6d3a, 0x6fb6, 0x70b0,
    0x70cd, 0x7191, 0x7468, 0x747e, 0x7495, 0x75cf, 0x7641, 0x7668,
    0x7685, 0x772e, 0x77d6, 0x78a7, 0x7904, 0x791b, 0x79bf, 0x79c3,
    0x7a14, 0x7a28, 0x7a75, 0x7a92, 0x7c78, 0x7e18, 0x7e28, 0x7ea0,
    0x7eac, 0x7eb7, 0x7f4a, 0x7f71, 0x7f7c, 0x8046, 0x8133, 0x813c,
    0x8155, 0x8156, 0x8175, 0x81bb, 0x822e, 0x822f, 0x8332, 0x8371,
    0x84bd, 0x8519, 0x85a3, 0x8665, 0x8795, 0x890a, 0x890b, 0x892f,
    0x8aea, 0x8b07, 0x8b0c, 0x8b0f, 0x8b3d, 0x8b3e, 0x8b41, 0x8b44,
    0x8b64, 0x8c6e, 0x8df4, 0x8eb7, 0x8f24, 0x8f25, 0x8f49, 0x8f9c,
    0x9118, 0x9536, 0x9588, 0x95ad, 0x95e5, 0x960f, 0x973c, 0x97e9,
    0x98e2, 0x9a21, 0x9bc5, 0x9e84, 0xfe55, 0xfe63
};

/*Collect the unicode lists and glyph_id offsets*/
static const lv_font_fmt_txt_cmap_t cmaps[] =
{
    {
        .range_start = 32, .range_length = 95, .glyph_id_start = 1,
        .unicode_list = NULL, .glyph_id_ofs_list = NULL, .list_length = 0, .type = LV_FONT_FMT_TXT_CMAP_FORMAT0_TINY
    },
    {
        .range_start = 183, .range_length = 65124, .glyph_id_start = 96,
        .unicode_list = unicode_list_1, .glyph_id_ofs_list = NULL, .list_length = 174, .type = LV_FONT_FMT_TXT_CMAP_SPARSE_TINY
    }
};

/*-----------------
 *    KERNING
 *----------------*/


/*Map glyph_ids to kern left classes*/
static const uint8_t kern_left_class_mapping[] =
{
    0, 0, 0, 1, 0, 0, 0, 0,
    1, 2, 0, 0, 0, 3, 4, 3,
    5, 0, 0, 0, 0, 0, 0, 0,
    0, 0, 0, 6, 6, 0, 0, 0,
    0, 0, 7, 8, 9, 10, 11, 12,
    13, 0, 0, 14, 15, 16, 0, 0,
    10, 17, 10, 18, 19, 20, 21, 22,
    23, 24, 25, 26, 2, 27, 0, 0,
    0, 0, 28, 29, 30, 0, 31, 32,
    33, 34, 0, 0, 35, 36, 34, 34,
    29, 29, 37, 38, 39, 40, 37, 41,
    42, 43, 44, 45, 2, 0, 0, 0,
    0, 0, 0, 0, 0, 0, 0, 0,
    0, 0, 0, 0, 0, 0, 0, 0,
    0, 0, 0, 0, 0, 0, 0, 0,
    0, 0, 0, 0, 0, 0, 0, 0,
    0, 0, 0, 0, 0, 0, 0, 0,
    0, 0, 0, 0, 0, 0, 0, 0,
    0, 0, 0, 0, 0, 0, 0, 0,
    0, 0, 0, 0, 0, 0, 0, 0,
    0, 0, 0, 0, 0, 0, 0, 0,
    0, 0, 0, 0, 0, 0, 0, 0,
    0, 0, 0, 0, 0, 0, 0, 0,
    0, 0, 0, 0, 0, 0, 0, 0,
    0, 0, 0, 0, 0, 0, 0, 0,
    0, 0, 0, 0, 0, 0, 0, 0,
    0, 0, 0, 0, 0, 0, 0, 0,
    0, 0, 0, 0, 0, 0, 0, 0,
    0, 0, 0, 0, 0, 0, 0, 0,
    0, 0, 0, 0, 0, 0, 0, 0,
    0, 0, 0, 0, 0, 0, 0, 0,
    0, 0, 0, 0, 0, 0, 0, 0,
    0, 0, 0, 0, 0, 0, 0, 0,
    0, 0, 0, 0, 0, 0
};

/*Map glyph_ids to kern right classes*/
static const uint8_t kern_right_class_mapping[] =
{
    0, 0, 1, 2, 0, 0, 0, 0,
    2, 0, 3, 4, 0, 5, 6, 7,
    8, 0, 0, 0, 0, 0, 0, 0,
    0, 0, 0, 9, 10, 0, 0, 0,
    11, 0, 12, 0, 13, 0, 0, 0,
    13, 0, 0, 14, 0, 0, 0, 0,
    13, 0, 13, 0, 15, 16, 17, 18,
    19, 20, 21, 22, 0, 23, 3, 0,
    0, 0, 24, 0, 25, 25, 25, 26,
    27, 0, 28, 29, 0, 0, 30, 30,
    25, 30, 25, 30, 31, 32, 33, 34,
    35, 36, 37, 38, 0, 0, 3, 0,
    0, 0, 0, 0, 0, 0, 0, 0,
    0, 0, 0, 0, 0, 0, 0, 0,
    0, 0, 0, 0, 0, 0, 0, 0,
    0, 0, 0, 0, 0, 0, 0, 0,
    0, 0, 0, 0, 0, 0, 0, 0,
    0, 0, 0, 0, 0, 0, 0, 0,
    0, 0, 0, 0, 0, 0, 0, 0,
    0, 0, 0, 0, 0, 0, 0, 0,
    0, 0, 0, 0, 0, 0, 0, 0,
    0, 0, 0, 0, 0, 0, 0, 0,
    0, 0, 0, 0, 0, 0, 0, 0,
    0, 0, 0, 0, 0, 0, 0, 0,
    0, 0, 0, 0, 0, 0, 0, 0,
    0, 0, 0, 0, 0, 0, 0, 0,
    0, 0, 0, 0, 0, 0, 0, 0,
    0, 0, 0, 0, 0, 0, 0, 0,
    0, 0, 0, 0, 0, 0, 0, 0,
    0, 0, 0, 0, 0, 0, 0, 0,
    0, 0, 0, 0, 0, 0, 0, 0,
    0, 0, 0, 0, 0, 0, 0, 0,
    0, 0, 0, 0, 0, 0, 0, 0,
    0, 0, 0, 0, 0, 0
};

/*Kern values between classes*/
static const int8_t kern_class_values[] =
{
    0, 0, 0, 0, -53, 0, -53, 0,
    0, 0, 0, -29, 0, -45, -6, 0,
    0, 0, 0, -6, 0, 0, 0, 0,
    -10, 0, 0, 0, 0, 0, -10, 0,
    0, 0, 0, 0, 0, 0, 0, 0,
    0, 0, 0, 0, 0, 0, 0, 0,
    0, 0, 0, -10, 0, 0, 0, 0,
    0, 0, 0, 0, 0, 0, 0, 0,
    0, 0, 30, 0, 0, 0, 0, 0,
    0, 0, 0, 0, 0, -48, 0, -65,
    0, 0, 0, 0, 0, 0, 0, 0,
    0, 0, 0, -42, -12, -31, -17, 0,
    -44, 0, 0, 0, -6, 0, 0, 0,
    11, 0, 0, -25, 0, -23, -14, 0,
    -10, 0, 0, 0, 0, 0, 0, 0,
    0, 0, 0, 0, 0, 0, 0, -10,
    -12, -24, 0, -10, -6, -15, -31, -10,
    0, 0, 0, 0, 0, 0, 0, 0,
    0, -11, 0, -7, 0, -9, 0, 0,
    0, 0, 0, 0, 0, 0, 0, 0,
    0, 0, 0, -18, -6, -34, 0, 0,
    0, 0, 0, 0, 0, 0, 0, -13,
    -11, 0, -6, 3, 3, 0, 0, -2,
    -10, 0, 0, 0, 0, 0, 0, 0,
    0, -16, 0, 0, 0, 0, 0, 0,
    0, 0, 0, 0, 0, 0, 0, 0,
    0, 0, -15, 0, 0, 0, 0, 0,
    0, 0, 0, 0, 0, 0, 0, 0,
    0, 0, 0, 0, 0, -29, 0, -36,
    0, 0, 0, 0, 0, 0, -15, -3,
    -6, 0, 0, -29, -7, -9, 0, -4,
    -9, -3, -18, 5, 0, -6, 0, 0,
    0, 0, 5, -9, -3, -7, -5, -5,
    -7, 0, 0, 0, 0, -14, 0, 0,
    0, 0, 0, 0, 0, 0, 0, -9,
    -9, -13, 0, -6, -5, -5, -9, -5,
    0, 0, 0, 0, 0, 0, 0, 0,
    0, -6, 0, -9, -6, -6, -9, 0,
    0, 0, 0, 0, 0, -15, 0, 0,
    0, 0, 0, 0, -15, -6, -13, -7,
    -9, -5, -5, -5, -7, -6, 0, 0,
    0, 0, -10, 0, 0, 0, 0, -15,
    -6, -9, -6, 0, -9, 0, 0, 0,
    0, -13, 0, 0, 0, -7, 0, 0,
    0, -6, 0, -22, 0, -13, 0, -6,
    -3, -12, -10, -10, 0, 0, 0, 0,
    0, 0, 0, 0, 0, 0, 0, 0,
    0, -9, 0, -7, 0, 0, 0, 0,
    0, 0, 0, 0, 0, 0, 0, 0,
    0, 0, 0, 0, 0, 0, 0, 0,
    0, 0, 0, 0, -6, 0, 0, 0,
    0, 0, 0, -13, 0, -6, 0, -18,
    -6, 0, 0, 0, 0, 0, -37, 0,
    -37, -24, 0, 0, 0, -17, -6, -56,
    -12, 0, 0, -4, -4, -13, -6, -14,
    0, -17, -9, 0, -13, 0, 0, -10,
    -12, -6, -9, -14, -11, -15, -11, -20,
    0, 0, 0, -11, 0, 0, 0, 0,
    0, 0, 0, -5, 0, 0, 0, -10,
    0, -9, -5, 0, 0, 0, 0, 0,
    0, 0, 0, 0, 0, 0, 0, 0,
    0, 0, 0, 0, 0, 0, 0, 0,
    0, 0, -13, 0, -13, 0, 0, 0,
    0, 0, 0, -18, 0, 0, 0, 0,
    0, 0, 0, 0, 0, 0, 0, 0,
    0, 0, 0, 0, 0, 0, 0, 0,
    0, 0, 0, 0, 0, -14, 0, -18,
    0, -20, 0, 0, 0, 0, -7, -6,
    -12, 0, -9, -12, -9, -8, -6, 0,
    -11, 0, 0, 0, -7, 0, 0, 0,
    -6, 0, 0, -20, -7, -14, -11, -11,
    -14, -9, 0, -50, 0, -68, 0, -21,
    0, 0, 0, 0, -20, -4, -15, 0,
    -13, -50, -15, -33, -25, 0, -35, 0,
    -34, 0, -7, -9, -5, 0, 0, 0,
    0, -12, -6, -21, -17, 0, -21, 0,
    0, 0, 0, 0, -52, -12, -52, -26,
    0, 0, 0, -22, 0, -59, -6, -9,
    0, 0, 0, -13, -6, -28, 0, -16,
    -11, 0, -10, 0, 0, 0, -6, 0,
    0, 0, 0, -9, 0, -10, 0, 0,
    0, -6, 0, -12, 0, 0, 0, 0,
    0, -5, 0, -7, -7, -9, 0, -5,
    -1, -5, -6, -6, 0, -5, -6, 0,
    -5, 0, 0, 0, 0, 0, 0, 0,
    0, -7, 0, -7, 0, 0, 0, -7,
    0, 5, 0, 0, 0, 0, 0, 0,
    0, -9, -9, -10, 0, 0, 0, 0,
    -9, 0, 0, 0, 0, 0, 0, 0,
    0, 0, 0, -13, 0, 0, 0, 0,
    0, -6, 0, 0, 0, 0, -47, -28,
    -47, -32, -10, -10, 0, -18, -13, -51,
    -14, 0, 0, 0, 0, -10, -9, -21,
    0, -28, -31, -7, -28, 0, 0, -19,
    -26, -7, -19, -12, -13, -14, -12, -29,
    0, 0, 0, 0, -11, 0, -11, -11,
    0, 0, 0, -7, 0, -24, -6, 0,
    0, -5, 0, -6, -9, 0, 0, -5,
    0, 0, -6, 0, 0, 0, -5, 0,
    0, 0, 0, -7, 0, 0, 0, 0,
    0, 0, -31, -10, -31, -15, 0, 0,
    0, -9, -6, -28, -6, 0, -6, 2,
    0, 0, 0, -10, 0, -14, -9, 0,
    -10, 0, 0, -10, -8, 0, -14, -6,
    -6, -9, -6, -11, 0, 0, 0, 0,
    -17, -6, -17, -8, 0, 0, 0, 0,
    -3, -24, -3, 0, 0, 0, 0, 0,
    0, -3, 0, -7, 0, 0, -5, 0,
    0, 0, 0, 0, 0, 0, 0, 0,
    0, -6, 0, -6, 0, -6, 0, -15,
    0, 0, 0, 0, 0, -4, -12, -6,
    -9, -10, -6, 0, 0, 0, 0, 0,
    0, -6, -7, -11, 0, 0, 0, 0,
    0, -11, -6, -11, -9, -6, -11, -9,
    0, 0, 0, 0, -44, -31, -44, -24,
    -15, -15, -7, -9, -9, -42, -9, -9,
    -6, 0, 0, 0, 0, -11, 0, -31,
    -23, 0, -26, 0, 0, -18, -23, -20,
    -17, -9, -13, -17, -9, -24, 0, 0,
    0, 0, 0, -13, 0, 0, 0, 0,
    0, -3, -10, -12, -14, 0, -6, -3,
    -3, 0, -9, -7, 0, -7, -8, -10,
    -7, 0, 0, 0, 0, -9, -8, -7,
    -7, -13, -7, 0, 0, 0, 0, 0,
    0, 0, 0, 0, 0, 0, 0, 0,
    0, 0, 0, -31, -10, -20, -10, 0,
    -28, 0, 0, 0, 0, 0, 8, 0,
    24, 0, 0, 0, 0, -10, -6, 0,
    1, 0, 0, 0, 0, -21, 0, 0,
    0, 0, 0, 0, -12, 0, 0, 0,
    0, -13, 0, -11, -5, 0, -13, 0,
    0, 0, 0, 0, 0, 0, 0, 0,
    0, -9, 0, 0, 0, 0, 0, 0,
    0, -10, 0, -7, -6, -1, -6, 0,
    0, 0, -12, 0, 0, 0, 0, -25,
    0, -10, 0, -5, -23, 0, -15, -7,
    0, -4, 0, 0, 0, 0, -4, -12,
    0, -5, -5, -12, -5, -6, 0, 0,
    0, 0, 0, -14, 0, 0, 0, 0,
    0, 0, 0, 0, 0, -10, 0, -9,
    0, 0, -13, 0, 0, -6, -12, 0,
    -6, 0, 0, 0, 0, -6, 0, -1,
    -1, -2, -1, 0, 0, 0, 0, -13,
    0, 2, 0, 0, 0, 0, -7, 0,
    0, -10, -10, -13, 0, -11, -6, 0,
    -15, 0, -14, -7, 0, -4, -6, 0,
    0, 0, 0, -6, 0, -3, -3, -7,
    -3, -4, 1, 14, 14, 0, -26, -9,
    -26, -5, 0, 0, 7, 0, 0, 0,
    0, 15, 0, 23, 15, 8, 18, 0,
    14, -10, -6, 0, -7, 0, -6, 0,
    -5, 0, 0, 1, 0, -5, 0, -9,
    0, 0, 1, -12, 0, 0, 0, 12,
    0, 0, -19, 0, 0, 0, 0, -15,
    0, 0, 0, 0, -9, 0, 0, -9,
    -9, 0, 0, 0, 15, 0, 0, 0,
    0, -5, -5, 0, 1, -9, 0, 0,
    0, -13, 0, 0, 0, 0, 0, 0,
    -7, 0, 0, 0, 0, -13, 0, -6,
    0, 0, -11, 0, 0, 0, 0, 0,
    0, 0, 0, 0, 0, 0, 0, 0,
    0, 0, 0, 0, 0, 0, 0, -10,
    1, -30, 1, 0, 1, 1, -12, 0,
    0, 0, 0, -21, 0, 0, 0, 0,
    -8, 0, 0, -6, -12, 0, -6, 0,
    -6, 0, 0, -14, -9, 0, 0, -7,
    0, -7, 0, 0, 0, 0, 0, 0,
    0, 0, 0, 0, 0, 0, 0, 0,
    0, 0, 0, 0, 0, 0, 0, 0,
    0, 0, 0, 0, 0, 0, 2, 0,
    0, 0, 0, 0, 0, 0, 0, 0,
    0, 0, 0, -9, 0, 0, 0, 0,
    0, 0, 0, 0, 0, 0, 0, -10,
    0, -9, 0, 0, -14, 0, 0, 0,
    0, 0, 0, 0, 0, 0, 0, 0,
    0, 0, 0, 0, 0, 0, 0, 0,
    0, 0, -33, -13, -33, -13, 3, 3,
    0, -9, 0, -29, 0, 0, 0, 0,
    0, 0, 0, -6, 1, -13, -6, 0,
    -6, 0, 0, 0, -5, 0, 0, 3,
    2, 0, 3, -5, 0, 0, 0, -16,
    0, 2, 0, 0, 0, 0, -11, 0,
    0, 0, 0, -13, 0, -6, 0, 0,
    -10, 0, 0, 0, 0, 0, 0, 0,
    0, 0, 0, -10, 0, 0, 0, 0,
    0, 0, 0, 0, 0, 0, -5, -15,
    -5, -2, 1, 1, -15, 0, 0, 0,
    0, -9, 0, 0, 0, 0, -5, 0,
    0, -10, -9, 0, -6, 0, 0, 0,
    -6, -10, 0, 0, 0, -7, 0, 0,
    0, 0, 0, -6, -23, -7, -23, -10,
    0, 0, 0, -7, 0, -18, 0, -10,
    0, -6, 0, 0, -9, -6, 0, -10,
    -5, 0, 0, 0, -6, 0, 0, 0,
    0, 0, 0, 0, 0, -13, 0, 0,
    0, -6, -29, 0, -29, -3, 0, 0,
    0, -5, 0, -14, 0, -13, 0, -6,
    0, -9, -13, 0, 0, -6, -5, 0,
    0, 0, -6, 0, 0, 0, 0, 0,
    0, 0, 0, -12, -9, 0, 0, -11,
    4, -9, -7, 0, 0, 4, 0, 0,
    -6, 0, -5, -12, 0, -9, 0, -6,
    -17, 0, 0, -6, -12, 0, 0, 0,
    0, 0, 0, -13, 0, 0, 0, 0,
    -6, 0, 0, 0, 0, 0, -23, 0,
    -23, -5, 0, 0, 0, 0, 0, -18,
    0, -10, 0, -5, 0, -5, -7, 0,
    0, -10, -5, 0, 0, 0, -6, 0,
    0, 0, 0, 0, 0, -9, 0, -13,
    0, 0, 0, 0, 0, -11, 0, 0,
    0, 0, 0, 0, 0, 0, 0, -11,
    0, 0, 0, 0, -10, 0, 0, -8,
    -6, 0, -3, 0, 0, 0, 0, 0,
    -6, -5, 0, 0, -5, 0
};


/*Collect the kern class' data in one place*/
static const lv_font_fmt_txt_kern_classes_t kern_classes =
{
    .class_pair_values   = kern_class_values,
    .left_class_mapping  = kern_left_class_mapping,
    .right_class_mapping = kern_right_class_mapping,
    .left_class_cnt      = 45,
    .right_class_cnt     = 38,
};

/*--------------------
 *  ALL CUSTOM DATA
 *--------------------*/

#if LVGL_VERSION_MAJOR == 8
/*Store all the custom data of the font*/
static  lv_font_fmt_txt_glyph_cache_t cache;
#endif

#if LVGL_VERSION_MAJOR >= 8
static const lv_font_fmt_txt_dsc_t font_dsc = {
#else
static lv_font_fmt_txt_dsc_t font_dsc = {
#endif
    .glyph_bitmap = glyph_bitmap,
    .glyph_dsc = glyph_dsc,
    .cmaps = cmaps,
    .kern_dsc = &kern_classes,
    .kern_scale = 16,
    .cmap_num = 2,
    .bpp = 4,
    .kern_classes = 1,
    .bitmap_format = 0,
#if LVGL_VERSION_MAJOR == 8
    .cache = &cache
#endif
};



/*-----------------
 *  PUBLIC FONT
 *----------------*/

/*Initialize a public general font descriptor*/
#if LVGL_VERSION_MAJOR >= 8
const lv_font_t ui_font_ns700_22 = {
#else
lv_font_t ui_font_ns700_22 = {
#endif
    .get_glyph_dsc = lv_font_get_glyph_dsc_fmt_txt,    /*Function pointer to get glyph's data*/
    .get_glyph_bitmap = lv_font_get_bitmap_fmt_txt,    /*Function pointer to get glyph's bitmap*/
    .line_height = 27,          /*The maximum line height required by the font*/
    .base_line = 6,             /*Baseline measured from the bottom of the line*/
#if !(LVGL_VERSION_MAJOR == 6 && LVGL_VERSION_MINOR == 0)
    .subpx = LV_FONT_SUBPX_NONE,
#endif
#if LV_VERSION_CHECK(7, 4, 0) || LVGL_VERSION_MAJOR >= 8
    .underline_position = -3,
    .underline_thickness = 1,
#endif
    .dsc = &font_dsc,          /*The custom font data. Will be accessed by `get_glyph_bitmap/dsc` */
#if LV_VERSION_CHECK(8, 2, 0) || LVGL_VERSION_MAJOR >= 9
    .fallback = NULL,
#endif
    .user_data = NULL,
};



#endif /*#if UI_FONT_NS700_22*/

