/*******************************************************************************
 * Size: 30 px
 * Bpp: 4
 * Opts: --size 30 --bpp 4 --font lvgl-design/squareline_studio/assets/Fonts/Montserrat-600.ttf -r 0x20-0x7e --no-compress --no-prefilter --format lvgl --lv-font-name ui_font_mo600_30 -o lvgl-design/squareline_studio/assets/Fonts/ui_font_mo600_30.c
 ******************************************************************************/

#ifdef LV_LVGL_H_INCLUDE_SIMPLE
#include "lvgl.h"
#else
#include "lvgl/lvgl.h"
#endif

#ifndef UI_FONT_MO600_30
#define UI_FONT_MO600_30 1
#endif

#if UI_FONT_MO600_30

/*-----------------
 *    BITMAPS
 *----------------*/

/*Store the image of the glyphs*/
static LV_ATTRIBUTE_LARGE_CONST const uint8_t glyph_bitmap[] = {
    /* U+0020 " " */

    /* U+0021 "!" */
    0xf, 0xff, 0xf6, 0xf, 0xff, 0xf5, 0xe, 0xff,
    0xf4, 0xd, 0xff, 0xf3, 0xc, 0xff, 0xf2, 0xb,
    0xff, 0xf2, 0xa, 0xff, 0xf1, 0xa, 0xff, 0xf0,
    0x9, 0xff, 0xf0, 0x8, 0xff, 0xe0, 0x7, 0xff,
    0xd0, 0x6, 0xff, 0xc0, 0x5, 0xff, 0xb0, 0x4,
    0xdd, 0x90, 0x0, 0x0, 0x0, 0x0, 0x0, 0x0,
    0x1, 0x79, 0x30, 0xd, 0xff, 0xf3, 0x3f, 0xff,
    0xf8, 0x1f, 0xff, 0xf6, 0x5, 0xef, 0x90,

    /* U+0022 "\"" */
    0x4f, 0xfe, 0x0, 0x8f, 0xfb, 0x4f, 0xfe, 0x0,
    0x7f, 0xfa, 0x3f, 0xfd, 0x0, 0x7f, 0xfa, 0x3f,
    0xfc, 0x0, 0x6f, 0xf9, 0x2f, 0xfc, 0x0, 0x6f,
    0xf8, 0x2f, 0xfb, 0x0, 0x6f, 0xf8, 0x2f, 0xfb,
    0x0, 0x5f, 0xf7, 0x1f, 0xfa, 0x0, 0x5f, 0xf7,
    0x3, 0x32, 0x0, 0x13, 0x31,

    /* U+0023 "#" */
    0x0, 0x0, 0x0, 0x5f, 0xf6, 0x0, 0x0, 0x9f,
    0xf2, 0x0, 0x0, 0x0, 0x0, 0x7, 0xff, 0x40,
    0x0, 0xb, 0xff, 0x0, 0x0, 0x0, 0x0, 0x0,
    0x9f, 0xf2, 0x0, 0x0, 0xdf, 0xe0, 0x0, 0x0,
    0x0, 0x0, 0xb, 0xff, 0x0, 0x0, 0xf, 0xfc,
    0x0, 0x0, 0x0, 0x0, 0x0, 0xdf, 0xe0, 0x0,
    0x1, 0xff, 0xa0, 0x0, 0x0, 0x4f, 0xff, 0xff,
    0xff, 0xff, 0xff, 0xff, 0xff, 0xff, 0xf9, 0x4,
    0xff, 0xff, 0xff, 0xff, 0xff, 0xff, 0xff, 0xff,
    0xff, 0xa0, 0x3b, 0xbb, 0xcf, 0xfd, 0xbb, 0xbb,
    0xdf, 0xfc, 0xbb, 0xb7, 0x0, 0x0, 0x5, 0xff,
    0x60, 0x0, 0x9, 0xff, 0x20, 0x0, 0x0, 0x0,
    0x0, 0x7f, 0xf4, 0x0, 0x0, 0xbf, 0xf0, 0x0,
    0x0, 0x0, 0x0, 0x9, 0xff, 0x20, 0x0, 0xc,
    0xfe, 0x0, 0x0, 0x0, 0x0, 0x0, 0xbf, 0xf0,
    0x0, 0x0, 0xef, 0xd0, 0x0, 0x0, 0x0, 0x0,
    0xd, 0xfe, 0x0, 0x0, 0xf, 0xfb, 0x0, 0x0,
    0x3, 0xbb, 0xbb, 0xff, 0xfb, 0xbb, 0xbb, 0xff,
    0xeb, 0xbb, 0x70, 0x5f, 0xff, 0xff, 0xff, 0xff,
    0xff, 0xff, 0xff, 0xff, 0xfa, 0x5, 0xff, 0xff,
    0xff, 0xff, 0xff, 0xff, 0xff, 0xff, 0xff, 0xa0,
    0x0, 0x0, 0x5f, 0xf6, 0x0, 0x0, 0x8f, 0xf3,
    0x0, 0x0, 0x0, 0x0, 0x7, 0xff, 0x40, 0x0,
    0xa, 0xff, 0x10, 0x0, 0x0, 0x0, 0x0, 0x9f,
    0xf2, 0x0, 0x0, 0xcf, 0xf0, 0x0, 0x0, 0x0,
    0x0, 0xb, 0xff, 0x0, 0x0, 0xe, 0xfd, 0x0,
    0x0, 0x0, 0x0, 0x0, 0xdf, 0xe0, 0x0, 0x0,
    0xff, 0xb0, 0x0, 0x0, 0x0,

    /* U+0024 "$" */
    0x0, 0x0, 0x0, 0x4, 0x86, 0x0, 0x0, 0x0,
    0x0, 0x0, 0x0, 0x0, 0x9f, 0xd0, 0x0, 0x0,
    0x0, 0x0, 0x0, 0x0, 0x9, 0xfd, 0x0, 0x0,
    0x0, 0x0, 0x0, 0x0, 0x0, 0x9f, 0xd0, 0x0,
    0x0, 0x0, 0x0, 0x0, 0x49, 0xcf, 0xff, 0xec,
    0x84, 0x0, 0x0, 0x2, 0xcf, 0xff, 0xff, 0xff,
    0xff, 0xfe, 0x60, 0x3, 0xff, 0xff, 0xff, 0xff,
    0xff, 0xff, 0xfa, 0x0, 0xdf, 0xff, 0xe8, 0xbf,
    0xd5, 0x8c, 0xff, 0x40, 0x4f, 0xff, 0xd1, 0x9,
    0xfd, 0x0, 0x3, 0x90, 0x7, 0xff, 0xf7, 0x0,
    0x9f, 0xd0, 0x0, 0x0, 0x0, 0x7f, 0xff, 0x70,
    0x9, 0xfd, 0x0, 0x0, 0x0, 0x5, 0xff, 0xfe,
    0x30, 0x9f, 0xd0, 0x0, 0x0, 0x0, 0xe, 0xff,
    0xff, 0xcd, 0xfd, 0x0, 0x0, 0x0, 0x0, 0x3f,
    0xff, 0xff, 0xff, 0xfb, 0x72, 0x0, 0x0, 0x0,
    0x2b, 0xff, 0xff, 0xff, 0xff, 0xfc, 0x40, 0x0,
    0x0, 0x2, 0x7b, 0xff, 0xff, 0xff, 0xff, 0x70,
    0x0, 0x0, 0x0, 0x9, 0xfe, 0xcf, 0xff, 0xff,
    0x30, 0x0, 0x0, 0x0, 0x9f, 0xd0, 0x2d, 0xff,
    0xfa, 0x0, 0x0, 0x0, 0x9, 0xfd, 0x0, 0x2f,
    0xff, 0xc0, 0x20, 0x0, 0x0, 0x9f, 0xd0, 0x1,
    0xff, 0xfc, 0x1f, 0xb3, 0x0, 0x9, 0xfd, 0x0,
    0x8f, 0xff, 0x97, 0xff, 0xfd, 0x85, 0xbf, 0xe6,
    0xcf, 0xff, 0xf2, 0xbf, 0xff, 0xff, 0xff, 0xff,
    0xff, 0xff, 0xf7, 0x0, 0x7e, 0xff, 0xff, 0xff,
    0xff, 0xff, 0xe5, 0x0, 0x0, 0x4, 0x8b, 0xef,
    0xff, 0xda, 0x60, 0x0, 0x0, 0x0, 0x0, 0x0,
    0x9f, 0xd0, 0x0, 0x0, 0x0, 0x0, 0x0, 0x0,
    0x9, 0xfd, 0x0, 0x0, 0x0, 0x0, 0x0, 0x0,
    0x0, 0x9f, 0xd0, 0x0, 0x0, 0x0, 0x0, 0x0,
    0x0, 0x4, 0x86, 0x0, 0x0, 0x0, 0x0,

    /* U+0025 "%" */
    0x0, 0x5, 0xcf, 0xfc, 0x50, 0x0, 0x0, 0x0,
    0x0, 0xbf, 0xf3, 0x0, 0x0, 0x9, 0xff, 0xee,
    0xff, 0x90, 0x0, 0x0, 0x0, 0x6f, 0xf8, 0x0,
    0x0, 0x4, 0xff, 0x70, 0x6, 0xff, 0x50, 0x0,
    0x0, 0x2f, 0xfd, 0x0, 0x0, 0x0, 0xbf, 0xc0,
    0x0, 0xb, 0xfc, 0x0, 0x0, 0xc, 0xff, 0x20,
    0x0, 0x0, 0xf, 0xf8, 0x0, 0x0, 0x7f, 0xf0,
    0x0, 0x7, 0xff, 0x70, 0x0, 0x0, 0x0, 0xff,
    0x70, 0x0, 0x6, 0xff, 0x0, 0x2, 0xff, 0xc0,
    0x0, 0x0, 0x0, 0xf, 0xf8, 0x0, 0x0, 0x8f,
    0xf0, 0x0, 0xdf, 0xf2, 0x0, 0x0, 0x0, 0x0,
    0xbf, 0xd0, 0x0, 0xc, 0xfc, 0x0, 0x8f, 0xf6,
    0x0, 0x0, 0x0, 0x0, 0x5, 0xff, 0x91, 0x18,
    0xff, 0x50, 0x3f, 0xfb, 0x0, 0x0, 0x0, 0x0,
    0x0, 0xa, 0xff, 0xff, 0xff, 0xa0, 0xd, 0xff,
    0x10, 0x0, 0x0, 0x0, 0x0, 0x0, 0x6, 0xdf,
    0xfd, 0x70, 0x9, 0xff, 0x60, 0x8, 0xef, 0xfc,
    0x50, 0x0, 0x0, 0x0, 0x0, 0x0, 0x4, 0xff,
    0xb0, 0xd, 0xff, 0xff, 0xff, 0x70, 0x0, 0x0,
    0x0, 0x0, 0x0, 0xef, 0xe1, 0x9, 0xff, 0x60,
    0x2b, 0xff, 0x20, 0x0, 0x0, 0x0, 0x0, 0x9f,
    0xf5, 0x0, 0xff, 0x90, 0x0, 0x1f, 0xf8, 0x0,
    0x0, 0x0, 0x0, 0x4f, 0xfa, 0x0, 0x2f, 0xf4,
    0x0, 0x0, 0xbf, 0xb0, 0x0, 0x0, 0x0, 0x1e,
    0xfe, 0x10, 0x3, 0xff, 0x30, 0x0, 0xa, 0xfc,
    0x0, 0x0, 0x0, 0xa, 0xff, 0x40, 0x0, 0x2f,
    0xf4, 0x0, 0x0, 0xbf, 0xb0, 0x0, 0x0, 0x5,
    0xff, 0x90, 0x0, 0x0, 0xef, 0x80, 0x0, 0xf,
    0xf8, 0x0, 0x0, 0x1, 0xef, 0xd0, 0x0, 0x0,
    0x8, 0xff, 0x40, 0xa, 0xff, 0x10, 0x0, 0x0,
    0xbf, 0xf3, 0x0, 0x0, 0x0, 0xc, 0xff, 0xef,
    0xff, 0x50, 0x0, 0x0, 0x6f, 0xf8, 0x0, 0x0,
    0x0, 0x0, 0x7, 0xdf, 0xfb, 0x30, 0x0,

    /* U+0026 "&" */
    0x0, 0x0, 0x5, 0xbe, 0xff, 0xd9, 0x10, 0x0,
    0x0, 0x0, 0x0, 0x0, 0xbf, 0xff, 0xff, 0xff,
    0xf4, 0x0, 0x0, 0x0, 0x0, 0x9, 0xff, 0xfd,
    0xab, 0xff, 0xfe, 0x0, 0x0, 0x0, 0x0, 0x1f,
    0xff, 0xa0, 0x0, 0x2f, 0xff, 0x50, 0x0, 0x0,
    0x0, 0x3f, 0xff, 0x30, 0x0, 0xc, 0xff, 0x60,
    0x0, 0x0, 0x0, 0x3f, 0xff, 0x40, 0x0, 0xe,
    0xff, 0x50, 0x0, 0x0, 0x0, 0xe, 0xff, 0xc0,
    0x1, 0xbf, 0xfe, 0x0, 0x0, 0x0, 0x0, 0x6,
    0xff, 0xfb, 0x6e, 0xff, 0xf4, 0x0, 0x0, 0x0,
    0x0, 0x0, 0xaf, 0xff, 0xff, 0xfe, 0x30, 0x0,
    0x0, 0x0, 0x0, 0x0, 0x5f, 0xff, 0xff, 0xa1,
    0x0, 0x0, 0x0, 0x0, 0x0, 0x1a, 0xff, 0xff,
    0xff, 0xd1, 0x0, 0x1, 0x30, 0x0, 0x1, 0xdf,
    0xff, 0xaa, 0xff, 0xfd, 0x20, 0x5, 0xfe, 0x80,
    0xd, 0xff, 0xf5, 0x0, 0x8f, 0xff, 0xe2, 0xa,
    0xff, 0xa0, 0x5f, 0xff, 0x60, 0x0, 0x7, 0xff,
    0xfe, 0x5f, 0xff, 0x50, 0xaf, 0xff, 0x0, 0x0,
    0x0, 0x6f, 0xff, 0xff, 0xfe, 0x0, 0xcf, 0xff,
    0x0, 0x0, 0x0, 0x5, 0xff, 0xff, 0xf6, 0x0,
    0xaf, 0xff, 0x50, 0x0, 0x0, 0x0, 0xaf, 0xff,
    0xf6, 0x0, 0x4f, 0xff, 0xf9, 0x30, 0x2, 0x6c,
    0xff, 0xff, 0xff, 0x60, 0xa, 0xff, 0xff, 0xff,
    0xff, 0xff, 0xff, 0xde, 0xff, 0xf5, 0x0, 0x8f,
    0xff, 0xff, 0xff, 0xff, 0xf8, 0x2, 0xef, 0xd1,
    0x0, 0x1, 0x7c, 0xef, 0xfe, 0xb7, 0x10, 0x0,
    0x2c, 0x20, 0x0, 0x0, 0x0, 0x0, 0x0, 0x0,
    0x0, 0x0, 0x0, 0x0,

    /* U+0027 "'" */
    0x4f, 0xfe, 0x4f, 0xfe, 0x3f, 0xfd, 0x3f, 0xfc,
    0x2f, 0xfc, 0x2f, 0xfb, 0x2f, 0xfb, 0x1f, 0xfa,
    0x3, 0x32,

    /* U+0028 "(" */
    0x0, 0x0, 0xbb, 0xb6, 0x0, 0x8, 0xff, 0xf2,
    0x0, 0x1f, 0xff, 0xa0, 0x0, 0x8f, 0xff, 0x30,
    0x0, 0xef, 0xfd, 0x0, 0x3, 0xff, 0xf7, 0x0,
    0x8, 0xff, 0xf3, 0x0, 0xc, 0xff, 0xe0, 0x0,
    0xf, 0xff, 0xb0, 0x0, 0x2f, 0xff, 0x80, 0x0,
    0x4f, 0xff, 0x60, 0x0, 0x5f, 0xff, 0x50, 0x0,
    0x7f, 0xff, 0x40, 0x0, 0x7f, 0xff, 0x30, 0x0,
    0x7f, 0xff, 0x30, 0x0, 0x7f, 0xff, 0x30, 0x0,
    0x6f, 0xff, 0x40, 0x0, 0x4f, 0xff, 0x60, 0x0,
    0x2f, 0xff, 0x80, 0x0, 0xf, 0xff, 0xa0, 0x0,
    0xd, 0xff, 0xe0, 0x0, 0x9, 0xff, 0xf1, 0x0,
    0x5, 0xff, 0xf6, 0x0, 0x0, 0xff, 0xfb, 0x0,
    0x0, 0x9f, 0xff, 0x10, 0x0, 0x3f, 0xff, 0x80,
    0x0, 0xa, 0xff, 0xe0, 0x0, 0x2, 0xff, 0xf7,

    /* U+0029 ")" */
    0x1b, 0xbb, 0x50, 0x0, 0xb, 0xff, 0xe1, 0x0,
    0x3, 0xff, 0xf8, 0x0, 0x0, 0xcf, 0xfe, 0x0,
    0x0, 0x6f, 0xff, 0x50, 0x0, 0x1f, 0xff, 0xa0,
    0x0, 0xc, 0xff, 0xf0, 0x0, 0x8, 0xff, 0xf3,
    0x0, 0x4, 0xff, 0xf6, 0x0, 0x1, 0xff, 0xf8,
    0x0, 0x0, 0xff, 0xfb, 0x0, 0x0, 0xef, 0xfc,
    0x0, 0x0, 0xdf, 0xfd, 0x0, 0x0, 0xcf, 0xfd,
    0x0, 0x0, 0xcf, 0xfe, 0x0, 0x0, 0xcf, 0xfd,
    0x0, 0x0, 0xdf, 0xfc, 0x0, 0x0, 0xff, 0xfb,
    0x0, 0x1, 0xff, 0xf9, 0x0, 0x3, 0xff, 0xf7,
    0x0, 0x7, 0xff, 0xf3, 0x0, 0xa, 0xff, 0xf0,
    0x0, 0xf, 0xff, 0xb0, 0x0, 0x4f, 0xff, 0x60,
    0x0, 0xaf, 0xff, 0x10, 0x1, 0xff, 0xf9, 0x0,
    0x9, 0xff, 0xf2, 0x0, 0x1f, 0xff, 0x80, 0x0,

    /* U+002A "*" */
    0x0, 0x0, 0x5, 0x62, 0x0, 0x0, 0x0, 0x0,
    0xe, 0xf5, 0x0, 0x0, 0x4, 0x20, 0xe, 0xf5,
    0x0, 0x50, 0xe, 0xf8, 0xe, 0xf5, 0x3d, 0xf7,
    0x3e, 0xff, 0xef, 0xfd, 0xff, 0xfa, 0x1, 0x8f,
    0xff, 0xff, 0xfc, 0x40, 0x0, 0x9, 0xff, 0xff,
    0xe3, 0x0, 0x6, 0xef, 0xff, 0xff, 0xff, 0xa2,
    0x4f, 0xff, 0x8e, 0xf9, 0xdf, 0xfc, 0xb, 0xb2,
    0xe, 0xf5, 0x6, 0xe3, 0x0, 0x0, 0xe, 0xf5,
    0x0, 0x0, 0x0, 0x0, 0xe, 0xf6, 0x0, 0x0,

    /* U+002B "+" */
    0x0, 0x0, 0x0, 0xbf, 0xf7, 0x0, 0x0, 0x0,
    0x0, 0x0, 0xb, 0xff, 0x70, 0x0, 0x0, 0x0,
    0x0, 0x0, 0xbf, 0xf7, 0x0, 0x0, 0x0, 0x0,
    0x0, 0xb, 0xff, 0x70, 0x0, 0x0, 0x0, 0x0,
    0x0, 0xbf, 0xf7, 0x0, 0x0, 0x0, 0xff, 0xff,
    0xff, 0xff, 0xff, 0xff, 0xfb, 0xf, 0xff, 0xff,
    0xff, 0xff, 0xff, 0xff, 0xc0, 0xff, 0xff, 0xff,
    0xff, 0xff, 0xff, 0xfc, 0x0, 0x0, 0x0, 0xbf,
    0xf7, 0x0, 0x0, 0x0, 0x0, 0x0, 0xb, 0xff,
    0x70, 0x0, 0x0, 0x0, 0x0, 0x0, 0xbf, 0xf7,
    0x0, 0x0, 0x0, 0x0, 0x0, 0xb, 0xff, 0x70,
    0x0, 0x0, 0x0, 0x0, 0x0, 0xbf, 0xf7, 0x0,
    0x0, 0x0,

    /* U+002C "," */
    0x8, 0xca, 0x20, 0x7f, 0xff, 0xd0, 0xbf, 0xff,
    0xf1, 0x9f, 0xff, 0xf0, 0x1c, 0xff, 0xb0, 0x7,
    0xff, 0x50, 0xc, 0xff, 0x0, 0xf, 0xfa, 0x0,
    0x4f, 0xf4, 0x0, 0x38, 0x70, 0x0,

    /* U+002D "-" */
    0x1, 0x11, 0x11, 0x11, 0x15, 0xff, 0xff, 0xff,
    0xfe, 0x5f, 0xff, 0xff, 0xff, 0xe5, 0xff, 0xff,
    0xff, 0xfe,

    /* U+002E "." */
    0x9, 0xeb, 0x30, 0x9f, 0xff, 0xe0, 0xcf, 0xff,
    0xf1, 0x9f, 0xff, 0xe0, 0x1b, 0xfd, 0x30,

    /* U+002F "/" */
    0x0, 0x0, 0x0, 0x0, 0x2, 0xff, 0xf2, 0x0,
    0x0, 0x0, 0x0, 0x8, 0xff, 0xd0, 0x0, 0x0,
    0x0, 0x0, 0xe, 0xff, 0x70, 0x0, 0x0, 0x0,
    0x0, 0x3f, 0xff, 0x20, 0x0, 0x0, 0x0, 0x0,
    0x9f, 0xfc, 0x0, 0x0, 0x0, 0x0, 0x0, 0xef,
    0xf6, 0x0, 0x0, 0x0, 0x0, 0x4, 0xff, 0xf1,
    0x0, 0x0, 0x0, 0x0, 0xa, 0xff, 0xb0, 0x0,
    0x0, 0x0, 0x0, 0xf, 0xff, 0x50, 0x0, 0x0,
    0x0, 0x0, 0x5f, 0xff, 0x0, 0x0, 0x0, 0x0,
    0x0, 0xbf, 0xfa, 0x0, 0x0, 0x0, 0x0, 0x1,
    0xff, 0xf4, 0x0, 0x0, 0x0, 0x0, 0x6, 0xff,
    0xe0, 0x0, 0x0, 0x0, 0x0, 0xc, 0xff, 0x90,
    0x0, 0x0, 0x0, 0x0, 0x2f, 0xff, 0x30, 0x0,
    0x0, 0x0, 0x0, 0x7f, 0xfd, 0x0, 0x0, 0x0,
    0x0, 0x0, 0xdf, 0xf8, 0x0, 0x0, 0x0, 0x0,
    0x3, 0xff, 0xf2, 0x0, 0x0, 0x0, 0x0, 0x8,
    0xff, 0xd0, 0x0, 0x0, 0x0, 0x0, 0xe, 0xff,
    0x70, 0x0, 0x0, 0x0, 0x0, 0x4f, 0xff, 0x10,
    0x0, 0x0, 0x0, 0x0, 0x9f, 0xfc, 0x0, 0x0,
    0x0, 0x0, 0x0, 0xef, 0xf6, 0x0, 0x0, 0x0,
    0x0, 0x5, 0xff, 0xf1, 0x0, 0x0, 0x0, 0x0,
    0xa, 0xff, 0xb0, 0x0, 0x0, 0x0, 0x0, 0xf,
    0xff, 0x50, 0x0, 0x0, 0x0, 0x0, 0x6f, 0xff,
    0x0, 0x0, 0x0, 0x0, 0x0, 0xbf, 0xfa, 0x0,
    0x0, 0x0, 0x0, 0x0,

    /* U+0030 "0" */
    0x0, 0x0, 0x3, 0xad, 0xff, 0xea, 0x50, 0x0,
    0x0, 0x0, 0x1, 0xbf, 0xff, 0xff, 0xff, 0xfc,
    0x20, 0x0, 0x0, 0x1d, 0xff, 0xff, 0xff, 0xff,
    0xff, 0xe3, 0x0, 0x0, 0xcf, 0xff, 0xfa, 0x65,
    0x9f, 0xff, 0xfe, 0x10, 0x6, 0xff, 0xff, 0x30,
    0x0, 0x1, 0xdf, 0xff, 0x80, 0xd, 0xff, 0xf5,
    0x0, 0x0, 0x0, 0x2f, 0xff, 0xf1, 0x2f, 0xff,
    0xd0, 0x0, 0x0, 0x0, 0xa, 0xff, 0xf5, 0x6f,
    0xff, 0x90, 0x0, 0x0, 0x0, 0x6, 0xff, 0xf9,
    0x9f, 0xff, 0x60, 0x0, 0x0, 0x0, 0x3, 0xff,
    0xfc, 0xaf, 0xff, 0x40, 0x0, 0x0, 0x0, 0x1,
    0xff, 0xfd, 0xbf, 0xff, 0x40, 0x0, 0x0, 0x0,
    0x1, 0xff, 0xfd, 0xaf, 0xff, 0x40, 0x0, 0x0,
    0x0, 0x1, 0xff, 0xfd, 0x9f, 0xff, 0x60, 0x0,
    0x0, 0x0, 0x3, 0xff, 0xfc, 0x6f, 0xff, 0x90,
    0x0, 0x0, 0x0, 0x6, 0xff, 0xf9, 0x2f, 0xff,
    0xd0, 0x0, 0x0, 0x0, 0xb, 0xff, 0xf5, 0xd,
    0xff, 0xf5, 0x0, 0x0, 0x0, 0x2f, 0xff, 0xf0,
    0x6, 0xff, 0xff, 0x30, 0x0, 0x1, 0xdf, 0xff,
    0x80, 0x0, 0xcf, 0xff, 0xfa, 0x65, 0x9f, 0xff,
    0xfe, 0x0, 0x0, 0x1d, 0xff, 0xff, 0xff, 0xff,
    0xff, 0xe3, 0x0, 0x0, 0x1, 0xbf, 0xff, 0xff,
    0xff, 0xfc, 0x20, 0x0, 0x0, 0x0, 0x3, 0xad,
    0xff, 0xea, 0x50, 0x0, 0x0,

    /* U+0031 "1" */
    0xcf, 0xff, 0xff, 0xff, 0x9c, 0xff, 0xff, 0xff,
    0xf9, 0xcf, 0xff, 0xff, 0xff, 0x92, 0x33, 0x37,
    0xff, 0xf9, 0x0, 0x0, 0x5f, 0xff, 0x90, 0x0,
    0x5, 0xff, 0xf9, 0x0, 0x0, 0x5f, 0xff, 0x90,
    0x0, 0x5, 0xff, 0xf9, 0x0, 0x0, 0x5f, 0xff,
    0x90, 0x0, 0x5, 0xff, 0xf9, 0x0, 0x0, 0x5f,
    0xff, 0x90, 0x0, 0x5, 0xff, 0xf9, 0x0, 0x0,
    0x5f, 0xff, 0x90, 0x0, 0x5, 0xff, 0xf9, 0x0,
    0x0, 0x5f, 0xff, 0x90, 0x0, 0x5, 0xff, 0xf9,
    0x0, 0x0, 0x5f, 0xff, 0x90, 0x0, 0x5, 0xff,
    0xf9, 0x0, 0x0, 0x5f, 0xff, 0x90, 0x0, 0x5,
    0xff, 0xf9, 0x0, 0x0, 0x5f, 0xff, 0x90,

    /* U+0032 "2" */
    0x0, 0x1, 0x6b, 0xef, 0xfe, 0xc8, 0x20, 0x0,
    0x0, 0x8, 0xff, 0xff, 0xff, 0xff, 0xff, 0x80,
    0x0, 0x1c, 0xff, 0xff, 0xff, 0xff, 0xff, 0xff,
    0x90, 0x7, 0xff, 0xff, 0xb7, 0x56, 0x8e, 0xff,
    0xff, 0x30, 0x6, 0xfd, 0x30, 0x0, 0x0, 0xd,
    0xff, 0xf8, 0x0, 0x2, 0x10, 0x0, 0x0, 0x0,
    0x5f, 0xff, 0xb0, 0x0, 0x0, 0x0, 0x0, 0x0,
    0x3, 0xff, 0xfb, 0x0, 0x0, 0x0, 0x0, 0x0,
    0x0, 0x6f, 0xff, 0x80, 0x0, 0x0, 0x0, 0x0,
    0x0, 0xc, 0xff, 0xf4, 0x0, 0x0, 0x0, 0x0,
    0x0, 0x8, 0xff, 0xfc, 0x0, 0x0, 0x0, 0x0,
    0x0, 0x7, 0xff, 0xff, 0x20, 0x0, 0x0, 0x0,
    0x0, 0x8, 0xff, 0xff, 0x40, 0x0, 0x0, 0x0,
    0x0, 0x9, 0xff, 0xff, 0x40, 0x0, 0x0, 0x0,
    0x0, 0xa, 0xff, 0xfe, 0x30, 0x0, 0x0, 0x0,
    0x0, 0xb, 0xff, 0xfe, 0x20, 0x0, 0x0, 0x0,
    0x0, 0xc, 0xff, 0xfd, 0x20, 0x0, 0x0, 0x0,
    0x0, 0x1d, 0xff, 0xfd, 0x10, 0x0, 0x0, 0x0,
    0x0, 0x1d, 0xff, 0xfe, 0x54, 0x44, 0x44, 0x44,
    0x42, 0xd, 0xff, 0xff, 0xff, 0xff, 0xff, 0xff,
    0xff, 0x80, 0xff, 0xff, 0xff, 0xff, 0xff, 0xff,
    0xff, 0xf8, 0xf, 0xff, 0xff, 0xff, 0xff, 0xff,
    0xff, 0xff, 0x80,

    /* U+0033 "3" */
    0xf, 0xff, 0xff, 0xff, 0xff, 0xff, 0xff, 0xf5,
    0x0, 0xff, 0xff, 0xff, 0xff, 0xff, 0xff, 0xff,
    0x50, 0xf, 0xff, 0xff, 0xff, 0xff, 0xff, 0xff,
    0xf4, 0x0, 0x33, 0x33, 0x33, 0x33, 0x4d, 0xff,
    0xf8, 0x0, 0x0, 0x0, 0x0, 0x0, 0xa, 0xff,
    0xf9, 0x0, 0x0, 0x0, 0x0, 0x0, 0x9, 0xff,
    0xfb, 0x0, 0x0, 0x0, 0x0, 0x0, 0x7, 0xff,
    0xfc, 0x0, 0x0, 0x0, 0x0, 0x0, 0x6, 0xff,
    0xfd, 0x10, 0x0, 0x0, 0x0, 0x0, 0x2, 0xff,
    0xff, 0xea, 0x50, 0x0, 0x0, 0x0, 0x0, 0x3f,
    0xff, 0xff, 0xff, 0xc2, 0x0, 0x0, 0x0, 0x3,
    0xff, 0xff, 0xff, 0xff, 0xe1, 0x0, 0x0, 0x0,
    0x0, 0x1, 0x38, 0xff, 0xff, 0x90, 0x0, 0x0,
    0x0, 0x0, 0x0, 0x4, 0xff, 0xff, 0x0, 0x0,
    0x0, 0x0, 0x0, 0x0, 0xc, 0xff, 0xf2, 0x0,
    0x0, 0x0, 0x0, 0x0, 0x0, 0xbf, 0xff, 0x30,
    0x30, 0x0, 0x0, 0x0, 0x0, 0xe, 0xff, 0xf1,
    0xd, 0xe5, 0x0, 0x0, 0x0, 0x9, 0xff, 0xfd,
    0x6, 0xff, 0xfe, 0xa7, 0x56, 0x8d, 0xff, 0xff,
    0x50, 0xcf, 0xff, 0xff, 0xff, 0xff, 0xff, 0xff,
    0xa0, 0x0, 0x8f, 0xff, 0xff, 0xff, 0xff, 0xff,
    0x80, 0x0, 0x0, 0x5, 0x9c, 0xef, 0xfe, 0xc7,
    0x10, 0x0, 0x0,

    /* U+0034 "4" */
    0x0, 0x0, 0x0, 0x0, 0x1, 0xef, 0xff, 0x30,
    0x0, 0x0, 0x0, 0x0, 0x0, 0x0, 0xc, 0xff,
    0xf6, 0x0, 0x0, 0x0, 0x0, 0x0, 0x0, 0x0,
    0x8f, 0xff, 0xa0, 0x0, 0x0, 0x0, 0x0, 0x0,
    0x0, 0x4, 0xff, 0xfd, 0x0, 0x0, 0x0, 0x0,
    0x0, 0x0, 0x0, 0x2e, 0xff, 0xf3, 0x0, 0x0,
    0x0, 0x0, 0x0, 0x0, 0x0, 0xcf, 0xff, 0x60,
    0x0, 0x0, 0x0, 0x0, 0x0, 0x0, 0x9, 0xff,
    0xfa, 0x0, 0x0, 0x0, 0x0, 0x0, 0x0, 0x0,
    0x5f, 0xff, 0xd0, 0x0, 0x0, 0x0, 0x0, 0x0,
    0x0, 0x2, 0xff, 0xff, 0x30, 0x1, 0x44, 0x41,
    0x0, 0x0, 0x0, 0xd, 0xff, 0xf6, 0x0, 0x5,
    0xff, 0xf5, 0x0, 0x0, 0x0, 0xaf, 0xff, 0xa0,
    0x0, 0x5, 0xff, 0xf5, 0x0, 0x0, 0x6, 0xff,
    0xfd, 0x0, 0x0, 0x5, 0xff, 0xf5, 0x0, 0x0,
    0x2f, 0xff, 0xf3, 0x0, 0x0, 0x5, 0xff, 0xf5,
    0x0, 0x0, 0xdf, 0xff, 0xff, 0xff, 0xff, 0xff,
    0xff, 0xff, 0xff, 0xf0, 0xff, 0xff, 0xff, 0xff,
    0xff, 0xff, 0xff, 0xff, 0xff, 0xf0, 0xff, 0xff,
    0xff, 0xff, 0xff, 0xff, 0xff, 0xff, 0xff, 0xf0,
    0x44, 0x44, 0x44, 0x44, 0x44, 0x49, 0xff, 0xf7,
    0x44, 0x40, 0x0, 0x0, 0x0, 0x0, 0x0, 0x7,
    0xff, 0xf5, 0x0, 0x0, 0x0, 0x0, 0x0, 0x0,
    0x0, 0x7, 0xff, 0xf5, 0x0, 0x0, 0x0, 0x0,
    0x0, 0x0, 0x0, 0x7, 0xff, 0xf5, 0x0, 0x0,
    0x0, 0x0, 0x0, 0x0, 0x0, 0x7, 0xff, 0xf5,
    0x0, 0x0,

    /* U+0035 "5" */
    0x0, 0xf, 0xff, 0xff, 0xff, 0xff, 0xff, 0xf5,
    0x0, 0x1, 0xff, 0xff, 0xff, 0xff, 0xff, 0xff,
    0x50, 0x0, 0x3f, 0xff, 0xff, 0xff, 0xff, 0xff,
    0xf5, 0x0, 0x4, 0xff, 0xf7, 0x33, 0x33, 0x33,
    0x33, 0x10, 0x0, 0x6f, 0xff, 0x30, 0x0, 0x0,
    0x0, 0x0, 0x0, 0x7, 0xff, 0xf1, 0x0, 0x0,
    0x0, 0x0, 0x0, 0x0, 0x9f, 0xff, 0x0, 0x0,
    0x0, 0x0, 0x0, 0x0, 0xb, 0xff, 0xe0, 0x0,
    0x0, 0x0, 0x0, 0x0, 0x0, 0xcf, 0xff, 0xff,
    0xff, 0xda, 0x50, 0x0, 0x0, 0xe, 0xff, 0xff,
    0xff, 0xff, 0xff, 0xd4, 0x0, 0x0, 0xff, 0xff,
    0xff, 0xff, 0xff, 0xff, 0xf4, 0x0, 0x4, 0x44,
    0x44, 0x45, 0x6a, 0xff, 0xff, 0xe0, 0x0, 0x0,
    0x0, 0x0, 0x0, 0x2, 0xef, 0xff, 0x50, 0x0,
    0x0, 0x0, 0x0, 0x0, 0x8, 0xff, 0xf8, 0x0,
    0x0, 0x0, 0x0, 0x0, 0x0, 0x5f, 0xff, 0x90,
    0x2, 0x0, 0x0, 0x0, 0x0, 0x8, 0xff, 0xf7,
    0x7, 0xf7, 0x10, 0x0, 0x0, 0x4, 0xff, 0xff,
    0x31, 0xef, 0xff, 0xb7, 0x65, 0x7b, 0xff, 0xff,
    0xc0, 0x6f, 0xff, 0xff, 0xff, 0xff, 0xff, 0xff,
    0xe2, 0x0, 0x5d, 0xff, 0xff, 0xff, 0xff, 0xff,
    0xc2, 0x0, 0x0, 0x3, 0x8b, 0xef, 0xff, 0xd9,
    0x40, 0x0, 0x0,

    /* U+0036 "6" */
    0x0, 0x0, 0x0, 0x49, 0xdf, 0xff, 0xeb, 0x61,
    0x0, 0x0, 0x0, 0x4d, 0xff, 0xff, 0xff, 0xff,
    0xfe, 0x0, 0x0, 0x7, 0xff, 0xff, 0xff, 0xff,
    0xff, 0xf8, 0x0, 0x0, 0x6f, 0xff, 0xfe, 0x85,
    0x44, 0x6a, 0xe1, 0x0, 0x2, 0xff, 0xff, 0x80,
    0x0, 0x0, 0x0, 0x0, 0x0, 0xa, 0xff, 0xf9,
    0x0, 0x0, 0x0, 0x0, 0x0, 0x0, 0x1f, 0xff,
    0xe0, 0x0, 0x0, 0x0, 0x0, 0x0, 0x0, 0x5f,
    0xff, 0x90, 0x0, 0x0, 0x0, 0x0, 0x0, 0x0,
    0x8f, 0xff, 0x60, 0x6b, 0xef, 0xfd, 0xa4, 0x0,
    0x0, 0xaf, 0xff, 0x7d, 0xff, 0xff, 0xff, 0xff,
    0xa0, 0x0, 0xaf, 0xff, 0xff, 0xff, 0xff, 0xff,
    0xff, 0xfc, 0x0, 0xaf, 0xff, 0xff, 0xb3, 0x0,
    0x28, 0xff, 0xff, 0x60, 0x9f, 0xff, 0xf9, 0x0,
    0x0, 0x0, 0x5f, 0xff, 0xd0, 0x7f, 0xff, 0xf0,
    0x0, 0x0, 0x0, 0xd, 0xff, 0xf0, 0x4f, 0xff,
    0xd0, 0x0, 0x0, 0x0, 0xb, 0xff, 0xf1, 0xf,
    0xff, 0xf0, 0x0, 0x0, 0x0, 0xd, 0xff, 0xf0,
    0x8, 0xff, 0xf9, 0x0, 0x0, 0x0, 0x5f, 0xff,
    0xb0, 0x0, 0xef, 0xff, 0xb4, 0x10, 0x28, 0xff,
    0xff, 0x40, 0x0, 0x3f, 0xff, 0xff, 0xff, 0xff,
    0xff, 0xf8, 0x0, 0x0, 0x2, 0xcf, 0xff, 0xff,
    0xff, 0xff, 0x70, 0x0, 0x0, 0x0, 0x4, 0xad,
    0xff, 0xec, 0x71, 0x0, 0x0,

    /* U+0037 "7" */
    0x2f, 0xff, 0xff, 0xff, 0xff, 0xff, 0xff, 0xff,
    0xf2, 0x2f, 0xff, 0xff, 0xff, 0xff, 0xff, 0xff,
    0xff, 0xf2, 0x2f, 0xff, 0xff, 0xff, 0xff, 0xff,
    0xff, 0xff, 0xf1, 0x2f, 0xff, 0x94, 0x44, 0x44,
    0x44, 0x9f, 0xff, 0xb0, 0x2f, 0xff, 0x70, 0x0,
    0x0, 0x0, 0xdf, 0xff, 0x40, 0x2f, 0xff, 0x70,
    0x0, 0x0, 0x4, 0xff, 0xfd, 0x0, 0x2d, 0xdd,
    0x60, 0x0, 0x0, 0xb, 0xff, 0xf6, 0x0, 0x0,
    0x0, 0x0, 0x0, 0x0, 0x2f, 0xff, 0xe0, 0x0,
    0x0, 0x0, 0x0, 0x0, 0x0, 0x9f, 0xff, 0x80,
    0x0, 0x0, 0x0, 0x0, 0x0, 0x1, 0xff, 0xff,
    0x10, 0x0, 0x0, 0x0, 0x0, 0x0, 0x7, 0xff,
    0xfa, 0x0, 0x0, 0x0, 0x0, 0x0, 0x0, 0xe,
    0xff, 0xf3, 0x0, 0x0, 0x0, 0x0, 0x0, 0x0,
    0x6f, 0xff, 0xc0, 0x0, 0x0, 0x0, 0x0, 0x0,
    0x0, 0xdf, 0xff, 0x50, 0x0, 0x0, 0x0, 0x0,
    0x0, 0x4, 0xff, 0xfd, 0x0, 0x0, 0x0, 0x0,
    0x0, 0x0, 0xb, 0xff, 0xf7, 0x0, 0x0, 0x0,
    0x0, 0x0, 0x0, 0x2f, 0xff, 0xf0, 0x0, 0x0,
    0x0, 0x0, 0x0, 0x0, 0x9f, 0xff, 0x80, 0x0,
    0x0, 0x0, 0x0, 0x0, 0x1, 0xff, 0xff, 0x10,
    0x0, 0x0, 0x0, 0x0, 0x0, 0x8, 0xff, 0xfa,
    0x0, 0x0, 0x0, 0x0, 0x0, 0x0, 0xe, 0xff,
    0xf3, 0x0, 0x0, 0x0, 0x0,

    /* U+0038 "8" */
    0x0, 0x0, 0x39, 0xce, 0xff, 0xeb, 0x61, 0x0,
    0x0, 0x0, 0x1b, 0xff, 0xff, 0xff, 0xff, 0xff,
    0x60, 0x0, 0x1, 0xdf, 0xff, 0xff, 0xff, 0xff,
    0xff, 0xf7, 0x0, 0x9, 0xff, 0xfe, 0x72, 0x1,
    0x4b, 0xff, 0xff, 0x20, 0xe, 0xff, 0xf3, 0x0,
    0x0, 0x0, 0xaf, 0xff, 0x70, 0xf, 0xff, 0xd0,
    0x0, 0x0, 0x0, 0x4f, 0xff, 0x90, 0xf, 0xff,
    0xe0, 0x0, 0x0, 0x0, 0x5f, 0xff, 0x80, 0xb,
    0xff, 0xf7, 0x0, 0x0, 0x1, 0xdf, 0xff, 0x40,
    0x2, 0xff, 0xff, 0xc7, 0x56, 0x9e, 0xff, 0xfa,
    0x0, 0x0, 0x3e, 0xff, 0xff, 0xff, 0xff, 0xff,
    0x90, 0x0, 0x0, 0x8f, 0xff, 0xff, 0xff, 0xff,
    0xff, 0xd3, 0x0, 0xa, 0xff, 0xff, 0xc8, 0x67,
    0x9e, 0xff, 0xff, 0x30, 0x4f, 0xff, 0xe3, 0x0,
    0x0, 0x0, 0x9f, 0xff, 0xd0, 0xaf, 0xff, 0x60,
    0x0, 0x0, 0x0, 0xd, 0xff, 0xf3, 0xcf, 0xff,
    0x20, 0x0, 0x0, 0x0, 0x9, 0xff, 0xf5, 0xbf,
    0xff, 0x30, 0x0, 0x0, 0x0, 0xa, 0xff, 0xf4,
    0x8f, 0xff, 0xb0, 0x0, 0x0, 0x0, 0x3f, 0xff,
    0xf1, 0x2f, 0xff, 0xfc, 0x51, 0x0, 0x38, 0xff,
    0xff, 0xa0, 0x6, 0xff, 0xff, 0xff, 0xff, 0xff,
    0xff, 0xfd, 0x10, 0x0, 0x4d, 0xff, 0xff, 0xff,
    0xff, 0xff, 0xa1, 0x0, 0x0, 0x0, 0x5a, 0xdf,
    0xff, 0xeb, 0x72, 0x0, 0x0,

    /* U+0039 "9" */
    0x0, 0x0, 0x28, 0xcf, 0xff, 0xd9, 0x30, 0x0,
    0x0, 0x0, 0x9, 0xff, 0xff, 0xff, 0xff, 0xfa,
    0x10, 0x0, 0x0, 0xbf, 0xff, 0xff, 0xff, 0xff,
    0xff, 0xd1, 0x0, 0x7, 0xff, 0xff, 0x72, 0x1,
    0x4c, 0xff, 0xfc, 0x0, 0xe, 0xff, 0xf3, 0x0,
    0x0, 0x0, 0xbf, 0xff, 0x50, 0x2f, 0xff, 0xa0,
    0x0, 0x0, 0x0, 0x3f, 0xff, 0xc0, 0x4f, 0xff,
    0x80, 0x0, 0x0, 0x0, 0x1f, 0xff, 0xf1, 0x3f,
    0xff, 0xa0, 0x0, 0x0, 0x0, 0x3f, 0xff, 0xf4,
    0xf, 0xff, 0xf2, 0x0, 0x0, 0x0, 0xcf, 0xff,
    0xf6, 0x9, 0xff, 0xff, 0x72, 0x1, 0x5c, 0xff,
    0xff, 0xf7, 0x1, 0xdf, 0xff, 0xff, 0xff, 0xff,
    0xff, 0xff, 0xf7, 0x0, 0x1c, 0xff, 0xff, 0xff,
    0xff, 0xc8, 0xff, 0xf6, 0x0, 0x0, 0x4a, 0xef,
    0xfe, 0xa4, 0x9, 0xff, 0xf4, 0x0, 0x0, 0x0,
    0x0, 0x0, 0x0, 0xc, 0xff, 0xf1, 0x0, 0x0,
    0x0, 0x0, 0x0, 0x0, 0x2f, 0xff, 0xd0, 0x0,
    0x0, 0x0, 0x0, 0x0, 0x0, 0xbf, 0xff, 0x70,
    0x0, 0x0, 0x0, 0x0, 0x0, 0x1b, 0xff, 0xfe,
    0x0, 0x0, 0x3e, 0x95, 0x44, 0x59, 0xff, 0xff,
    0xf4, 0x0, 0x0, 0xbf, 0xff, 0xff, 0xff, 0xff,
    0xff, 0x50, 0x0, 0x1, 0xff, 0xff, 0xff, 0xff,
    0xff, 0xc3, 0x0, 0x0, 0x0, 0x27, 0xbe, 0xff,
    0xec, 0x93, 0x0, 0x0, 0x0,

    /* U+003A ":" */
    0x1b, 0xfd, 0x30, 0x9f, 0xff, 0xe0, 0xcf, 0xff,
    0xf1, 0x8f, 0xff, 0xe0, 0x9, 0xec, 0x20, 0x0,
    0x0, 0x0, 0x0, 0x0, 0x0, 0x0, 0x0, 0x0,
    0x0, 0x0, 0x0, 0x0, 0x0, 0x0, 0x0, 0x0,
    0x0, 0x9, 0xeb, 0x30, 0x9f, 0xff, 0xe0, 0xcf,
    0xff, 0xf1, 0x9f, 0xff, 0xe0, 0x1b, 0xfd, 0x30,

    /* U+003B ";" */
    0x1b, 0xfd, 0x30, 0x9f, 0xff, 0xe0, 0xcf, 0xff,
    0xf1, 0x8f, 0xff, 0xe0, 0x9, 0xec, 0x20, 0x0,
    0x0, 0x0, 0x0, 0x0, 0x0, 0x0, 0x0, 0x0,
    0x0, 0x0, 0x0, 0x0, 0x0, 0x0, 0x0, 0x0,
    0x0, 0x8, 0xca, 0x20, 0x7f, 0xff, 0xd0, 0xbf,
    0xff, 0xf1, 0x9f, 0xff, 0xf0, 0x1c, 0xff, 0xb0,
    0x7, 0xff, 0x50, 0xc, 0xff, 0x0, 0xf, 0xfa,
    0x0, 0x4f, 0xf4, 0x0, 0x38, 0x70, 0x0,

    /* U+003C "<" */
    0x0, 0x0, 0x0, 0x0, 0x0, 0x0, 0x0, 0x10,
    0x0, 0x0, 0x0, 0x0, 0x0, 0x6, 0xcc, 0x0,
    0x0, 0x0, 0x0, 0x3, 0xaf, 0xff, 0xc0, 0x0,
    0x0, 0x1, 0x7d, 0xff, 0xff, 0xfb, 0x0, 0x0,
    0x5b, 0xff, 0xff, 0xff, 0xa4, 0x0, 0x29, 0xef,
    0xff, 0xff, 0xc6, 0x0, 0x0, 0xf, 0xff, 0xff,
    0xd8, 0x20, 0x0, 0x0, 0x0, 0xff, 0xfe, 0x40,
    0x0, 0x0, 0x0, 0x0, 0xf, 0xff, 0xff, 0x93,
    0x0, 0x0, 0x0, 0x0, 0x7d, 0xff, 0xff, 0xfd,
    0x82, 0x0, 0x0, 0x0, 0x3, 0x9f, 0xff, 0xff,
    0xfc, 0x60, 0x0, 0x0, 0x0, 0x5, 0xbf, 0xff,
    0xff, 0xf8, 0x0, 0x0, 0x0, 0x0, 0x28, 0xef,
    0xff, 0xc0, 0x0, 0x0, 0x0, 0x0, 0x0, 0x4a,
    0xfc, 0x0, 0x0, 0x0, 0x0, 0x0, 0x0, 0x1,
    0x40,

    /* U+003D "=" */
    0xf, 0xff, 0xff, 0xff, 0xff, 0xff, 0xff, 0xc0,
    0xff, 0xff, 0xff, 0xff, 0xff, 0xff, 0xfc, 0xf,
    0xff, 0xff, 0xff, 0xff, 0xff, 0xff, 0xc0, 0x0,
    0x0, 0x0, 0x0, 0x0, 0x0, 0x0, 0x0, 0x0,
    0x0, 0x0, 0x0, 0x0, 0x0, 0x0, 0x0, 0x0,
    0x0, 0x0, 0x0, 0x0, 0x0, 0x0, 0x0, 0x0,
    0x0, 0x0, 0x0, 0x0, 0x0, 0xff, 0xff, 0xff,
    0xff, 0xff, 0xff, 0xfc, 0xf, 0xff, 0xff, 0xff,
    0xff, 0xff, 0xff, 0xc0, 0xff, 0xff, 0xff, 0xff,
    0xff, 0xff, 0xfc,

    /* U+003E ">" */
    0x1, 0x0, 0x0, 0x0, 0x0, 0x0, 0x0, 0x0,
    0xfa, 0x40, 0x0, 0x0, 0x0, 0x0, 0x0, 0xf,
    0xff, 0xe8, 0x20, 0x0, 0x0, 0x0, 0x0, 0xff,
    0xff, 0xff, 0xc5, 0x0, 0x0, 0x0, 0x0, 0x6c,
    0xff, 0xff, 0xff, 0x93, 0x0, 0x0, 0x0, 0x2,
    0x7d, 0xff, 0xff, 0xfd, 0x71, 0x0, 0x0, 0x0,
    0x3, 0x9f, 0xff, 0xff, 0xc0, 0x0, 0x0, 0x0,
    0x0, 0x6, 0xff, 0xfc, 0x0, 0x0, 0x0, 0x0,
    0x5b, 0xff, 0xff, 0xc0, 0x0, 0x0, 0x39, 0xff,
    0xff, 0xff, 0xb4, 0x0, 0x27, 0xdf, 0xff, 0xff,
    0xd7, 0x10, 0x0, 0xcf, 0xff, 0xff, 0xfa, 0x40,
    0x0, 0x0, 0xf, 0xff, 0xfc, 0x61, 0x0, 0x0,
    0x0, 0x0, 0xfe, 0x82, 0x0, 0x0, 0x0, 0x0,
    0x0, 0x5, 0x0, 0x0, 0x0, 0x0, 0x0, 0x0,
    0x0,

    /* U+003F "?" */
    0x0, 0x1, 0x7b, 0xef, 0xfe, 0xc8, 0x30, 0x0,
    0x0, 0x8f, 0xff, 0xff, 0xff, 0xff, 0xfa, 0x0,
    0x1c, 0xff, 0xff, 0xff, 0xff, 0xff, 0xff, 0xa0,
    0x9f, 0xff, 0xf9, 0x53, 0x36, 0xdf, 0xff, 0xf4,
    0x7, 0xfd, 0x20, 0x0, 0x0, 0xc, 0xff, 0xf8,
    0x0, 0x21, 0x0, 0x0, 0x0, 0x6, 0xff, 0xf9,
    0x0, 0x0, 0x0, 0x0, 0x0, 0x6, 0xff, 0xf7,
    0x0, 0x0, 0x0, 0x0, 0x0, 0xd, 0xff, 0xf2,
    0x0, 0x0, 0x0, 0x0, 0x0, 0xbf, 0xff, 0x90,
    0x0, 0x0, 0x0, 0x0, 0x1d, 0xff, 0xfa, 0x0,
    0x0, 0x0, 0x0, 0x1, 0xdf, 0xff, 0x90, 0x0,
    0x0, 0x0, 0x0, 0xa, 0xff, 0xf8, 0x0, 0x0,
    0x0, 0x0, 0x0, 0x2f, 0xff, 0xd0, 0x0, 0x0,
    0x0, 0x0, 0x0, 0x4f, 0xff, 0x70, 0x0, 0x0,
    0x0, 0x0, 0x0, 0x0, 0x0, 0x0, 0x0, 0x0,
    0x0, 0x0, 0x0, 0x0, 0x0, 0x0, 0x0, 0x0,
    0x0, 0x0, 0x0, 0x5, 0x96, 0x0, 0x0, 0x0,
    0x0, 0x0, 0x0, 0x7f, 0xff, 0x90, 0x0, 0x0,
    0x0, 0x0, 0x0, 0xcf, 0xff, 0xe0, 0x0, 0x0,
    0x0, 0x0, 0x0, 0xaf, 0xff, 0xc0, 0x0, 0x0,
    0x0, 0x0, 0x0, 0x1b, 0xfc, 0x20, 0x0, 0x0,

    /* U+0040 "@" */
    0x0, 0x0, 0x0, 0x0, 0x3, 0x8b, 0xdf, 0xff,
    0xec, 0x94, 0x0, 0x0, 0x0, 0x0, 0x0, 0x0,
    0x0, 0x0, 0x6d, 0xff, 0xff, 0xff, 0xff, 0xff,
    0xfe, 0x81, 0x0, 0x0, 0x0, 0x0, 0x0, 0x3,
    0xdf, 0xff, 0xfc, 0x97, 0x67, 0x8b, 0xef, 0xff,
    0xf6, 0x0, 0x0, 0x0, 0x0, 0x6, 0xff, 0xfe,
    0x61, 0x0, 0x0, 0x0, 0x0, 0x4a, 0xff, 0xf9,
    0x0, 0x0, 0x0, 0x6, 0xff, 0xf8, 0x0, 0x0,
    0x0, 0x0, 0x0, 0x0, 0x3, 0xdf, 0xf9, 0x0,
    0x0, 0x3, 0xff, 0xf5, 0x0, 0x0, 0x0, 0x0,
    0x0, 0x0, 0x0, 0x1, 0xcf, 0xf6, 0x0, 0x0,
    0xdf, 0xf6, 0x0, 0x0, 0x5, 0x9a, 0xa7, 0x20,
    0x2b, 0xbb, 0x11, 0xdf, 0xf1, 0x0, 0x6f, 0xfb,
    0x0, 0x0, 0x6e, 0xff, 0xff, 0xff, 0xa4, 0xff,
    0xf1, 0x3, 0xff, 0x90, 0xd, 0xff, 0x20, 0x0,
    0x8f, 0xff, 0xff, 0xff, 0xff, 0xef, 0xff, 0x10,
    0xb, 0xff, 0x2, 0xff, 0xb0, 0x0, 0x4f, 0xff,
    0xe5, 0x10, 0x27, 0xff, 0xff, 0xf1, 0x0, 0x5f,
    0xf5, 0x6f, 0xf7, 0x0, 0xc, 0xff, 0xe1, 0x0,
    0x0, 0x3, 0xff, 0xff, 0x10, 0x1, 0xff, 0x89,
    0xff, 0x30, 0x2, 0xff, 0xf5, 0x0, 0x0, 0x0,
    0x9, 0xff, 0xf1, 0x0, 0xe, 0xfa, 0xaf, 0xf2,
    0x0, 0x5f, 0xff, 0x10, 0x0, 0x0, 0x0, 0x4f,
    0xff, 0x10, 0x0, 0xdf, 0xba, 0xff, 0x10, 0x6,
    0xff, 0xf0, 0x0, 0x0, 0x0, 0x3, 0xff, 0xf1,
    0x0, 0xd, 0xfb, 0xaf, 0xf2, 0x0, 0x6f, 0xff,
    0x0, 0x0, 0x0, 0x0, 0x4f, 0xff, 0x10, 0x0,
    0xef, 0xa8, 0xff, 0x30, 0x3, 0xff, 0xf4, 0x0,
    0x0, 0x0, 0x8, 0xff, 0xf1, 0x0, 0xf, 0xf8,
    0x6f, 0xf7, 0x0, 0xe, 0xff, 0xc0, 0x0, 0x0,
    0x1, 0xef, 0xff, 0x10, 0x5, 0xff, 0x42, 0xff,
    0xb0, 0x0, 0x7f, 0xff, 0xb2, 0x0, 0x3, 0xdf,
    0xff, 0xf6, 0x1, 0xdf, 0xe0, 0xc, 0xff, 0x20,
    0x0, 0xbf, 0xff, 0xfd, 0xce, 0xff, 0xfe, 0xff,
    0xfc, 0xef, 0xf6, 0x0, 0x5f, 0xfa, 0x0, 0x0,
    0xaf, 0xff, 0xff, 0xff, 0xf4, 0x5f, 0xff, 0xff,
    0xf9, 0x0, 0x0, 0xdf, 0xf6, 0x0, 0x0, 0x4a,
    0xef, 0xfd, 0x81, 0x0, 0x4c, 0xff, 0xc5, 0x0,
    0x0, 0x3, 0xff, 0xf5, 0x0, 0x0, 0x0, 0x0,
    0x0, 0x0, 0x0, 0x0, 0x0, 0x0, 0x0, 0x0,
    0x5, 0xff, 0xf8, 0x0, 0x0, 0x0, 0x0, 0x0,
    0x0, 0x0, 0x0, 0x0, 0x0, 0x0, 0x0, 0x6,
    0xff, 0xfe, 0x61, 0x0, 0x0, 0x0, 0x1, 0x66,
    0x0, 0x0, 0x0, 0x0, 0x0, 0x0, 0x3, 0xdf,
    0xff, 0xfc, 0x98, 0x78, 0x9c, 0xff, 0xc0, 0x0,
    0x0, 0x0, 0x0, 0x0, 0x0, 0x0, 0x6d, 0xff,
    0xff, 0xff, 0xff, 0xff, 0xfe, 0x0, 0x0, 0x0,
    0x0, 0x0, 0x0, 0x0, 0x0, 0x3, 0x8b, 0xef,
    0xff, 0xeb, 0x84, 0x0, 0x0, 0x0, 0x0, 0x0,

    /* U+0041 "A" */
    0x0, 0x0, 0x0, 0x0, 0x0, 0xef, 0xff, 0x50,
    0x0, 0x0, 0x0, 0x0, 0x0, 0x0, 0x0, 0x0,
    0x6, 0xff, 0xff, 0xd0, 0x0, 0x0, 0x0, 0x0,
    0x0, 0x0, 0x0, 0x0, 0xd, 0xff, 0xff, 0xf4,
    0x0, 0x0, 0x0, 0x0, 0x0, 0x0, 0x0, 0x0,
    0x4f, 0xff, 0xff, 0xfb, 0x0, 0x0, 0x0, 0x0,
    0x0, 0x0, 0x0, 0x0, 0xbf, 0xfe, 0x9f, 0xff,
    0x20, 0x0, 0x0, 0x0, 0x0, 0x0, 0x0, 0x2,
    0xff, 0xf8, 0x2f, 0xff, 0xa0, 0x0, 0x0, 0x0,
    0x0, 0x0, 0x0, 0xa, 0xff, 0xf1, 0xb, 0xff,
    0xf1, 0x0, 0x0, 0x0, 0x0, 0x0, 0x0, 0x1f,
    0xff, 0xa0, 0x4, 0xff, 0xf8, 0x0, 0x0, 0x0,
    0x0, 0x0, 0x0, 0x8f, 0xff, 0x30, 0x0, 0xdf,
    0xfe, 0x0, 0x0, 0x0, 0x0, 0x0, 0x0, 0xef,
    0xfc, 0x0, 0x0, 0x6f, 0xff, 0x60, 0x0, 0x0,
    0x0, 0x0, 0x6, 0xff, 0xf5, 0x0, 0x0, 0xe,
    0xff, 0xd0, 0x0, 0x0, 0x0, 0x0, 0xd, 0xff,
    0xe0, 0x0, 0x0, 0x8, 0xff, 0xf5, 0x0, 0x0,
    0x0, 0x0, 0x5f, 0xff, 0x80, 0x0, 0x0, 0x1,
    0xff, 0xfc, 0x0, 0x0, 0x0, 0x0, 0xcf, 0xff,
    0xff, 0xff, 0xff, 0xff, 0xff, 0xff, 0x30, 0x0,
    0x0, 0x3, 0xff, 0xff, 0xff, 0xff, 0xff, 0xff,
    0xff, 0xff, 0xb0, 0x0, 0x0, 0xa, 0xff, 0xff,
    0xff, 0xff, 0xff, 0xff, 0xff, 0xff, 0xf2, 0x0,
    0x0, 0x2f, 0xff, 0xc0, 0x0, 0x0, 0x0, 0x0,
    0x6, 0xff, 0xf9, 0x0, 0x0, 0x9f, 0xff, 0x50,
    0x0, 0x0, 0x0, 0x0, 0x0, 0xef, 0xff, 0x10,
    0x1, 0xff, 0xfe, 0x0, 0x0, 0x0, 0x0, 0x0,
    0x0, 0x8f, 0xff, 0x70, 0x7, 0xff, 0xf8, 0x0,
    0x0, 0x0, 0x0, 0x0, 0x0, 0x1f, 0xff, 0xe0,
    0xe, 0xff, 0xf1, 0x0, 0x0, 0x0, 0x0, 0x0,
    0x0, 0xa, 0xff, 0xf6,

    /* U+0042 "B" */
    0x3f, 0xff, 0xff, 0xff, 0xff, 0xff, 0xeb, 0x71,
    0x0, 0x0, 0x3f, 0xff, 0xff, 0xff, 0xff, 0xff,
    0xff, 0xff, 0x60, 0x0, 0x3f, 0xff, 0xff, 0xff,
    0xff, 0xff, 0xff, 0xff, 0xf6, 0x0, 0x3f, 0xff,
    0xb0, 0x0, 0x0, 0x1, 0x5d, 0xff, 0xfe, 0x0,
    0x3f, 0xff, 0xb0, 0x0, 0x0, 0x0, 0x0, 0xef,
    0xff, 0x40, 0x3f, 0xff, 0xb0, 0x0, 0x0, 0x0,
    0x0, 0x9f, 0xff, 0x60, 0x3f, 0xff, 0xb0, 0x0,
    0x0, 0x0, 0x0, 0x9f, 0xff, 0x50, 0x3f, 0xff,
    0xb0, 0x0, 0x0, 0x0, 0x0, 0xef, 0xff, 0x10,
    0x3f, 0xff, 0xb0, 0x0, 0x0, 0x1, 0x5d, 0xff,
    0xfa, 0x0, 0x3f, 0xff, 0xff, 0xff, 0xff, 0xff,
    0xff, 0xff, 0xc1, 0x0, 0x3f, 0xff, 0xff, 0xff,
    0xff, 0xff, 0xff, 0xff, 0x40, 0x0, 0x3f, 0xff,
    0xff, 0xff, 0xff, 0xff, 0xff, 0xff, 0xfa, 0x0,
    0x3f, 0xff, 0xb0, 0x0, 0x0, 0x0, 0x15, 0xcf,
    0xff, 0x90, 0x3f, 0xff, 0xb0, 0x0, 0x0, 0x0,
    0x0, 0xd, 0xff, 0xf2, 0x3f, 0xff, 0xb0, 0x0,
    0x0, 0x0, 0x0, 0x8, 0xff, 0xf6, 0x3f, 0xff,
    0xb0, 0x0, 0x0, 0x0, 0x0, 0x8, 0xff, 0xf7,
    0x3f, 0xff, 0xb0, 0x0, 0x0, 0x0, 0x0, 0xd,
    0xff, 0xf6, 0x3f, 0xff, 0xb0, 0x0, 0x0, 0x0,
    0x15, 0xcf, 0xff, 0xf1, 0x3f, 0xff, 0xff, 0xff,
    0xff, 0xff, 0xff, 0xff, 0xff, 0x70, 0x3f, 0xff,
    0xff, 0xff, 0xff, 0xff, 0xff, 0xff, 0xf7, 0x0,
    0x3f, 0xff, 0xff, 0xff, 0xff, 0xff, 0xfd, 0xb7,
    0x10, 0x0,

    /* U+0043 "C" */
    0x0, 0x0, 0x0, 0x5, 0xad, 0xff, 0xfd, 0xa6,
    0x10, 0x0, 0x0, 0x0, 0x7, 0xef, 0xff, 0xff,
    0xff, 0xff, 0xf8, 0x0, 0x0, 0x1, 0xcf, 0xff,
    0xff, 0xff, 0xff, 0xff, 0xff, 0xc1, 0x0, 0x1e,
    0xff, 0xff, 0xfa, 0x76, 0x69, 0xdf, 0xff, 0xf9,
    0x0, 0xcf, 0xff, 0xf8, 0x0, 0x0, 0x0, 0x5,
    0xef, 0xb0, 0x6, 0xff, 0xff, 0x40, 0x0, 0x0,
    0x0, 0x0, 0x18, 0x0, 0xe, 0xff, 0xf6, 0x0,
    0x0, 0x0, 0x0, 0x0, 0x0, 0x0, 0x4f, 0xff,
    0xd0, 0x0, 0x0, 0x0, 0x0, 0x0, 0x0, 0x0,
    0x7f, 0xff, 0x80, 0x0, 0x0, 0x0, 0x0, 0x0,
    0x0, 0x0, 0xaf, 0xff, 0x50, 0x0, 0x0, 0x0,
    0x0, 0x0, 0x0, 0x0, 0xaf, 0xff, 0x40, 0x0,
    0x0, 0x0, 0x0, 0x0, 0x0, 0x0, 0xaf, 0xff,
    0x50, 0x0, 0x0, 0x0, 0x0, 0x0, 0x0, 0x0,
    0x7f, 0xff, 0x80, 0x0, 0x0, 0x0, 0x0, 0x0,
    0x0, 0x0, 0x4f, 0xff, 0xd0, 0x0, 0x0, 0x0,
    0x0, 0x0, 0x0, 0x0, 0xe, 0xff, 0xf7, 0x0,
    0x0, 0x0, 0x0, 0x0, 0x0, 0x0, 0x6, 0xff,
    0xff, 0x40, 0x0, 0x0, 0x0, 0x0, 0x18, 0x0,
    0x0, 0xcf, 0xff, 0xf8, 0x0, 0x0, 0x0, 0x5,
    0xef, 0xb0, 0x0, 0x1e, 0xff, 0xff, 0xfa, 0x76,
    0x69, 0xdf, 0xff, 0xf9, 0x0, 0x1, 0xcf, 0xff,
    0xff, 0xff, 0xff, 0xff, 0xff, 0xc1, 0x0, 0x0,
    0x7, 0xef, 0xff, 0xff, 0xff, 0xff, 0xf7, 0x0,
    0x0, 0x0, 0x0, 0x5, 0xad, 0xff, 0xfd, 0xa6,
    0x0, 0x0,

    /* U+0044 "D" */
    0x3f, 0xff, 0xff, 0xff, 0xff, 0xfe, 0xc9, 0x40,
    0x0, 0x0, 0x0, 0x3f, 0xff, 0xff, 0xff, 0xff,
    0xff, 0xff, 0xfe, 0x60, 0x0, 0x0, 0x3f, 0xff,
    0xff, 0xff, 0xff, 0xff, 0xff, 0xff, 0xfb, 0x10,
    0x0, 0x3f, 0xff, 0xc4, 0x44, 0x44, 0x46, 0x9e,
    0xff, 0xff, 0xd1, 0x0, 0x3f, 0xff, 0xb0, 0x0,
    0x0, 0x0, 0x0, 0x8f, 0xff, 0xfb, 0x0, 0x3f,
    0xff, 0xb0, 0x0, 0x0, 0x0, 0x0, 0x5, 0xff,
    0xff, 0x40, 0x3f, 0xff, 0xb0, 0x0, 0x0, 0x0,
    0x0, 0x0, 0x8f, 0xff, 0xc0, 0x3f, 0xff, 0xb0,
    0x0, 0x0, 0x0, 0x0, 0x0, 0x1f, 0xff, 0xf1,
    0x3f, 0xff, 0xb0, 0x0, 0x0, 0x0, 0x0, 0x0,
    0xb, 0xff, 0xf4, 0x3f, 0xff, 0xb0, 0x0, 0x0,
    0x0, 0x0, 0x0, 0x8, 0xff, 0xf6, 0x3f, 0xff,
    0xb0, 0x0, 0x0, 0x0, 0x0, 0x0, 0x7, 0xff,
    0xf7, 0x3f, 0xff, 0xb0, 0x0, 0x0, 0x0, 0x0,
    0x0, 0x8, 0xff, 0xf6, 0x3f, 0xff, 0xb0, 0x0,
    0x0, 0x0, 0x0, 0x0, 0xb, 0xff, 0xf4, 0x3f,
    0xff, 0xb0, 0x0, 0x0, 0x0, 0x0, 0x0, 0x1f,
    0xff, 0xf1, 0x3f, 0xff, 0xb0, 0x0, 0x0, 0x0,
    0x0, 0x0, 0x8f, 0xff, 0xb0, 0x3f, 0xff, 0xb0,
    0x0, 0x0, 0x0, 0x0, 0x5, 0xff, 0xff, 0x40,
    0x3f, 0xff, 0xb0, 0x0, 0x0, 0x0, 0x0, 0x8f,
    0xff, 0xfa, 0x0, 0x3f, 0xff, 0xc4, 0x44, 0x44,
    0x46, 0xaf, 0xff, 0xff, 0xd1, 0x0, 0x3f, 0xff,
    0xff, 0xff, 0xff, 0xff, 0xff, 0xff, 0xfb, 0x10,
    0x0, 0x3f, 0xff, 0xff, 0xff, 0xff, 0xff, 0xff,
    0xfe, 0x60, 0x0, 0x0, 0x3f, 0xff, 0xff, 0xff,
    0xff, 0xfe, 0xc9, 0x40, 0x0, 0x0, 0x0,

    /* U+0045 "E" */
    0x3f, 0xff, 0xff, 0xff, 0xff, 0xff, 0xff, 0xff,
    0x23, 0xff, 0xff, 0xff, 0xff, 0xff, 0xff, 0xff,
    0xf2, 0x3f, 0xff, 0xff, 0xff, 0xff, 0xff, 0xff,
    0xff, 0x23, 0xff, 0xfc, 0x33, 0x33, 0x33, 0x33,
    0x33, 0x30, 0x3f, 0xff, 0xb0, 0x0, 0x0, 0x0,
    0x0, 0x0, 0x3, 0xff, 0xfb, 0x0, 0x0, 0x0,
    0x0, 0x0, 0x0, 0x3f, 0xff, 0xb0, 0x0, 0x0,
    0x0, 0x0, 0x0, 0x3, 0xff, 0xfb, 0x0, 0x0,
    0x0, 0x0, 0x0, 0x0, 0x3f, 0xff, 0xc2, 0x22,
    0x22, 0x22, 0x22, 0x20, 0x3, 0xff, 0xff, 0xff,
    0xff, 0xff, 0xff, 0xfd, 0x0, 0x3f, 0xff, 0xff,
    0xff, 0xff, 0xff, 0xff, 0xd0, 0x3, 0xff, 0xff,
    0xff, 0xff, 0xff, 0xff, 0xfd, 0x0, 0x3f, 0xff,
    0xb0, 0x0, 0x0, 0x0, 0x0, 0x0, 0x3, 0xff,
    0xfb, 0x0, 0x0, 0x0, 0x0, 0x0, 0x0, 0x3f,
    0xff, 0xb0, 0x0, 0x0, 0x0, 0x0, 0x0, 0x3,
    0xff, 0xfb, 0x0, 0x0, 0x0, 0x0, 0x0, 0x0,
    0x3f, 0xff, 0xb0, 0x0, 0x0, 0x0, 0x0, 0x0,
    0x3, 0xff, 0xfc, 0x33, 0x33, 0x33, 0x33, 0x33,
    0x32, 0x3f, 0xff, 0xff, 0xff, 0xff, 0xff, 0xff,
    0xff, 0x93, 0xff, 0xff, 0xff, 0xff, 0xff, 0xff,
    0xff, 0xf9, 0x3f, 0xff, 0xff, 0xff, 0xff, 0xff,
    0xff, 0xff, 0x90,

    /* U+0046 "F" */
    0x3f, 0xff, 0xff, 0xff, 0xff, 0xff, 0xff, 0xff,
    0x23, 0xff, 0xff, 0xff, 0xff, 0xff, 0xff, 0xff,
    0xf2, 0x3f, 0xff, 0xff, 0xff, 0xff, 0xff, 0xff,
    0xff, 0x23, 0xff, 0xfc, 0x33, 0x33, 0x33, 0x33,
    0x33, 0x30, 0x3f, 0xff, 0xb0, 0x0, 0x0, 0x0,
    0x0, 0x0, 0x3, 0xff, 0xfb, 0x0, 0x0, 0x0,
    0x0, 0x0, 0x0, 0x3f, 0xff, 0xb0, 0x0, 0x0,
    0x0, 0x0, 0x0, 0x3, 0xff, 0xfb, 0x0, 0x0,
    0x0, 0x0, 0x0, 0x0, 0x3f, 0xff, 0xb0, 0x0,
    0x0, 0x0, 0x0, 0x0, 0x3, 0xff, 0xfc, 0x44,
    0x44, 0x44, 0x44, 0x43, 0x0, 0x3f, 0xff, 0xff,
    0xff, 0xff, 0xff, 0xff, 0xd0, 0x3, 0xff, 0xff,
    0xff, 0xff, 0xff, 0xff, 0xfd, 0x0, 0x3f, 0xff,
    0xff, 0xff, 0xff, 0xff, 0xff, 0xd0, 0x3, 0xff,
    0xfb, 0x0, 0x0, 0x0, 0x0, 0x0, 0x0, 0x3f,
    0xff, 0xb0, 0x0, 0x0, 0x0, 0x0, 0x0, 0x3,
    0xff, 0xfb, 0x0, 0x0, 0x0, 0x0, 0x0, 0x0,
    0x3f, 0xff, 0xb0, 0x0, 0x0, 0x0, 0x0, 0x0,
    0x3, 0xff, 0xfb, 0x0, 0x0, 0x0, 0x0, 0x0,
    0x0, 0x3f, 0xff, 0xb0, 0x0, 0x0, 0x0, 0x0,
    0x0, 0x3, 0xff, 0xfb, 0x0, 0x0, 0x0, 0x0,
    0x0, 0x0, 0x3f, 0xff, 0xb0, 0x0, 0x0, 0x0,
    0x0, 0x0, 0x0,

    /* U+0047 "G" */
    0x0, 0x0, 0x0, 0x5, 0xad, 0xff, 0xfe, 0xb7,
    0x20, 0x0, 0x0, 0x0, 0x0, 0x7e, 0xff, 0xff,
    0xff, 0xff, 0xff, 0xa1, 0x0, 0x0, 0x1, 0xcf,
    0xff, 0xff, 0xff, 0xff, 0xff, 0xff, 0xe4, 0x0,
    0x1, 0xef, 0xff, 0xff, 0xb7, 0x66, 0x8c, 0xff,
    0xff, 0xd0, 0x0, 0xcf, 0xff, 0xf8, 0x10, 0x0,
    0x0, 0x2, 0xbf, 0xd1, 0x0, 0x6f, 0xff, 0xf4,
    0x0, 0x0, 0x0, 0x0, 0x0, 0x71, 0x0, 0xe,
    0xff, 0xf7, 0x0, 0x0, 0x0, 0x0, 0x0, 0x0,
    0x0, 0x4, 0xff, 0xfd, 0x0, 0x0, 0x0, 0x0,
    0x0, 0x0, 0x0, 0x0, 0x7f, 0xff, 0x80, 0x0,
    0x0, 0x0, 0x0, 0x0, 0x0, 0x0, 0xa, 0xff,
    0xf5, 0x0, 0x0, 0x0, 0x0, 0x0, 0x0, 0x0,
    0x0, 0xaf, 0xff, 0x40, 0x0, 0x0, 0x0, 0x0,
    0x0, 0x9b, 0xb9, 0xa, 0xff, 0xf5, 0x0, 0x0,
    0x0, 0x0, 0x0, 0xd, 0xff, 0xd0, 0x7f, 0xff,
    0x80, 0x0, 0x0, 0x0, 0x0, 0x0, 0xdf, 0xfd,
    0x4, 0xff, 0xfd, 0x0, 0x0, 0x0, 0x0, 0x0,
    0xd, 0xff, 0xd0, 0xe, 0xff, 0xf7, 0x0, 0x0,
    0x0, 0x0, 0x0, 0xdf, 0xfd, 0x0, 0x6f, 0xff,
    0xf4, 0x0, 0x0, 0x0, 0x0, 0xd, 0xff, 0xd0,
    0x0, 0xcf, 0xff, 0xf8, 0x0, 0x0, 0x0, 0x2,
    0xef, 0xfd, 0x0, 0x1, 0xef, 0xff, 0xff, 0xa7,
    0x66, 0x8c, 0xff, 0xff, 0xd0, 0x0, 0x1, 0xcf,
    0xff, 0xff, 0xff, 0xff, 0xff, 0xff, 0xf9, 0x0,
    0x0, 0x0, 0x7e, 0xff, 0xff, 0xff, 0xff, 0xff,
    0xc4, 0x0, 0x0, 0x0, 0x0, 0x5, 0xad, 0xff,
    0xfe, 0xb7, 0x20, 0x0, 0x0,

    /* U+0048 "H" */
    0x3f, 0xff, 0xb0, 0x0, 0x0, 0x0, 0x0, 0x6,
    0xff, 0xf7, 0x3f, 0xff, 0xb0, 0x0, 0x0, 0x0,
    0x0, 0x6, 0xff, 0xf7, 0x3f, 0xff, 0xb0, 0x0,
    0x0, 0x0, 0x0, 0x6, 0xff, 0xf7, 0x3f, 0xff,
    0xb0, 0x0, 0x0, 0x0, 0x0, 0x6, 0xff, 0xf7,
    0x3f, 0xff, 0xb0, 0x0, 0x0, 0x0, 0x0, 0x6,
    0xff, 0xf7, 0x3f, 0xff, 0xb0, 0x0, 0x0, 0x0,
    0x0, 0x6, 0xff, 0xf7, 0x3f, 0xff, 0xb0, 0x0,
    0x0, 0x0, 0x0, 0x6, 0xff, 0xf7, 0x3f, 0xff,
    0xb0, 0x0, 0x0, 0x0, 0x0, 0x6, 0xff, 0xf7,
    0x3f, 0xff, 0xc4, 0x44, 0x44, 0x44, 0x44, 0x49,
    0xff, 0xf7, 0x3f, 0xff, 0xff, 0xff, 0xff, 0xff,
    0xff, 0xff, 0xff, 0xf7, 0x3f, 0xff, 0xff, 0xff,
    0xff, 0xff, 0xff, 0xff, 0xff, 0xf7, 0x3f, 0xff,
    0xff, 0xff, 0xff, 0xff, 0xff, 0xff, 0xff, 0xf7,
    0x3f, 0xff, 0xb0, 0x0, 0x0, 0x0, 0x0, 0x6,
    0xff, 0xf7, 0x3f, 0xff, 0xb0, 0x0, 0x0, 0x0,
    0x0, 0x6, 0xff, 0xf7, 0x3f, 0xff, 0xb0, 0x0,
    0x0, 0x0, 0x0, 0x6, 0xff, 0xf7, 0x3f, 0xff,
    0xb0, 0x0, 0x0, 0x0, 0x0, 0x6, 0xff, 0xf7,
    0x3f, 0xff, 0xb0, 0x0, 0x0, 0x0, 0x0, 0x6,
    0xff, 0xf7, 0x3f, 0xff, 0xb0, 0x0, 0x0, 0x0,
    0x0, 0x6, 0xff, 0xf7, 0x3f, 0xff, 0xb0, 0x0,
    0x0, 0x0, 0x0, 0x6, 0xff, 0xf7, 0x3f, 0xff,
    0xb0, 0x0, 0x0, 0x0, 0x0, 0x6, 0xff, 0xf7,
    0x3f, 0xff, 0xb0, 0x0, 0x0, 0x0, 0x0, 0x6,
    0xff, 0xf7,

    /* U+0049 "I" */
    0x3f, 0xff, 0xb3, 0xff, 0xfb, 0x3f, 0xff, 0xb3,
    0xff, 0xfb, 0x3f, 0xff, 0xb3, 0xff, 0xfb, 0x3f,
    0xff, 0xb3, 0xff, 0xfb, 0x3f, 0xff, 0xb3, 0xff,
    0xfb, 0x3f, 0xff, 0xb3, 0xff, 0xfb, 0x3f, 0xff,
    0xb3, 0xff, 0xfb, 0x3f, 0xff, 0xb3, 0xff, 0xfb,
    0x3f, 0xff, 0xb3, 0xff, 0xfb, 0x3f, 0xff, 0xb3,
    0xff, 0xfb, 0x3f, 0xff, 0xb0,

    /* U+004A "J" */
    0x0, 0x3f, 0xff, 0xff, 0xff, 0xff, 0xff, 0x20,
    0x3, 0xff, 0xff, 0xff, 0xff, 0xff, 0xf2, 0x0,
    0x3f, 0xff, 0xff, 0xff, 0xff, 0xff, 0x20, 0x0,
    0x33, 0x33, 0x33, 0x3c, 0xff, 0xf2, 0x0, 0x0,
    0x0, 0x0, 0x0, 0xbf, 0xff, 0x20, 0x0, 0x0,
    0x0, 0x0, 0xb, 0xff, 0xf2, 0x0, 0x0, 0x0,
    0x0, 0x0, 0xbf, 0xff, 0x20, 0x0, 0x0, 0x0,
    0x0, 0xb, 0xff, 0xf2, 0x0, 0x0, 0x0, 0x0,
    0x0, 0xbf, 0xff, 0x20, 0x0, 0x0, 0x0, 0x0,
    0xb, 0xff, 0xf2, 0x0, 0x0, 0x0, 0x0, 0x0,
    0xbf, 0xff, 0x20, 0x0, 0x0, 0x0, 0x0, 0xb,
    0xff, 0xf2, 0x0, 0x0, 0x0, 0x0, 0x0, 0xbf,
    0xff, 0x20, 0x0, 0x0, 0x0, 0x0, 0xb, 0xff,
    0xf2, 0x0, 0x0, 0x0, 0x0, 0x0, 0xcf, 0xff,
    0x20, 0x4, 0x10, 0x0, 0x0, 0xe, 0xff, 0xf0,
    0x2, 0xfc, 0x10, 0x0, 0x5, 0xff, 0xfd, 0x1,
    0xef, 0xfe, 0x84, 0x59, 0xff, 0xff, 0x70, 0x1d,
    0xff, 0xff, 0xff, 0xff, 0xff, 0xd0, 0x0, 0x1b,
    0xff, 0xff, 0xff, 0xff, 0xd2, 0x0, 0x0, 0x4,
    0xad, 0xff, 0xeb, 0x60, 0x0, 0x0,

    /* U+004B "K" */
    0x3f, 0xff, 0xb0, 0x0, 0x0, 0x0, 0x0, 0x6f,
    0xff, 0xe1, 0x3, 0xff, 0xfb, 0x0, 0x0, 0x0,
    0x0, 0x5f, 0xff, 0xe2, 0x0, 0x3f, 0xff, 0xb0,
    0x0, 0x0, 0x0, 0x5f, 0xff, 0xf3, 0x0, 0x3,
    0xff, 0xfb, 0x0, 0x0, 0x0, 0x4f, 0xff, 0xf3,
    0x0, 0x0, 0x3f, 0xff, 0xb0, 0x0, 0x0, 0x4f,
    0xff, 0xf4, 0x0, 0x0, 0x3, 0xff, 0xfb, 0x0,
    0x0, 0x3f, 0xff, 0xf5, 0x0, 0x0, 0x0, 0x3f,
    0xff, 0xb0, 0x0, 0x3f, 0xff, 0xf5, 0x0, 0x0,
    0x0, 0x3, 0xff, 0xfb, 0x0, 0x3e, 0xff, 0xf6,
    0x0, 0x0, 0x0, 0x0, 0x3f, 0xff, 0xb0, 0x2e,
    0xff, 0xf7, 0x0, 0x0, 0x0, 0x0, 0x3, 0xff,
    0xfb, 0x2e, 0xff, 0xfd, 0x0, 0x0, 0x0, 0x0,
    0x0, 0x3f, 0xff, 0xde, 0xff, 0xff, 0xf8, 0x0,
    0x0, 0x0, 0x0, 0x3, 0xff, 0xff, 0xff, 0xff,
    0xff, 0xf5, 0x0, 0x0, 0x0, 0x0, 0x3f, 0xff,
    0xff, 0xfb, 0xaf, 0xff, 0xf3, 0x0, 0x0, 0x0,
    0x3, 0xff, 0xff, 0xfc, 0x0, 0xcf, 0xff, 0xe1,
    0x0, 0x0, 0x0, 0x3f, 0xff, 0xfc, 0x0, 0x1,
    0xef, 0xff, 0xc0, 0x0, 0x0, 0x3, 0xff, 0xfd,
    0x0, 0x0, 0x3, 0xff, 0xff, 0x90, 0x0, 0x0,
    0x3f, 0xff, 0xb0, 0x0, 0x0, 0x5, 0xff, 0xff,
    0x60, 0x0, 0x3, 0xff, 0xfb, 0x0, 0x0, 0x0,
    0x7, 0xff, 0xff, 0x30, 0x0, 0x3f, 0xff, 0xb0,
    0x0, 0x0, 0x0, 0xa, 0xff, 0xfe, 0x10, 0x3,
    0xff, 0xfb, 0x0, 0x0, 0x0, 0x0, 0xc, 0xff,
    0xfc, 0x0, 0x3f, 0xff, 0xb0, 0x0, 0x0, 0x0,
    0x0, 0x1e, 0xff, 0xf9, 0x0,

    /* U+004C "L" */
    0x3f, 0xff, 0xb0, 0x0, 0x0, 0x0, 0x0, 0x0,
    0x3f, 0xff, 0xb0, 0x0, 0x0, 0x0, 0x0, 0x0,
    0x3f, 0xff, 0xb0, 0x0, 0x0, 0x0, 0x0, 0x0,
    0x3f, 0xff, 0xb0, 0x0, 0x0, 0x0, 0x0, 0x0,
    0x3f, 0xff, 0xb0, 0x0, 0x0, 0x0, 0x0, 0x0,
    0x3f, 0xff, 0xb0, 0x0, 0x0, 0x0, 0x0, 0x0,
    0x3f, 0xff, 0xb0, 0x0, 0x0, 0x0, 0x0, 0x0,
    0x3f, 0xff, 0xb0, 0x0, 0x0, 0x0, 0x0, 0x0,
    0x3f, 0xff, 0xb0, 0x0, 0x0, 0x0, 0x0, 0x0,
    0x3f, 0xff, 0xb0, 0x0, 0x0, 0x0, 0x0, 0x0,
    0x3f, 0xff, 0xb0, 0x0, 0x0, 0x0, 0x0, 0x0,
    0x3f, 0xff, 0xb0, 0x0, 0x0, 0x0, 0x0, 0x0,
    0x3f, 0xff, 0xb0, 0x0, 0x0, 0x0, 0x0, 0x0,
    0x3f, 0xff, 0xb0, 0x0, 0x0, 0x0, 0x0, 0x0,
    0x3f, 0xff, 0xb0, 0x0, 0x0, 0x0, 0x0, 0x0,
    0x3f, 0xff, 0xb0, 0x0, 0x0, 0x0, 0x0, 0x0,
    0x3f, 0xff, 0xb0, 0x0, 0x0, 0x0, 0x0, 0x0,
    0x3f, 0xff, 0xc4, 0x44, 0x44, 0x44, 0x44, 0x43,
    0x3f, 0xff, 0xff, 0xff, 0xff, 0xff, 0xff, 0xfb,
    0x3f, 0xff, 0xff, 0xff, 0xff, 0xff, 0xff, 0xfb,
    0x3f, 0xff, 0xff, 0xff, 0xff, 0xff, 0xff, 0xfb,

    /* U+004D "M" */
    0x3f, 0xff, 0x50, 0x0, 0x0, 0x0, 0x0, 0x0,
    0x0, 0x0, 0xbf, 0xfc, 0x3f, 0xff, 0xe0, 0x0,
    0x0, 0x0, 0x0, 0x0, 0x0, 0x5, 0xff, 0xfc,
    0x3f, 0xff, 0xf8, 0x0, 0x0, 0x0, 0x0, 0x0,
    0x0, 0xd, 0xff, 0xfc, 0x3f, 0xff, 0xff, 0x20,
    0x0, 0x0, 0x0, 0x0, 0x0, 0x7f, 0xff, 0xfc,
    0x3f, 0xff, 0xff, 0xb0, 0x0, 0x0, 0x0, 0x0,
    0x1, 0xff, 0xff, 0xfc, 0x3f, 0xff, 0xff, 0xf4,
    0x0, 0x0, 0x0, 0x0, 0xa, 0xff, 0xff, 0xfc,
    0x3f, 0xff, 0xff, 0xfd, 0x0, 0x0, 0x0, 0x0,
    0x4f, 0xff, 0xff, 0xfc, 0x3f, 0xff, 0xef, 0xff,
    0x70, 0x0, 0x0, 0x0, 0xdf, 0xfe, 0xff, 0xfc,
    0x3f, 0xff, 0x8c, 0xff, 0xf2, 0x0, 0x0, 0x6,
    0xff, 0xf5, 0xef, 0xfc, 0x3f, 0xff, 0x83, 0xff,
    0xfa, 0x0, 0x0, 0x1e, 0xff, 0xb0, 0xef, 0xfc,
    0x3f, 0xff, 0x80, 0x9f, 0xff, 0x40, 0x0, 0x9f,
    0xff, 0x20, 0xef, 0xfc, 0x3f, 0xff, 0x80, 0xe,
    0xff, 0xd0, 0x3, 0xff, 0xf8, 0x0, 0xef, 0xfc,
    0x3f, 0xff, 0x80, 0x5, 0xff, 0xf7, 0xc, 0xff,
    0xd0, 0x0, 0xef, 0xfc, 0x3f, 0xff, 0x80, 0x0,
    0xbf, 0xff, 0x7f, 0xff, 0x40, 0x0, 0xef, 0xfc,
    0x3f, 0xff, 0x80, 0x0, 0x2f, 0xff, 0xff, 0xfb,
    0x0, 0x0, 0xef, 0xfc, 0x3f, 0xff, 0x80, 0x0,
    0x7, 0xff, 0xff, 0xf1, 0x0, 0x0, 0xef, 0xfc,
    0x3f, 0xff, 0x80, 0x0, 0x0, 0xdf, 0xff, 0x70,
    0x0, 0x0, 0xef, 0xfc, 0x3f, 0xff, 0x80, 0x0,
    0x0, 0x4f, 0xfd, 0x0, 0x0, 0x0, 0xef, 0xfc,
    0x3f, 0xff, 0x80, 0x0, 0x0, 0x7, 0xa3, 0x0,
    0x0, 0x0, 0xef, 0xfc, 0x3f, 0xff, 0x80, 0x0,
    0x0, 0x0, 0x0, 0x0, 0x0, 0x0, 0xef, 0xfc,
    0x3f, 0xff, 0x80, 0x0, 0x0, 0x0, 0x0, 0x0,
    0x0, 0x0, 0xef, 0xfc,

    /* U+004E "N" */
    0x3f, 0xff, 0x70, 0x0, 0x0, 0x0, 0x0, 0x6,
    0xff, 0xf7, 0x3f, 0xff, 0xf4, 0x0, 0x0, 0x0,
    0x0, 0x6, 0xff, 0xf7, 0x3f, 0xff, 0xff, 0x20,
    0x0, 0x0, 0x0, 0x6, 0xff, 0xf7, 0x3f, 0xff,
    0xff, 0xd1, 0x0, 0x0, 0x0, 0x6, 0xff, 0xf7,
    0x3f, 0xff, 0xff, 0xfb, 0x0, 0x0, 0x0, 0x6,
    0xff, 0xf7, 0x3f, 0xff, 0xff, 0xff, 0x90, 0x0,
    0x0, 0x6, 0xff, 0xf7, 0x3f, 0xff, 0xff, 0xff,
    0xf6, 0x0, 0x0, 0x6, 0xff, 0xf7, 0x3f, 0xff,
    0xbc, 0xff, 0xff, 0x30, 0x0, 0x6, 0xff, 0xf7,
    0x3f, 0xff, 0xb1, 0xef, 0xff, 0xe1, 0x0, 0x6,
    0xff, 0xf7, 0x3f, 0xff, 0xb0, 0x3f, 0xff, 0xfd,
    0x0, 0x6, 0xff, 0xf7, 0x3f, 0xff, 0xb0, 0x6,
    0xff, 0xff, 0xa0, 0x6, 0xff, 0xf7, 0x3f, 0xff,
    0xb0, 0x0, 0x8f, 0xff, 0xf8, 0x6, 0xff, 0xf7,
    0x3f, 0xff, 0xb0, 0x0, 0xb, 0xff, 0xff, 0x56,
    0xff, 0xf7, 0x3f, 0xff, 0xb0, 0x0, 0x1, 0xdf,
    0xff, 0xf9, 0xff, 0xf7, 0x3f, 0xff, 0xb0, 0x0,
    0x0, 0x2f, 0xff, 0xff, 0xff, 0xf7, 0x3f, 0xff,
    0xb0, 0x0, 0x0, 0x4, 0xff, 0xff, 0xff, 0xf7,
    0x3f, 0xff, 0xb0, 0x0, 0x0, 0x0, 0x7f, 0xff,
    0xff, 0xf7, 0x3f, 0xff, 0xb0, 0x0, 0x0, 0x0,
    0x9, 0xff, 0xff, 0xf7, 0x3f, 0xff, 0xb0, 0x0,
    0x0, 0x0, 0x0, 0xcf, 0xff, 0xf7, 0x3f, 0xff,
    0xb0, 0x0, 0x0, 0x0, 0x0, 0x1e, 0xff, 0xf7,
    0x3f, 0xff, 0xb0, 0x0, 0x0, 0x0, 0x0, 0x3,
    0xff, 0xf7,

    /* U+004F "O" */
    0x0, 0x0, 0x0, 0x5, 0xad, 0xff, 0xfd, 0xb6,
    0x10, 0x0, 0x0, 0x0, 0x0, 0x0, 0x7e, 0xff,
    0xff, 0xff, 0xff, 0xff, 0x91, 0x0, 0x0, 0x0,
    0x1, 0xcf, 0xff, 0xff, 0xff, 0xff, 0xff, 0xff,
    0xe3, 0x0, 0x0, 0x1, 0xdf, 0xff, 0xff, 0xa7,
    0x66, 0x9e, 0xff, 0xff, 0xf4, 0x0, 0x0, 0xcf,
    0xff, 0xf8, 0x0, 0x0, 0x0, 0x5, 0xef, 0xff,
    0xe1, 0x0, 0x6f, 0xff, 0xf4, 0x0, 0x0, 0x0,
    0x0, 0x1, 0xef, 0xff, 0xa0, 0xe, 0xff, 0xf7,
    0x0, 0x0, 0x0, 0x0, 0x0, 0x3, 0xff, 0xff,
    0x24, 0xff, 0xfd, 0x0, 0x0, 0x0, 0x0, 0x0,
    0x0, 0x9, 0xff, 0xf8, 0x7f, 0xff, 0x80, 0x0,
    0x0, 0x0, 0x0, 0x0, 0x0, 0x4f, 0xff, 0xba,
    0xff, 0xf5, 0x0, 0x0, 0x0, 0x0, 0x0, 0x0,
    0x0, 0xff, 0xfe, 0xaf, 0xff, 0x40, 0x0, 0x0,
    0x0, 0x0, 0x0, 0x0, 0xf, 0xff, 0xea, 0xff,
    0xf5, 0x0, 0x0, 0x0, 0x0, 0x0, 0x0, 0x0,
    0xff, 0xfe, 0x7f, 0xff, 0x80, 0x0, 0x0, 0x0,
    0x0, 0x0, 0x0, 0x4f, 0xff, 0xb4, 0xff, 0xfd,
    0x0, 0x0, 0x0, 0x0, 0x0, 0x0, 0x9, 0xff,
    0xf8, 0xe, 0xff, 0xf7, 0x0, 0x0, 0x0, 0x0,
    0x0, 0x3, 0xff, 0xff, 0x20, 0x6f, 0xff, 0xf4,
    0x0, 0x0, 0x0, 0x0, 0x1, 0xef, 0xff, 0xb0,
    0x0, 0xcf, 0xff, 0xf7, 0x0, 0x0, 0x0, 0x5,
    0xef, 0xff, 0xf2, 0x0, 0x1, 0xdf, 0xff, 0xff,
    0xa7, 0x66, 0x9e, 0xff, 0xff, 0xf4, 0x0, 0x0,
    0x1, 0xcf, 0xff, 0xff, 0xff, 0xff, 0xff, 0xff,
    0xe3, 0x0, 0x0, 0x0, 0x0, 0x7e, 0xff, 0xff,
    0xff, 0xff, 0xff, 0x91, 0x0, 0x0, 0x0, 0x0,
    0x0, 0x5, 0xad, 0xff, 0xfe, 0xb6, 0x10, 0x0,
    0x0, 0x0,

    /* U+0050 "P" */
    0x3f, 0xff, 0xff, 0xff, 0xff, 0xfd, 0xa6, 0x0,
    0x0, 0x3, 0xff, 0xff, 0xff, 0xff, 0xff, 0xff,
    0xfe, 0x50, 0x0, 0x3f, 0xff, 0xff, 0xff, 0xff,
    0xff, 0xff, 0xff, 0x70, 0x3, 0xff, 0xfc, 0x44,
    0x44, 0x45, 0x8e, 0xff, 0xff, 0x40, 0x3f, 0xff,
    0xb0, 0x0, 0x0, 0x0, 0xa, 0xff, 0xfd, 0x3,
    0xff, 0xfb, 0x0, 0x0, 0x0, 0x0, 0xe, 0xff,
    0xf2, 0x3f, 0xff, 0xb0, 0x0, 0x0, 0x0, 0x0,
    0xaf, 0xff, 0x53, 0xff, 0xfb, 0x0, 0x0, 0x0,
    0x0, 0x8, 0xff, 0xf6, 0x3f, 0xff, 0xb0, 0x0,
    0x0, 0x0, 0x0, 0xaf, 0xff, 0x53, 0xff, 0xfb,
    0x0, 0x0, 0x0, 0x0, 0xe, 0xff, 0xf2, 0x3f,
    0xff, 0xb0, 0x0, 0x0, 0x0, 0xb, 0xff, 0xfd,
    0x3, 0xff, 0xfc, 0x44, 0x44, 0x45, 0x8e, 0xff,
    0xff, 0x40, 0x3f, 0xff, 0xff, 0xff, 0xff, 0xff,
    0xff, 0xff, 0x80, 0x3, 0xff, 0xff, 0xff, 0xff,
    0xff, 0xff, 0xfe, 0x50, 0x0, 0x3f, 0xff, 0xff,
    0xff, 0xff, 0xfd, 0xa6, 0x0, 0x0, 0x3, 0xff,
    0xfb, 0x0, 0x0, 0x0, 0x0, 0x0, 0x0, 0x0,
    0x3f, 0xff, 0xb0, 0x0, 0x0, 0x0, 0x0, 0x0,
    0x0, 0x3, 0xff, 0xfb, 0x0, 0x0, 0x0, 0x0,
    0x0, 0x0, 0x0, 0x3f, 0xff, 0xb0, 0x0, 0x0,
    0x0, 0x0, 0x0, 0x0, 0x3, 0xff, 0xfb, 0x0,
    0x0, 0x0, 0x0, 0x0, 0x0, 0x0, 0x3f, 0xff,
    0xb0, 0x0, 0x0, 0x0, 0x0, 0x0, 0x0, 0x0,

    /* U+0051 "Q" */
    0x0, 0x0, 0x0, 0x5, 0xad, 0xff, 0xfd, 0xb6,
    0x10, 0x0, 0x0, 0x0, 0x0, 0x0, 0x7, 0xef,
    0xff, 0xff, 0xff, 0xff, 0xf9, 0x10, 0x0, 0x0,
    0x0, 0x1, 0xcf, 0xff, 0xff, 0xff, 0xff, 0xff,
    0xff, 0xe3, 0x0, 0x0, 0x0, 0x1d, 0xff, 0xff,
    0xfa, 0x76, 0x69, 0xef, 0xff, 0xff, 0x40, 0x0,
    0x0, 0xcf, 0xff, 0xf7, 0x0, 0x0, 0x0, 0x5,
    0xef, 0xff, 0xf2, 0x0, 0x6, 0xff, 0xff, 0x40,
    0x0, 0x0, 0x0, 0x0, 0x1e, 0xff, 0xfb, 0x0,
    0xe, 0xff, 0xf7, 0x0, 0x0, 0x0, 0x0, 0x0,
    0x3, 0xff, 0xff, 0x20, 0x4f, 0xff, 0xd0, 0x0,
    0x0, 0x0, 0x0, 0x0, 0x0, 0x9f, 0xff, 0x80,
    0x7f, 0xff, 0x80, 0x0, 0x0, 0x0, 0x0, 0x0,
    0x0, 0x4f, 0xff, 0xb0, 0xaf, 0xff, 0x50, 0x0,
    0x0, 0x0, 0x0, 0x0, 0x0, 0xf, 0xff, 0xe0,
    0xaf, 0xff, 0x40, 0x0, 0x0, 0x0, 0x0, 0x0,
    0x0, 0xf, 0xff, 0xe0, 0xaf, 0xff, 0x50, 0x0,
    0x0, 0x0, 0x0, 0x0, 0x0, 0xf, 0xff, 0xe0,
    0x7f, 0xff, 0x80, 0x0, 0x0, 0x0, 0x0, 0x0,
    0x0, 0x4f, 0xff, 0xb0, 0x4f, 0xff, 0xd0, 0x0,
    0x0, 0x0, 0x0, 0x0, 0x0, 0xaf, 0xff, 0x80,
    0xe, 0xff, 0xf7, 0x0, 0x0, 0x0, 0x0, 0x0,
    0x3, 0xff, 0xff, 0x20, 0x6, 0xff, 0xff, 0x40,
    0x0, 0x0, 0x0, 0x0, 0x1e, 0xff, 0xfb, 0x0,
    0x0, 0xcf, 0xff, 0xf7, 0x0, 0x0, 0x0, 0x5,
    0xef, 0xff, 0xf2, 0x0, 0x0, 0x1d, 0xff, 0xff,
    0xfa, 0x76, 0x69, 0xef, 0xff, 0xff, 0x40, 0x0,
    0x0, 0x1, 0xcf, 0xff, 0xff, 0xff, 0xff, 0xff,
    0xff, 0xe3, 0x0, 0x0, 0x0, 0x0, 0x7, 0xef,
    0xff, 0xff, 0xff, 0xff, 0xf9, 0x10, 0x0, 0x0,
    0x0, 0x0, 0x0, 0x5, 0xad, 0xff, 0xff, 0xfa,
    0x10, 0x0, 0x0, 0x10, 0x0, 0x0, 0x0, 0x0,
    0x0, 0x1d, 0xff, 0xff, 0x81, 0x0, 0x4c, 0xe1,
    0x0, 0x0, 0x0, 0x0, 0x0, 0x1, 0xbf, 0xff,
    0xff, 0xff, 0xff, 0xfb, 0x0, 0x0, 0x0, 0x0,
    0x0, 0x0, 0x7, 0xff, 0xff, 0xff, 0xff, 0xd2,
    0x0, 0x0, 0x0, 0x0, 0x0, 0x0, 0x0, 0x18,
    0xcf, 0xfe, 0xb6, 0x0,

    /* U+0052 "R" */
    0x3f, 0xff, 0xff, 0xff, 0xff, 0xfd, 0xa6, 0x0,
    0x0, 0x3, 0xff, 0xff, 0xff, 0xff, 0xff, 0xff,
    0xfe, 0x60, 0x0, 0x3f, 0xff, 0xff, 0xff, 0xff,
    0xff, 0xff, 0xff, 0x80, 0x3, 0xff, 0xfc, 0x44,
    0x44, 0x45, 0x8e, 0xff, 0xff, 0x50, 0x3f, 0xff,
    0xb0, 0x0, 0x0, 0x0, 0xa, 0xff, 0xfd, 0x3,
    0xff, 0xfb, 0x0, 0x0, 0x0, 0x0, 0xe, 0xff,
    0xf2, 0x3f, 0xff, 0xb0, 0x0, 0x0, 0x0, 0x0,
    0xaf, 0xff, 0x53, 0xff, 0xfb, 0x0, 0x0, 0x0,
    0x0, 0x8, 0xff, 0xf6, 0x3f, 0xff, 0xb0, 0x0,
    0x0, 0x0, 0x0, 0xaf, 0xff, 0x53, 0xff, 0xfb,
    0x0, 0x0, 0x0, 0x0, 0xe, 0xff, 0xf2, 0x3f,
    0xff, 0xb0, 0x0, 0x0, 0x0, 0xa, 0xff, 0xfd,
    0x3, 0xff, 0xfc, 0x22, 0x22, 0x24, 0x7d, 0xff,
    0xff, 0x50, 0x3f, 0xff, 0xff, 0xff, 0xff, 0xff,
    0xff, 0xff, 0x80, 0x3, 0xff, 0xff, 0xff, 0xff,
    0xff, 0xff, 0xfe, 0x60, 0x0, 0x3f, 0xff, 0xff,
    0xff, 0xff, 0xff, 0xff, 0x30, 0x0, 0x3, 0xff,
    0xfb, 0x0, 0x0, 0x5, 0xff, 0xfd, 0x0, 0x0,
    0x3f, 0xff, 0xb0, 0x0, 0x0, 0xa, 0xff, 0xf8,
    0x0, 0x3, 0xff, 0xfb, 0x0, 0x0, 0x0, 0xd,
    0xff, 0xf4, 0x0, 0x3f, 0xff, 0xb0, 0x0, 0x0,
    0x0, 0x3f, 0xff, 0xe1, 0x3, 0xff, 0xfb, 0x0,
    0x0, 0x0, 0x0, 0x8f, 0xff, 0xb0, 0x3f, 0xff,
    0xb0, 0x0, 0x0, 0x0, 0x0, 0xcf, 0xff, 0x60,

    /* U+0053 "S" */
    0x0, 0x0, 0x49, 0xce, 0xff, 0xec, 0x84, 0x0,
    0x0, 0x2, 0xcf, 0xff, 0xff, 0xff, 0xff, 0xfe,
    0x60, 0x3, 0xff, 0xff, 0xff, 0xff, 0xff, 0xff,
    0xfa, 0x0, 0xdf, 0xff, 0xe8, 0x43, 0x35, 0x8c,
    0xff, 0x40, 0x4f, 0xff, 0xd1, 0x0, 0x0, 0x0,
    0x3, 0x90, 0x7, 0xff, 0xf7, 0x0, 0x0, 0x0,
    0x0, 0x0, 0x0, 0x7f, 0xff, 0x70, 0x0, 0x0,
    0x0, 0x0, 0x0, 0x5, 0xff, 0xfe, 0x30, 0x0,
    0x0, 0x0, 0x0, 0x0, 0xe, 0xff, 0xff, 0xc7,
    0x30, 0x0, 0x0, 0x0, 0x0, 0x3f, 0xff, 0xff,
    0xff, 0xfb, 0x72, 0x0, 0x0, 0x0, 0x2b, 0xff,
    0xff, 0xff, 0xff, 0xfc, 0x40, 0x0, 0x0, 0x2,
    0x7b, 0xff, 0xff, 0xff, 0xff, 0x70, 0x0, 0x0,
    0x0, 0x0, 0x37, 0xcf, 0xff, 0xff, 0x30, 0x0,
    0x0, 0x0, 0x0, 0x0, 0x2d, 0xff, 0xfa, 0x0,
    0x0, 0x0, 0x0, 0x0, 0x0, 0x2f, 0xff, 0xc0,
    0x20, 0x0, 0x0, 0x0, 0x0, 0x1, 0xff, 0xfc,
    0x1f, 0xb3, 0x0, 0x0, 0x0, 0x0, 0x8f, 0xff,
    0x97, 0xff, 0xfd, 0x85, 0x33, 0x46, 0xcf, 0xff,
    0xf2, 0xbf, 0xff, 0xff, 0xff, 0xff, 0xff, 0xff,
    0xf7, 0x0, 0x7e, 0xff, 0xff, 0xff, 0xff, 0xff,
    0xe5, 0x0, 0x0, 0x4, 0x8b, 0xef, 0xff, 0xda,
    0x60, 0x0, 0x0,

    /* U+0054 "T" */
    0xef, 0xff, 0xff, 0xff, 0xff, 0xff, 0xff, 0xff,
    0xff, 0xef, 0xff, 0xff, 0xff, 0xff, 0xff, 0xff,
    0xff, 0xff, 0xef, 0xff, 0xff, 0xff, 0xff, 0xff,
    0xff, 0xff, 0xff, 0x34, 0x44, 0x44, 0x4f, 0xff,
    0xf4, 0x44, 0x44, 0x43, 0x0, 0x0, 0x0, 0xe,
    0xff, 0xf0, 0x0, 0x0, 0x0, 0x0, 0x0, 0x0,
    0xe, 0xff, 0xf0, 0x0, 0x0, 0x0, 0x0, 0x0,
    0x0, 0xe, 0xff, 0xf0, 0x0, 0x0, 0x0, 0x0,
    0x0, 0x0, 0xe, 0xff, 0xf0, 0x0, 0x0, 0x0,
    0x0, 0x0, 0x0, 0xe, 0xff, 0xf0, 0x0, 0x0,
    0x0, 0x0, 0x0, 0x0, 0xe, 0xff, 0xf0, 0x0,
    0x0, 0x0, 0x0, 0x0, 0x0, 0xe, 0xff, 0xf0,
    0x0, 0x0, 0x0, 0x0, 0x0, 0x0, 0xe, 0xff,
    0xf0, 0x0, 0x0, 0x0, 0x0, 0x0, 0x0, 0xe,
    0xff, 0xf0, 0x0, 0x0, 0x0, 0x0, 0x0, 0x0,
    0xe, 0xff, 0xf0, 0x0, 0x0, 0x0, 0x0, 0x0,
    0x0, 0xe, 0xff, 0xf0, 0x0, 0x0, 0x0, 0x0,
    0x0, 0x0, 0xe, 0xff, 0xf0, 0x0, 0x0, 0x0,
    0x0, 0x0, 0x0, 0xe, 0xff, 0xf0, 0x0, 0x0,
    0x0, 0x0, 0x0, 0x0, 0xe, 0xff, 0xf0, 0x0,
    0x0, 0x0, 0x0, 0x0, 0x0, 0xe, 0xff, 0xf0,
    0x0, 0x0, 0x0, 0x0, 0x0, 0x0, 0xe, 0xff,
    0xf0, 0x0, 0x0, 0x0, 0x0, 0x0, 0x0, 0xe,
    0xff, 0xf0, 0x0, 0x0, 0x0,

    /* U+0055 "U" */
    0x5f, 0xff, 0x80, 0x0, 0x0, 0x0, 0x0, 0xd,
    0xff, 0xf0, 0x5f, 0xff, 0x80, 0x0, 0x0, 0x0,
    0x0, 0xd, 0xff, 0xf0, 0x5f, 0xff, 0x80, 0x0,
    0x0, 0x0, 0x0, 0xd, 0xff, 0xf0, 0x5f, 0xff,
    0x80, 0x0, 0x0, 0x0, 0x0, 0xd, 0xff, 0xf0,
    0x5f, 0xff, 0x80, 0x0, 0x0, 0x0, 0x0, 0xd,
    0xff, 0xf0, 0x5f, 0xff, 0x80, 0x0, 0x0, 0x0,
    0x0, 0xd, 0xff, 0xf0, 0x5f, 0xff, 0x80, 0x0,
    0x0, 0x0, 0x0, 0xd, 0xff, 0xf0, 0x5f, 0xff,
    0x80, 0x0, 0x0, 0x0, 0x0, 0xd, 0xff, 0xf0,
    0x5f, 0xff, 0x80, 0x0, 0x0, 0x0, 0x0, 0xd,
    0xff, 0xf0, 0x5f, 0xff, 0x80, 0x0, 0x0, 0x0,
    0x0, 0xd, 0xff, 0xf0, 0x5f, 0xff, 0x80, 0x0,
    0x0, 0x0, 0x0, 0xd, 0xff, 0xf0, 0x5f, 0xff,
    0x80, 0x0, 0x0, 0x0, 0x0, 0xd, 0xff, 0xf0,
    0x5f, 0xff, 0x90, 0x0, 0x0, 0x0, 0x0, 0xd,
    0xff, 0xf0, 0x3f, 0xff, 0xb0, 0x0, 0x0, 0x0,
    0x0, 0xf, 0xff, 0xe0, 0x1f, 0xff, 0xf0, 0x0,
    0x0, 0x0, 0x0, 0x3f, 0xff, 0xb0, 0xc, 0xff,
    0xf7, 0x0, 0x0, 0x0, 0x0, 0xbf, 0xff, 0x70,
    0x6, 0xff, 0xff, 0x50, 0x0, 0x0, 0x8, 0xff,
    0xff, 0x10, 0x0, 0xcf, 0xff, 0xfc, 0x86, 0x68,
    0xef, 0xff, 0xf7, 0x0, 0x0, 0x1e, 0xff, 0xff,
    0xff, 0xff, 0xff, 0xff, 0xa0, 0x0, 0x0, 0x1,
    0xaf, 0xff, 0xff, 0xff, 0xff, 0xf7, 0x0, 0x0,
    0x0, 0x0, 0x3, 0x8c, 0xef, 0xfe, 0xb7, 0x10,
    0x0, 0x0,

    /* U+0056 "V" */
    0xe, 0xff, 0xf4, 0x0, 0x0, 0x0, 0x0, 0x0,
    0x0, 0x1f, 0xff, 0xc0, 0x8, 0xff, 0xfb, 0x0,
    0x0, 0x0, 0x0, 0x0, 0x0, 0x8f, 0xff, 0x50,
    0x1, 0xff, 0xff, 0x20, 0x0, 0x0, 0x0, 0x0,
    0x0, 0xef, 0xfe, 0x0, 0x0, 0xaf, 0xff, 0x90,
    0x0, 0x0, 0x0, 0x0, 0x6, 0xff, 0xf7, 0x0,
    0x0, 0x3f, 0xff, 0xf1, 0x0, 0x0, 0x0, 0x0,
    0xd, 0xff, 0xf1, 0x0, 0x0, 0xc, 0xff, 0xf7,
    0x0, 0x0, 0x0, 0x0, 0x4f, 0xff, 0x90, 0x0,
    0x0, 0x5, 0xff, 0xfd, 0x0, 0x0, 0x0, 0x0,
    0xbf, 0xff, 0x30, 0x0, 0x0, 0x0, 0xdf, 0xff,
    0x40, 0x0, 0x0, 0x2, 0xff, 0xfc, 0x0, 0x0,
    0x0, 0x0, 0x7f, 0xff, 0xb0, 0x0, 0x0, 0x9,
    0xff, 0xf5, 0x0, 0x0, 0x0, 0x0, 0xf, 0xff,
    0xf2, 0x0, 0x0, 0x1f, 0xff, 0xd0, 0x0, 0x0,
    0x0, 0x0, 0x9, 0xff, 0xf9, 0x0, 0x0, 0x7f,
    0xff, 0x70, 0x0, 0x0, 0x0, 0x0, 0x2, 0xff,
    0xff, 0x10, 0x0, 0xef, 0xff, 0x0, 0x0, 0x0,
    0x0, 0x0, 0x0, 0xbf, 0xff, 0x70, 0x5, 0xff,
    0xf9, 0x0, 0x0, 0x0, 0x0, 0x0, 0x0, 0x4f,
    0xff, 0xe0, 0xc, 0xff, 0xf2, 0x0, 0x0, 0x0,
    0x0, 0x0, 0x0, 0xd, 0xff, 0xf5, 0x3f, 0xff,
    0xb0, 0x0, 0x0, 0x0, 0x0, 0x0, 0x0, 0x6,
    0xff, 0xfc, 0xaf, 0xff, 0x40, 0x0, 0x0, 0x0,
    0x0, 0x0, 0x0, 0x0, 0xef, 0xff, 0xff, 0xfd,
    0x0, 0x0, 0x0, 0x0, 0x0, 0x0, 0x0, 0x0,
    0x8f, 0xff, 0xff, 0xf6, 0x0, 0x0, 0x0, 0x0,
    0x0, 0x0, 0x0, 0x0, 0x1f, 0xff, 0xff, 0xe0,
    0x0, 0x0, 0x0, 0x0, 0x0, 0x0, 0x0, 0x0,
    0xa, 0xff, 0xff, 0x80, 0x0, 0x0, 0x0, 0x0,
    0x0, 0x0, 0x0, 0x0, 0x3, 0xff, 0xff, 0x10,
    0x0, 0x0, 0x0, 0x0,

    /* U+0057 "W" */
    0xf, 0xff, 0xf0, 0x0, 0x0, 0x0, 0x0, 0xa,
    0xff, 0xf4, 0x0, 0x0, 0x0, 0x0, 0x5, 0xff,
    0xf5, 0xb, 0xff, 0xf5, 0x0, 0x0, 0x0, 0x0,
    0xf, 0xff, 0xf9, 0x0, 0x0, 0x0, 0x0, 0xb,
    0xff, 0xf0, 0x5, 0xff, 0xfa, 0x0, 0x0, 0x0,
    0x0, 0x5f, 0xff, 0xfe, 0x0, 0x0, 0x0, 0x0,
    0x1f, 0xff, 0xa0, 0x0, 0xff, 0xff, 0x0, 0x0,
    0x0, 0x0, 0xaf, 0xff, 0xff, 0x40, 0x0, 0x0,
    0x0, 0x6f, 0xff, 0x50, 0x0, 0xbf, 0xff, 0x50,
    0x0, 0x0, 0x0, 0xff, 0xff, 0xff, 0x90, 0x0,
    0x0, 0x0, 0xbf, 0xff, 0x0, 0x0, 0x5f, 0xff,
    0xa0, 0x0, 0x0, 0x5, 0xff, 0xfe, 0xff, 0xe0,
    0x0, 0x0, 0x1, 0xff, 0xfb, 0x0, 0x0, 0xf,
    0xff, 0xf0, 0x0, 0x0, 0xb, 0xff, 0xd7, 0xff,
    0xf4, 0x0, 0x0, 0x6, 0xff, 0xf5, 0x0, 0x0,
    0xb, 0xff, 0xf4, 0x0, 0x0, 0xf, 0xff, 0x81,
    0xff, 0xf9, 0x0, 0x0, 0xb, 0xff, 0xf0, 0x0,
    0x0, 0x6, 0xff, 0xfa, 0x0, 0x0, 0x6f, 0xff,
    0x30, 0xcf, 0xfe, 0x0, 0x0, 0x1f, 0xff, 0xb0,
    0x0, 0x0, 0x1, 0xff, 0xff, 0x0, 0x0, 0xbf,
    0xfd, 0x0, 0x6f, 0xff, 0x30, 0x0, 0x6f, 0xff,
    0x50, 0x0, 0x0, 0x0, 0xbf, 0xff, 0x40, 0x1,
    0xff, 0xf8, 0x0, 0x1f, 0xff, 0x90, 0x0, 0xbf,
    0xff, 0x0, 0x0, 0x0, 0x0, 0x6f, 0xff, 0x90,
    0x6, 0xff, 0xf2, 0x0, 0xc, 0xff, 0xe0, 0x1,
    0xff, 0xfb, 0x0, 0x0, 0x0, 0x0, 0x1f, 0xff,
    0xe0, 0xb, 0xff, 0xd0, 0x0, 0x6, 0xff, 0xf3,
    0x6, 0xff, 0xf5, 0x0, 0x0, 0x0, 0x0, 0xb,
    0xff, 0xf4, 0x1f, 0xff, 0x70, 0x0, 0x1, 0xff,
    0xf9, 0xb, 0xff, 0xf0, 0x0, 0x0, 0x0, 0x0,
    0x6, 0xff, 0xf9, 0x6f, 0xff, 0x20, 0x0, 0x0,
    0xcf, 0xfe, 0x1f, 0xff, 0xb0, 0x0, 0x0, 0x0,
    0x0, 0x1, 0xff, 0xfe, 0xcf, 0xfc, 0x0, 0x0,
    0x0, 0x6f, 0xff, 0x9f, 0xff, 0x50, 0x0, 0x0,
    0x0, 0x0, 0x0, 0xbf, 0xff, 0xff, 0xf7, 0x0,
    0x0, 0x0, 0x1f, 0xff, 0xff, 0xff, 0x10, 0x0,
    0x0, 0x0, 0x0, 0x0, 0x6f, 0xff, 0xff, 0xf2,
    0x0, 0x0, 0x0, 0xc, 0xff, 0xff, 0xfb, 0x0,
    0x0, 0x0, 0x0, 0x0, 0x0, 0x1f, 0xff, 0xff,
    0xc0, 0x0, 0x0, 0x0, 0x6, 0xff, 0xff, 0xf6,
    0x0, 0x0, 0x0, 0x0, 0x0, 0x0, 0xb, 0xff,
    0xff, 0x70, 0x0, 0x0, 0x0, 0x1, 0xff, 0xff,
    0xf1, 0x0, 0x0, 0x0, 0x0, 0x0, 0x0, 0x6,
    0xff, 0xff, 0x10, 0x0, 0x0, 0x0, 0x0, 0xcf,
    0xff, 0xb0, 0x0, 0x0, 0x0,

    /* U+0058 "X" */
    0x1e, 0xff, 0xf7, 0x0, 0x0, 0x0, 0x0, 0x9,
    0xff, 0xfa, 0x0, 0x4f, 0xff, 0xf3, 0x0, 0x0,
    0x0, 0x4, 0xff, 0xfd, 0x0, 0x0, 0x8f, 0xff,
    0xd0, 0x0, 0x0, 0x1, 0xef, 0xff, 0x30, 0x0,
    0x0, 0xcf, 0xff, 0x90, 0x0, 0x0, 0xbf, 0xff,
    0x70, 0x0, 0x0, 0x2, 0xff, 0xff, 0x50, 0x0,
    0x6f, 0xff, 0xb0, 0x0, 0x0, 0x0, 0x5, 0xff,
    0xfe, 0x10, 0x2f, 0xff, 0xe1, 0x0, 0x0, 0x0,
    0x0, 0xa, 0xff, 0xfc, 0xd, 0xff, 0xf4, 0x0,
    0x0, 0x0, 0x0, 0x0, 0xe, 0xff, 0xfd, 0xff,
    0xf9, 0x0, 0x0, 0x0, 0x0, 0x0, 0x0, 0x3f,
    0xff, 0xff, 0xfd, 0x0, 0x0, 0x0, 0x0, 0x0,
    0x0, 0x0, 0x8f, 0xff, 0xff, 0x20, 0x0, 0x0,
    0x0, 0x0, 0x0, 0x0, 0x2, 0xff, 0xff, 0xe0,
    0x0, 0x0, 0x0, 0x0, 0x0, 0x0, 0x0, 0xcf,
    0xff, 0xff, 0xa0, 0x0, 0x0, 0x0, 0x0, 0x0,
    0x0, 0x8f, 0xff, 0xff, 0xff, 0x60, 0x0, 0x0,
    0x0, 0x0, 0x0, 0x4f, 0xff, 0xe6, 0xff, 0xff,
    0x20, 0x0, 0x0, 0x0, 0x0, 0x1e, 0xff, 0xf4,
    0x9, 0xff, 0xfc, 0x0, 0x0, 0x0, 0x0, 0xb,
    0xff, 0xf9, 0x0, 0xd, 0xff, 0xf8, 0x0, 0x0,
    0x0, 0x7, 0xff, 0xfd, 0x0, 0x0, 0x3f, 0xff,
    0xf4, 0x0, 0x0, 0x3, 0xff, 0xff, 0x30, 0x0,
    0x0, 0x7f, 0xff, 0xe1, 0x0, 0x0, 0xdf, 0xff,
    0x70, 0x0, 0x0, 0x0, 0xbf, 0xff, 0xb0, 0x0,
    0xaf, 0xff, 0xb0, 0x0, 0x0, 0x0, 0x1, 0xef,
    0xff, 0x70, 0x5f, 0xff, 0xf1, 0x0, 0x0, 0x0,
    0x0, 0x5, 0xff, 0xff, 0x30,

    /* U+0059 "Y" */
    0xe, 0xff, 0xf3, 0x0, 0x0, 0x0, 0x0, 0x0,
    0x1f, 0xff, 0xc0, 0x5, 0xff, 0xfc, 0x0, 0x0,
    0x0, 0x0, 0x0, 0xaf, 0xff, 0x30, 0x0, 0xcf,
    0xff, 0x60, 0x0, 0x0, 0x0, 0x4, 0xff, 0xf9,
    0x0, 0x0, 0x2f, 0xff, 0xe1, 0x0, 0x0, 0x0,
    0xd, 0xff, 0xe1, 0x0, 0x0, 0x8, 0xff, 0xf9,
    0x0, 0x0, 0x0, 0x7f, 0xff, 0x60, 0x0, 0x0,
    0x0, 0xef, 0xff, 0x30, 0x0, 0x1, 0xff, 0xfc,
    0x0, 0x0, 0x0, 0x0, 0x5f, 0xff, 0xc0, 0x0,
    0xb, 0xff, 0xf2, 0x0, 0x0, 0x0, 0x0, 0xb,
    0xff, 0xf6, 0x0, 0x4f, 0xff, 0x90, 0x0, 0x0,
    0x0, 0x0, 0x2, 0xff, 0xfe, 0x10, 0xdf, 0xfe,
    0x0, 0x0, 0x0, 0x0, 0x0, 0x0, 0x8f, 0xff,
    0x98, 0xff, 0xf5, 0x0, 0x0, 0x0, 0x0, 0x0,
    0x0, 0xe, 0xff, 0xff, 0xff, 0xc0, 0x0, 0x0,
    0x0, 0x0, 0x0, 0x0, 0x5, 0xff, 0xff, 0xff,
    0x20, 0x0, 0x0, 0x0, 0x0, 0x0, 0x0, 0x0,
    0xbf, 0xff, 0xf8, 0x0, 0x0, 0x0, 0x0, 0x0,
    0x0, 0x0, 0x0, 0x2f, 0xff, 0xf0, 0x0, 0x0,
    0x0, 0x0, 0x0, 0x0, 0x0, 0x0, 0xf, 0xff,
    0xe0, 0x0, 0x0, 0x0, 0x0, 0x0, 0x0, 0x0,
    0x0, 0xf, 0xff, 0xe0, 0x0, 0x0, 0x0, 0x0,
    0x0, 0x0, 0x0, 0x0, 0xf, 0xff, 0xe0, 0x0,
    0x0, 0x0, 0x0, 0x0, 0x0, 0x0, 0x0, 0xf,
    0xff, 0xe0, 0x0, 0x0, 0x0, 0x0, 0x0, 0x0,
    0x0, 0x0, 0xf, 0xff, 0xe0, 0x0, 0x0, 0x0,
    0x0, 0x0, 0x0, 0x0, 0x0, 0xf, 0xff, 0xe0,
    0x0, 0x0, 0x0, 0x0, 0x0, 0x0, 0x0, 0x0,
    0xf, 0xff, 0xe0, 0x0, 0x0, 0x0, 0x0,

    /* U+005A "Z" */
    0x9f, 0xff, 0xff, 0xff, 0xff, 0xff, 0xff, 0xff,
    0xfc, 0x9, 0xff, 0xff, 0xff, 0xff, 0xff, 0xff,
    0xff, 0xff, 0xc0, 0x9f, 0xff, 0xff, 0xff, 0xff,
    0xff, 0xff, 0xff, 0xfa, 0x2, 0x44, 0x44, 0x44,
    0x44, 0x44, 0x4c, 0xff, 0xfe, 0x10, 0x0, 0x0,
    0x0, 0x0, 0x0, 0x6, 0xff, 0xff, 0x30, 0x0,
    0x0, 0x0, 0x0, 0x0, 0x3, 0xff, 0xff, 0x50,
    0x0, 0x0, 0x0, 0x0, 0x0, 0x1, 0xef, 0xff,
    0x80, 0x0, 0x0, 0x0, 0x0, 0x0, 0x0, 0xdf,
    0xff, 0xb0, 0x0, 0x0, 0x0, 0x0, 0x0, 0x0,
    0xaf, 0xff, 0xd1, 0x0, 0x0, 0x0, 0x0, 0x0,
    0x0, 0x7f, 0xff, 0xf2, 0x0, 0x0, 0x0, 0x0,
    0x0, 0x0, 0x4f, 0xff, 0xf4, 0x0, 0x0, 0x0,
    0x0, 0x0, 0x0, 0x2f, 0xff, 0xf7, 0x0, 0x0,
    0x0, 0x0, 0x0, 0x0, 0x1d, 0xff, 0xfa, 0x0,
    0x0, 0x0, 0x0, 0x0, 0x0, 0xb, 0xff, 0xfc,
    0x0, 0x0, 0x0, 0x0, 0x0, 0x0, 0x9, 0xff,
    0xfe, 0x10, 0x0, 0x0, 0x0, 0x0, 0x0, 0x6,
    0xff, 0xff, 0x30, 0x0, 0x0, 0x0, 0x0, 0x0,
    0x3, 0xff, 0xff, 0x60, 0x0, 0x0, 0x0, 0x0,
    0x0, 0x1, 0xef, 0xff, 0xc4, 0x44, 0x44, 0x44,
    0x44, 0x44, 0x40, 0xbf, 0xff, 0xff, 0xff, 0xff,
    0xff, 0xff, 0xff, 0xff, 0x2c, 0xff, 0xff, 0xff,
    0xff, 0xff, 0xff, 0xff, 0xff, 0xf2, 0xcf, 0xff,
    0xff, 0xff, 0xff, 0xff, 0xff, 0xff, 0xff, 0x20,

    /* U+005B "[" */
    0x2f, 0xff, 0xff, 0xff, 0x3f, 0xff, 0xff, 0xff,
    0x3f, 0xff, 0xff, 0xff, 0x3f, 0xff, 0x90, 0x0,
    0x3f, 0xff, 0x90, 0x0, 0x3f, 0xff, 0x90, 0x0,
    0x3f, 0xff, 0x90, 0x0, 0x3f, 0xff, 0x90, 0x0,
    0x3f, 0xff, 0x90, 0x0, 0x3f, 0xff, 0x90, 0x0,
    0x3f, 0xff, 0x90, 0x0, 0x3f, 0xff, 0x90, 0x0,
    0x3f, 0xff, 0x90, 0x0, 0x3f, 0xff, 0x90, 0x0,
    0x3f, 0xff, 0x90, 0x0, 0x3f, 0xff, 0x90, 0x0,
    0x3f, 0xff, 0x90, 0x0, 0x3f, 0xff, 0x90, 0x0,
    0x3f, 0xff, 0x90, 0x0, 0x3f, 0xff, 0x90, 0x0,
    0x3f, 0xff, 0x90, 0x0, 0x3f, 0xff, 0x90, 0x0,
    0x3f, 0xff, 0x90, 0x0, 0x3f, 0xff, 0x90, 0x0,
    0x3f, 0xff, 0x90, 0x0, 0x3f, 0xff, 0xff, 0xff,
    0x3f, 0xff, 0xff, 0xff, 0x3f, 0xff, 0xff, 0xff,

    /* U+005C "\\" */
    0xf, 0xff, 0x50, 0x0, 0x0, 0x0, 0x0, 0x0,
    0xaf, 0xfa, 0x0, 0x0, 0x0, 0x0, 0x0, 0x5,
    0xff, 0xf1, 0x0, 0x0, 0x0, 0x0, 0x0, 0xf,
    0xff, 0x60, 0x0, 0x0, 0x0, 0x0, 0x0, 0x9f,
    0xfb, 0x0, 0x0, 0x0, 0x0, 0x0, 0x4, 0xff,
    0xf1, 0x0, 0x0, 0x0, 0x0, 0x0, 0xe, 0xff,
    0x70, 0x0, 0x0, 0x0, 0x0, 0x0, 0x8f, 0xfc,
    0x0, 0x0, 0x0, 0x0, 0x0, 0x3, 0xff, 0xf2,
    0x0, 0x0, 0x0, 0x0, 0x0, 0xd, 0xff, 0x80,
    0x0, 0x0, 0x0, 0x0, 0x0, 0x7f, 0xfd, 0x0,
    0x0, 0x0, 0x0, 0x0, 0x2, 0xff, 0xf3, 0x0,
    0x0, 0x0, 0x0, 0x0, 0xc, 0xff, 0x90, 0x0,
    0x0, 0x0, 0x0, 0x0, 0x6f, 0xfe, 0x0, 0x0,
    0x0, 0x0, 0x0, 0x1, 0xff, 0xf4, 0x0, 0x0,
    0x0, 0x0, 0x0, 0xb, 0xff, 0xa0, 0x0, 0x0,
    0x0, 0x0, 0x0, 0x5f, 0xff, 0x0, 0x0, 0x0,
    0x0, 0x0, 0x0, 0xff, 0xf5, 0x0, 0x0, 0x0,
    0x0, 0x0, 0xa, 0xff, 0xb0, 0x0, 0x0, 0x0,
    0x0, 0x0, 0x4f, 0xff, 0x10, 0x0, 0x0, 0x0,
    0x0, 0x0, 0xef, 0xf6, 0x0, 0x0, 0x0, 0x0,
    0x0, 0x9, 0xff, 0xc0, 0x0, 0x0, 0x0, 0x0,
    0x0, 0x3f, 0xff, 0x10, 0x0, 0x0, 0x0, 0x0,
    0x0, 0xef, 0xf7, 0x0, 0x0, 0x0, 0x0, 0x0,
    0x8, 0xff, 0xd0, 0x0, 0x0, 0x0, 0x0, 0x0,
    0x2f, 0xff, 0x20, 0x0, 0x0, 0x0, 0x0, 0x0,
    0xdf, 0xf8, 0x0, 0x0, 0x0, 0x0, 0x0, 0x7,
    0xff, 0xe0,

    /* U+005D "]" */
    0x7f, 0xff, 0xff, 0xfa, 0x7f, 0xff, 0xff, 0xfa,
    0x7f, 0xff, 0xff, 0xfa, 0x0, 0x1, 0xff, 0xfa,
    0x0, 0x1, 0xff, 0xfa, 0x0, 0x1, 0xff, 0xfa,
    0x0, 0x1, 0xff, 0xfa, 0x0, 0x1, 0xff, 0xfa,
    0x0, 0x1, 0xff, 0xfa, 0x0, 0x1, 0xff, 0xfa,
    0x0, 0x1, 0xff, 0xfa, 0x0, 0x1, 0xff, 0xfa,
    0x0, 0x1, 0xff, 0xfa, 0x0, 0x1, 0xff, 0xfa,
    0x0, 0x1, 0xff, 0xfa, 0x0, 0x1, 0xff, 0xfa,
    0x0, 0x1, 0xff, 0xfa, 0x0, 0x1, 0xff, 0xfa,
    0x0, 0x1, 0xff, 0xfa, 0x0, 0x1, 0xff, 0xfa,
    0x0, 0x1, 0xff, 0xfa, 0x0, 0x1, 0xff, 0xfa,
    0x0, 0x1, 0xff, 0xfa, 0x0, 0x1, 0xff, 0xfa,
    0x0, 0x1, 0xff, 0xfa, 0x7f, 0xff, 0xff, 0xfa,
    0x7f, 0xff, 0xff, 0xfa, 0x7f, 0xff, 0xff, 0xfa,

    /* U+005E "^" */
    0x0, 0x0, 0x0, 0x68, 0x84, 0x0, 0x0, 0x0,
    0x0, 0x0, 0x1f, 0xff, 0xd0, 0x0, 0x0, 0x0,
    0x0, 0x8, 0xff, 0xff, 0x40, 0x0, 0x0, 0x0,
    0x0, 0xef, 0xef, 0xfb, 0x0, 0x0, 0x0, 0x0,
    0x5f, 0xf6, 0xbf, 0xf2, 0x0, 0x0, 0x0, 0xc,
    0xff, 0x4, 0xff, 0x80, 0x0, 0x0, 0x3, 0xff,
    0x90, 0xd, 0xfe, 0x0, 0x0, 0x0, 0xaf, 0xf3,
    0x0, 0x7f, 0xf6, 0x0, 0x0, 0x1f, 0xfc, 0x0,
    0x1, 0xff, 0xd0, 0x0, 0x8, 0xff, 0x50, 0x0,
    0xa, 0xff, 0x40, 0x0, 0xef, 0xe0, 0x0, 0x0,
    0x3f, 0xfa, 0x0, 0x5f, 0xf8, 0x0, 0x0, 0x0,
    0xcf, 0xf2, 0xc, 0xff, 0x20, 0x0, 0x0, 0x6,
    0xff, 0x80,

    /* U+005F "_" */
    0x44, 0x44, 0x44, 0x44, 0x44, 0x44, 0x44, 0x4f,
    0xff, 0xff, 0xff, 0xff, 0xff, 0xff, 0xff, 0xff,
    0xff, 0xff, 0xff, 0xff, 0xff, 0xff, 0xf0,

    /* U+0060 "`" */
    0x5f, 0xff, 0xd1, 0x0, 0x0, 0x2d, 0xff, 0xd1,
    0x0, 0x0, 0xa, 0xff, 0xe2, 0x0, 0x0, 0x6,
    0xff, 0xe2,

    /* U+0061 "a" */
    0x0, 0x6, 0xad, 0xff, 0xfd, 0x94, 0x0, 0x0,
    0x8f, 0xff, 0xff, 0xff, 0xff, 0xfb, 0x0, 0xd,
    0xff, 0xff, 0xff, 0xff, 0xff, 0xfb, 0x0, 0x5f,
    0xd7, 0x31, 0x13, 0x9f, 0xff, 0xf4, 0x0, 0x40,
    0x0, 0x0, 0x0, 0x7f, 0xff, 0x90, 0x0, 0x0,
    0x0, 0x0, 0x0, 0xff, 0xfc, 0x0, 0x0, 0x46,
    0x77, 0x77, 0x7f, 0xff, 0xd0, 0x8, 0xff, 0xff,
    0xff, 0xff, 0xff, 0xfe, 0xb, 0xff, 0xff, 0xff,
    0xff, 0xff, 0xff, 0xe5, 0xff, 0xfc, 0x30, 0x0,
    0x0, 0xef, 0xfe, 0x9f, 0xff, 0x20, 0x0, 0x0,
    0xe, 0xff, 0xea, 0xff, 0xf1, 0x0, 0x0, 0x2,
    0xff, 0xfe, 0x7f, 0xff, 0x70, 0x0, 0x2, 0xdf,
    0xff, 0xe1, 0xff, 0xff, 0xc8, 0x8b, 0xff, 0xff,
    0xfe, 0x4, 0xff, 0xff, 0xff, 0xff, 0xcb, 0xff,
    0xe0, 0x1, 0x8d, 0xff, 0xec, 0x60, 0xaf, 0xfe,

    /* U+0062 "b" */
    0x13, 0x33, 0x0, 0x0, 0x0, 0x0, 0x0, 0x0,
    0x0, 0x8f, 0xff, 0x30, 0x0, 0x0, 0x0, 0x0,
    0x0, 0x0, 0x8f, 0xff, 0x30, 0x0, 0x0, 0x0,
    0x0, 0x0, 0x0, 0x8f, 0xff, 0x30, 0x0, 0x0,
    0x0, 0x0, 0x0, 0x0, 0x8f, 0xff, 0x30, 0x0,
    0x0, 0x0, 0x0, 0x0, 0x0, 0x8f, 0xff, 0x30,
    0x0, 0x0, 0x0, 0x0, 0x0, 0x0, 0x8f, 0xff,
    0x30, 0x0, 0x0, 0x0, 0x0, 0x0, 0x0, 0x8f,
    0xff, 0x30, 0x7c, 0xff, 0xec, 0x71, 0x0, 0x0,
    0x8f, 0xff, 0x6e, 0xff, 0xff, 0xff, 0xfe, 0x50,
    0x0, 0x8f, 0xff, 0xff, 0xff, 0xff, 0xff, 0xff,
    0xf7, 0x0, 0x8f, 0xff, 0xff, 0xb5, 0x23, 0x6d,
    0xff, 0xff, 0x30, 0x8f, 0xff, 0xf7, 0x0, 0x0,
    0x0, 0xaf, 0xff, 0xc0, 0x8f, 0xff, 0xb0, 0x0,
    0x0, 0x0, 0xe, 0xff, 0xf2, 0x8f, 0xff, 0x50,
    0x0, 0x0, 0x0, 0x8, 0xff, 0xf5, 0x8f, 0xff,
    0x20, 0x0, 0x0, 0x0, 0x5, 0xff, 0xf7, 0x8f,
    0xff, 0x20, 0x0, 0x0, 0x0, 0x6, 0xff, 0xf7,
    0x8f, 0xff, 0x50, 0x0, 0x0, 0x0, 0x8, 0xff,
    0xf5, 0x8f, 0xff, 0xc0, 0x0, 0x0, 0x0, 0xe,
    0xff, 0xf2, 0x8f, 0xff, 0xf8, 0x0, 0x0, 0x0,
    0xaf, 0xff, 0xc0, 0x8f, 0xff, 0xff, 0xc5, 0x33,
    0x6d, 0xff, 0xff, 0x30, 0x8f, 0xff, 0xff, 0xff,
    0xff, 0xff, 0xff, 0xf6, 0x0, 0x8f, 0xff, 0x4e,
    0xff, 0xff, 0xff, 0xfe, 0x50, 0x0, 0x8f, 0xff,
    0x1, 0x7c, 0xff, 0xec, 0x70, 0x0, 0x0,

    /* U+0063 "c" */
    0x0, 0x0, 0x17, 0xce, 0xff, 0xda, 0x40, 0x0,
    0x0, 0x7, 0xff, 0xff, 0xff, 0xff, 0xfb, 0x10,
    0x0, 0xaf, 0xff, 0xff, 0xff, 0xff, 0xff, 0xd0,
    0x8, 0xff, 0xff, 0xa4, 0x23, 0x7e, 0xff, 0xf6,
    0x1f, 0xff, 0xf4, 0x0, 0x0, 0x1, 0xdd, 0x40,
    0x7f, 0xff, 0x80, 0x0, 0x0, 0x0, 0x10, 0x0,
    0xbf, 0xff, 0x10, 0x0, 0x0, 0x0, 0x0, 0x0,
    0xdf, 0xff, 0x0, 0x0, 0x0, 0x0, 0x0, 0x0,
    0xdf, 0xff, 0x0, 0x0, 0x0, 0x0, 0x0, 0x0,
    0xbf, 0xff, 0x20, 0x0, 0x0, 0x0, 0x0, 0x0,
    0x7f, 0xff, 0x80, 0x0, 0x0, 0x0, 0x10, 0x0,
    0x1f, 0xff, 0xf4, 0x0, 0x0, 0x1, 0xdd, 0x50,
    0x7, 0xff, 0xff, 0xa5, 0x33, 0x7e, 0xff, 0xf6,
    0x0, 0xaf, 0xff, 0xff, 0xff, 0xff, 0xff, 0xc0,
    0x0, 0x7, 0xff, 0xff, 0xff, 0xff, 0xfa, 0x10,
    0x0, 0x0, 0x17, 0xbe, 0xff, 0xd9, 0x30, 0x0,

    /* U+0064 "d" */
    0x0, 0x0, 0x0, 0x0, 0x0, 0x0, 0x1, 0x33,
    0x30, 0x0, 0x0, 0x0, 0x0, 0x0, 0x0, 0x9,
    0xff, 0xf2, 0x0, 0x0, 0x0, 0x0, 0x0, 0x0,
    0x9, 0xff, 0xf2, 0x0, 0x0, 0x0, 0x0, 0x0,
    0x0, 0x9, 0xff, 0xf2, 0x0, 0x0, 0x0, 0x0,
    0x0, 0x0, 0x9, 0xff, 0xf2, 0x0, 0x0, 0x0,
    0x0, 0x0, 0x0, 0x9, 0xff, 0xf2, 0x0, 0x0,
    0x0, 0x0, 0x0, 0x0, 0x9, 0xff, 0xf2, 0x0,
    0x0, 0x39, 0xdf, 0xfe, 0xa4, 0x9, 0xff, 0xf2,
    0x0, 0xa, 0xff, 0xff, 0xff, 0xff, 0xba, 0xff,
    0xf2, 0x0, 0xcf, 0xff, 0xff, 0xff, 0xff, 0xff,
    0xff, 0xf2, 0xa, 0xff, 0xff, 0xa4, 0x23, 0x7e,
    0xff, 0xff, 0xf2, 0x2f, 0xff, 0xf4, 0x0, 0x0,
    0x1, 0xdf, 0xff, 0xf2, 0x8f, 0xff, 0x80, 0x0,
    0x0, 0x0, 0x2f, 0xff, 0xf2, 0xbf, 0xff, 0x20,
    0x0, 0x0, 0x0, 0xc, 0xff, 0xf2, 0xdf, 0xff,
    0x0, 0x0, 0x0, 0x0, 0x9, 0xff, 0xf2, 0xdf,
    0xff, 0x0, 0x0, 0x0, 0x0, 0x9, 0xff, 0xf2,
    0xbf, 0xff, 0x20, 0x0, 0x0, 0x0, 0xc, 0xff,
    0xf2, 0x8f, 0xff, 0x80, 0x0, 0x0, 0x0, 0x2f,
    0xff, 0xf2, 0x2f, 0xff, 0xf4, 0x0, 0x0, 0x1,
    0xdf, 0xff, 0xf2, 0x9, 0xff, 0xff, 0xa5, 0x33,
    0x7e, 0xff, 0xff, 0xf2, 0x0, 0xcf, 0xff, 0xff,
    0xff, 0xff, 0xff, 0xff, 0xf2, 0x0, 0x9, 0xff,
    0xff, 0xff, 0xff, 0xb8, 0xff, 0xf2, 0x0, 0x0,
    0x39, 0xdf, 0xfe, 0xa4, 0x7, 0xff, 0xf2,

    /* U+0065 "e" */
    0x0, 0x0, 0x28, 0xdf, 0xfe, 0xc7, 0x10, 0x0,
    0x0, 0x0, 0x9f, 0xff, 0xff, 0xff, 0xff, 0x60,
    0x0, 0x0, 0xbf, 0xff, 0xff, 0xff, 0xff, 0xff,
    0x80, 0x0, 0x9f, 0xff, 0xd5, 0x0, 0x16, 0xef,
    0xff, 0x40, 0x2f, 0xff, 0xd0, 0x0, 0x0, 0x1,
    0xef, 0xfd, 0x8, 0xff, 0xf3, 0x0, 0x0, 0x0,
    0x5, 0xff, 0xf3, 0xbf, 0xff, 0x77, 0x77, 0x77,
    0x77, 0x8f, 0xff, 0x6d, 0xff, 0xff, 0xff, 0xff,
    0xff, 0xff, 0xff, 0xf8, 0xdf, 0xff, 0xff, 0xff,
    0xff, 0xff, 0xff, 0xff, 0x7b, 0xff, 0xf0, 0x0,
    0x0, 0x0, 0x0, 0x0, 0x0, 0x7f, 0xff, 0x60,
    0x0, 0x0, 0x0, 0x0, 0x0, 0x1, 0xff, 0xff,
    0x40, 0x0, 0x0, 0x2, 0x90, 0x0, 0x8, 0xff,
    0xff, 0xa5, 0x22, 0x49, 0xff, 0xa0, 0x0, 0xa,
    0xff, 0xff, 0xff, 0xff, 0xff, 0xff, 0x30, 0x0,
    0x7, 0xff, 0xff, 0xff, 0xff, 0xfe, 0x40, 0x0,
    0x0, 0x1, 0x7b, 0xef, 0xfe, 0xb6, 0x0, 0x0,

    /* U+0066 "f" */
    0x0, 0x0, 0x4, 0xbe, 0xff, 0xc7, 0x0, 0x0,
    0x8, 0xff, 0xff, 0xff, 0xd0, 0x0, 0x5, 0xff,
    0xff, 0xff, 0xf7, 0x0, 0x0, 0xcf, 0xff, 0x50,
    0x4, 0x10, 0x0, 0xf, 0xff, 0xb0, 0x0, 0x0,
    0x0, 0x0, 0xff, 0xf9, 0x0, 0x0, 0x0, 0xaf,
    0xff, 0xff, 0xff, 0xff, 0xf0, 0xa, 0xff, 0xff,
    0xff, 0xff, 0xff, 0x0, 0xaf, 0xff, 0xff, 0xff,
    0xff, 0xf0, 0x0, 0x0, 0xff, 0xfb, 0x0, 0x0,
    0x0, 0x0, 0xf, 0xff, 0xb0, 0x0, 0x0, 0x0,
    0x0, 0xff, 0xfb, 0x0, 0x0, 0x0, 0x0, 0xf,
    0xff, 0xb0, 0x0, 0x0, 0x0, 0x0, 0xff, 0xfb,
    0x0, 0x0, 0x0, 0x0, 0xf, 0xff, 0xb0, 0x0,
    0x0, 0x0, 0x0, 0xff, 0xfb, 0x0, 0x0, 0x0,
    0x0, 0xf, 0xff, 0xb0, 0x0, 0x0, 0x0, 0x0,
    0xff, 0xfb, 0x0, 0x0, 0x0, 0x0, 0xf, 0xff,
    0xb0, 0x0, 0x0, 0x0, 0x0, 0xff, 0xfb, 0x0,
    0x0, 0x0, 0x0, 0xf, 0xff, 0xb0, 0x0, 0x0,
    0x0, 0x0, 0xff, 0xfb, 0x0, 0x0, 0x0,

    /* U+0067 "g" */
    0x0, 0x0, 0x39, 0xdf, 0xfe, 0xb5, 0x3, 0xff,
    0xf5, 0x0, 0x1b, 0xff, 0xff, 0xff, 0xff, 0xd5,
    0xff, 0xf5, 0x1, 0xdf, 0xff, 0xff, 0xff, 0xff,
    0xff, 0xff, 0xf5, 0xb, 0xff, 0xfe, 0x61, 0x0,
    0x39, 0xff, 0xff, 0xf5, 0x4f, 0xff, 0xe1, 0x0,
    0x0, 0x0, 0x6f, 0xff, 0xf5, 0x9f, 0xff, 0x50,
    0x0, 0x0, 0x0, 0xb, 0xff, 0xf5, 0xcf, 0xff,
    0x0, 0x0, 0x0, 0x0, 0x6, 0xff, 0xf5, 0xdf,
    0xff, 0x0, 0x0, 0x0, 0x0, 0x5, 0xff, 0xf5,
    0xcf, 0xff, 0x0, 0x0, 0x0, 0x0, 0x7, 0xff,
    0xf5, 0xaf, 0xff, 0x60, 0x0, 0x0, 0x0, 0xc,
    0xff, 0xf5, 0x4f, 0xff, 0xe2, 0x0, 0x0, 0x0,
    0x7f, 0xff, 0xf5, 0xc, 0xff, 0xff, 0x72, 0x0,
    0x4b, 0xff, 0xff, 0xf5, 0x2, 0xef, 0xff, 0xff,
    0xff, 0xff, 0xff, 0xff, 0xf5, 0x0, 0x2c, 0xff,
    0xff, 0xff, 0xff, 0xe9, 0xff, 0xf5, 0x0, 0x0,
    0x5b, 0xff, 0xff, 0xd7, 0x6, 0xff, 0xf5, 0x0,
    0x0, 0x0, 0x1, 0x10, 0x0, 0x8, 0xff, 0xf3,
    0x0, 0x0, 0x0, 0x0, 0x0, 0x0, 0xd, 0xff,
    0xf0, 0x0, 0xc8, 0x0, 0x0, 0x0, 0x0, 0x8f,
    0xff, 0xb0, 0x5, 0xff, 0xf9, 0x53, 0x23, 0x5b,
    0xff, 0xff, 0x40, 0xd, 0xff, 0xff, 0xff, 0xff,
    0xff, 0xff, 0xf8, 0x0, 0x2, 0xbf, 0xff, 0xff,
    0xff, 0xff, 0xff, 0x70, 0x0, 0x0, 0x2, 0x7a,
    0xdf, 0xff, 0xeb, 0x71, 0x0, 0x0,

    /* U+0068 "h" */
    0x8f, 0xff, 0x30, 0x0, 0x0, 0x0, 0x0, 0x0,
    0x8, 0xff, 0xf3, 0x0, 0x0, 0x0, 0x0, 0x0,
    0x0, 0x8f, 0xff, 0x30, 0x0, 0x0, 0x0, 0x0,
    0x0, 0x8, 0xff, 0xf3, 0x0, 0x0, 0x0, 0x0,
    0x0, 0x0, 0x8f, 0xff, 0x30, 0x0, 0x0, 0x0,
    0x0, 0x0, 0x8, 0xff, 0xf3, 0x0, 0x0, 0x0,
    0x0, 0x0, 0x0, 0x8f, 0xff, 0x31, 0x7c, 0xef,
    0xfc, 0x70, 0x0, 0x8, 0xff, 0xf7, 0xef, 0xff,
    0xff, 0xff, 0xe3, 0x0, 0x8f, 0xff, 0xff, 0xff,
    0xff, 0xff, 0xff, 0xe1, 0x8, 0xff, 0xff, 0xfb,
    0x54, 0x49, 0xff, 0xff, 0x90, 0x8f, 0xff, 0xf6,
    0x0, 0x0, 0x5, 0xff, 0xfe, 0x8, 0xff, 0xfb,
    0x0, 0x0, 0x0, 0xc, 0xff, 0xf2, 0x8f, 0xff,
    0x50, 0x0, 0x0, 0x0, 0x9f, 0xff, 0x38, 0xff,
    0xf3, 0x0, 0x0, 0x0, 0x8, 0xff, 0xf3, 0x8f,
    0xff, 0x30, 0x0, 0x0, 0x0, 0x8f, 0xff, 0x38,
    0xff, 0xf3, 0x0, 0x0, 0x0, 0x8, 0xff, 0xf3,
    0x8f, 0xff, 0x30, 0x0, 0x0, 0x0, 0x8f, 0xff,
    0x38, 0xff, 0xf3, 0x0, 0x0, 0x0, 0x8, 0xff,
    0xf3, 0x8f, 0xff, 0x30, 0x0, 0x0, 0x0, 0x8f,
    0xff, 0x38, 0xff, 0xf3, 0x0, 0x0, 0x0, 0x8,
    0xff, 0xf3, 0x8f, 0xff, 0x30, 0x0, 0x0, 0x0,
    0x8f, 0xff, 0x38, 0xff, 0xf3, 0x0, 0x0, 0x0,
    0x8, 0xff, 0xf3,

    /* U+0069 "i" */
    0x3, 0xdf, 0xb1, 0xe, 0xff, 0xfa, 0xf, 0xff,
    0xfb, 0x9, 0xff, 0xf4, 0x0, 0x46, 0x30, 0x0,
    0x0, 0x0, 0x0, 0x0, 0x0, 0x8, 0xff, 0xf3,
    0x8, 0xff, 0xf3, 0x8, 0xff, 0xf3, 0x8, 0xff,
    0xf3, 0x8, 0xff, 0xf3, 0x8, 0xff, 0xf3, 0x8,
    0xff, 0xf3, 0x8, 0xff, 0xf3, 0x8, 0xff, 0xf3,
    0x8, 0xff, 0xf3, 0x8, 0xff, 0xf3, 0x8, 0xff,
    0xf3, 0x8, 0xff, 0xf3, 0x8, 0xff, 0xf3, 0x8,
    0xff, 0xf3, 0x8, 0xff, 0xf3,

    /* U+006A "j" */
    0x0, 0x0, 0x2, 0xcf, 0xc2, 0x0, 0x0, 0xc,
    0xff, 0xfc, 0x0, 0x0, 0xd, 0xff, 0xfd, 0x0,
    0x0, 0x7, 0xff, 0xf7, 0x0, 0x0, 0x0, 0x36,
    0x30, 0x0, 0x0, 0x0, 0x0, 0x0, 0x0, 0x0,
    0x0, 0x0, 0x0, 0x0, 0x0, 0x5, 0xff, 0xf6,
    0x0, 0x0, 0x5, 0xff, 0xf6, 0x0, 0x0, 0x5,
    0xff, 0xf6, 0x0, 0x0, 0x5, 0xff, 0xf6, 0x0,
    0x0, 0x5, 0xff, 0xf6, 0x0, 0x0, 0x5, 0xff,
    0xf6, 0x0, 0x0, 0x5, 0xff, 0xf6, 0x0, 0x0,
    0x5, 0xff, 0xf6, 0x0, 0x0, 0x5, 0xff, 0xf6,
    0x0, 0x0, 0x5, 0xff, 0xf6, 0x0, 0x0, 0x5,
    0xff, 0xf6, 0x0, 0x0, 0x5, 0xff, 0xf6, 0x0,
    0x0, 0x5, 0xff, 0xf6, 0x0, 0x0, 0x5, 0xff,
    0xf6, 0x0, 0x0, 0x5, 0xff, 0xf6, 0x0, 0x0,
    0x5, 0xff, 0xf6, 0x0, 0x0, 0x5, 0xff, 0xf6,
    0x0, 0x0, 0x8, 0xff, 0xf4, 0x6, 0x21, 0x4f,
    0xff, 0xf1, 0x2f, 0xff, 0xff, 0xff, 0xa0, 0x9f,
    0xff, 0xff, 0xfc, 0x10, 0x4a, 0xef, 0xfc, 0x70,
    0x0,

    /* U+006B "k" */
    0x8f, 0xff, 0x30, 0x0, 0x0, 0x0, 0x0, 0x0,
    0x0, 0x8f, 0xff, 0x30, 0x0, 0x0, 0x0, 0x0,
    0x0, 0x0, 0x8f, 0xff, 0x30, 0x0, 0x0, 0x0,
    0x0, 0x0, 0x0, 0x8f, 0xff, 0x30, 0x0, 0x0,
    0x0, 0x0, 0x0, 0x0, 0x8f, 0xff, 0x30, 0x0,
    0x0, 0x0, 0x0, 0x0, 0x0, 0x8f, 0xff, 0x30,
    0x0, 0x0, 0x0, 0x0, 0x0, 0x0, 0x8f, 0xff,
    0x30, 0x0, 0x0, 0x8, 0xff, 0xfd, 0x10, 0x8f,
    0xff, 0x30, 0x0, 0x0, 0xaf, 0xff, 0xd1, 0x0,
    0x8f, 0xff, 0x30, 0x0, 0xb, 0xff, 0xfe, 0x20,
    0x0, 0x8f, 0xff, 0x30, 0x0, 0xcf, 0xff, 0xe2,
    0x0, 0x0, 0x8f, 0xff, 0x30, 0x1c, 0xff, 0xfe,
    0x20, 0x0, 0x0, 0x8f, 0xff, 0x31, 0xdf, 0xff,
    0xe2, 0x0, 0x0, 0x0, 0x8f, 0xff, 0x5e, 0xff,
    0xff, 0x20, 0x0, 0x0, 0x0, 0x8f, 0xff, 0xff,
    0xff, 0xff, 0x60, 0x0, 0x0, 0x0, 0x8f, 0xff,
    0xff, 0xff, 0xff, 0xf3, 0x0, 0x0, 0x0, 0x8f,
    0xff, 0xff, 0x9b, 0xff, 0xfe, 0x10, 0x0, 0x0,
    0x8f, 0xff, 0xf9, 0x1, 0xdf, 0xff, 0xc0, 0x0,
    0x0, 0x8f, 0xff, 0x80, 0x0, 0x2f, 0xff, 0xf9,
    0x0, 0x0, 0x8f, 0xff, 0x30, 0x0, 0x4, 0xff,
    0xff, 0x50, 0x0, 0x8f, 0xff, 0x30, 0x0, 0x0,
    0x7f, 0xff, 0xf2, 0x0, 0x8f, 0xff, 0x30, 0x0,
    0x0, 0xa, 0xff, 0xfd, 0x10, 0x8f, 0xff, 0x30,
    0x0, 0x0, 0x0, 0xdf, 0xff, 0xb0,

    /* U+006C "l" */
    0x8f, 0xff, 0x38, 0xff, 0xf3, 0x8f, 0xff, 0x38,
    0xff, 0xf3, 0x8f, 0xff, 0x38, 0xff, 0xf3, 0x8f,
    0xff, 0x38, 0xff, 0xf3, 0x8f, 0xff, 0x38, 0xff,
    0xf3, 0x8f, 0xff, 0x38, 0xff, 0xf3, 0x8f, 0xff,
    0x38, 0xff, 0xf3, 0x8f, 0xff, 0x38, 0xff, 0xf3,
    0x8f, 0xff, 0x38, 0xff, 0xf3, 0x8f, 0xff, 0x38,
    0xff, 0xf3, 0x8f, 0xff, 0x38, 0xff, 0xf3,

    /* U+006D "m" */
    0x8f, 0xff, 0x2, 0x8d, 0xff, 0xeb, 0x40, 0x0,
    0x6, 0xbe, 0xff, 0xc7, 0x10, 0x0, 0x8f, 0xff,
    0x6f, 0xff, 0xff, 0xff, 0xfb, 0x4, 0xef, 0xff,
    0xff, 0xff, 0xe3, 0x0, 0x8f, 0xff, 0xff, 0xff,
    0xff, 0xff, 0xff, 0xcf, 0xff, 0xff, 0xff, 0xff,
    0xff, 0x10, 0x8f, 0xff, 0xff, 0x72, 0x13, 0xaf,
    0xff, 0xff, 0xfb, 0x41, 0x15, 0xef, 0xff, 0xa0,
    0x8f, 0xff, 0xf3, 0x0, 0x0, 0xa, 0xff, 0xff,
    0xb0, 0x0, 0x0, 0x2f, 0xff, 0xf0, 0x8f, 0xff,
    0x90, 0x0, 0x0, 0x3, 0xff, 0xff, 0x20, 0x0,
    0x0, 0xb, 0xff, 0xf2, 0x8f, 0xff, 0x50, 0x0,
    0x0, 0x0, 0xff, 0xfd, 0x0, 0x0, 0x0, 0x8,
    0xff, 0xf3, 0x8f, 0xff, 0x30, 0x0, 0x0, 0x0,
    0xff, 0xfc, 0x0, 0x0, 0x0, 0x8, 0xff, 0xf4,
    0x8f, 0xff, 0x30, 0x0, 0x0, 0x0, 0xff, 0xfb,
    0x0, 0x0, 0x0, 0x8, 0xff, 0xf4, 0x8f, 0xff,
    0x30, 0x0, 0x0, 0x0, 0xff, 0xfb, 0x0, 0x0,
    0x0, 0x8, 0xff, 0xf4, 0x8f, 0xff, 0x30, 0x0,
    0x0, 0x0, 0xff, 0xfb, 0x0, 0x0, 0x0, 0x8,
    0xff, 0xf4, 0x8f, 0xff, 0x30, 0x0, 0x0, 0x0,
    0xff, 0xfb, 0x0, 0x0, 0x0, 0x8, 0xff, 0xf4,
    0x8f, 0xff, 0x30, 0x0, 0x0, 0x0, 0xff, 0xfb,
    0x0, 0x0, 0x0, 0x8, 0xff, 0xf4, 0x8f, 0xff,
    0x30, 0x0, 0x0, 0x0, 0xff, 0xfb, 0x0, 0x0,
    0x0, 0x8, 0xff, 0xf4, 0x8f, 0xff, 0x30, 0x0,
    0x0, 0x0, 0xff, 0xfb, 0x0, 0x0, 0x0, 0x8,
    0xff, 0xf4, 0x8f, 0xff, 0x30, 0x0, 0x0, 0x0,
    0xff, 0xfb, 0x0, 0x0, 0x0, 0x8, 0xff, 0xf4,

    /* U+006E "n" */
    0x8f, 0xff, 0x1, 0x7c, 0xef, 0xfc, 0x70, 0x0,
    0x8, 0xff, 0xf6, 0xff, 0xff, 0xff, 0xff, 0xe3,
    0x0, 0x8f, 0xff, 0xff, 0xff, 0xff, 0xff, 0xff,
    0xe1, 0x8, 0xff, 0xff, 0xf8, 0x31, 0x16, 0xff,
    0xff, 0x90, 0x8f, 0xff, 0xf4, 0x0, 0x0, 0x3,
    0xff, 0xfe, 0x8, 0xff, 0xfa, 0x0, 0x0, 0x0,
    0xc, 0xff, 0xf2, 0x8f, 0xff, 0x50, 0x0, 0x0,
    0x0, 0x9f, 0xff, 0x38, 0xff, 0xf3, 0x0, 0x0,
    0x0, 0x8, 0xff, 0xf3, 0x8f, 0xff, 0x30, 0x0,
    0x0, 0x0, 0x8f, 0xff, 0x38, 0xff, 0xf3, 0x0,
    0x0, 0x0, 0x8, 0xff, 0xf3, 0x8f, 0xff, 0x30,
    0x0, 0x0, 0x0, 0x8f, 0xff, 0x38, 0xff, 0xf3,
    0x0, 0x0, 0x0, 0x8, 0xff, 0xf3, 0x8f, 0xff,
    0x30, 0x0, 0x0, 0x0, 0x8f, 0xff, 0x38, 0xff,
    0xf3, 0x0, 0x0, 0x0, 0x8, 0xff, 0xf3, 0x8f,
    0xff, 0x30, 0x0, 0x0, 0x0, 0x8f, 0xff, 0x38,
    0xff, 0xf3, 0x0, 0x0, 0x0, 0x8, 0xff, 0xf3,

    /* U+006F "o" */
    0x0, 0x0, 0x17, 0xce, 0xff, 0xd9, 0x40, 0x0,
    0x0, 0x0, 0x7, 0xff, 0xff, 0xff, 0xff, 0xfb,
    0x10, 0x0, 0x0, 0xaf, 0xff, 0xff, 0xff, 0xff,
    0xff, 0xe2, 0x0, 0x8, 0xff, 0xff, 0x94, 0x23,
    0x7e, 0xff, 0xfd, 0x0, 0x1f, 0xff, 0xf4, 0x0,
    0x0, 0x1, 0xcf, 0xff, 0x70, 0x7f, 0xff, 0x80,
    0x0, 0x0, 0x0, 0x2f, 0xff, 0xd0, 0xbf, 0xff,
    0x10, 0x0, 0x0, 0x0, 0xc, 0xff, 0xf1, 0xdf,
    0xff, 0x0, 0x0, 0x0, 0x0, 0x9, 0xff, 0xf2,
    0xdf, 0xff, 0x0, 0x0, 0x0, 0x0, 0x9, 0xff,
    0xf2, 0xbf, 0xff, 0x20, 0x0, 0x0, 0x0, 0xc,
    0xff, 0xf1, 0x7f, 0xff, 0x80, 0x0, 0x0, 0x0,
    0x2f, 0xff, 0xd0, 0x1f, 0xff, 0xf4, 0x0, 0x0,
    0x1, 0xdf, 0xff, 0x60, 0x7, 0xff, 0xff, 0xa4,
    0x33, 0x7e, 0xff, 0xfd, 0x0, 0x0, 0xaf, 0xff,
    0xff, 0xff, 0xff, 0xff, 0xe2, 0x0, 0x0, 0x7,
    0xff, 0xff, 0xff, 0xff, 0xfb, 0x10, 0x0, 0x0,
    0x0, 0x17, 0xce, 0xff, 0xd9, 0x30, 0x0, 0x0,

    /* U+0070 "p" */
    0x8f, 0xff, 0x1, 0x7c, 0xff, 0xec, 0x71, 0x0,
    0x0, 0x8f, 0xff, 0x4e, 0xff, 0xff, 0xff, 0xfe,
    0x50, 0x0, 0x8f, 0xff, 0xff, 0xff, 0xff, 0xff,
    0xff, 0xf7, 0x0, 0x8f, 0xff, 0xff, 0xb5, 0x23,
    0x6d, 0xff, 0xff, 0x30, 0x8f, 0xff, 0xf7, 0x0,
    0x0, 0x0, 0xaf, 0xff, 0xc0, 0x8f, 0xff, 0xb0,
    0x0, 0x0, 0x0, 0xe, 0xff, 0xf2, 0x8f, 0xff,
    0x50, 0x0, 0x0, 0x0, 0x8, 0xff, 0xf5, 0x8f,
    0xff, 0x20, 0x0, 0x0, 0x0, 0x5, 0xff, 0xf7,
    0x8f, 0xff, 0x20, 0x0, 0x0, 0x0, 0x6, 0xff,
    0xf7, 0x8f, 0xff, 0x50, 0x0, 0x0, 0x0, 0x8,
    0xff, 0xf5, 0x8f, 0xff, 0xc0, 0x0, 0x0, 0x0,
    0xe, 0xff, 0xf2, 0x8f, 0xff, 0xf8, 0x0, 0x0,
    0x0, 0xaf, 0xff, 0xc0, 0x8f, 0xff, 0xff, 0xc5,
    0x33, 0x6d, 0xff, 0xff, 0x30, 0x8f, 0xff, 0xff,
    0xff, 0xff, 0xff, 0xff, 0xf7, 0x0, 0x8f, 0xff,
    0x6e, 0xff, 0xff, 0xff, 0xfe, 0x50, 0x0, 0x8f,
    0xff, 0x30, 0x7c, 0xff, 0xec, 0x71, 0x0, 0x0,
    0x8f, 0xff, 0x30, 0x0, 0x0, 0x0, 0x0, 0x0,
    0x0, 0x8f, 0xff, 0x30, 0x0, 0x0, 0x0, 0x0,
    0x0, 0x0, 0x8f, 0xff, 0x30, 0x0, 0x0, 0x0,
    0x0, 0x0, 0x0, 0x8f, 0xff, 0x30, 0x0, 0x0,
    0x0, 0x0, 0x0, 0x0, 0x8f, 0xff, 0x30, 0x0,
    0x0, 0x0, 0x0, 0x0, 0x0, 0x8f, 0xff, 0x30,
    0x0, 0x0, 0x0, 0x0, 0x0, 0x0,

    /* U+0071 "q" */
    0x0, 0x0, 0x39, 0xdf, 0xfe, 0xa4, 0x7, 0xff,
    0xf2, 0x0, 0xa, 0xff, 0xff, 0xff, 0xff, 0xb8,
    0xff, 0xf2, 0x0, 0xcf, 0xff, 0xff, 0xff, 0xff,
    0xff, 0xff, 0xf2, 0xa, 0xff, 0xff, 0x94, 0x23,
    0x7e, 0xff, 0xff, 0xf2, 0x2f, 0xff, 0xf4, 0x0,
    0x0, 0x1, 0xdf, 0xff, 0xf2, 0x8f, 0xff, 0x80,
    0x0, 0x0, 0x0, 0x2f, 0xff, 0xf2, 0xbf, 0xff,
    0x10, 0x0, 0x0, 0x0, 0xc, 0xff, 0xf2, 0xdf,
    0xff, 0x0, 0x0, 0x0, 0x0, 0x9, 0xff, 0xf2,
    0xdf, 0xff, 0x0, 0x0, 0x0, 0x0, 0x9, 0xff,
    0xf2, 0xbf, 0xff, 0x20, 0x0, 0x0, 0x0, 0xc,
    0xff, 0xf2, 0x8f, 0xff, 0x80, 0x0, 0x0, 0x0,
    0x2f, 0xff, 0xf2, 0x2f, 0xff, 0xf4, 0x0, 0x0,
    0x1, 0xdf, 0xff, 0xf2, 0x9, 0xff, 0xff, 0xa4,
    0x33, 0x7e, 0xff, 0xff, 0xf2, 0x0, 0xcf, 0xff,
    0xff, 0xff, 0xff, 0xff, 0xff, 0xf2, 0x0, 0xa,
    0xff, 0xff, 0xff, 0xff, 0xaa, 0xff, 0xf2, 0x0,
    0x0, 0x39, 0xdf, 0xfe, 0xa4, 0xa, 0xff, 0xf2,
    0x0, 0x0, 0x0, 0x0, 0x0, 0x0, 0xa, 0xff,
    0xf2, 0x0, 0x0, 0x0, 0x0, 0x0, 0x0, 0xa,
    0xff, 0xf2, 0x0, 0x0, 0x0, 0x0, 0x0, 0x0,
    0xa, 0xff, 0xf2, 0x0, 0x0, 0x0, 0x0, 0x0,
    0x0, 0xa, 0xff, 0xf2, 0x0, 0x0, 0x0, 0x0,
    0x0, 0x0, 0xa, 0xff, 0xf2, 0x0, 0x0, 0x0,
    0x0, 0x0, 0x0, 0xa, 0xff, 0xf2,

    /* U+0072 "r" */
    0x8f, 0xff, 0x1, 0x7c, 0xeb, 0x8f, 0xff, 0x4e,
    0xff, 0xfb, 0x8f, 0xff, 0xff, 0xff, 0xfb, 0x8f,
    0xff, 0xff, 0xc6, 0x43, 0x8f, 0xff, 0xf7, 0x0,
    0x0, 0x8f, 0xff, 0xc0, 0x0, 0x0, 0x8f, 0xff,
    0x60, 0x0, 0x0, 0x8f, 0xff, 0x30, 0x0, 0x0,
    0x8f, 0xff, 0x30, 0x0, 0x0, 0x8f, 0xff, 0x30,
    0x0, 0x0, 0x8f, 0xff, 0x30, 0x0, 0x0, 0x8f,
    0xff, 0x30, 0x0, 0x0, 0x8f, 0xff, 0x30, 0x0,
    0x0, 0x8f, 0xff, 0x30, 0x0, 0x0, 0x8f, 0xff,
    0x30, 0x0, 0x0, 0x8f, 0xff, 0x30, 0x0, 0x0,

    /* U+0073 "s" */
    0x0, 0x0, 0x6b, 0xef, 0xfe, 0xc9, 0x50, 0x0,
    0x4, 0xef, 0xff, 0xff, 0xff, 0xff, 0xe0, 0x2,
    0xff, 0xff, 0xff, 0xff, 0xff, 0xf9, 0x0, 0xaf,
    0xff, 0x92, 0x0, 0x14, 0x9e, 0x10, 0xd, 0xff,
    0xd0, 0x0, 0x0, 0x0, 0x0, 0x0, 0xdf, 0xfe,
    0x20, 0x0, 0x0, 0x0, 0x0, 0x9, 0xff, 0xff,
    0xb8, 0x53, 0x0, 0x0, 0x0, 0x1d, 0xff, 0xff,
    0xff, 0xff, 0xb4, 0x0, 0x0, 0x18, 0xef, 0xff,
    0xff, 0xff, 0xfa, 0x0, 0x0, 0x0, 0x25, 0x8a,
    0xef, 0xff, 0xf5, 0x0, 0x0, 0x0, 0x0, 0x0,
    0x5f, 0xff, 0x90, 0x4, 0x0, 0x0, 0x0, 0x0,
    0xff, 0xfa, 0x7, 0xfd, 0x73, 0x10, 0x3, 0xbf,
    0xff, 0x71, 0xff, 0xff, 0xff, 0xff, 0xff, 0xff,
    0xd0, 0x1b, 0xff, 0xff, 0xff, 0xff, 0xff, 0xc2,
    0x0, 0x2, 0x7b, 0xdf, 0xff, 0xda, 0x40, 0x0,

    /* U+0074 "t" */
    0x0, 0x8, 0x88, 0x50, 0x0, 0x0, 0x0, 0x0,
    0xff, 0xfb, 0x0, 0x0, 0x0, 0x0, 0xf, 0xff,
    0xb0, 0x0, 0x0, 0x0, 0x0, 0xff, 0xfb, 0x0,
    0x0, 0x0, 0xaf, 0xff, 0xff, 0xff, 0xff, 0xf0,
    0xa, 0xff, 0xff, 0xff, 0xff, 0xff, 0x0, 0xaf,
    0xff, 0xff, 0xff, 0xff, 0xf0, 0x0, 0x0, 0xff,
    0xfb, 0x0, 0x0, 0x0, 0x0, 0xf, 0xff, 0xb0,
    0x0, 0x0, 0x0, 0x0, 0xff, 0xfb, 0x0, 0x0,
    0x0, 0x0, 0xf, 0xff, 0xb0, 0x0, 0x0, 0x0,
    0x0, 0xff, 0xfb, 0x0, 0x0, 0x0, 0x0, 0xf,
    0xff, 0xb0, 0x0, 0x0, 0x0, 0x0, 0xff, 0xfb,
    0x0, 0x0, 0x0, 0x0, 0xf, 0xff, 0xb0, 0x0,
    0x0, 0x0, 0x0, 0xff, 0xfd, 0x0, 0x0, 0x0,
    0x0, 0xc, 0xff, 0xf8, 0x11, 0x62, 0x0, 0x0,
    0x6f, 0xff, 0xff, 0xff, 0x80, 0x0, 0x0, 0xbf,
    0xff, 0xff, 0xfe, 0x0, 0x0, 0x0, 0x6c, 0xff,
    0xeb, 0x40,

    /* U+0075 "u" */
    0xaf, 0xff, 0x10, 0x0, 0x0, 0x0, 0xcf, 0xff,
    0xaf, 0xff, 0x10, 0x0, 0x0, 0x0, 0xcf, 0xff,
    0xaf, 0xff, 0x10, 0x0, 0x0, 0x0, 0xcf, 0xff,
    0xaf, 0xff, 0x10, 0x0, 0x0, 0x0, 0xcf, 0xff,
    0xaf, 0xff, 0x10, 0x0, 0x0, 0x0, 0xcf, 0xff,
    0xaf, 0xff, 0x10, 0x0, 0x0, 0x0, 0xcf, 0xff,
    0xaf, 0xff, 0x10, 0x0, 0x0, 0x0, 0xcf, 0xff,
    0xaf, 0xff, 0x10, 0x0, 0x0, 0x0, 0xcf, 0xff,
    0xaf, 0xff, 0x10, 0x0, 0x0, 0x0, 0xdf, 0xff,
    0xaf, 0xff, 0x20, 0x0, 0x0, 0x0, 0xff, 0xff,
    0x8f, 0xff, 0x60, 0x0, 0x0, 0x4, 0xff, 0xff,
    0x5f, 0xff, 0xd1, 0x0, 0x0, 0x1e, 0xff, 0xff,
    0xf, 0xff, 0xfe, 0x74, 0x48, 0xef, 0xff, 0xff,
    0x6, 0xff, 0xff, 0xff, 0xff, 0xff, 0xff, 0xff,
    0x0, 0x7f, 0xff, 0xff, 0xff, 0xfa, 0x9f, 0xff,
    0x0, 0x2, 0x9d, 0xff, 0xea, 0x40, 0x9f, 0xff,

    /* U+0076 "v" */
    0xe, 0xff, 0xe0, 0x0, 0x0, 0x0, 0x0, 0x5f,
    0xff, 0x30, 0x8f, 0xff, 0x60, 0x0, 0x0, 0x0,
    0xc, 0xff, 0xc0, 0x1, 0xff, 0xfc, 0x0, 0x0,
    0x0, 0x3, 0xff, 0xf6, 0x0, 0xa, 0xff, 0xf3,
    0x0, 0x0, 0x0, 0xaf, 0xfe, 0x0, 0x0, 0x3f,
    0xff, 0xa0, 0x0, 0x0, 0x1f, 0xff, 0x80, 0x0,
    0x0, 0xcf, 0xff, 0x10, 0x0, 0x8, 0xff, 0xf1,
    0x0, 0x0, 0x5, 0xff, 0xf7, 0x0, 0x0, 0xef,
    0xfa, 0x0, 0x0, 0x0, 0xe, 0xff, 0xd0, 0x0,
    0x6f, 0xff, 0x30, 0x0, 0x0, 0x0, 0x8f, 0xff,
    0x40, 0xd, 0xff, 0xc0, 0x0, 0x0, 0x0, 0x1,
    0xff, 0xfb, 0x4, 0xff, 0xf6, 0x0, 0x0, 0x0,
    0x0, 0xa, 0xff, 0xf2, 0xbf, 0xfe, 0x0, 0x0,
    0x0, 0x0, 0x0, 0x3f, 0xff, 0xbf, 0xff, 0x80,
    0x0, 0x0, 0x0, 0x0, 0x0, 0xcf, 0xff, 0xff,
    0xf1, 0x0, 0x0, 0x0, 0x0, 0x0, 0x5, 0xff,
    0xff, 0xfa, 0x0, 0x0, 0x0, 0x0, 0x0, 0x0,
    0xe, 0xff, 0xff, 0x30, 0x0, 0x0, 0x0, 0x0,
    0x0, 0x0, 0x7f, 0xff, 0xc0, 0x0, 0x0, 0x0,

    /* U+0077 "w" */
    0xbf, 0xfd, 0x0, 0x0, 0x0, 0x0, 0xef, 0xfa,
    0x0, 0x0, 0x0, 0x1, 0xff, 0xf4, 0x5f, 0xff,
    0x30, 0x0, 0x0, 0x4, 0xff, 0xff, 0x0, 0x0,
    0x0, 0x6, 0xff, 0xe0, 0xe, 0xff, 0x80, 0x0,
    0x0, 0xa, 0xff, 0xff, 0x50, 0x0, 0x0, 0xc,
    0xff, 0x80, 0x9, 0xff, 0xe0, 0x0, 0x0, 0xf,
    0xff, 0xff, 0xb0, 0x0, 0x0, 0x2f, 0xff, 0x20,
    0x3, 0xff, 0xf4, 0x0, 0x0, 0x6f, 0xff, 0xff,
    0xf1, 0x0, 0x0, 0x8f, 0xfc, 0x0, 0x0, 0xdf,
    0xf9, 0x0, 0x0, 0xcf, 0xfa, 0xff, 0xf7, 0x0,
    0x0, 0xef, 0xf6, 0x0, 0x0, 0x7f, 0xff, 0x0,
    0x2, 0xff, 0xf3, 0x9f, 0xfd, 0x0, 0x4, 0xff,
    0xf1, 0x0, 0x0, 0x2f, 0xff, 0x50, 0x8, 0xff,
    0xd0, 0x3f, 0xff, 0x20, 0xa, 0xff, 0xa0, 0x0,
    0x0, 0xc, 0xff, 0xb0, 0xd, 0xff, 0x70, 0xd,
    0xff, 0x80, 0xf, 0xff, 0x50, 0x0, 0x0, 0x6,
    0xff, 0xf1, 0x4f, 0xff, 0x10, 0x8, 0xff, 0xe0,
    0x5f, 0xfe, 0x0, 0x0, 0x0, 0x0, 0xff, 0xf6,
    0xaf, 0xfb, 0x0, 0x2, 0xff, 0xf4, 0xbf, 0xf9,
    0x0, 0x0, 0x0, 0x0, 0xaf, 0xfc, 0xff, 0xf5,
    0x0, 0x0, 0xcf, 0xfb, 0xff, 0xf3, 0x0, 0x0,
    0x0, 0x0, 0x4f, 0xff, 0xff, 0xe0, 0x0, 0x0,
    0x6f, 0xff, 0xff, 0xd0, 0x0, 0x0, 0x0, 0x0,
    0xe, 0xff, 0xff, 0x80, 0x0, 0x0, 0xf, 0xff,
    0xff, 0x70, 0x0, 0x0, 0x0, 0x0, 0x8, 0xff,
    0xff, 0x20, 0x0, 0x0, 0xa, 0xff, 0xff, 0x10,
    0x0, 0x0, 0x0, 0x0, 0x2, 0xff, 0xfc, 0x0,
    0x0, 0x0, 0x4, 0xff, 0xfb, 0x0, 0x0, 0x0,

    /* U+0078 "x" */
    0x2f, 0xff, 0xf2, 0x0, 0x0, 0x0, 0xcf, 0xff,
    0x40, 0x5f, 0xff, 0xc0, 0x0, 0x0, 0x9f, 0xff,
    0x70, 0x0, 0x8f, 0xff, 0x90, 0x0, 0x5f, 0xff,
    0xb0, 0x0, 0x0, 0xcf, 0xff, 0x50, 0x2f, 0xff,
    0xd1, 0x0, 0x0, 0x1, 0xef, 0xff, 0x2c, 0xff,
    0xf3, 0x0, 0x0, 0x0, 0x4, 0xff, 0xff, 0xff,
    0xf6, 0x0, 0x0, 0x0, 0x0, 0x8, 0xff, 0xff,
    0xfa, 0x0, 0x0, 0x0, 0x0, 0x0, 0xc, 0xff,
    0xfe, 0x0, 0x0, 0x0, 0x0, 0x0, 0x1, 0xef,
    0xff, 0xf3, 0x0, 0x0, 0x0, 0x0, 0x0, 0xbf,
    0xff, 0xff, 0xd0, 0x0, 0x0, 0x0, 0x0, 0x8f,
    0xff, 0xcf, 0xff, 0xa0, 0x0, 0x0, 0x0, 0x4f,
    0xff, 0xc0, 0xaf, 0xff, 0x70, 0x0, 0x0, 0x1e,
    0xff, 0xe1, 0x1, 0xdf, 0xff, 0x30, 0x0, 0xc,
    0xff, 0xf4, 0x0, 0x3, 0xff, 0xfe, 0x10, 0x9,
    0xff, 0xf8, 0x0, 0x0, 0x7, 0xff, 0xfb, 0x5,
    0xff, 0xfc, 0x0, 0x0, 0x0, 0xb, 0xff, 0xf8,

    /* U+0079 "y" */
    0xe, 0xff, 0xe0, 0x0, 0x0, 0x0, 0x0, 0x5f,
    0xff, 0x30, 0x8f, 0xff, 0x60, 0x0, 0x0, 0x0,
    0xc, 0xff, 0xc0, 0x1, 0xff, 0xfc, 0x0, 0x0,
    0x0, 0x3, 0xff, 0xf5, 0x0, 0xa, 0xff, 0xf3,
    0x0, 0x0, 0x0, 0xaf, 0xfe, 0x0, 0x0, 0x3f,
    0xff, 0xa0, 0x0, 0x0, 0x1f, 0xff, 0x80, 0x0,
    0x0, 0xcf, 0xff, 0x10, 0x0, 0x8, 0xff, 0xf1,
    0x0, 0x0, 0x5, 0xff, 0xf8, 0x0, 0x0, 0xef,
    0xfa, 0x0, 0x0, 0x0, 0xd, 0xff, 0xe0, 0x0,
    0x5f, 0xff, 0x30, 0x0, 0x0, 0x0, 0x7f, 0xff,
    0x50, 0xc, 0xff, 0xc0, 0x0, 0x0, 0x0, 0x0,
    0xff, 0xfc, 0x3, 0xff, 0xf5, 0x0, 0x0, 0x0,
    0x0, 0x9, 0xff, 0xf3, 0xaf, 0xfe, 0x0, 0x0,
    0x0, 0x0, 0x0, 0x2f, 0xff, 0xbf, 0xff, 0x70,
    0x0, 0x0, 0x0, 0x0, 0x0, 0xbf, 0xff, 0xff,
    0xf1, 0x0, 0x0, 0x0, 0x0, 0x0, 0x4, 0xff,
    0xff, 0xf9, 0x0, 0x0, 0x0, 0x0, 0x0, 0x0,
    0xd, 0xff, 0xff, 0x20, 0x0, 0x0, 0x0, 0x0,
    0x0, 0x0, 0x6f, 0xff, 0xb0, 0x0, 0x0, 0x0,
    0x0, 0x0, 0x0, 0x5, 0xff, 0xf4, 0x0, 0x0,
    0x0, 0x0, 0x0, 0x0, 0x0, 0xdf, 0xfd, 0x0,
    0x0, 0x0, 0x0, 0x6, 0xc5, 0x13, 0xbf, 0xff,
    0x50, 0x0, 0x0, 0x0, 0x0, 0xef, 0xff, 0xff,
    0xff, 0xb0, 0x0, 0x0, 0x0, 0x0, 0x4f, 0xff,
    0xff, 0xff, 0xc1, 0x0, 0x0, 0x0, 0x0, 0x0,
    0x3a, 0xef, 0xfc, 0x70, 0x0, 0x0, 0x0, 0x0,
    0x0,

    /* U+007A "z" */
    0xbf, 0xff, 0xff, 0xff, 0xff, 0xff, 0xfb, 0xbf,
    0xff, 0xff, 0xff, 0xff, 0xff, 0xfb, 0xaf, 0xff,
    0xff, 0xff, 0xff, 0xff, 0xf8, 0x0, 0x0, 0x0,
    0x0, 0x7f, 0xff, 0xb0, 0x0, 0x0, 0x0, 0x4,
    0xff, 0xfd, 0x10, 0x0, 0x0, 0x0, 0x2f, 0xff,
    0xf2, 0x0, 0x0, 0x0, 0x1, 0xef, 0xff, 0x40,
    0x0, 0x0, 0x0, 0xc, 0xff, 0xf7, 0x0, 0x0,
    0x0, 0x0, 0x9f, 0xff, 0x90, 0x0, 0x0, 0x0,
    0x6, 0xff, 0xfc, 0x0, 0x0, 0x0, 0x0, 0x4f,
    0xff, 0xe1, 0x0, 0x0, 0x0, 0x2, 0xef, 0xff,
    0x30, 0x0, 0x0, 0x0, 0x1d, 0xff, 0xf5, 0x0,
    0x0, 0x0, 0x0, 0xaf, 0xff, 0xff, 0xff, 0xff,
    0xff, 0xff, 0xdf, 0xff, 0xff, 0xff, 0xff, 0xff,
    0xff, 0xdf, 0xff, 0xff, 0xff, 0xff, 0xff, 0xff,

    /* U+007B "{" */
    0x0, 0x0, 0x7, 0xcf, 0xf9, 0x0, 0x0, 0xcf,
    0xff, 0xf9, 0x0, 0x8, 0xff, 0xff, 0xf9, 0x0,
    0xd, 0xff, 0xf7, 0x0, 0x0, 0xf, 0xff, 0xd0,
    0x0, 0x0, 0xf, 0xff, 0xb0, 0x0, 0x0, 0xf,
    0xff, 0xb0, 0x0, 0x0, 0xf, 0xff, 0xb0, 0x0,
    0x0, 0xf, 0xff, 0xb0, 0x0, 0x0, 0xf, 0xff,
    0xb0, 0x0, 0x0, 0xf, 0xff, 0xb0, 0x0, 0x0,
    0xf, 0xff, 0xb0, 0x0, 0x0, 0x6f, 0xff, 0xa0,
    0x0, 0x5f, 0xff, 0xff, 0x40, 0x0, 0x5f, 0xff,
    0xf7, 0x0, 0x0, 0x5f, 0xff, 0xff, 0x50, 0x0,
    0x0, 0x5f, 0xff, 0xa0, 0x0, 0x0, 0xf, 0xff,
    0xb0, 0x0, 0x0, 0xf, 0xff, 0xb0, 0x0, 0x0,
    0xf, 0xff, 0xb0, 0x0, 0x0, 0xf, 0xff, 0xb0,
    0x0, 0x0, 0xf, 0xff, 0xb0, 0x0, 0x0, 0xf,
    0xff, 0xb0, 0x0, 0x0, 0xf, 0xff, 0xd0, 0x0,
    0x0, 0xe, 0xff, 0xf6, 0x0, 0x0, 0x9, 0xff,
    0xff, 0xf9, 0x0, 0x1, 0xef, 0xff, 0xf9, 0x0,
    0x0, 0x18, 0xdf, 0xf9,

    /* U+007C "|" */
    0x2b, 0xbb, 0x33, 0xff, 0xf4, 0x3f, 0xff, 0x43,
    0xff, 0xf4, 0x3f, 0xff, 0x43, 0xff, 0xf4, 0x3f,
    0xff, 0x43, 0xff, 0xf4, 0x3f, 0xff, 0x43, 0xff,
    0xf4, 0x3f, 0xff, 0x43, 0xff, 0xf4, 0x3f, 0xff,
    0x43, 0xff, 0xf4, 0x3f, 0xff, 0x43, 0xff, 0xf4,
    0x3f, 0xff, 0x43, 0xff, 0xf4, 0x3f, 0xff, 0x43,
    0xff, 0xf4, 0x3f, 0xff, 0x43, 0xff, 0xf4, 0x3f,
    0xff, 0x43, 0xff, 0xf4, 0x3f, 0xff, 0x43, 0xff,
    0xf4, 0x3f, 0xff, 0x43, 0xff, 0xf4,

    /* U+007D "}" */
    0x7f, 0xfd, 0x81, 0x0, 0x0, 0x7f, 0xff, 0xfe,
    0x10, 0x0, 0x7f, 0xff, 0xff, 0xa0, 0x0, 0x0,
    0x6f, 0xff, 0xf0, 0x0, 0x0, 0xb, 0xff, 0xf1,
    0x0, 0x0, 0x9, 0xff, 0xf2, 0x0, 0x0, 0x9,
    0xff, 0xf2, 0x0, 0x0, 0x9, 0xff, 0xf2, 0x0,
    0x0, 0x9, 0xff, 0xf2, 0x0, 0x0, 0x9, 0xff,
    0xf2, 0x0, 0x0, 0x9, 0xff, 0xf2, 0x0, 0x0,
    0x9, 0xff, 0xf2, 0x0, 0x0, 0x8, 0xff, 0xf7,
    0x0, 0x0, 0x2, 0xff, 0xff, 0xf7, 0x0, 0x0,
    0x5f, 0xff, 0xf7, 0x0, 0x3, 0xff, 0xff, 0xf7,
    0x0, 0x8, 0xff, 0xf7, 0x0, 0x0, 0x9, 0xff,
    0xf2, 0x0, 0x0, 0x9, 0xff, 0xf2, 0x0, 0x0,
    0x9, 0xff, 0xf2, 0x0, 0x0, 0x9, 0xff, 0xf2,
    0x0, 0x0, 0x9, 0xff, 0xf2, 0x0, 0x0, 0x9,
    0xff, 0xf2, 0x0, 0x0, 0xb, 0xff, 0xf2, 0x0,
    0x0, 0x5f, 0xff, 0xf0, 0x0, 0x7f, 0xff, 0xff,
    0xb0, 0x0, 0x7f, 0xff, 0xff, 0x20, 0x0, 0x7f,
    0xfd, 0x92, 0x0, 0x0,

    /* U+007E "~" */
    0x0, 0x18, 0xcb, 0x70, 0x0, 0x0, 0x28, 0x80,
    0x2, 0xef, 0xff, 0xfd, 0x30, 0x0, 0x7f, 0xf0,
    0xb, 0xff, 0xff, 0xff, 0xf6, 0x3, 0xef, 0xd0,
    0x1f, 0xfc, 0x11, 0xaf, 0xff, 0xff, 0xff, 0x80,
    0x4f, 0xf3, 0x0, 0x7, 0xff, 0xff, 0xfe, 0x10,
    0x4c, 0xc0, 0x0, 0x0, 0x3c, 0xff, 0xa1, 0x0
};


/*---------------------
 *  GLYPH DESCRIPTION
 *--------------------*/

static const lv_font_fmt_txt_glyph_dsc_t glyph_dsc[] = {
    {.bitmap_index = 0, .adv_w = 0, .box_w = 0, .box_h = 0, .ofs_x = 0, .ofs_y = 0} /* id = 0 reserved */,
    {.bitmap_index = 0, .adv_w = 132, .box_w = 0, .box_h = 0, .ofs_x = 0, .ofs_y = 0},
    {.bitmap_index = 0, .adv_w = 133, .box_w = 6, .box_h = 21, .ofs_x = 1, .ofs_y = 0},
    {.bitmap_index = 63, .adv_w = 198, .box_w = 10, .box_h = 9, .ofs_x = 1, .ofs_y = 12},
    {.bitmap_index = 108, .adv_w = 341, .box_w = 21, .box_h = 21, .ofs_x = 0, .ofs_y = 0},
    {.bitmap_index = 329, .adv_w = 302, .box_w = 17, .box_h = 29, .ofs_x = 1, .ofs_y = -4},
    {.bitmap_index = 576, .adv_w = 413, .box_w = 25, .box_h = 21, .ofs_x = 0, .ofs_y = 0},
    {.bitmap_index = 839, .adv_w = 339, .box_w = 20, .box_h = 22, .ofs_x = 1, .ofs_y = -1},
    {.bitmap_index = 1059, .adv_w = 106, .box_w = 4, .box_h = 9, .ofs_x = 1, .ofs_y = 12},
    {.bitmap_index = 1077, .adv_w = 167, .box_w = 8, .box_h = 28, .ofs_x = 2, .ofs_y = -6},
    {.bitmap_index = 1189, .adv_w = 167, .box_w = 8, .box_h = 28, .ofs_x = 0, .ofs_y = -6},
    {.bitmap_index = 1301, .adv_w = 200, .box_w = 12, .box_h = 12, .ofs_x = 0, .ofs_y = 11},
    {.bitmap_index = 1373, .adv_w = 283, .box_w = 15, .box_h = 13, .ofs_x = 1, .ofs_y = 4},
    {.bitmap_index = 1471, .adv_w = 117, .box_w = 6, .box_h = 10, .ofs_x = 1, .ofs_y = -5},
    {.bitmap_index = 1501, .adv_w = 185, .box_w = 9, .box_h = 4, .ofs_x = 1, .ofs_y = 7},
    {.bitmap_index = 1519, .adv_w = 117, .box_w = 6, .box_h = 5, .ofs_x = 1, .ofs_y = 0},
    {.bitmap_index = 1534, .adv_w = 178, .box_w = 14, .box_h = 28, .ofs_x = -1, .ofs_y = -3},
    {.bitmap_index = 1730, .adv_w = 323, .box_w = 18, .box_h = 21, .ofs_x = 1, .ofs_y = 0},
    {.bitmap_index = 1919, .adv_w = 183, .box_w = 9, .box_h = 21, .ofs_x = 0, .ofs_y = 0},
    {.bitmap_index = 2014, .adv_w = 279, .box_w = 17, .box_h = 21, .ofs_x = 0, .ofs_y = 0},
    {.bitmap_index = 2193, .adv_w = 279, .box_w = 17, .box_h = 21, .ofs_x = 0, .ofs_y = 0},
    {.bitmap_index = 2372, .adv_w = 326, .box_w = 20, .box_h = 21, .ofs_x = 1, .ofs_y = 0},
    {.bitmap_index = 2582, .adv_w = 280, .box_w = 17, .box_h = 21, .ofs_x = 0, .ofs_y = 0},
    {.bitmap_index = 2761, .adv_w = 301, .box_w = 18, .box_h = 21, .ofs_x = 1, .ofs_y = 0},
    {.bitmap_index = 2950, .adv_w = 292, .box_w = 18, .box_h = 21, .ofs_x = 0, .ofs_y = 0},
    {.bitmap_index = 3139, .adv_w = 313, .box_w = 18, .box_h = 21, .ofs_x = 1, .ofs_y = 0},
    {.bitmap_index = 3328, .adv_w = 301, .box_w = 18, .box_h = 21, .ofs_x = 0, .ofs_y = 0},
    {.bitmap_index = 3517, .adv_w = 117, .box_w = 6, .box_h = 16, .ofs_x = 1, .ofs_y = 0},
    {.bitmap_index = 3565, .adv_w = 117, .box_w = 6, .box_h = 21, .ofs_x = 1, .ofs_y = -5},
    {.bitmap_index = 3628, .adv_w = 283, .box_w = 15, .box_h = 15, .ofs_x = 1, .ofs_y = 3},
    {.bitmap_index = 3741, .adv_w = 283, .box_w = 15, .box_h = 10, .ofs_x = 1, .ofs_y = 6},
    {.bitmap_index = 3816, .adv_w = 283, .box_w = 15, .box_h = 15, .ofs_x = 1, .ofs_y = 3},
    {.bitmap_index = 3929, .adv_w = 279, .box_w = 16, .box_h = 21, .ofs_x = 0, .ofs_y = 0},
    {.bitmap_index = 4097, .adv_w = 496, .box_w = 29, .box_h = 27, .ofs_x = 1, .ofs_y = -6},
    {.bitmap_index = 4489, .adv_w = 360, .box_w = 24, .box_h = 21, .ofs_x = -1, .ofs_y = 0},
    {.bitmap_index = 4741, .adv_w = 365, .box_w = 20, .box_h = 21, .ofs_x = 2, .ofs_y = 0},
    {.bitmap_index = 4951, .adv_w = 345, .box_w = 20, .box_h = 21, .ofs_x = 1, .ofs_y = 0},
    {.bitmap_index = 5161, .adv_w = 396, .box_w = 22, .box_h = 21, .ofs_x = 2, .ofs_y = 0},
    {.bitmap_index = 5392, .adv_w = 322, .box_w = 17, .box_h = 21, .ofs_x = 2, .ofs_y = 0},
    {.bitmap_index = 5571, .adv_w = 306, .box_w = 17, .box_h = 21, .ofs_x = 2, .ofs_y = 0},
    {.bitmap_index = 5750, .adv_w = 371, .box_w = 21, .box_h = 21, .ofs_x = 1, .ofs_y = 0},
    {.bitmap_index = 5971, .adv_w = 389, .box_w = 20, .box_h = 21, .ofs_x = 2, .ofs_y = 0},
    {.bitmap_index = 6181, .adv_w = 153, .box_w = 5, .box_h = 21, .ofs_x = 2, .ofs_y = 0},
    {.bitmap_index = 6234, .adv_w = 253, .box_w = 15, .box_h = 21, .ofs_x = -1, .ofs_y = 0},
    {.bitmap_index = 6392, .adv_w = 350, .box_w = 21, .box_h = 21, .ofs_x = 2, .ofs_y = 0},
    {.bitmap_index = 6613, .adv_w = 288, .box_w = 16, .box_h = 21, .ofs_x = 2, .ofs_y = 0},
    {.bitmap_index = 6781, .adv_w = 458, .box_w = 24, .box_h = 21, .ofs_x = 2, .ofs_y = 0},
    {.bitmap_index = 7033, .adv_w = 389, .box_w = 20, .box_h = 21, .ofs_x = 2, .ofs_y = 0},
    {.bitmap_index = 7243, .adv_w = 404, .box_w = 23, .box_h = 21, .ofs_x = 1, .ofs_y = 0},
    {.bitmap_index = 7485, .adv_w = 348, .box_w = 19, .box_h = 21, .ofs_x = 2, .ofs_y = 0},
    {.bitmap_index = 7685, .adv_w = 404, .box_w = 24, .box_h = 25, .ofs_x = 1, .ofs_y = -4},
    {.bitmap_index = 7985, .adv_w = 351, .box_w = 19, .box_h = 21, .ofs_x = 2, .ofs_y = 0},
    {.bitmap_index = 8185, .adv_w = 302, .box_w = 17, .box_h = 21, .ofs_x = 1, .ofs_y = 0},
    {.bitmap_index = 8364, .adv_w = 289, .box_w = 18, .box_h = 21, .ofs_x = 0, .ofs_y = 0},
    {.bitmap_index = 8553, .adv_w = 379, .box_w = 20, .box_h = 21, .ofs_x = 2, .ofs_y = 0},
    {.bitmap_index = 8763, .adv_w = 350, .box_w = 24, .box_h = 21, .ofs_x = -1, .ofs_y = 0},
    {.bitmap_index = 9015, .adv_w = 549, .box_w = 34, .box_h = 21, .ofs_x = 0, .ofs_y = 0},
    {.bitmap_index = 9372, .adv_w = 333, .box_w = 21, .box_h = 21, .ofs_x = 0, .ofs_y = 0},
    {.bitmap_index = 9593, .adv_w = 317, .box_w = 22, .box_h = 21, .ofs_x = -1, .ofs_y = 0},
    {.bitmap_index = 9824, .adv_w = 318, .box_w = 19, .box_h = 21, .ofs_x = 1, .ofs_y = 0},
    {.bitmap_index = 10024, .adv_w = 168, .box_w = 8, .box_h = 28, .ofs_x = 2, .ofs_y = -6},
    {.bitmap_index = 10136, .adv_w = 178, .box_w = 15, .box_h = 28, .ofs_x = -2, .ofs_y = -3},
    {.bitmap_index = 10346, .adv_w = 168, .box_w = 8, .box_h = 28, .ofs_x = 0, .ofs_y = -6},
    {.bitmap_index = 10458, .adv_w = 284, .box_w = 15, .box_h = 13, .ofs_x = 1, .ofs_y = 4},
    {.bitmap_index = 10556, .adv_w = 240, .box_w = 15, .box_h = 3, .ofs_x = 0, .ofs_y = -2},
    {.bitmap_index = 10579, .adv_w = 288, .box_w = 9, .box_h = 4, .ofs_x = 3, .ofs_y = 18},
    {.bitmap_index = 10597, .adv_w = 291, .box_w = 15, .box_h = 16, .ofs_x = 1, .ofs_y = 0},
    {.bitmap_index = 10717, .adv_w = 329, .box_w = 18, .box_h = 23, .ofs_x = 2, .ofs_y = 0},
    {.bitmap_index = 10924, .adv_w = 279, .box_w = 16, .box_h = 16, .ofs_x = 1, .ofs_y = 0},
    {.bitmap_index = 11052, .adv_w = 330, .box_w = 18, .box_h = 23, .ofs_x = 1, .ofs_y = 0},
    {.bitmap_index = 11259, .adv_w = 299, .box_w = 17, .box_h = 16, .ofs_x = 1, .ofs_y = 0},
    {.bitmap_index = 11395, .adv_w = 177, .box_w = 13, .box_h = 22, .ofs_x = 0, .ofs_y = 0},
    {.bitmap_index = 11538, .adv_w = 333, .box_w = 18, .box_h = 22, .ofs_x = 1, .ofs_y = -6},
    {.bitmap_index = 11736, .adv_w = 329, .box_w = 17, .box_h = 22, .ofs_x = 2, .ofs_y = 0},
    {.bitmap_index = 11923, .adv_w = 139, .box_w = 6, .box_h = 23, .ofs_x = 1, .ofs_y = 0},
    {.bitmap_index = 11992, .adv_w = 142, .box_w = 10, .box_h = 29, .ofs_x = -3, .ofs_y = -6},
    {.bitmap_index = 12137, .adv_w = 305, .box_w = 18, .box_h = 22, .ofs_x = 2, .ofs_y = 0},
    {.bitmap_index = 12335, .adv_w = 139, .box_w = 5, .box_h = 22, .ofs_x = 2, .ofs_y = 0},
    {.bitmap_index = 12390, .adv_w = 505, .box_w = 28, .box_h = 16, .ofs_x = 2, .ofs_y = 0},
    {.bitmap_index = 12614, .adv_w = 329, .box_w = 17, .box_h = 16, .ofs_x = 2, .ofs_y = 0},
    {.bitmap_index = 12750, .adv_w = 310, .box_w = 18, .box_h = 16, .ofs_x = 1, .ofs_y = 0},
    {.bitmap_index = 12894, .adv_w = 329, .box_w = 18, .box_h = 22, .ofs_x = 2, .ofs_y = -6},
    {.bitmap_index = 13092, .adv_w = 329, .box_w = 18, .box_h = 22, .ofs_x = 1, .ofs_y = -6},
    {.bitmap_index = 13290, .adv_w = 202, .box_w = 10, .box_h = 16, .ofs_x = 2, .ofs_y = 0},
    {.bitmap_index = 13370, .adv_w = 247, .box_w = 15, .box_h = 16, .ofs_x = 0, .ofs_y = 0},
    {.bitmap_index = 13490, .adv_w = 204, .box_w = 13, .box_h = 20, .ofs_x = 0, .ofs_y = 0},
    {.bitmap_index = 13620, .adv_w = 327, .box_w = 16, .box_h = 16, .ofs_x = 2, .ofs_y = 0},
    {.bitmap_index = 13748, .adv_w = 277, .box_w = 19, .box_h = 16, .ofs_x = -1, .ofs_y = 0},
    {.bitmap_index = 13900, .adv_w = 441, .box_w = 28, .box_h = 16, .ofs_x = 0, .ofs_y = 0},
    {.bitmap_index = 14124, .adv_w = 275, .box_w = 17, .box_h = 16, .ofs_x = 0, .ofs_y = 0},
    {.bitmap_index = 14260, .adv_w = 277, .box_w = 19, .box_h = 22, .ofs_x = -1, .ofs_y = -6},
    {.bitmap_index = 14469, .adv_w = 255, .box_w = 14, .box_h = 16, .ofs_x = 1, .ofs_y = 0},
    {.bitmap_index = 14581, .adv_w = 178, .box_w = 10, .box_h = 28, .ofs_x = 1, .ofs_y = -6},
    {.bitmap_index = 14721, .adv_w = 145, .box_w = 5, .box_h = 28, .ofs_x = 2, .ofs_y = -6},
    {.bitmap_index = 14791, .adv_w = 178, .box_w = 10, .box_h = 28, .ofs_x = 0, .ofs_y = -6},
    {.bitmap_index = 14931, .adv_w = 283, .box_w = 16, .box_h = 6, .ofs_x = 1, .ofs_y = 8}
};

/*---------------------
 *  CHARACTER MAPPING
 *--------------------*/



/*Collect the unicode lists and glyph_id offsets*/
static const lv_font_fmt_txt_cmap_t cmaps[] =
{
    {
        .range_start = 32, .range_length = 95, .glyph_id_start = 1,
        .unicode_list = NULL, .glyph_id_ofs_list = NULL, .list_length = 0, .type = LV_FONT_FMT_TXT_CMAP_FORMAT0_TINY
    }
};



/*--------------------
 *  ALL CUSTOM DATA
 *--------------------*/

#if LVGL_VERSION_MAJOR == 8
/*Store all the custom data of the font*/
static  lv_font_fmt_txt_glyph_cache_t cache;
#endif

#if LVGL_VERSION_MAJOR >= 8
static const lv_font_fmt_txt_dsc_t font_dsc = {
#else
static lv_font_fmt_txt_dsc_t font_dsc = {
#endif
    .glyph_bitmap = glyph_bitmap,
    .glyph_dsc = glyph_dsc,
    .cmaps = cmaps,
    .kern_dsc = NULL,
    .kern_scale = 0,
    .cmap_num = 1,
    .bpp = 4,
    .kern_classes = 0,
    .bitmap_format = 0,
#if LVGL_VERSION_MAJOR == 8
    .cache = &cache
#endif
};



/*-----------------
 *  PUBLIC FONT
 *----------------*/

/*Initialize a public general font descriptor*/
#if LVGL_VERSION_MAJOR >= 8
const lv_font_t ui_font_mo600_30 = {
#else
lv_font_t ui_font_mo600_30 = {
#endif
    .get_glyph_dsc = lv_font_get_glyph_dsc_fmt_txt,    /*Function pointer to get glyph's data*/
    .get_glyph_bitmap = lv_font_get_bitmap_fmt_txt,    /*Function pointer to get glyph's bitmap*/
    .line_height = 31,          /*The maximum line height required by the font*/
    .base_line = 6,             /*Baseline measured from the bottom of the line*/
#if !(LVGL_VERSION_MAJOR == 6 && LVGL_VERSION_MINOR == 0)
    .subpx = LV_FONT_SUBPX_NONE,
#endif
#if LV_VERSION_CHECK(7, 4, 0) || LVGL_VERSION_MAJOR >= 8
    .underline_position = -3,
    .underline_thickness = 2,
#endif
    .dsc = &font_dsc,          /*The custom font data. Will be accessed by `get_glyph_bitmap/dsc` */
#if LV_VERSION_CHECK(8, 2, 0) || LVGL_VERSION_MAJOR >= 9
    .fallback = NULL,
#endif
    .user_data = NULL,
};



#endif /*#if UI_FONT_MO600_30*/

