/*******************************************************************************
 * Size: 21 px
 * Bpp: 4
 * Opts: --size 21 --bpp 4 --font lvgl-design/squareline_studio/assets/Fonts/NotoSansSC-500.ttf -r 0x20-0x7e --symbols 。下不交仍使保前可复完定当必成授提新权次然用留绑重须 --no-compress --no-prefilter --format lvgl --lv-font-name ui_font_ns500_21 -o lvgl-design/squareline_studio/assets/Fonts/ui_font_ns500_21.c
 ******************************************************************************/

#ifdef LV_LVGL_H_INCLUDE_SIMPLE
#include "lvgl.h"
#else
#include "lvgl/lvgl.h"
#endif

#ifndef UI_FONT_NS500_21
#define UI_FONT_NS500_21 1
#endif

#if UI_FONT_NS500_21

/*-----------------
 *    BITMAPS
 *----------------*/

/*Store the image of the glyphs*/
static LV_ATTRIBUTE_LARGE_CONST const uint8_t glyph_bitmap[] = {
    /* U+0020 " " */

    /* U+0021 "!" */
    0x9f, 0xd0, 0x9f, 0xc0, 0x8f, 0xc0, 0x8f, 0xb0,
    0x7f, 0xa0, 0x6f, 0xa0, 0x6f, 0x90, 0x5f, 0x80,
    0x4f, 0x80, 0x4f, 0x70, 0x3f, 0x60, 0x0, 0x0,
    0x17, 0x30, 0xdf, 0xf1, 0xff, 0xf3, 0x7f, 0xa0,

    /* U+0022 "\"" */
    0x1f, 0xf5, 0x8, 0xff, 0x1f, 0xf5, 0x7, 0xff,
    0xf, 0xf4, 0x7, 0xfe, 0xf, 0xf3, 0x5, 0xfc,
    0xd, 0xf1, 0x3, 0xfb, 0xb, 0xf0, 0x1, 0xf9,
    0x7, 0xa0, 0x0, 0xb5,

    /* U+0023 "#" */
    0x0, 0x1, 0xf6, 0x0, 0xad, 0x0, 0x0, 0x3,
    0xf4, 0x0, 0xcb, 0x0, 0x0, 0x5, 0xf2, 0x0,
    0xe9, 0x0, 0x0, 0x7, 0xf0, 0x1, 0xf7, 0x0,
    0xb, 0xff, 0xff, 0xff, 0xff, 0xf4, 0x7, 0xae,
    0xea, 0xac, 0xfb, 0xa2, 0x0, 0xd, 0xa0, 0x6,
    0xf1, 0x0, 0x0, 0xf, 0x80, 0x8, 0xf0, 0x0,
    0x0, 0xf, 0x70, 0xa, 0xe0, 0x0, 0x1a, 0xaf,
    0xca, 0xae, 0xea, 0x80, 0x3f, 0xff, 0xff, 0xff,
    0xff, 0xc0, 0x0, 0x6f, 0x10, 0xf, 0x80, 0x0,
    0x0, 0x8f, 0x0, 0x1f, 0x60, 0x0, 0x0, 0x9e,
    0x0, 0x3f, 0x40, 0x0, 0x0, 0xbc, 0x0, 0x5f,
    0x30, 0x0, 0x0, 0xda, 0x0, 0x6f, 0x10, 0x0,

    /* U+0024 "$" */
    0x0, 0x0, 0xce, 0x0, 0x0, 0x0, 0x0, 0xce,
    0x0, 0x0, 0x0, 0x4b, 0xff, 0xd7, 0x0, 0x5,
    0xff, 0xff, 0xff, 0xc0, 0xe, 0xfb, 0x20, 0x4d,
    0xb0, 0x3f, 0xf2, 0x0, 0x0, 0x0, 0x4f, 0xf1,
    0x0, 0x0, 0x0, 0x1f, 0xfa, 0x0, 0x0, 0x0,
    0x8, 0xff, 0xd4, 0x0, 0x0, 0x0, 0x8f, 0xff,
    0xc3, 0x0, 0x0, 0x2, 0xbf, 0xff, 0x50, 0x0,
    0x0, 0x4, 0xef, 0xf1, 0x0, 0x0, 0x0, 0x2f,
    0xf6, 0x0, 0x0, 0x0, 0xd, 0xf8, 0x5, 0x0,
    0x0, 0xe, 0xf7, 0x7f, 0xb4, 0x12, 0x9f, 0xf2,
    0x6f, 0xff, 0xff, 0xff, 0x70, 0x1, 0x8d, 0xff,
    0xc5, 0x0, 0x0, 0x0, 0xce, 0x0, 0x0, 0x0,
    0x0, 0xce, 0x0, 0x0, 0x0, 0x0, 0x67, 0x0,
    0x0,

    /* U+0025 "%" */
    0x0, 0x7e, 0xfc, 0x40, 0x0, 0x0, 0xe, 0x90,
    0x0, 0x0, 0x7f, 0xc7, 0xdf, 0x30, 0x0, 0x7,
    0xf1, 0x0, 0x0, 0xe, 0xe0, 0x2, 0xfa, 0x0,
    0x1, 0xf8, 0x0, 0x0, 0x2, 0xf9, 0x0, 0xd,
    0xe0, 0x0, 0x8e, 0x10, 0x0, 0x0, 0x3f, 0x80,
    0x0, 0xcf, 0x0, 0x1f, 0x70, 0x0, 0x0, 0x3,
    0xf9, 0x0, 0xd, 0xf0, 0x9, 0xe0, 0x0, 0x10,
    0x0, 0xf, 0xc0, 0x1, 0xfc, 0x2, 0xf6, 0x8,
    0xff, 0xe4, 0x0, 0x9f, 0x72, 0xaf, 0x50, 0xad,
    0x7, 0xfa, 0x5d, 0xf2, 0x0, 0xbf, 0xff, 0x80,
    0x3f, 0x50, 0xed, 0x0, 0x2f, 0x90, 0x0, 0x24,
    0x10, 0xb, 0xd0, 0x2f, 0x90, 0x0, 0xed, 0x0,
    0x0, 0x0, 0x3, 0xf4, 0x4, 0xf8, 0x0, 0xc,
    0xf0, 0x0, 0x0, 0x0, 0xcc, 0x0, 0x3f, 0x80,
    0x0, 0xcf, 0x0, 0x0, 0x0, 0x4f, 0x30, 0x2,
    0xfa, 0x0, 0xe, 0xd0, 0x0, 0x0, 0xd, 0xb0,
    0x0, 0xd, 0xe0, 0x4, 0xf8, 0x0, 0x0, 0x5,
    0xf3, 0x0, 0x0, 0x5f, 0xc8, 0xef, 0x10, 0x0,
    0x0, 0xda, 0x0, 0x0, 0x0, 0x6e, 0xfc, 0x30,

    /* U+0026 "&" */
    0x0, 0x0, 0x7e, 0xfd, 0x60, 0x0, 0x0, 0x0,
    0x0, 0x9f, 0xeb, 0xff, 0x50, 0x0, 0x0, 0x0,
    0x1f, 0xf2, 0x5, 0xfa, 0x0, 0x0, 0x0, 0x4,
    0xfc, 0x0, 0x3f, 0xb0, 0x0, 0x0, 0x0, 0x4f,
    0xc0, 0xa, 0xf7, 0x0, 0x0, 0x0, 0x0, 0xff,
    0x29, 0xfc, 0x0, 0x0, 0x0, 0x0, 0xa, 0xff,
    0xfc, 0x10, 0x0, 0x0, 0x0, 0x0, 0xaf, 0xfa,
    0x0, 0x0, 0xb, 0xb1, 0x1, 0xcf, 0xff, 0xd1,
    0x0, 0x5, 0xfd, 0x0, 0xaf, 0xe2, 0xdf, 0xc0,
    0x0, 0xcf, 0x70, 0x1f, 0xf4, 0x2, 0xef, 0xc1,
    0x5f, 0xe1, 0x4, 0xff, 0x10, 0x3, 0xff, 0xde,
    0xf6, 0x0, 0x3f, 0xf4, 0x0, 0x3, 0xef, 0xfd,
    0x0, 0x0, 0xdf, 0xd3, 0x0, 0x5e, 0xff, 0xfc,
    0x50, 0x3, 0xff, 0xff, 0xff, 0xfb, 0x8f, 0xff,
    0x40, 0x2, 0xae, 0xfe, 0xb5, 0x0, 0x18, 0xd0,

    /* U+0027 "'" */
    0x1f, 0xf5, 0x1f, 0xf5, 0xf, 0xf4, 0xf, 0xf3,
    0xd, 0xf1, 0xb, 0xf0, 0x7, 0xa0,

    /* U+0028 "(" */
    0x0, 0x1, 0x50, 0x0, 0x9, 0xf4, 0x0, 0x2f,
    0xc0, 0x0, 0x9f, 0x50, 0x0, 0xee, 0x0, 0x4,
    0xfa, 0x0, 0x9, 0xf6, 0x0, 0xc, 0xf3, 0x0,
    0xf, 0xf0, 0x0, 0xf, 0xf0, 0x0, 0x1f, 0xe0,
    0x0, 0x1f, 0xd0, 0x0, 0x1f, 0xe0, 0x0, 0xf,
    0xf0, 0x0, 0xe, 0xf1, 0x0, 0xb, 0xf4, 0x0,
    0x7, 0xf7, 0x0, 0x3, 0xfb, 0x0, 0x0, 0xdf,
    0x10, 0x0, 0x7f, 0x70, 0x0, 0xe, 0xe0, 0x0,
    0x6, 0xf3, 0x0, 0x0, 0x0,

    /* U+0029 ")" */
    0x2, 0x40, 0x0, 0xc, 0xf1, 0x0, 0x5, 0xf9,
    0x0, 0x0, 0xdf, 0x10, 0x0, 0x8f, 0x60, 0x0,
    0x3f, 0xc0, 0x0, 0xf, 0xf0, 0x0, 0xb, 0xf4,
    0x0, 0x9, 0xf6, 0x0, 0x7, 0xf8, 0x0, 0x6,
    0xf9, 0x0, 0x6, 0xf9, 0x0, 0x6, 0xf9, 0x0,
    0x8, 0xf7, 0x0, 0xa, 0xf6, 0x0, 0xc, 0xf3,
    0x0, 0xf, 0xf0, 0x0, 0x4f, 0xa0, 0x0, 0x9f,
    0x50, 0x0, 0xfe, 0x0, 0x7, 0xf7, 0x0, 0xb,
    0xd0, 0x0, 0x0, 0x10, 0x0,

    /* U+002A "*" */
    0x0, 0xa, 0xc0, 0x0, 0x0, 0xb, 0xe0, 0x0,
    0x7b, 0x8e, 0xf7, 0xb9, 0x6e, 0xff, 0xff, 0xf7,
    0x0, 0xaf, 0xfc, 0x0, 0x1, 0xfe, 0xdf, 0x30,
    0x8, 0xf3, 0x2e, 0xb0, 0x0, 0x30, 0x3, 0x10,

    /* U+002B "+" */
    0x0, 0x0, 0xf, 0xe0, 0x0, 0x0, 0x0, 0x0,
    0xf, 0xe0, 0x0, 0x0, 0x0, 0x0, 0xf, 0xe0,
    0x0, 0x0, 0x0, 0x0, 0xf, 0xe0, 0x0, 0x0,
    0x0, 0x0, 0xf, 0xe0, 0x0, 0x0, 0x3f, 0xff,
    0xff, 0xff, 0xff, 0xf2, 0x2c, 0xcc, 0xcf, 0xfc,
    0xcc, 0xc2, 0x0, 0x0, 0xf, 0xe0, 0x0, 0x0,
    0x0, 0x0, 0xf, 0xe0, 0x0, 0x0, 0x0, 0x0,
    0xf, 0xe0, 0x0, 0x0, 0x0, 0x0, 0xf, 0xe0,
    0x0, 0x0,

    /* U+002C "," */
    0x0, 0x10, 0x2, 0xef, 0x80, 0x6f, 0xff, 0x1,
    0xdf, 0xf1, 0x0, 0xaf, 0x0, 0x2f, 0xb0, 0x4e,
    0xf2, 0xa, 0xd3, 0x0, 0x10, 0x0, 0x0,

    /* U+002D "-" */
    0xd, 0xdd, 0xdd, 0x60, 0xff, 0xff, 0xf8,

    /* U+002E "." */
    0x4, 0x60, 0x4f, 0xf9, 0x7f, 0xfb, 0x1d, 0xe4,

    /* U+002F "/" */
    0x0, 0x0, 0x1, 0xf9, 0x0, 0x0, 0x5, 0xf5,
    0x0, 0x0, 0x9, 0xf1, 0x0, 0x0, 0xe, 0xc0,
    0x0, 0x0, 0x2f, 0x80, 0x0, 0x0, 0x7f, 0x30,
    0x0, 0x0, 0xbf, 0x0, 0x0, 0x0, 0xfa, 0x0,
    0x0, 0x4, 0xf6, 0x0, 0x0, 0x8, 0xf2, 0x0,
    0x0, 0xd, 0xd0, 0x0, 0x0, 0x1f, 0x90, 0x0,
    0x0, 0x6f, 0x40, 0x0, 0x0, 0xaf, 0x0, 0x0,
    0x0, 0xeb, 0x0, 0x0, 0x3, 0xf7, 0x0, 0x0,
    0x8, 0xf3, 0x0, 0x0, 0xc, 0xe0, 0x0, 0x0,
    0x1f, 0xa0, 0x0, 0x0, 0x5f, 0x50, 0x0, 0x0,
    0x9f, 0x10, 0x0, 0x0,

    /* U+0030 "0" */
    0x0, 0x3, 0xbf, 0xfb, 0x30, 0x0, 0x4, 0xff,
    0xff, 0xff, 0x40, 0x0, 0xef, 0xa0, 0xa, 0xfe,
    0x0, 0x6f, 0xf0, 0x0, 0xf, 0xf5, 0xa, 0xfa,
    0x0, 0x0, 0xaf, 0xa0, 0xdf, 0x70, 0x0, 0x7,
    0xfd, 0xf, 0xf5, 0x0, 0x0, 0x6f, 0xe0, 0xff,
    0x50, 0x0, 0x5, 0xff, 0xf, 0xf5, 0x0, 0x0,
    0x5f, 0xf0, 0xff, 0x50, 0x0, 0x6, 0xfe, 0xd,
    0xf7, 0x0, 0x0, 0x7f, 0xc0, 0xaf, 0xa0, 0x0,
    0xa, 0xf9, 0x5, 0xff, 0x10, 0x1, 0xff, 0x50,
    0xe, 0xfb, 0x10, 0xaf, 0xd0, 0x0, 0x4f, 0xff,
    0xff, 0xf3, 0x0, 0x0, 0x3b, 0xff, 0xb3, 0x0,

    /* U+0031 "1" */
    0x0, 0x5, 0xdf, 0xa0, 0x0, 0x7, 0xff, 0xff,
    0xa0, 0x0, 0x7, 0xdd, 0xff, 0xa0, 0x0, 0x0,
    0x0, 0xdf, 0xa0, 0x0, 0x0, 0x0, 0xdf, 0xa0,
    0x0, 0x0, 0x0, 0xdf, 0xa0, 0x0, 0x0, 0x0,
    0xdf, 0xa0, 0x0, 0x0, 0x0, 0xdf, 0xa0, 0x0,
    0x0, 0x0, 0xdf, 0xa0, 0x0, 0x0, 0x0, 0xdf,
    0xa0, 0x0, 0x0, 0x0, 0xdf, 0xa0, 0x0, 0x0,
    0x0, 0xdf, 0xa0, 0x0, 0x0, 0x0, 0xdf, 0xa0,
    0x0, 0x0, 0x0, 0xdf, 0xa0, 0x0, 0x3f, 0xff,
    0xff, 0xff, 0xfa, 0x3f, 0xff, 0xff, 0xff, 0xfa,

    /* U+0032 "2" */
    0x0, 0x2a, 0xef, 0xea, 0x20, 0x0, 0x5f, 0xff,
    0xff, 0xfe, 0x20, 0xe, 0xf8, 0x10, 0x4e, 0xfb,
    0x0, 0x25, 0x0, 0x0, 0x6f, 0xf0, 0x0, 0x0,
    0x0, 0x3, 0xff, 0x20, 0x0, 0x0, 0x0, 0x4f,
    0xf1, 0x0, 0x0, 0x0, 0x7, 0xfe, 0x0, 0x0,
    0x0, 0x0, 0xef, 0x90, 0x0, 0x0, 0x0, 0x7f,
    0xf1, 0x0, 0x0, 0x0, 0x3f, 0xf7, 0x0, 0x0,
    0x0, 0x1e, 0xfb, 0x0, 0x0, 0x0, 0x1d, 0xfd,
    0x10, 0x0, 0x0, 0x1c, 0xfe, 0x20, 0x0, 0x0,
    0x1d, 0xfe, 0x31, 0x11, 0x11, 0xd, 0xff, 0xff,
    0xff, 0xff, 0xe1, 0xff, 0xff, 0xff, 0xff, 0xfe,

    /* U+0033 "3" */
    0x0, 0x2a, 0xef, 0xeb, 0x30, 0x0, 0x6f, 0xff,
    0xff, 0xff, 0x60, 0x6, 0xf9, 0x10, 0x2d, 0xff,
    0x0, 0x3, 0x0, 0x0, 0x4f, 0xf4, 0x0, 0x0,
    0x0, 0x3, 0xff, 0x40, 0x0, 0x0, 0x0, 0x7f,
    0xf1, 0x0, 0x0, 0x2, 0x8f, 0xf6, 0x0, 0x0,
    0x3f, 0xff, 0xe5, 0x0, 0x0, 0x2, 0xdf, 0xff,
    0xd3, 0x0, 0x0, 0x0, 0x2, 0xaf, 0xf2, 0x0,
    0x0, 0x0, 0x0, 0xdf, 0x90, 0x0, 0x0, 0x0,
    0xa, 0xfc, 0x4, 0x20, 0x0, 0x0, 0xdf, 0xb2,
    0xff, 0x72, 0x3, 0xbf, 0xf5, 0xa, 0xff, 0xff,
    0xff, 0xf9, 0x0, 0x4, 0xbe, 0xff, 0xb5, 0x0,

    /* U+0034 "4" */
    0x0, 0x0, 0x0, 0xbf, 0xf6, 0x0, 0x0, 0x0,
    0x5, 0xff, 0xf6, 0x0, 0x0, 0x0, 0xe, 0xfe,
    0xf6, 0x0, 0x0, 0x0, 0x8f, 0xad, 0xf6, 0x0,
    0x0, 0x2, 0xff, 0x3d, 0xf6, 0x0, 0x0, 0xb,
    0xfa, 0xe, 0xf6, 0x0, 0x0, 0x5f, 0xe1, 0xe,
    0xf6, 0x0, 0x0, 0xef, 0x60, 0xe, 0xf6, 0x0,
    0x8, 0xfc, 0x0, 0xe, 0xf6, 0x0, 0x2f, 0xf3,
    0x0, 0xe, 0xf6, 0x0, 0x8f, 0xff, 0xff, 0xff,
    0xff, 0xf5, 0x8e, 0xee, 0xee, 0xef, 0xff, 0xe5,
    0x0, 0x0, 0x0, 0xe, 0xf6, 0x0, 0x0, 0x0,
    0x0, 0xe, 0xf6, 0x0, 0x0, 0x0, 0x0, 0xe,
    0xf6, 0x0, 0x0, 0x0, 0x0, 0xe, 0xf6, 0x0,

    /* U+0035 "5" */
    0x0, 0xcf, 0xff, 0xff, 0xff, 0x10, 0xd, 0xff,
    0xff, 0xff, 0xf1, 0x0, 0xef, 0x61, 0x11, 0x11,
    0x0, 0xf, 0xf3, 0x0, 0x0, 0x0, 0x0, 0xff,
    0x20, 0x0, 0x0, 0x0, 0x1f, 0xf8, 0xcc, 0xa3,
    0x0, 0x2, 0xff, 0xff, 0xff, 0xf7, 0x0, 0x9,
    0x92, 0x3, 0xcf, 0xf3, 0x0, 0x0, 0x0, 0x1,
    0xff, 0x90, 0x0, 0x0, 0x0, 0xb, 0xfc, 0x0,
    0x0, 0x0, 0x0, 0x9f, 0xd0, 0x0, 0x0, 0x0,
    0xb, 0xfb, 0x6, 0x20, 0x0, 0x2, 0xff, 0x82,
    0xff, 0x72, 0x14, 0xdf, 0xf1, 0xa, 0xff, 0xff,
    0xff, 0xf4, 0x0, 0x4, 0xbe, 0xfe, 0xa2, 0x0,

    /* U+0036 "6" */
    0x0, 0x6, 0xcf, 0xfc, 0x50, 0x0, 0xa, 0xff,
    0xff, 0xff, 0x80, 0x8, 0xff, 0x71, 0x6, 0xd2,
    0x1, 0xff, 0x60, 0x0, 0x0, 0x0, 0x6f, 0xe0,
    0x0, 0x0, 0x0, 0xa, 0xf9, 0x0, 0x0, 0x0,
    0x0, 0xcf, 0x74, 0xcf, 0xea, 0x20, 0xd, 0xfb,
    0xfe, 0xcf, 0xff, 0x20, 0xef, 0xf7, 0x0, 0x1d,
    0xfa, 0xd, 0xf9, 0x0, 0x0, 0x6f, 0xf0, 0xbf,
    0x80, 0x0, 0x3, 0xff, 0x18, 0xfb, 0x0, 0x0,
    0x3f, 0xf0, 0x3f, 0xf2, 0x0, 0x7, 0xfe, 0x0,
    0xbf, 0xc1, 0x3, 0xff, 0x70, 0x1, 0xdf, 0xfe,
    0xff, 0xb0, 0x0, 0x1, 0x9e, 0xfd, 0x70, 0x0,

    /* U+0037 "7" */
    0xff, 0xff, 0xff, 0xff, 0xff, 0xff, 0xff, 0xff,
    0xff, 0xfe, 0x11, 0x11, 0x11, 0x2f, 0xf4, 0x0,
    0x0, 0x0, 0x9f, 0x90, 0x0, 0x0, 0x2, 0xfe,
    0x10, 0x0, 0x0, 0xb, 0xf7, 0x0, 0x0, 0x0,
    0x2f, 0xf1, 0x0, 0x0, 0x0, 0x8f, 0xb0, 0x0,
    0x0, 0x0, 0xdf, 0x60, 0x0, 0x0, 0x1, 0xff,
    0x30, 0x0, 0x0, 0x5, 0xff, 0x0, 0x0, 0x0,
    0x8, 0xfd, 0x0, 0x0, 0x0, 0xa, 0xfc, 0x0,
    0x0, 0x0, 0xc, 0xfa, 0x0, 0x0, 0x0, 0xd,
    0xf9, 0x0, 0x0, 0x0, 0xe, 0xf8, 0x0, 0x0,

    /* U+0038 "8" */
    0x0, 0x5, 0xcf, 0xfd, 0x60, 0x0, 0x7, 0xff,
    0xdd, 0xff, 0x80, 0x1, 0xff, 0x60, 0x4, 0xff,
    0x20, 0x4f, 0xe0, 0x0, 0xb, 0xf6, 0x4, 0xfe,
    0x0, 0x0, 0x9f, 0x60, 0x1f, 0xf5, 0x0, 0xd,
    0xf2, 0x0, 0x6f, 0xf8, 0x15, 0xf9, 0x0, 0x0,
    0x9f, 0xff, 0xfb, 0x0, 0x0, 0x6f, 0xba, 0xff,
    0xf6, 0x0, 0x4f, 0xc0, 0x2, 0xbf, 0xf4, 0xc,
    0xf4, 0x0, 0x0, 0xbf, 0xc0, 0xff, 0x20, 0x0,
    0x5, 0xff, 0xf, 0xf4, 0x0, 0x0, 0x6f, 0xf0,
    0xaf, 0xd2, 0x0, 0x2d, 0xfa, 0x1, 0xdf, 0xfd,
    0xdf, 0xfd, 0x10, 0x0, 0x7d, 0xff, 0xd8, 0x0,

    /* U+0039 "9" */
    0x0, 0x8, 0xef, 0xe9, 0x10, 0x0, 0xc, 0xff,
    0xef, 0xfe, 0x10, 0x8, 0xfe, 0x30, 0x1c, 0xfb,
    0x0, 0xef, 0x60, 0x0, 0x1f, 0xf3, 0x1f, 0xf3,
    0x0, 0x0, 0xbf, 0x81, 0xff, 0x30, 0x0, 0x8,
    0xfb, 0xf, 0xf6, 0x0, 0x0, 0xbf, 0xd0, 0x9f,
    0xe4, 0x2, 0xbf, 0xfd, 0x1, 0xdf, 0xff, 0xfe,
    0x9f, 0xd0, 0x0, 0x7b, 0xc8, 0x18, 0xfb, 0x0,
    0x0, 0x0, 0x0, 0xaf, 0x90, 0x0, 0x0, 0x0,
    0xe, 0xf5, 0x0, 0x0, 0x0, 0x7, 0xff, 0x0,
    0x3e, 0x71, 0x17, 0xff, 0x70, 0x8, 0xff, 0xff,
    0xff, 0xa0, 0x0, 0x5, 0xcf, 0xfc, 0x50, 0x0,

    /* U+003A ":" */
    0x1d, 0xe4, 0x7f, 0xfb, 0x4f, 0xf9, 0x4, 0x60,
    0x0, 0x0, 0x0, 0x0, 0x0, 0x0, 0x0, 0x0,
    0x4, 0x60, 0x4f, 0xf9, 0x7f, 0xfb, 0x1d, 0xe4,

    /* U+003B ";" */
    0x1d, 0xe4, 0x7, 0xff, 0xb0, 0x4f, 0xf9, 0x0,
    0x46, 0x0, 0x0, 0x0, 0x0, 0x0, 0x0, 0x0,
    0x0, 0x0, 0x0, 0x0, 0x0, 0x10, 0x2, 0xef,
    0x80, 0x6f, 0xff, 0x1, 0xdf, 0xf1, 0x0, 0xaf,
    0x0, 0x2f, 0xb0, 0x4e, 0xf2, 0xa, 0xd3, 0x0,
    0x10, 0x0, 0x0,

    /* U+003C "<" */
    0x0, 0x0, 0x0, 0x0, 0x4, 0xb2, 0x0, 0x0,
    0x0, 0x28, 0xef, 0xf2, 0x0, 0x0, 0x5b, 0xff,
    0xfb, 0x50, 0x2, 0x8e, 0xff, 0xd7, 0x10, 0x0,
    0x3f, 0xfe, 0x93, 0x0, 0x0, 0x0, 0x3f, 0xfd,
    0x71, 0x0, 0x0, 0x0, 0x4, 0xaf, 0xff, 0xb5,
    0x0, 0x0, 0x0, 0x1, 0x7d, 0xff, 0xf9, 0x30,
    0x0, 0x0, 0x0, 0x3a, 0xff, 0xf2, 0x0, 0x0,
    0x0, 0x0, 0x16, 0xd2, 0x0, 0x0, 0x0, 0x0,
    0x0, 0x0,

    /* U+003D "=" */
    0x3f, 0xff, 0xff, 0xff, 0xff, 0xf2, 0x2c, 0xcc,
    0xcc, 0xcc, 0xcc, 0xc2, 0x0, 0x0, 0x0, 0x0,
    0x0, 0x0, 0x0, 0x0, 0x0, 0x0, 0x0, 0x0,
    0x0, 0x0, 0x0, 0x0, 0x0, 0x0, 0x2c, 0xcc,
    0xcc, 0xcc, 0xcc, 0xc2, 0x3f, 0xff, 0xff, 0xff,
    0xff, 0xf2,

    /* U+003E ">" */
    0x2a, 0x40, 0x0, 0x0, 0x0, 0x0, 0x3f, 0xfe,
    0x71, 0x0, 0x0, 0x0, 0x5, 0xbf, 0xff, 0xb5,
    0x0, 0x0, 0x0, 0x1, 0x7d, 0xff, 0xe8, 0x20,
    0x0, 0x0, 0x0, 0x39, 0xef, 0xf2, 0x0, 0x0,
    0x0, 0x17, 0xdf, 0xf2, 0x0, 0x0, 0x5b, 0xff,
    0xfa, 0x40, 0x4, 0x9f, 0xff, 0xd6, 0x10, 0x0,
    0x3f, 0xff, 0x93, 0x0, 0x0, 0x0, 0x3c, 0x60,
    0x0, 0x0, 0x0, 0x0, 0x0, 0x0, 0x0, 0x0,
    0x0, 0x0,

    /* U+003F "?" */
    0x0, 0x4b, 0xff, 0xd7, 0x0, 0x8, 0xff, 0xff,
    0xff, 0x90, 0x8, 0xe5, 0x1, 0xbf, 0xf1, 0x0,
    0x0, 0x0, 0x2f, 0xf3, 0x0, 0x0, 0x0, 0x3f,
    0xf2, 0x0, 0x0, 0x0, 0xbf, 0xb0, 0x0, 0x0,
    0x8, 0xfe, 0x10, 0x0, 0x0, 0x5f, 0xf3, 0x0,
    0x0, 0x0, 0xef, 0x70, 0x0, 0x0, 0x3, 0xff,
    0x0, 0x0, 0x0, 0x3, 0xca, 0x0, 0x0, 0x0,
    0x0, 0x0, 0x0, 0x0, 0x0, 0x0, 0x64, 0x0,
    0x0, 0x0, 0x9, 0xff, 0x40, 0x0, 0x0, 0xb,
    0xff, 0x60, 0x0, 0x0, 0x4, 0xfd, 0x10, 0x0,

    /* U+0040 "@" */
    0x0, 0x0, 0x0, 0x39, 0xdf, 0xfe, 0xb6, 0x0,
    0x0, 0x0, 0x0, 0x2, 0xcf, 0xfc, 0x99, 0xbe,
    0xfe, 0x40, 0x0, 0x0, 0x5, 0xff, 0x81, 0x0,
    0x0, 0x5, 0xef, 0x40, 0x0, 0x4, 0xfe, 0x20,
    0x0, 0x0, 0x0, 0x2, 0xee, 0x10, 0x1, 0xee,
    0x20, 0x0, 0x0, 0x0, 0x0, 0x4, 0xf8, 0x0,
    0x9f, 0x50, 0x0, 0x17, 0xa6, 0x3a, 0x20, 0xd,
    0xe0, 0x1f, 0xc0, 0x0, 0x3e, 0xff, 0xfd, 0xf1,
    0x0, 0x8f, 0x16, 0xf6, 0x0, 0x1e, 0xf5, 0x6,
    0xfe, 0x0, 0x6, 0xf3, 0x9f, 0x10, 0x8, 0xf8,
    0x0, 0x1f, 0xa0, 0x0, 0x6f, 0x3c, 0xf0, 0x0,
    0xdf, 0x10, 0x4, 0xf7, 0x0, 0x7, 0xf2, 0xde,
    0x0, 0xf, 0xd0, 0x0, 0x7f, 0x40, 0x0, 0xbe,
    0xc, 0xe0, 0x0, 0xfd, 0x0, 0xa, 0xf2, 0x0,
    0x3f, 0x80, 0xbf, 0x0, 0xd, 0xf5, 0x7, 0xff,
    0x70, 0x4e, 0xe1, 0x8, 0xf4, 0x0, 0x5f, 0xff,
    0xe3, 0xef, 0xff, 0xd2, 0x0, 0x3f, 0xb0, 0x0,
    0x38, 0x71, 0x1, 0x79, 0x60, 0x0, 0x0, 0xbf,
    0x50, 0x0, 0x0, 0x0, 0x0, 0x0, 0x0, 0x0,
    0x2, 0xff, 0x60, 0x0, 0x0, 0x0, 0x0, 0x0,
    0x0, 0x0, 0x3, 0xef, 0xc5, 0x10, 0x3, 0x8c,
    0x0, 0x0, 0x0, 0x0, 0x1, 0xaf, 0xff, 0xff,
    0xff, 0xc1, 0x0, 0x0, 0x0, 0x0, 0x0, 0x15,
    0x89, 0x86, 0x20, 0x0, 0x0, 0x0,

    /* U+0041 "A" */
    0x0, 0x0, 0x1f, 0xff, 0x10, 0x0, 0x0, 0x0,
    0x0, 0x5f, 0xff, 0x60, 0x0, 0x0, 0x0, 0x0,
    0xaf, 0xbf, 0xb0, 0x0, 0x0, 0x0, 0x0, 0xff,
    0x2f, 0xf1, 0x0, 0x0, 0x0, 0x5, 0xfd, 0xd,
    0xf6, 0x0, 0x0, 0x0, 0xa, 0xf8, 0x8, 0xfb,
    0x0, 0x0, 0x0, 0xf, 0xf4, 0x4, 0xff, 0x0,
    0x0, 0x0, 0x4f, 0xf0, 0x0, 0xff, 0x50, 0x0,
    0x0, 0x9f, 0xa0, 0x0, 0xbf, 0xa0, 0x0, 0x0,
    0xef, 0x60, 0x0, 0x6f, 0xf0, 0x0, 0x3, 0xff,
    0xff, 0xff, 0xff, 0xf4, 0x0, 0x8, 0xff, 0xff,
    0xff, 0xff, 0xf9, 0x0, 0xe, 0xf8, 0x0, 0x0,
    0x8, 0xfe, 0x0, 0x3f, 0xf3, 0x0, 0x0, 0x3,
    0xff, 0x40, 0x8f, 0xe0, 0x0, 0x0, 0x0, 0xff,
    0x90, 0xdf, 0xa0, 0x0, 0x0, 0x0, 0xaf, 0xe0,

    /* U+0042 "B" */
    0xff, 0xff, 0xff, 0xda, 0x30, 0x0, 0xff, 0xff,
    0xff, 0xff, 0xf6, 0x0, 0xff, 0x70, 0x0, 0x3d,
    0xff, 0x0, 0xff, 0x70, 0x0, 0x4, 0xff, 0x30,
    0xff, 0x70, 0x0, 0x2, 0xff, 0x40, 0xff, 0x70,
    0x0, 0x5, 0xff, 0x10, 0xff, 0x70, 0x1, 0x5e,
    0xf8, 0x0, 0xff, 0xff, 0xff, 0xff, 0x90, 0x0,
    0xff, 0xee, 0xee, 0xff, 0xf9, 0x0, 0xff, 0x70,
    0x0, 0x5, 0xef, 0x90, 0xff, 0x70, 0x0, 0x0,
    0x6f, 0xf0, 0xff, 0x70, 0x0, 0x0, 0x4f, 0xf1,
    0xff, 0x70, 0x0, 0x0, 0x8f, 0xf0, 0xff, 0x70,
    0x0, 0x17, 0xff, 0xa0, 0xff, 0xff, 0xff, 0xff,
    0xfc, 0x10, 0xff, 0xff, 0xff, 0xeb, 0x60, 0x0,

    /* U+0043 "C" */
    0x0, 0x0, 0x7c, 0xff, 0xd8, 0x0, 0x0, 0x3e,
    0xff, 0xff, 0xff, 0xd2, 0x2, 0xff, 0xf8, 0x32,
    0x5d, 0xf2, 0xc, 0xff, 0x30, 0x0, 0x0, 0x30,
    0x3f, 0xf7, 0x0, 0x0, 0x0, 0x0, 0x8f, 0xf1,
    0x0, 0x0, 0x0, 0x0, 0xbf, 0xd0, 0x0, 0x0,
    0x0, 0x0, 0xdf, 0xb0, 0x0, 0x0, 0x0, 0x0,
    0xdf, 0xb0, 0x0, 0x0, 0x0, 0x0, 0xbf, 0xd0,
    0x0, 0x0, 0x0, 0x0, 0x8f, 0xf1, 0x0, 0x0,
    0x0, 0x0, 0x4f, 0xf7, 0x0, 0x0, 0x0, 0x0,
    0xc, 0xff, 0x20, 0x0, 0x0, 0x80, 0x3, 0xff,
    0xf8, 0x33, 0x6d, 0xfa, 0x0, 0x4e, 0xff, 0xff,
    0xff, 0xe3, 0x0, 0x1, 0x8d, 0xff, 0xd8, 0x10,

    /* U+0044 "D" */
    0xff, 0xff, 0xfe, 0xb5, 0x0, 0x0, 0xff, 0xff,
    0xff, 0xff, 0xd2, 0x0, 0xff, 0x70, 0x13, 0x9f,
    0xfe, 0x10, 0xff, 0x70, 0x0, 0x5, 0xff, 0x90,
    0xff, 0x70, 0x0, 0x0, 0xaf, 0xf0, 0xff, 0x70,
    0x0, 0x0, 0x5f, 0xf4, 0xff, 0x70, 0x0, 0x0,
    0x1f, 0xf6, 0xff, 0x70, 0x0, 0x0, 0xf, 0xf7,
    0xff, 0x70, 0x0, 0x0, 0xf, 0xf7, 0xff, 0x70,
    0x0, 0x0, 0x2f, 0xf6, 0xff, 0x70, 0x0, 0x0,
    0x5f, 0xf3, 0xff, 0x70, 0x0, 0x0, 0xbf, 0xf0,
    0xff, 0x70, 0x0, 0x6, 0xff, 0x80, 0xff, 0x70,
    0x3, 0x9f, 0xfd, 0x0, 0xff, 0xff, 0xff, 0xff,
    0xc1, 0x0, 0xff, 0xff, 0xfe, 0xb5, 0x0, 0x0,

    /* U+0045 "E" */
    0xff, 0xff, 0xff, 0xff, 0xf2, 0xff, 0xff, 0xff,
    0xff, 0xf2, 0xff, 0x81, 0x11, 0x11, 0x10, 0xff,
    0x70, 0x0, 0x0, 0x0, 0xff, 0x70, 0x0, 0x0,
    0x0, 0xff, 0x70, 0x0, 0x0, 0x0, 0xff, 0x81,
    0x11, 0x11, 0x0, 0xff, 0xff, 0xff, 0xff, 0x20,
    0xff, 0xff, 0xff, 0xff, 0x20, 0xff, 0x70, 0x0,
    0x0, 0x0, 0xff, 0x70, 0x0, 0x0, 0x0, 0xff,
    0x70, 0x0, 0x0, 0x0, 0xff, 0x70, 0x0, 0x0,
    0x0, 0xff, 0x81, 0x11, 0x11, 0x10, 0xff, 0xff,
    0xff, 0xff, 0xf6, 0xff, 0xff, 0xff, 0xff, 0xf6,

    /* U+0046 "F" */
    0xff, 0xff, 0xff, 0xff, 0xf3, 0xff, 0xff, 0xff,
    0xff, 0xf3, 0xff, 0x81, 0x11, 0x11, 0x10, 0xff,
    0x70, 0x0, 0x0, 0x0, 0xff, 0x70, 0x0, 0x0,
    0x0, 0xff, 0x70, 0x0, 0x0, 0x0, 0xff, 0x70,
    0x0, 0x0, 0x0, 0xff, 0xff, 0xff, 0xff, 0x30,
    0xff, 0xff, 0xff, 0xff, 0x30, 0xff, 0x81, 0x11,
    0x11, 0x0, 0xff, 0x70, 0x0, 0x0, 0x0, 0xff,
    0x70, 0x0, 0x0, 0x0, 0xff, 0x70, 0x0, 0x0,
    0x0, 0xff, 0x70, 0x0, 0x0, 0x0, 0xff, 0x70,
    0x0, 0x0, 0x0, 0xff, 0x70, 0x0, 0x0, 0x0,

    /* U+0047 "G" */
    0x0, 0x0, 0x6c, 0xef, 0xea, 0x30, 0x0, 0x2,
    0xdf, 0xff, 0xff, 0xff, 0x70, 0x2, 0xef, 0xf9,
    0x42, 0x39, 0xf8, 0x0, 0xbf, 0xf4, 0x0, 0x0,
    0x2, 0x0, 0x3f, 0xf8, 0x0, 0x0, 0x0, 0x0,
    0x8, 0xff, 0x10, 0x0, 0x0, 0x0, 0x0, 0xbf,
    0xd0, 0x0, 0x0, 0x0, 0x0, 0xd, 0xfb, 0x0,
    0x0, 0xff, 0xff, 0xf3, 0xcf, 0xb0, 0x0, 0xf,
    0xff, 0xff, 0x3b, 0xfd, 0x0, 0x0, 0x0, 0xf,
    0xf3, 0x8f, 0xf1, 0x0, 0x0, 0x0, 0xff, 0x33,
    0xff, 0x70, 0x0, 0x0, 0xf, 0xf3, 0xc, 0xff,
    0x30, 0x0, 0x0, 0xff, 0x30, 0x2f, 0xff, 0x94,
    0x34, 0xaf, 0xf3, 0x0, 0x3e, 0xff, 0xff, 0xff,
    0xfb, 0x0, 0x0, 0x7, 0xcf, 0xfe, 0xb4, 0x0,

    /* U+0048 "H" */
    0xff, 0x70, 0x0, 0x0, 0xe, 0xf8, 0xff, 0x70,
    0x0, 0x0, 0xe, 0xf8, 0xff, 0x70, 0x0, 0x0,
    0xe, 0xf8, 0xff, 0x70, 0x0, 0x0, 0xe, 0xf8,
    0xff, 0x70, 0x0, 0x0, 0xe, 0xf8, 0xff, 0x70,
    0x0, 0x0, 0xe, 0xf8, 0xff, 0x82, 0x22, 0x22,
    0x2e, 0xf8, 0xff, 0xff, 0xff, 0xff, 0xff, 0xf8,
    0xff, 0xff, 0xff, 0xff, 0xff, 0xf8, 0xff, 0x70,
    0x0, 0x0, 0xe, 0xf8, 0xff, 0x70, 0x0, 0x0,
    0xe, 0xf8, 0xff, 0x70, 0x0, 0x0, 0xe, 0xf8,
    0xff, 0x70, 0x0, 0x0, 0xe, 0xf8, 0xff, 0x70,
    0x0, 0x0, 0xe, 0xf8, 0xff, 0x70, 0x0, 0x0,
    0xe, 0xf8, 0xff, 0x70, 0x0, 0x0, 0xe, 0xf8,

    /* U+0049 "I" */
    0xff, 0x7f, 0xf7, 0xff, 0x7f, 0xf7, 0xff, 0x7f,
    0xf7, 0xff, 0x7f, 0xf7, 0xff, 0x7f, 0xf7, 0xff,
    0x7f, 0xf7, 0xff, 0x7f, 0xf7, 0xff, 0x7f, 0xf7,

    /* U+004A "J" */
    0x0, 0x0, 0x0, 0xd, 0xf9, 0x0, 0x0, 0x0,
    0xd, 0xf9, 0x0, 0x0, 0x0, 0xd, 0xf9, 0x0,
    0x0, 0x0, 0xd, 0xf9, 0x0, 0x0, 0x0, 0xd,
    0xf9, 0x0, 0x0, 0x0, 0xd, 0xf9, 0x0, 0x0,
    0x0, 0xd, 0xf9, 0x0, 0x0, 0x0, 0xd, 0xf9,
    0x0, 0x0, 0x0, 0xd, 0xf9, 0x0, 0x0, 0x0,
    0xd, 0xf9, 0x0, 0x0, 0x0, 0xd, 0xf9, 0x0,
    0x0, 0x0, 0xe, 0xf9, 0x4, 0x80, 0x0, 0x2f,
    0xf6, 0x2f, 0xf9, 0x34, 0xcf, 0xf1, 0x8, 0xff,
    0xff, 0xff, 0x80, 0x0, 0x5c, 0xff, 0xd6, 0x0,

    /* U+004B "K" */
    0xff, 0x70, 0x0, 0x1, 0xef, 0xb0, 0xff, 0x70,
    0x0, 0xc, 0xfe, 0x10, 0xff, 0x70, 0x0, 0x8f,
    0xf3, 0x0, 0xff, 0x70, 0x5, 0xff, 0x60, 0x0,
    0xff, 0x70, 0x2f, 0xfa, 0x0, 0x0, 0xff, 0x70,
    0xdf, 0xd0, 0x0, 0x0, 0xff, 0x7a, 0xff, 0x80,
    0x0, 0x0, 0xff, 0xdf, 0xff, 0xf1, 0x0, 0x0,
    0xff, 0xff, 0xae, 0xfa, 0x0, 0x0, 0xff, 0xfc,
    0x6, 0xff, 0x30, 0x0, 0xff, 0xe1, 0x0, 0xdf,
    0xc0, 0x0, 0xff, 0x70, 0x0, 0x4f, 0xf5, 0x0,
    0xff, 0x70, 0x0, 0xb, 0xfe, 0x0, 0xff, 0x70,
    0x0, 0x3, 0xff, 0x80, 0xff, 0x70, 0x0, 0x0,
    0x9f, 0xf1, 0xff, 0x70, 0x0, 0x0, 0x1f, 0xfa,

    /* U+004C "L" */
    0xff, 0x70, 0x0, 0x0, 0x0, 0xff, 0x70, 0x0,
    0x0, 0x0, 0xff, 0x70, 0x0, 0x0, 0x0, 0xff,
    0x70, 0x0, 0x0, 0x0, 0xff, 0x70, 0x0, 0x0,
    0x0, 0xff, 0x70, 0x0, 0x0, 0x0, 0xff, 0x70,
    0x0, 0x0, 0x0, 0xff, 0x70, 0x0, 0x0, 0x0,
    0xff, 0x70, 0x0, 0x0, 0x0, 0xff, 0x70, 0x0,
    0x0, 0x0, 0xff, 0x70, 0x0, 0x0, 0x0, 0xff,
    0x70, 0x0, 0x0, 0x0, 0xff, 0x70, 0x0, 0x0,
    0x0, 0xff, 0x81, 0x11, 0x11, 0x10, 0xff, 0xff,
    0xff, 0xff, 0xf0, 0xff, 0xff, 0xff, 0xff, 0xf0,

    /* U+004D "M" */
    0xff, 0xf0, 0x0, 0x0, 0x0, 0x9f, 0xf6, 0xff,
    0xf5, 0x0, 0x0, 0x0, 0xef, 0xf6, 0xff, 0xfb,
    0x0, 0x0, 0x4, 0xff, 0xf6, 0xff, 0xef, 0x10,
    0x0, 0x9, 0xfd, 0xf6, 0xff, 0x9f, 0x60, 0x0,
    0xe, 0xea, 0xf6, 0xff, 0x5f, 0xc0, 0x0, 0x4f,
    0x9b, 0xf6, 0xff, 0x2d, 0xf1, 0x0, 0xaf, 0x4c,
    0xf6, 0xff, 0x38, 0xf7, 0x0, 0xfe, 0xd, 0xf6,
    0xff, 0x32, 0xfc, 0x5, 0xf8, 0xd, 0xf6, 0xff,
    0x30, 0xdf, 0x29, 0xf3, 0xd, 0xf6, 0xff, 0x30,
    0x7f, 0x7e, 0xd0, 0xd, 0xf6, 0xff, 0x30, 0x1f,
    0xef, 0x70, 0xd, 0xf6, 0xff, 0x30, 0xc, 0xff,
    0x20, 0xd, 0xf6, 0xff, 0x30, 0x6, 0xfc, 0x0,
    0xd, 0xf6, 0xff, 0x30, 0x1, 0x73, 0x0, 0xd,
    0xf6, 0xff, 0x30, 0x0, 0x0, 0x0, 0xd, 0xf6,

    /* U+004E "N" */
    0xff, 0xc0, 0x0, 0x0, 0xf, 0xf6, 0xff, 0xf5,
    0x0, 0x0, 0xf, 0xf6, 0xff, 0xfd, 0x0, 0x0,
    0xf, 0xf6, 0xff, 0xcf, 0x70, 0x0, 0xf, 0xf6,
    0xff, 0x6f, 0xe0, 0x0, 0xf, 0xf6, 0xff, 0x3c,
    0xf8, 0x0, 0xf, 0xf6, 0xff, 0x44, 0xff, 0x10,
    0xf, 0xf6, 0xff, 0x50, 0xcf, 0x90, 0xf, 0xf6,
    0xff, 0x50, 0x3f, 0xf2, 0xe, 0xf6, 0xff, 0x50,
    0xa, 0xfb, 0xe, 0xf6, 0xff, 0x50, 0x2, 0xff,
    0x3c, 0xf6, 0xff, 0x50, 0x0, 0x9f, 0xab, 0xf6,
    0xff, 0x50, 0x0, 0x1f, 0xfd, 0xf6, 0xff, 0x50,
    0x0, 0x7, 0xff, 0xf6, 0xff, 0x50, 0x0, 0x0,
    0xef, 0xf6, 0xff, 0x50, 0x0, 0x0, 0x6f, 0xf6,

    /* U+004F "O" */
    0x0, 0x1, 0x9d, 0xff, 0xd8, 0x10, 0x0, 0x0,
    0x5f, 0xff, 0xff, 0xff, 0xe3, 0x0, 0x3, 0xff,
    0xe6, 0x23, 0x7f, 0xfe, 0x20, 0xd, 0xfe, 0x10,
    0x0, 0x3, 0xff, 0xb0, 0x4f, 0xf6, 0x0, 0x0,
    0x0, 0x8f, 0xf1, 0x9f, 0xf0, 0x0, 0x0, 0x0,
    0x2f, 0xf6, 0xbf, 0xc0, 0x0, 0x0, 0x0, 0xf,
    0xf9, 0xcf, 0xb0, 0x0, 0x0, 0x0, 0xd, 0xfa,
    0xcf, 0xb0, 0x0, 0x0, 0x0, 0xd, 0xfa, 0xbf,
    0xd0, 0x0, 0x0, 0x0, 0xf, 0xf8, 0x8f, 0xf0,
    0x0, 0x0, 0x0, 0x3f, 0xf5, 0x4f, 0xf6, 0x0,
    0x0, 0x0, 0x9f, 0xf1, 0xc, 0xfe, 0x20, 0x0,
    0x4, 0xff, 0xa0, 0x3, 0xff, 0xe7, 0x33, 0x8f,
    0xfe, 0x10, 0x0, 0x4f, 0xff, 0xff, 0xff, 0xe2,
    0x0, 0x0, 0x1, 0x8d, 0xff, 0xc7, 0x0, 0x0,

    /* U+0050 "P" */
    0xff, 0xff, 0xff, 0xd9, 0x30, 0xf, 0xff, 0xff,
    0xff, 0xff, 0x60, 0xff, 0x70, 0x1, 0x4c, 0xff,
    0x2f, 0xf7, 0x0, 0x0, 0x1f, 0xf7, 0xff, 0x70,
    0x0, 0x0, 0xcf, 0x9f, 0xf7, 0x0, 0x0, 0xd,
    0xf9, 0xff, 0x70, 0x0, 0x2, 0xff, 0x6f, 0xf7,
    0x0, 0x14, 0xdf, 0xf1, 0xff, 0xff, 0xff, 0xff,
    0xf4, 0xf, 0xff, 0xff, 0xfd, 0x81, 0x0, 0xff,
    0x70, 0x0, 0x0, 0x0, 0xf, 0xf7, 0x0, 0x0,
    0x0, 0x0, 0xff, 0x70, 0x0, 0x0, 0x0, 0xf,
    0xf7, 0x0, 0x0, 0x0, 0x0, 0xff, 0x70, 0x0,
    0x0, 0x0, 0xf, 0xf7, 0x0, 0x0, 0x0, 0x0,

    /* U+0051 "Q" */
    0x0, 0x1, 0x9d, 0xff, 0xd8, 0x10, 0x0, 0x0,
    0x5, 0xff, 0xff, 0xff, 0xfe, 0x30, 0x0, 0x3,
    0xff, 0xe6, 0x23, 0x7f, 0xfe, 0x20, 0x0, 0xdf,
    0xe1, 0x0, 0x0, 0x3f, 0xfb, 0x0, 0x4f, 0xf6,
    0x0, 0x0, 0x0, 0x8f, 0xf1, 0x9, 0xff, 0x0,
    0x0, 0x0, 0x2, 0xff, 0x60, 0xbf, 0xc0, 0x0,
    0x0, 0x0, 0xf, 0xf9, 0xc, 0xfb, 0x0, 0x0,
    0x0, 0x0, 0xdf, 0xa0, 0xcf, 0xb0, 0x0, 0x0,
    0x0, 0xd, 0xfa, 0xb, 0xfd, 0x0, 0x0, 0x0,
    0x0, 0xff, 0x80, 0x8f, 0xf0, 0x0, 0x0, 0x0,
    0x2f, 0xf5, 0x4, 0xff, 0x50, 0x0, 0x0, 0x8,
    0xff, 0x10, 0xc, 0xfe, 0x10, 0x0, 0x2, 0xff,
    0xa0, 0x0, 0x3f, 0xfd, 0x51, 0x16, 0xef, 0xe1,
    0x0, 0x0, 0x4f, 0xff, 0xff, 0xff, 0xe2, 0x0,
    0x0, 0x0, 0x18, 0xdf, 0xfd, 0x70, 0x0, 0x0,
    0x0, 0x0, 0x0, 0xef, 0xc0, 0x0, 0x0, 0x0,
    0x0, 0x0, 0x5, 0xff, 0xc4, 0x10, 0x20, 0x0,
    0x0, 0x0, 0x6, 0xff, 0xff, 0xfe, 0x0, 0x0,
    0x0, 0x0, 0x2, 0x9e, 0xff, 0xc0,

    /* U+0052 "R" */
    0xff, 0xff, 0xff, 0xea, 0x40, 0x0, 0xff, 0xff,
    0xff, 0xff, 0xf8, 0x0, 0xff, 0x70, 0x0, 0x3c,
    0xff, 0x30, 0xff, 0x70, 0x0, 0x0, 0xff, 0x80,
    0xff, 0x70, 0x0, 0x0, 0xcf, 0xa0, 0xff, 0x70,
    0x0, 0x0, 0xcf, 0xa0, 0xff, 0x70, 0x0, 0x2,
    0xff, 0x70, 0xff, 0x70, 0x0, 0x4d, 0xff, 0x10,
    0xff, 0xff, 0xff, 0xff, 0xf5, 0x0, 0xff, 0xff,
    0xff, 0xfc, 0x20, 0x0, 0xff, 0x70, 0xa, 0xfe,
    0x10, 0x0, 0xff, 0x70, 0x2, 0xff, 0x90, 0x0,
    0xff, 0x70, 0x0, 0x8f, 0xf2, 0x0, 0xff, 0x70,
    0x0, 0xe, 0xfc, 0x0, 0xff, 0x70, 0x0, 0x6,
    0xff, 0x50, 0xff, 0x70, 0x0, 0x0, 0xcf, 0xe0,

    /* U+0053 "S" */
    0x0, 0x2, 0x9e, 0xff, 0xb5, 0x0, 0x0, 0x4f,
    0xff, 0xff, 0xff, 0xc1, 0x0, 0xef, 0xe5, 0x23,
    0x7e, 0xe1, 0x4, 0xff, 0x40, 0x0, 0x1, 0x20,
    0x5, 0xff, 0x30, 0x0, 0x0, 0x0, 0x2, 0xff,
    0xc1, 0x0, 0x0, 0x0, 0x0, 0xaf, 0xff, 0x92,
    0x0, 0x0, 0x0, 0x9, 0xff, 0xff, 0xc4, 0x0,
    0x0, 0x0, 0x29, 0xff, 0xff, 0x90, 0x0, 0x0,
    0x0, 0x7, 0xef, 0xf6, 0x0, 0x0, 0x0, 0x0,
    0x1e, 0xfc, 0x0, 0x0, 0x0, 0x0, 0xa, 0xfe,
    0x2, 0xb2, 0x0, 0x0, 0xd, 0xfc, 0xc, 0xff,
    0x94, 0x24, 0xbf, 0xf5, 0x3, 0xdf, 0xff, 0xff,
    0xff, 0x90, 0x0, 0x6, 0xbe, 0xfe, 0xb4, 0x0,

    /* U+0054 "T" */
    0x5f, 0xff, 0xff, 0xff, 0xff, 0xff, 0x35, 0xff,
    0xff, 0xff, 0xff, 0xff, 0xf3, 0x1, 0x11, 0x1d,
    0xfa, 0x11, 0x11, 0x0, 0x0, 0x0, 0xdf, 0xa0,
    0x0, 0x0, 0x0, 0x0, 0xd, 0xfa, 0x0, 0x0,
    0x0, 0x0, 0x0, 0xdf, 0xa0, 0x0, 0x0, 0x0,
    0x0, 0xd, 0xfa, 0x0, 0x0, 0x0, 0x0, 0x0,
    0xdf, 0xa0, 0x0, 0x0, 0x0, 0x0, 0xd, 0xfa,
    0x0, 0x0, 0x0, 0x0, 0x0, 0xdf, 0xa0, 0x0,
    0x0, 0x0, 0x0, 0xd, 0xfa, 0x0, 0x0, 0x0,
    0x0, 0x0, 0xdf, 0xa0, 0x0, 0x0, 0x0, 0x0,
    0xd, 0xfa, 0x0, 0x0, 0x0, 0x0, 0x0, 0xdf,
    0xa0, 0x0, 0x0, 0x0, 0x0, 0xd, 0xfa, 0x0,
    0x0, 0x0, 0x0, 0x0, 0xdf, 0xa0, 0x0, 0x0,

    /* U+0055 "U" */
    0xf, 0xf6, 0x0, 0x0, 0x0, 0xef, 0x70, 0xff,
    0x60, 0x0, 0x0, 0xe, 0xf7, 0xf, 0xf6, 0x0,
    0x0, 0x0, 0xef, 0x70, 0xff, 0x60, 0x0, 0x0,
    0xe, 0xf7, 0xf, 0xf6, 0x0, 0x0, 0x0, 0xef,
    0x70, 0xff, 0x60, 0x0, 0x0, 0xe, 0xf7, 0xf,
    0xf6, 0x0, 0x0, 0x0, 0xef, 0x70, 0xff, 0x60,
    0x0, 0x0, 0xe, 0xf7, 0xf, 0xf6, 0x0, 0x0,
    0x0, 0xef, 0x70, 0xff, 0x60, 0x0, 0x0, 0xe,
    0xf6, 0xf, 0xf7, 0x0, 0x0, 0x0, 0xff, 0x50,
    0xcf, 0xb0, 0x0, 0x0, 0x3f, 0xf3, 0x8, 0xff,
    0x20, 0x0, 0xa, 0xfe, 0x0, 0x1f, 0xfe, 0x63,
    0x4a, 0xff, 0x70, 0x0, 0x5f, 0xff, 0xff, 0xff,
    0xb0, 0x0, 0x0, 0x3a, 0xef, 0xfc, 0x60, 0x0,

    /* U+0056 "V" */
    0xe, 0xfa, 0x0, 0x0, 0x0, 0x1f, 0xf6, 0x9,
    0xff, 0x0, 0x0, 0x0, 0x6f, 0xf1, 0x4, 0xff,
    0x30, 0x0, 0x0, 0xaf, 0xc0, 0x0, 0xff, 0x80,
    0x0, 0x0, 0xef, 0x70, 0x0, 0xaf, 0xc0, 0x0,
    0x3, 0xff, 0x20, 0x0, 0x6f, 0xf1, 0x0, 0x7,
    0xfd, 0x0, 0x0, 0x1f, 0xf5, 0x0, 0xb, 0xf9,
    0x0, 0x0, 0xc, 0xf9, 0x0, 0xf, 0xf4, 0x0,
    0x0, 0x7, 0xfe, 0x0, 0x4f, 0xf0, 0x0, 0x0,
    0x2, 0xff, 0x20, 0x9f, 0xa0, 0x0, 0x0, 0x0,
    0xdf, 0x70, 0xdf, 0x50, 0x0, 0x0, 0x0, 0x8f,
    0xb1, 0xff, 0x10, 0x0, 0x0, 0x0, 0x4f, 0xf6,
    0xfb, 0x0, 0x0, 0x0, 0x0, 0xe, 0xfd, 0xf7,
    0x0, 0x0, 0x0, 0x0, 0xa, 0xff, 0xf2, 0x0,
    0x0, 0x0, 0x0, 0x5, 0xff, 0xd0, 0x0, 0x0,

    /* U+0057 "W" */
    0x6f, 0xf1, 0x0, 0x0, 0xbf, 0xa0, 0x0, 0x2,
    0xff, 0x23, 0xff, 0x30, 0x0, 0xf, 0xfe, 0x0,
    0x0, 0x5f, 0xf0, 0xf, 0xf6, 0x0, 0x3, 0xff,
    0xf2, 0x0, 0x8, 0xfc, 0x0, 0xdf, 0x90, 0x0,
    0x7f, 0xef, 0x60, 0x0, 0xaf, 0x90, 0xa, 0xfc,
    0x0, 0xb, 0xf8, 0xf9, 0x0, 0xd, 0xf6, 0x0,
    0x7f, 0xf0, 0x0, 0xee, 0x2f, 0xd0, 0x0, 0xff,
    0x30, 0x3, 0xff, 0x10, 0x2f, 0xb0, 0xff, 0x10,
    0x3f, 0xf0, 0x0, 0xf, 0xf4, 0x6, 0xf8, 0xc,
    0xf5, 0x6, 0xfd, 0x0, 0x0, 0xdf, 0x70, 0xaf,
    0x40, 0x8f, 0x90, 0x8f, 0xa0, 0x0, 0xa, 0xfa,
    0xd, 0xf1, 0x4, 0xfc, 0xb, 0xf7, 0x0, 0x0,
    0x7f, 0xc1, 0xfd, 0x0, 0x1f, 0xf0, 0xdf, 0x40,
    0x0, 0x4, 0xff, 0x4f, 0x90, 0x0, 0xdf, 0x3f,
    0xf1, 0x0, 0x0, 0x1f, 0xf9, 0xf6, 0x0, 0x9,
    0xf9, 0xfe, 0x0, 0x0, 0x0, 0xef, 0xef, 0x20,
    0x0, 0x5f, 0xef, 0xb0, 0x0, 0x0, 0xa, 0xff,
    0xe0, 0x0, 0x2, 0xff, 0xf8, 0x0, 0x0, 0x0,
    0x7f, 0xfb, 0x0, 0x0, 0xe, 0xff, 0x50, 0x0,

    /* U+0058 "X" */
    0x2f, 0xf9, 0x0, 0x0, 0xe, 0xfa, 0x0, 0x9f,
    0xf1, 0x0, 0x6, 0xff, 0x20, 0x1, 0xff, 0x90,
    0x0, 0xdf, 0x90, 0x0, 0x8, 0xff, 0x10, 0x5f,
    0xf1, 0x0, 0x0, 0xe, 0xf9, 0xd, 0xf8, 0x0,
    0x0, 0x0, 0x7f, 0xf5, 0xff, 0x10, 0x0, 0x0,
    0x0, 0xef, 0xff, 0x70, 0x0, 0x0, 0x0, 0x6,
    0xff, 0xe0, 0x0, 0x0, 0x0, 0x0, 0xaf, 0xff,
    0x20, 0x0, 0x0, 0x0, 0x2f, 0xfd, 0xfa, 0x0,
    0x0, 0x0, 0xb, 0xf9, 0x4f, 0xf3, 0x0, 0x0,
    0x3, 0xff, 0x20, 0xcf, 0xc0, 0x0, 0x0, 0xcf,
    0xa0, 0x4, 0xff, 0x40, 0x0, 0x5f, 0xf2, 0x0,
    0xc, 0xfd, 0x0, 0xd, 0xfa, 0x0, 0x0, 0x4f,
    0xf6, 0x6, 0xff, 0x20, 0x0, 0x0, 0xcf, 0xe0,

    /* U+0059 "Y" */
    0xd, 0xfc, 0x0, 0x0, 0x1, 0xff, 0x60, 0x5f,
    0xf2, 0x0, 0x0, 0x8f, 0xe0, 0x0, 0xef, 0x90,
    0x0, 0xe, 0xf8, 0x0, 0x6, 0xff, 0x0, 0x5,
    0xff, 0x10, 0x0, 0xe, 0xf6, 0x0, 0xcf, 0x90,
    0x0, 0x0, 0x8f, 0xd0, 0x3f, 0xf1, 0x0, 0x0,
    0x1, 0xff, 0x39, 0xfa, 0x0, 0x0, 0x0, 0x9,
    0xfb, 0xff, 0x20, 0x0, 0x0, 0x0, 0x2f, 0xff,
    0xb0, 0x0, 0x0, 0x0, 0x0, 0xaf, 0xf3, 0x0,
    0x0, 0x0, 0x0, 0x6, 0xff, 0x0, 0x0, 0x0,
    0x0, 0x0, 0x6f, 0xf0, 0x0, 0x0, 0x0, 0x0,
    0x6, 0xff, 0x0, 0x0, 0x0, 0x0, 0x0, 0x6f,
    0xf0, 0x0, 0x0, 0x0, 0x0, 0x6, 0xff, 0x0,
    0x0, 0x0, 0x0, 0x0, 0x6f, 0xf0, 0x0, 0x0,

    /* U+005A "Z" */
    0x4, 0xff, 0xff, 0xff, 0xff, 0xfb, 0x4, 0xff,
    0xff, 0xff, 0xff, 0xfa, 0x0, 0x11, 0x11, 0x11,
    0x9f, 0xf2, 0x0, 0x0, 0x0, 0x2, 0xff, 0x70,
    0x0, 0x0, 0x0, 0xc, 0xfd, 0x0, 0x0, 0x0,
    0x0, 0x6f, 0xf4, 0x0, 0x0, 0x0, 0x1, 0xef,
    0x90, 0x0, 0x0, 0x0, 0xa, 0xfe, 0x10, 0x0,
    0x0, 0x0, 0x4f, 0xf6, 0x0, 0x0, 0x0, 0x0,
    0xdf, 0xb0, 0x0, 0x0, 0x0, 0x8, 0xff, 0x20,
    0x0, 0x0, 0x0, 0x2f, 0xf8, 0x0, 0x0, 0x0,
    0x0, 0xcf, 0xd0, 0x0, 0x0, 0x0, 0x6, 0xff,
    0x51, 0x11, 0x11, 0x11, 0xe, 0xff, 0xff, 0xff,
    0xff, 0xfd, 0xf, 0xff, 0xff, 0xff, 0xff, 0xfd,

    /* U+005B "[" */
    0xdf, 0xff, 0xad, 0xf5, 0x53, 0xdf, 0x0, 0xd,
    0xf0, 0x0, 0xdf, 0x0, 0xd, 0xf0, 0x0, 0xdf,
    0x0, 0xd, 0xf0, 0x0, 0xdf, 0x0, 0xd, 0xf0,
    0x0, 0xdf, 0x0, 0xd, 0xf0, 0x0, 0xdf, 0x0,
    0xd, 0xf0, 0x0, 0xdf, 0x0, 0xd, 0xf0, 0x0,
    0xdf, 0x0, 0xd, 0xf0, 0x0, 0xdf, 0x11, 0xd,
    0xff, 0xfa, 0x34, 0x44, 0x20,

    /* U+005C "\\" */
    0x6f, 0x30, 0x0, 0x0, 0x2f, 0x80, 0x0, 0x0,
    0xd, 0xc0, 0x0, 0x0, 0x9, 0xf1, 0x0, 0x0,
    0x5, 0xf5, 0x0, 0x0, 0x0, 0xf9, 0x0, 0x0,
    0x0, 0xce, 0x0, 0x0, 0x0, 0x7f, 0x20, 0x0,
    0x0, 0x3f, 0x70, 0x0, 0x0, 0xe, 0xb0, 0x0,
    0x0, 0xa, 0xf0, 0x0, 0x0, 0x5, 0xf4, 0x0,
    0x0, 0x1, 0xf9, 0x0, 0x0, 0x0, 0xdd, 0x0,
    0x0, 0x0, 0x8f, 0x10, 0x0, 0x0, 0x4f, 0x60,
    0x0, 0x0, 0xf, 0xa0, 0x0, 0x0, 0xb, 0xf0,
    0x0, 0x0, 0x6, 0xf3, 0x0, 0x0, 0x2, 0xf8,
    0x0, 0x0, 0x0, 0xdc,

    /* U+005D "]" */
    0x2f, 0xff, 0xf4, 0x5, 0x5b, 0xf4, 0x0, 0x8,
    0xf4, 0x0, 0x8, 0xf4, 0x0, 0x8, 0xf4, 0x0,
    0x8, 0xf4, 0x0, 0x8, 0xf4, 0x0, 0x8, 0xf4,
    0x0, 0x8, 0xf4, 0x0, 0x8, 0xf4, 0x0, 0x8,
    0xf4, 0x0, 0x8, 0xf4, 0x0, 0x8, 0xf4, 0x0,
    0x8, 0xf4, 0x0, 0x8, 0xf4, 0x0, 0x8, 0xf4,
    0x0, 0x8, 0xf4, 0x0, 0x8, 0xf4, 0x1, 0x19,
    0xf4, 0x2f, 0xff, 0xf4, 0x4, 0x44, 0x41,

    /* U+005E "^" */
    0x0, 0x1, 0x88, 0x0, 0x0, 0x0, 0x6, 0xff,
    0x60, 0x0, 0x0, 0xd, 0xff, 0xc0, 0x0, 0x0,
    0x3f, 0xbb, 0xf2, 0x0, 0x0, 0x9f, 0x56, 0xf8,
    0x0, 0x0, 0xef, 0x1, 0xfe, 0x0, 0x5, 0xfa,
    0x0, 0xbf, 0x40, 0xb, 0xf4, 0x0, 0x5f, 0xa0,
    0x1f, 0xe0, 0x0, 0xf, 0xf1, 0x7f, 0x90, 0x0,
    0x9, 0xf7,

    /* U+005F "_" */
    0x68, 0x88, 0x88, 0x88, 0x88, 0x84, 0xbf, 0xff,
    0xff, 0xff, 0xff, 0xf8,

    /* U+0060 "`" */
    0x0, 0x0, 0x0, 0x3, 0xb0, 0x0, 0x1e, 0xfa,
    0x0, 0x5, 0xff, 0x80, 0x0, 0x4f, 0xf5, 0x0,
    0x4, 0xf6, 0x0, 0x0, 0x10,

    /* U+0061 "a" */
    0x0, 0x6c, 0xff, 0xd7, 0x0, 0x2e, 0xff, 0xff,
    0xff, 0x90, 0xd, 0xa3, 0x1, 0xaf, 0xf1, 0x0,
    0x0, 0x0, 0x1f, 0xf5, 0x0, 0x0, 0x25, 0x7f,
    0xf7, 0x1, 0x8e, 0xff, 0xff, 0xf7, 0x1e, 0xfe,
    0x73, 0xf, 0xf7, 0x9f, 0xc0, 0x0, 0xf, 0xf7,
    0xdf, 0x80, 0x0, 0xf, 0xf7, 0xbf, 0xd1, 0x3,
    0xcf, 0xf7, 0x5f, 0xff, 0xff, 0xed, 0xf7, 0x6,
    0xdf, 0xe8, 0x19, 0xf7,

    /* U+0062 "b" */
    0x2f, 0xf3, 0x0, 0x0, 0x0, 0x0, 0x2f, 0xf3,
    0x0, 0x0, 0x0, 0x0, 0x2f, 0xf3, 0x0, 0x0,
    0x0, 0x0, 0x2f, 0xf3, 0x0, 0x0, 0x0, 0x0,
    0x2f, 0xf3, 0x0, 0x0, 0x0, 0x0, 0x2f, 0xf3,
    0x6d, 0xfe, 0x91, 0x0, 0x2f, 0xfd, 0xff, 0xff,
    0xfd, 0x0, 0x2f, 0xff, 0x71, 0x18, 0xff, 0x80,
    0x2f, 0xf5, 0x0, 0x0, 0xcf, 0xe0, 0x2f, 0xf3,
    0x0, 0x0, 0x7f, 0xf1, 0x2f, 0xf3, 0x0, 0x0,
    0x5f, 0xf2, 0x2f, 0xf3, 0x0, 0x0, 0x5f, 0xf2,
    0x2f, 0xf3, 0x0, 0x0, 0x8f, 0xf0, 0x2f, 0xf3,
    0x0, 0x0, 0xef, 0xb0, 0x2f, 0xfd, 0x51, 0x3c,
    0xff, 0x40, 0x2f, 0xfe, 0xff, 0xff, 0xf8, 0x0,
    0x2f, 0xd1, 0x8e, 0xfc, 0x50, 0x0,

    /* U+0063 "c" */
    0x0, 0x18, 0xdf, 0xea, 0x20, 0x3, 0xef, 0xff,
    0xff, 0xd0, 0x1e, 0xfe, 0x50, 0x29, 0x30, 0x8f,
    0xf3, 0x0, 0x0, 0x0, 0xdf, 0xb0, 0x0, 0x0,
    0x0, 0xff, 0x80, 0x0, 0x0, 0x0, 0xff, 0x80,
    0x0, 0x0, 0x0, 0xdf, 0xb0, 0x0, 0x0, 0x0,
    0x8f, 0xf2, 0x0, 0x0, 0x0, 0x1f, 0xfe, 0x51,
    0x28, 0xa0, 0x4, 0xff, 0xff, 0xff, 0xf1, 0x0,
    0x2a, 0xef, 0xe9, 0x20,

    /* U+0064 "d" */
    0x0, 0x0, 0x0, 0x0, 0xff, 0x60, 0x0, 0x0,
    0x0, 0xf, 0xf6, 0x0, 0x0, 0x0, 0x0, 0xff,
    0x60, 0x0, 0x0, 0x0, 0xf, 0xf6, 0x0, 0x0,
    0x0, 0x0, 0xff, 0x60, 0x3, 0xbf, 0xfb, 0x2f,
    0xf6, 0x5, 0xff, 0xff, 0xff, 0xff, 0x61, 0xff,
    0xe4, 0x13, 0xbf, 0xf6, 0x8f, 0xf2, 0x0, 0x0,
    0xff, 0x6c, 0xfb, 0x0, 0x0, 0xf, 0xf6, 0xef,
    0x90, 0x0, 0x0, 0xff, 0x6e, 0xf9, 0x0, 0x0,
    0xf, 0xf6, 0xdf, 0xb0, 0x0, 0x0, 0xff, 0x69,
    0xff, 0x10, 0x0, 0x1f, 0xf6, 0x3f, 0xfc, 0x31,
    0x4d, 0xff, 0x60, 0x8f, 0xff, 0xff, 0xed, 0xf6,
    0x0, 0x6d, 0xfe, 0x91, 0x9f, 0x60,

    /* U+0065 "e" */
    0x0, 0x2a, 0xef, 0xd8, 0x0, 0x4, 0xff, 0xff,
    0xff, 0xb0, 0x1e, 0xfa, 0x10, 0x3e, 0xf6, 0x8f,
    0xd0, 0x0, 0x5, 0xfc, 0xdf, 0x70, 0x0, 0x2,
    0xfe, 0xff, 0xff, 0xff, 0xff, 0xff, 0xff, 0xdb,
    0xbb, 0xbb, 0xba, 0xdf, 0x80, 0x0, 0x0, 0x0,
    0x8f, 0xe1, 0x0, 0x0, 0x0, 0x1f, 0xfd, 0x30,
    0x3, 0x80, 0x4, 0xff, 0xff, 0xff, 0xf5, 0x0,
    0x29, 0xef, 0xfb, 0x50,

    /* U+0066 "f" */
    0x0, 0x4, 0xcf, 0xfa, 0x0, 0x2f, 0xff, 0xf9,
    0x0, 0x9f, 0xf2, 0x0, 0x0, 0xcf, 0xa0, 0x0,
    0x0, 0xcf, 0xa0, 0x0, 0x4e, 0xff, 0xff, 0xf0,
    0x5f, 0xff, 0xff, 0xf0, 0x0, 0xcf, 0xa0, 0x0,
    0x0, 0xcf, 0xa0, 0x0, 0x0, 0xcf, 0xa0, 0x0,
    0x0, 0xcf, 0xa0, 0x0, 0x0, 0xcf, 0xa0, 0x0,
    0x0, 0xcf, 0xa0, 0x0, 0x0, 0xcf, 0xa0, 0x0,
    0x0, 0xcf, 0xa0, 0x0, 0x0, 0xcf, 0xa0, 0x0,
    0x0, 0xcf, 0xa0, 0x0,

    /* U+0067 "g" */
    0x0, 0x7, 0xdf, 0xff, 0xff, 0xfa, 0x0, 0xbf,
    0xfc, 0xdf, 0xfe, 0xd8, 0x5, 0xff, 0x40, 0x8,
    0xfd, 0x0, 0x9, 0xfb, 0x0, 0x0, 0xff, 0x20,
    0x9, 0xfb, 0x0, 0x0, 0xff, 0x20, 0x4, 0xff,
    0x20, 0x6, 0xfe, 0x0, 0x0, 0x9f, 0xfa, 0xbf,
    0xf5, 0x0, 0x0, 0x8f, 0xcf, 0xfb, 0x40, 0x0,
    0x3, 0xfb, 0x0, 0x0, 0x0, 0x0, 0x5, 0xfd,
    0x10, 0x0, 0x0, 0x0, 0x1, 0xff, 0xff, 0xff,
    0xec, 0x60, 0x0, 0xaf, 0xef, 0xff, 0xff, 0xf7,
    0x8, 0xf6, 0x0, 0x0, 0x2c, 0xfc, 0xf, 0xf1,
    0x0, 0x0, 0x9, 0xfc, 0xe, 0xf7, 0x0, 0x0,
    0x4f, 0xf6, 0x7, 0xff, 0xda, 0xac, 0xff, 0x80,
    0x0, 0x4b, 0xef, 0xfd, 0x93, 0x0,

    /* U+0068 "h" */
    0x2f, 0xf3, 0x0, 0x0, 0x0, 0x2, 0xff, 0x30,
    0x0, 0x0, 0x0, 0x2f, 0xf3, 0x0, 0x0, 0x0,
    0x2, 0xff, 0x30, 0x0, 0x0, 0x0, 0x2f, 0xf3,
    0x0, 0x0, 0x0, 0x2, 0xff, 0x34, 0xcf, 0xfa,
    0x10, 0x2f, 0xf9, 0xff, 0xff, 0xfb, 0x2, 0xff,
    0xfa, 0x32, 0xbf, 0xf2, 0x2f, 0xf8, 0x0, 0x2,
    0xff, 0x52, 0xff, 0x30, 0x0, 0xf, 0xf6, 0x2f,
    0xf3, 0x0, 0x0, 0xff, 0x62, 0xff, 0x30, 0x0,
    0xf, 0xf6, 0x2f, 0xf3, 0x0, 0x0, 0xff, 0x62,
    0xff, 0x30, 0x0, 0xf, 0xf6, 0x2f, 0xf3, 0x0,
    0x0, 0xff, 0x62, 0xff, 0x30, 0x0, 0xf, 0xf6,
    0x2f, 0xf3, 0x0, 0x0, 0xff, 0x60,

    /* U+0069 "i" */
    0x2e, 0xe3, 0x7f, 0xf8, 0x2d, 0xd2, 0x0, 0x0,
    0x0, 0x0, 0x2f, 0xf3, 0x2f, 0xf3, 0x2f, 0xf3,
    0x2f, 0xf3, 0x2f, 0xf3, 0x2f, 0xf3, 0x2f, 0xf3,
    0x2f, 0xf3, 0x2f, 0xf3, 0x2f, 0xf3, 0x2f, 0xf3,
    0x2f, 0xf3,

    /* U+006A "j" */
    0x0, 0x2, 0xee, 0x30, 0x0, 0x7f, 0xf8, 0x0,
    0x2, 0xdd, 0x20, 0x0, 0x0, 0x0, 0x0, 0x0,
    0x0, 0x0, 0x0, 0x2f, 0xf4, 0x0, 0x2, 0xff,
    0x40, 0x0, 0x2f, 0xf4, 0x0, 0x2, 0xff, 0x40,
    0x0, 0x2f, 0xf4, 0x0, 0x2, 0xff, 0x40, 0x0,
    0x2f, 0xf4, 0x0, 0x2, 0xff, 0x40, 0x0, 0x2f,
    0xf4, 0x0, 0x2, 0xff, 0x40, 0x0, 0x2f, 0xf4,
    0x0, 0x2, 0xff, 0x40, 0x0, 0x2f, 0xf4, 0x0,
    0x3, 0xff, 0x30, 0x0, 0x8f, 0xf1, 0xb, 0xff,
    0xfa, 0x0, 0xcf, 0xfa, 0x0,

    /* U+006B "k" */
    0x2f, 0xf3, 0x0, 0x0, 0x0, 0x2, 0xff, 0x30,
    0x0, 0x0, 0x0, 0x2f, 0xf3, 0x0, 0x0, 0x0,
    0x2, 0xff, 0x30, 0x0, 0x0, 0x0, 0x2f, 0xf3,
    0x0, 0x0, 0x0, 0x2, 0xff, 0x30, 0x0, 0xaf,
    0xe1, 0x2f, 0xf3, 0x0, 0x6f, 0xf4, 0x2, 0xff,
    0x30, 0x3f, 0xf7, 0x0, 0x2f, 0xf3, 0x1d, 0xfa,
    0x0, 0x2, 0xff, 0x3b, 0xfd, 0x0, 0x0, 0x2f,
    0xfa, 0xff, 0xd0, 0x0, 0x2, 0xff, 0xff, 0xef,
    0x80, 0x0, 0x2f, 0xff, 0x55, 0xff, 0x20, 0x2,
    0xff, 0x80, 0xc, 0xfb, 0x0, 0x2f, 0xf3, 0x0,
    0x3f, 0xf5, 0x2, 0xff, 0x30, 0x0, 0x9f, 0xe1,
    0x2f, 0xf3, 0x0, 0x1, 0xff, 0x90,

    /* U+006C "l" */
    0x2f, 0xf3, 0x2, 0xff, 0x30, 0x2f, 0xf3, 0x2,
    0xff, 0x30, 0x2f, 0xf3, 0x2, 0xff, 0x30, 0x2f,
    0xf3, 0x2, 0xff, 0x30, 0x2f, 0xf3, 0x2, 0xff,
    0x30, 0x2f, 0xf3, 0x2, 0xff, 0x30, 0x2f, 0xf3,
    0x2, 0xff, 0x30, 0x2f, 0xf6, 0x0, 0xef, 0xf5,
    0x5, 0xef, 0x60,

    /* U+006D "m" */
    0x2f, 0xd0, 0x4d, 0xfe, 0x80, 0x5, 0xdf, 0xe7,
    0x0, 0x2f, 0xf8, 0xff, 0xff, 0xf7, 0x8f, 0xff,
    0xff, 0x60, 0x2f, 0xff, 0x92, 0x4e, 0xff, 0xf9,
    0x24, 0xef, 0xd0, 0x2f, 0xf7, 0x0, 0x6, 0xff,
    0x60, 0x0, 0x7f, 0xf0, 0x2f, 0xf3, 0x0, 0x4,
    0xff, 0x20, 0x0, 0x5f, 0xf1, 0x2f, 0xf3, 0x0,
    0x4, 0xff, 0x20, 0x0, 0x5f, 0xf2, 0x2f, 0xf3,
    0x0, 0x4, 0xff, 0x20, 0x0, 0x5f, 0xf2, 0x2f,
    0xf3, 0x0, 0x4, 0xff, 0x20, 0x0, 0x5f, 0xf2,
    0x2f, 0xf3, 0x0, 0x4, 0xff, 0x20, 0x0, 0x5f,
    0xf2, 0x2f, 0xf3, 0x0, 0x4, 0xff, 0x20, 0x0,
    0x5f, 0xf2, 0x2f, 0xf3, 0x0, 0x4, 0xff, 0x20,
    0x0, 0x5f, 0xf2, 0x2f, 0xf3, 0x0, 0x4, 0xff,
    0x20, 0x0, 0x5f, 0xf2,

    /* U+006E "n" */
    0x2f, 0xd0, 0x4c, 0xff, 0xa1, 0x2, 0xff, 0x8f,
    0xff, 0xff, 0xb0, 0x2f, 0xff, 0xa3, 0x2b, 0xff,
    0x22, 0xff, 0x80, 0x0, 0x2f, 0xf5, 0x2f, 0xf3,
    0x0, 0x0, 0xff, 0x62, 0xff, 0x30, 0x0, 0xf,
    0xf6, 0x2f, 0xf3, 0x0, 0x0, 0xff, 0x62, 0xff,
    0x30, 0x0, 0xf, 0xf6, 0x2f, 0xf3, 0x0, 0x0,
    0xff, 0x62, 0xff, 0x30, 0x0, 0xf, 0xf6, 0x2f,
    0xf3, 0x0, 0x0, 0xff, 0x62, 0xff, 0x30, 0x0,
    0xf, 0xf6,

    /* U+006F "o" */
    0x0, 0x29, 0xef, 0xe9, 0x10, 0x0, 0x4f, 0xff,
    0xff, 0xfe, 0x30, 0x1f, 0xfd, 0x30, 0x3d, 0xfe,
    0x8, 0xff, 0x10, 0x0, 0x2f, 0xf7, 0xdf, 0xa0,
    0x0, 0x0, 0xcf, 0xbf, 0xf8, 0x0, 0x0, 0x9,
    0xfd, 0xff, 0x80, 0x0, 0x0, 0x9f, 0xdd, 0xfa,
    0x0, 0x0, 0xc, 0xfb, 0x8f, 0xf1, 0x0, 0x2,
    0xff, 0x71, 0xef, 0xd3, 0x14, 0xdf, 0xe0, 0x4,
    0xff, 0xff, 0xff, 0xe3, 0x0, 0x2, 0x9e, 0xfe,
    0x91, 0x0,

    /* U+0070 "p" */
    0x2f, 0xd0, 0x6d, 0xfe, 0x91, 0x0, 0x2f, 0xfc,
    0xff, 0xff, 0xfd, 0x0, 0x2f, 0xff, 0x71, 0x18,
    0xff, 0x80, 0x2f, 0xf5, 0x0, 0x0, 0xcf, 0xe0,
    0x2f, 0xf3, 0x0, 0x0, 0x7f, 0xf1, 0x2f, 0xf3,
    0x0, 0x0, 0x5f, 0xf2, 0x2f, 0xf3, 0x0, 0x0,
    0x5f, 0xf2, 0x2f, 0xf3, 0x0, 0x0, 0x8f, 0xf0,
    0x2f, 0xf3, 0x0, 0x0, 0xef, 0xb0, 0x2f, 0xfd,
    0x51, 0x3c, 0xff, 0x40, 0x2f, 0xfe, 0xff, 0xff,
    0xf8, 0x0, 0x2f, 0xf4, 0x8e, 0xfc, 0x50, 0x0,
    0x2f, 0xf3, 0x0, 0x0, 0x0, 0x0, 0x2f, 0xf3,
    0x0, 0x0, 0x0, 0x0, 0x2f, 0xf3, 0x0, 0x0,
    0x0, 0x0, 0x2f, 0xf3, 0x0, 0x0, 0x0, 0x0,
    0x2f, 0xf3, 0x0, 0x0, 0x0, 0x0,

    /* U+0071 "q" */
    0x0, 0x3b, 0xff, 0xc4, 0x9f, 0x60, 0x5f, 0xff,
    0xff, 0xfe, 0xf6, 0x1f, 0xfe, 0x41, 0x3b, 0xff,
    0x68, 0xff, 0x20, 0x0, 0xf, 0xf6, 0xcf, 0xb0,
    0x0, 0x0, 0xff, 0x6e, 0xf9, 0x0, 0x0, 0xf,
    0xf6, 0xef, 0x90, 0x0, 0x0, 0xff, 0x6d, 0xfb,
    0x0, 0x0, 0xf, 0xf6, 0x9f, 0xf1, 0x0, 0x1,
    0xff, 0x63, 0xff, 0xc3, 0x14, 0xdf, 0xf6, 0x8,
    0xff, 0xff, 0xfe, 0xff, 0x60, 0x6, 0xdf, 0xe9,
    0x1f, 0xf6, 0x0, 0x0, 0x0, 0x0, 0xff, 0x60,
    0x0, 0x0, 0x0, 0xf, 0xf6, 0x0, 0x0, 0x0,
    0x0, 0xff, 0x60, 0x0, 0x0, 0x0, 0xf, 0xf6,
    0x0, 0x0, 0x0, 0x0, 0xff, 0x60,

    /* U+0072 "r" */
    0x2f, 0xd0, 0x5d, 0xf8, 0x2f, 0xf5, 0xff, 0xf5,
    0x2f, 0xff, 0xc4, 0x31, 0x2f, 0xfd, 0x0, 0x0,
    0x2f, 0xf5, 0x0, 0x0, 0x2f, 0xf3, 0x0, 0x0,
    0x2f, 0xf3, 0x0, 0x0, 0x2f, 0xf3, 0x0, 0x0,
    0x2f, 0xf3, 0x0, 0x0, 0x2f, 0xf3, 0x0, 0x0,
    0x2f, 0xf3, 0x0, 0x0, 0x2f, 0xf3, 0x0, 0x0,

    /* U+0073 "s" */
    0x0, 0x3b, 0xef, 0xe9, 0x10, 0x2, 0xff, 0xfe,
    0xff, 0xd0, 0x9, 0xfc, 0x10, 0x18, 0x40, 0xb,
    0xf9, 0x0, 0x0, 0x0, 0x7, 0xff, 0x81, 0x0,
    0x0, 0x0, 0xaf, 0xff, 0xb4, 0x0, 0x0, 0x3,
    0xaf, 0xff, 0x80, 0x0, 0x0, 0x1, 0xaf, 0xf2,
    0x0, 0x0, 0x0, 0xf, 0xf5, 0xb, 0xa2, 0x0,
    0x5f, 0xf2, 0x2e, 0xff, 0xee, 0xff, 0xa0, 0x0,
    0x7c, 0xff, 0xd7, 0x0,

    /* U+0074 "t" */
    0x0, 0x38, 0x50, 0x0, 0x0, 0x7f, 0xa0, 0x0,
    0x0, 0x8f, 0xa0, 0x0, 0x0, 0xaf, 0xa0, 0x0,
    0x6f, 0xff, 0xff, 0xfa, 0x7f, 0xff, 0xff, 0xf9,
    0x0, 0xcf, 0xa0, 0x0, 0x0, 0xcf, 0xa0, 0x0,
    0x0, 0xcf, 0xa0, 0x0, 0x0, 0xcf, 0xa0, 0x0,
    0x0, 0xcf, 0xa0, 0x0, 0x0, 0xcf, 0xa0, 0x0,
    0x0, 0xcf, 0xa0, 0x0, 0x0, 0x9f, 0xf3, 0x1,
    0x0, 0x3f, 0xff, 0xfb, 0x0, 0x5, 0xdf, 0xea,

    /* U+0075 "u" */
    0x5f, 0xf1, 0x0, 0x3, 0xff, 0x35, 0xff, 0x10,
    0x0, 0x3f, 0xf3, 0x5f, 0xf1, 0x0, 0x3, 0xff,
    0x35, 0xff, 0x10, 0x0, 0x3f, 0xf3, 0x5f, 0xf1,
    0x0, 0x3, 0xff, 0x35, 0xff, 0x10, 0x0, 0x3f,
    0xf3, 0x5f, 0xf1, 0x0, 0x3, 0xff, 0x35, 0xff,
    0x10, 0x0, 0x3f, 0xf3, 0x4f, 0xf4, 0x0, 0x8,
    0xff, 0x31, 0xff, 0xc3, 0x29, 0xff, 0xf3, 0xa,
    0xff, 0xff, 0xf7, 0xef, 0x30, 0x9, 0xef, 0xc4,
    0xd, 0xf3,

    /* U+0076 "v" */
    0x8f, 0xe0, 0x0, 0x0, 0x5f, 0xf0, 0x3f, 0xf3,
    0x0, 0x0, 0xaf, 0xa0, 0xd, 0xf8, 0x0, 0x0,
    0xff, 0x50, 0x8, 0xfd, 0x0, 0x4, 0xff, 0x0,
    0x2, 0xff, 0x10, 0x9, 0xfa, 0x0, 0x0, 0xdf,
    0x60, 0xe, 0xf5, 0x0, 0x0, 0x8f, 0xb0, 0x2f,
    0xf0, 0x0, 0x0, 0x2f, 0xf0, 0x7f, 0xa0, 0x0,
    0x0, 0xd, 0xf4, 0xbf, 0x50, 0x0, 0x0, 0x8,
    0xfa, 0xff, 0x0, 0x0, 0x0, 0x2, 0xff, 0xfa,
    0x0, 0x0, 0x0, 0x0, 0xdf, 0xf5, 0x0, 0x0,

    /* U+0077 "w" */
    0x5f, 0xf1, 0x0, 0x7, 0xff, 0x0, 0x0, 0x9f,
    0xb0, 0xff, 0x50, 0x0, 0xbf, 0xf4, 0x0, 0xc,
    0xf7, 0xc, 0xf9, 0x0, 0xf, 0xef, 0x80, 0x0,
    0xff, 0x30, 0x8f, 0xd0, 0x4, 0xf8, 0xfc, 0x0,
    0x4f, 0xf0, 0x4, 0xff, 0x10, 0x8f, 0x4e, 0xf0,
    0x7, 0xfb, 0x0, 0xf, 0xf4, 0xc, 0xf0, 0xaf,
    0x40, 0xbf, 0x70, 0x0, 0xcf, 0x80, 0xfd, 0x6,
    0xf8, 0xe, 0xf3, 0x0, 0x7, 0xfb, 0x3f, 0x90,
    0x2f, 0xc2, 0xff, 0x0, 0x0, 0x3f, 0xe7, 0xf5,
    0x0, 0xef, 0x5f, 0xb0, 0x0, 0x0, 0xff, 0xcf,
    0x10, 0xb, 0xfb, 0xf7, 0x0, 0x0, 0xb, 0xff,
    0xd0, 0x0, 0x7f, 0xff, 0x30, 0x0, 0x0, 0x7f,
    0xf9, 0x0, 0x3, 0xff, 0xf0, 0x0,

    /* U+0078 "x" */
    0x2f, 0xf7, 0x0, 0x5, 0xff, 0x20, 0x8f, 0xf1,
    0x0, 0xcf, 0x90, 0x0, 0xdf, 0x90, 0x5f, 0xe1,
    0x0, 0x4, 0xff, 0x2c, 0xf7, 0x0, 0x0, 0xb,
    0xfd, 0xfd, 0x0, 0x0, 0x0, 0x2f, 0xff, 0x40,
    0x0, 0x0, 0x6, 0xff, 0xf4, 0x0, 0x0, 0x1,
    0xef, 0xbf, 0xe0, 0x0, 0x0, 0x9f, 0xa0, 0xef,
    0x80, 0x0, 0x3f, 0xf2, 0x6, 0xff, 0x20, 0xc,
    0xfa, 0x0, 0xc, 0xfc, 0x5, 0xff, 0x20, 0x0,
    0x3f, 0xf6,

    /* U+0079 "y" */
    0x8f, 0xe0, 0x0, 0x0, 0x5f, 0xf0, 0x2f, 0xf4,
    0x0, 0x0, 0xaf, 0xa0, 0xc, 0xf9, 0x0, 0x0,
    0xef, 0x50, 0x5, 0xfe, 0x0, 0x3, 0xff, 0x0,
    0x0, 0xff, 0x40, 0x8, 0xfa, 0x0, 0x0, 0x9f,
    0xa0, 0xd, 0xf5, 0x0, 0x0, 0x3f, 0xf0, 0x2f,
    0xf0, 0x0, 0x0, 0xd, 0xf4, 0x6f, 0xa0, 0x0,
    0x0, 0x7, 0xf9, 0xaf, 0x50, 0x0, 0x0, 0x1,
    0xfe, 0xef, 0x0, 0x0, 0x0, 0x0, 0xaf, 0xfa,
    0x0, 0x0, 0x0, 0x0, 0x4f, 0xf5, 0x0, 0x0,
    0x0, 0x0, 0x4f, 0xf0, 0x0, 0x0, 0x0, 0x0,
    0xbf, 0x90, 0x0, 0x0, 0x0, 0x7, 0xff, 0x20,
    0x0, 0x0, 0xc, 0xff, 0xf7, 0x0, 0x0, 0x0,
    0xe, 0xfd, 0x60, 0x0, 0x0, 0x0,

    /* U+007A "z" */
    0x9, 0xff, 0xff, 0xff, 0xf8, 0x9, 0xff, 0xff,
    0xff, 0xf5, 0x0, 0x0, 0x0, 0xdf, 0xb0, 0x0,
    0x0, 0x8, 0xff, 0x20, 0x0, 0x0, 0x3f, 0xf7,
    0x0, 0x0, 0x0, 0xdf, 0xc0, 0x0, 0x0, 0x7,
    0xff, 0x20, 0x0, 0x0, 0x2f, 0xf7, 0x0, 0x0,
    0x0, 0xcf, 0xd0, 0x0, 0x0, 0x7, 0xff, 0x30,
    0x0, 0x0, 0x1f, 0xff, 0xff, 0xff, 0xfa, 0x3f,
    0xff, 0xff, 0xff, 0xfb,

    /* U+007B "{" */
    0x0, 0x7, 0xef, 0xa0, 0x2, 0xff, 0x73, 0x0,
    0x6f, 0xa0, 0x0, 0x6, 0xf9, 0x0, 0x0, 0x6f,
    0x90, 0x0, 0x5, 0xfa, 0x0, 0x0, 0x3f, 0xa0,
    0x0, 0x3, 0xfa, 0x0, 0x0, 0x6f, 0x90, 0x1,
    0x9f, 0xf3, 0x0, 0x3f, 0xfa, 0x0, 0x0, 0x1b,
    0xf7, 0x0, 0x0, 0x3f, 0xa0, 0x0, 0x3, 0xfa,
    0x0, 0x0, 0x4f, 0xa0, 0x0, 0x5, 0xf9, 0x0,
    0x0, 0x6f, 0x90, 0x0, 0x6, 0xf9, 0x0, 0x0,
    0x4f, 0xe2, 0x0, 0x0, 0xbf, 0xfa, 0x0, 0x0,
    0x24, 0x20,

    /* U+007C "|" */
    0xdc, 0xdc, 0xdc, 0xdc, 0xdc, 0xdc, 0xdc, 0xdc,
    0xdc, 0xdc, 0xdc, 0xdc, 0xdc, 0xdc, 0xdc, 0xdc,
    0xdc, 0xdc, 0xdc, 0xdc, 0xdc, 0xdc, 0xdc, 0xdc,

    /* U+007D "}" */
    0x2f, 0xfb, 0x10, 0x0, 0x6b, 0xfa, 0x0, 0x0,
    0x3f, 0xd0, 0x0, 0x1, 0xfd, 0x0, 0x0, 0x2f,
    0xd0, 0x0, 0x2, 0xfc, 0x0, 0x0, 0x3f, 0xb0,
    0x0, 0x3, 0xfa, 0x0, 0x0, 0x1f, 0xd0, 0x0,
    0x0, 0xbf, 0xc5, 0x0, 0x4, 0xef, 0xa0, 0x0,
    0xff, 0x40, 0x0, 0x2f, 0xb0, 0x0, 0x3, 0xfa,
    0x0, 0x0, 0x2f, 0xb0, 0x0, 0x2, 0xfd, 0x0,
    0x0, 0x1f, 0xd0, 0x0, 0x2, 0xfd, 0x0, 0x1,
    0x8f, 0xb0, 0x2, 0xff, 0xf4, 0x0, 0x4, 0x30,
    0x0, 0x0,

    /* U+007E "~" */
    0x0, 0x5b, 0xb4, 0x0, 0x0, 0x0, 0x7, 0xff,
    0xff, 0x90, 0xa, 0xc0, 0xe, 0xc1, 0x2c, 0xfe,
    0xef, 0xa0, 0x1, 0x10, 0x0, 0x8e, 0xf8, 0x0,

    /* U+3002 "。" */
    0x0, 0x1, 0x20, 0x0, 0x0, 0xbf, 0xfc, 0x20,
    0xa, 0xd3, 0x3c, 0xc0, 0x1f, 0x40, 0x1, 0xf3,
    0x3f, 0x10, 0x0, 0xe5, 0x1f, 0x50, 0x2, 0xf2,
    0x9, 0xe6, 0x5d, 0xb0, 0x0, 0x8e, 0xfa, 0x0,

    /* U+4E0B "下" */
    0x23, 0x33, 0x33, 0x33, 0x33, 0x33, 0x33, 0x33,
    0x33, 0x2d, 0xff, 0xff, 0xff, 0xff, 0xff, 0xff,
    0xff, 0xff, 0xfe, 0xbd, 0xdd, 0xdd, 0xdd, 0xff,
    0xdd, 0xdd, 0xdd, 0xdd, 0xb0, 0x0, 0x0, 0x0,
    0xf, 0xf2, 0x0, 0x0, 0x0, 0x0, 0x0, 0x0,
    0x0, 0x0, 0xff, 0x20, 0x0, 0x0, 0x0, 0x0,
    0x0, 0x0, 0x0, 0xf, 0xf2, 0x0, 0x0, 0x0,
    0x0, 0x0, 0x0, 0x0, 0x0, 0xff, 0xd7, 0x0,
    0x0, 0x0, 0x0, 0x0, 0x0, 0x0, 0xf, 0xff,
    0xfe, 0x50, 0x0, 0x0, 0x0, 0x0, 0x0, 0x0,
    0xff, 0x7e, 0xff, 0xc3, 0x0, 0x0, 0x0, 0x0,
    0x0, 0xf, 0xf2, 0x9, 0xff, 0xf8, 0x0, 0x0,
    0x0, 0x0, 0x0, 0xff, 0x20, 0x3, 0xdf, 0xf9,
    0x0, 0x0, 0x0, 0x0, 0xf, 0xf2, 0x0, 0x0,
    0x8e, 0x20, 0x0, 0x0, 0x0, 0x0, 0xff, 0x20,
    0x0, 0x0, 0x10, 0x0, 0x0, 0x0, 0x0, 0xf,
    0xf2, 0x0, 0x0, 0x0, 0x0, 0x0, 0x0, 0x0,
    0x0, 0xff, 0x20, 0x0, 0x0, 0x0, 0x0, 0x0,
    0x0, 0x0, 0xf, 0xf2, 0x0, 0x0, 0x0, 0x0,
    0x0, 0x0, 0x0, 0x0, 0xff, 0x20, 0x0, 0x0,
    0x0, 0x0, 0x0, 0x0, 0x0, 0xf, 0xf2, 0x0,
    0x0, 0x0, 0x0, 0x0, 0x0, 0x0, 0x0, 0xff,
    0x20, 0x0, 0x0, 0x0, 0x0,

    /* U+4E0D "不" */
    0x0, 0x11, 0x11, 0x11, 0x11, 0x11, 0x11, 0x11,
    0x11, 0x10, 0x0, 0xdf, 0xff, 0xff, 0xff, 0xff,
    0xff, 0xff, 0xff, 0xff, 0x60, 0xc, 0xff, 0xff,
    0xff, 0xff, 0xff, 0xff, 0xff, 0xff, 0xf5, 0x0,
    0x0, 0x0, 0x0, 0x0, 0x3f, 0xf6, 0x0, 0x0,
    0x0, 0x0, 0x0, 0x0, 0x0, 0x0, 0xd, 0xfc,
    0x0, 0x0, 0x0, 0x0, 0x0, 0x0, 0x0, 0x0,
    0x9, 0xff, 0x60, 0x0, 0x0, 0x0, 0x0, 0x0,
    0x0, 0x0, 0x7, 0xff, 0xf5, 0x77, 0x0, 0x0,
    0x0, 0x0, 0x0, 0x0, 0x7, 0xff, 0xff, 0x9f,
    0xfb, 0x10, 0x0, 0x0, 0x0, 0x0, 0x8, 0xff,
    0x9d, 0xf5, 0x4e, 0xfe, 0x40, 0x0, 0x0, 0x0,
    0xa, 0xff, 0x90, 0xdf, 0x50, 0x1c, 0xff, 0x70,
    0x0, 0x0, 0x4d, 0xff, 0x70, 0xd, 0xf5, 0x0,
    0xa, 0xff, 0x90, 0x1, 0xaf, 0xfe, 0x40, 0x0,
    0xdf, 0x50, 0x0, 0x7, 0xff, 0xb0, 0xc, 0xfb,
    0x10, 0x0, 0xd, 0xf5, 0x0, 0x0, 0x6, 0xf6,
    0x0, 0x24, 0x0, 0x0, 0x0, 0xdf, 0x50, 0x0,
    0x0, 0x2, 0x0, 0x0, 0x0, 0x0, 0x0, 0xd,
    0xf5, 0x0, 0x0, 0x0, 0x0, 0x0, 0x0, 0x0,
    0x0, 0x0, 0xdf, 0x50, 0x0, 0x0, 0x0, 0x0,
    0x0, 0x0, 0x0, 0x0, 0xd, 0xf5, 0x0, 0x0,
    0x0, 0x0, 0x0, 0x0, 0x0, 0x0, 0x0, 0xdf,
    0x50, 0x0, 0x0, 0x0, 0x0, 0x0, 0x0, 0x0,
    0x0, 0xd, 0xf5, 0x0, 0x0, 0x0, 0x0, 0x0,

    /* U+4EA4 "交" */
    0x0, 0x0, 0x0, 0x0, 0x3a, 0x80, 0x0, 0x0,
    0x0, 0x0, 0x0, 0x0, 0x0, 0x0, 0x2f, 0xf2,
    0x0, 0x0, 0x0, 0x0, 0x0, 0x0, 0x0, 0x0,
    0xa, 0xfa, 0x0, 0x0, 0x0, 0x0, 0xd, 0xff,
    0xff, 0xff, 0xff, 0xff, 0xff, 0xff, 0xff, 0xf6,
    0xe, 0xff, 0xff, 0xff, 0xff, 0xff, 0xff, 0xff,
    0xff, 0xf6, 0x0, 0x0, 0x0, 0x61, 0x0, 0x0,
    0x2, 0x50, 0x0, 0x0, 0x0, 0x0, 0xa, 0xfd,
    0x0, 0x0, 0x2f, 0xf9, 0x0, 0x0, 0x0, 0x1,
    0xbf, 0xe2, 0x0, 0x0, 0x3, 0xef, 0xc1, 0x0,
    0x0, 0x3d, 0xfd, 0x20, 0x0, 0x0, 0x0, 0x1c,
    0xfe, 0x30, 0x7, 0xff, 0xc3, 0x97, 0x0, 0x0,
    0xc, 0x92, 0xbf, 0xf3, 0x1, 0xd8, 0x1, 0xff,
    0x10, 0x0, 0x5f, 0xe0, 0xb, 0xb1, 0x0, 0x0,
    0x0, 0x8f, 0x90, 0x0, 0xef, 0x60, 0x0, 0x0,
    0x0, 0x0, 0x0, 0xe, 0xf5, 0xa, 0xfc, 0x0,
    0x0, 0x0, 0x0, 0x0, 0x0, 0x3, 0xff, 0xbf,
    0xe2, 0x0, 0x0, 0x0, 0x0, 0x0, 0x0, 0x0,
    0x7f, 0xff, 0x30, 0x0, 0x0, 0x0, 0x0, 0x0,
    0x0, 0x5, 0xef, 0xff, 0xc3, 0x0, 0x0, 0x0,
    0x0, 0x0, 0x6, 0xdf, 0xfb, 0x5e, 0xff, 0xb4,
    0x0, 0x0, 0x2, 0x6b, 0xff, 0xfc, 0x40, 0x0,
    0x8f, 0xff, 0xea, 0x63, 0xd, 0xff, 0xfa, 0x40,
    0x0, 0x0, 0x1, 0x7d, 0xff, 0xf6, 0x3, 0xa5,
    0x0, 0x0, 0x0, 0x0, 0x0, 0x0, 0x26, 0x70,

    /* U+4ECD "仍" */
    0x0, 0x0, 0x22, 0x0, 0x0, 0x0, 0x0, 0x0,
    0x0, 0x0, 0x0, 0x0, 0xaf, 0x50, 0x0, 0x0,
    0x0, 0x0, 0x0, 0x0, 0x0, 0x1, 0xff, 0x3f,
    0xff, 0xff, 0xff, 0xff, 0xc0, 0x0, 0x0, 0x7,
    0xf9, 0x2c, 0xcf, 0xfd, 0xcc, 0xdf, 0x90, 0x0,
    0x0, 0xe, 0xf2, 0x0, 0xe, 0xf1, 0x0, 0x5f,
    0x60, 0x0, 0x0, 0x6f, 0xd0, 0x0, 0xf, 0xf1,
    0x0, 0x9f, 0x30, 0x0, 0x1, 0xef, 0xd0, 0x0,
    0xf, 0xf0, 0x0, 0xcf, 0x0, 0x0, 0xa, 0xff,
    0xd0, 0x0, 0xf, 0xf0, 0x0, 0xfd, 0x12, 0x10,
    0x5f, 0xff, 0xd0, 0x0, 0x1f, 0xe0, 0x3, 0xff,
    0xff, 0xf5, 0x2f, 0x8f, 0xd0, 0x0, 0x3f, 0xd0,
    0x4, 0xbb, 0xbe, 0xf4, 0x7, 0x1f, 0xd0, 0x0,
    0x5f, 0xb0, 0x0, 0x0, 0xb, 0xf3, 0x0, 0x1f,
    0xd0, 0x0, 0x7f, 0x80, 0x0, 0x0, 0xc, 0xf2,
    0x0, 0x1f, 0xd0, 0x0, 0xaf, 0x50, 0x0, 0x0,
    0xd, 0xf1, 0x0, 0x1f, 0xd0, 0x0, 0xef, 0x20,
    0x0, 0x0, 0xe, 0xf0, 0x0, 0x1f, 0xd0, 0x2,
    0xfe, 0x0, 0x0, 0x0, 0xf, 0xf0, 0x0, 0x1f,
    0xd0, 0x8, 0xf9, 0x0, 0x0, 0x0, 0x1f, 0xd0,
    0x0, 0x1f, 0xd0, 0x1f, 0xf3, 0x0, 0x0, 0x0,
    0x3f, 0xc0, 0x0, 0x1f, 0xd0, 0xaf, 0xb0, 0x0,
    0x0, 0x0, 0x8f, 0x90, 0x0, 0x1f, 0xd6, 0xff,
    0x20, 0x0, 0xd, 0xdd, 0xff, 0x40, 0x0, 0x1f,
    0xd1, 0xc7, 0x0, 0x0, 0xb, 0xff, 0xf8, 0x0,
    0x0, 0x2, 0x20, 0x0, 0x0, 0x0, 0x0, 0x0,
    0x0, 0x0,

    /* U+4F7F "使" */
    0x0, 0x0, 0x0, 0x0, 0x0, 0x0, 0x0, 0x0,
    0x0, 0x0, 0x0, 0x0, 0x0, 0xba, 0x10, 0x0,
    0xc, 0xd1, 0x0, 0x0, 0x0, 0x0, 0x0, 0x3f,
    0xe0, 0x0, 0x0, 0xef, 0x10, 0x0, 0x0, 0x0,
    0x0, 0xb, 0xfc, 0xbb, 0xbb, 0xbf, 0xfc, 0xbb,
    0xbb, 0xb0, 0x0, 0x4, 0xfe, 0x8f, 0xff, 0xff,
    0xff, 0xff, 0xff, 0xff, 0x0, 0x0, 0xdf, 0x60,
    0x11, 0x11, 0x1e, 0xf2, 0x11, 0x11, 0x10, 0x0,
    0x8f, 0xf3, 0x0, 0x0, 0x0, 0xef, 0x10, 0x0,
    0x0, 0x0, 0x4f, 0xff, 0x20, 0xcf, 0xff, 0xff,
    0xff, 0xff, 0xff, 0x30, 0x2e, 0xff, 0xf2, 0xd,
    0xfb, 0xbb, 0xff, 0xbb, 0xbe, 0xf3, 0xa, 0xfc,
    0xcf, 0x20, 0xdf, 0x0, 0xe, 0xf1, 0x0, 0xbf,
    0x30, 0x2d, 0x1b, 0xf2, 0xd, 0xf0, 0x0, 0xef,
    0x10, 0xb, 0xf3, 0x0, 0x10, 0xbf, 0x20, 0xdf,
    0x99, 0x9f, 0xfa, 0x99, 0xef, 0x30, 0x0, 0xb,
    0xf2, 0xd, 0xff, 0xff, 0xff, 0xff, 0xff, 0xf3,
    0x0, 0x0, 0xbf, 0x20, 0x38, 0x10, 0x2f, 0xe0,
    0x0, 0x0, 0x0, 0x0, 0xb, 0xf2, 0x8, 0xf8,
    0x5, 0xfb, 0x0, 0x0, 0x0, 0x0, 0x0, 0xbf,
    0x20, 0xc, 0xf8, 0xbf, 0x60, 0x0, 0x0, 0x0,
    0x0, 0xb, 0xf2, 0x0, 0x1d, 0xff, 0xe0, 0x0,
    0x0, 0x0, 0x0, 0x0, 0xbf, 0x20, 0x0, 0x6f,
    0xff, 0x92, 0x0, 0x0, 0x0, 0x0, 0xb, 0xf2,
    0x4, 0xbf, 0xfa, 0xef, 0xfd, 0x95, 0x20, 0x0,
    0x0, 0xbf, 0x3d, 0xff, 0xe4, 0x1, 0x7d, 0xff,
    0xff, 0xc0, 0x0, 0xb, 0xf2, 0x4c, 0x60, 0x0,
    0x0, 0x2, 0x7b, 0xd2, 0x0,

    /* U+4FDD "保" */
    0x0, 0x0, 0x7, 0x50, 0x0, 0x0, 0x0, 0x0,
    0x0, 0x0, 0x0, 0x0, 0x1, 0xff, 0x1c, 0xcc,
    0xcc, 0xcc, 0xcc, 0xca, 0x0, 0x0, 0x0, 0x9f,
    0x81, 0xff, 0xff, 0xff, 0xff, 0xff, 0xe0, 0x0,
    0x0, 0x2f, 0xf1, 0x1f, 0xc0, 0x0, 0x0, 0x1,
    0xfe, 0x0, 0x0, 0xb, 0xf8, 0x1, 0xfc, 0x0,
    0x0, 0x0, 0x1f, 0xe0, 0x0, 0x6, 0xff, 0x30,
    0x1f, 0xc0, 0x0, 0x0, 0x1, 0xfe, 0x0, 0x3,
    0xff, 0xf2, 0x1, 0xff, 0xcc, 0xcc, 0xcc, 0xcf,
    0xe0, 0x2, 0xef, 0xff, 0x20, 0x1f, 0xff, 0xff,
    0xff, 0xff, 0xfe, 0x0, 0x9f, 0xdc, 0xf2, 0x0,
    0x0, 0x0, 0xef, 0x10, 0x0, 0x0, 0x1, 0xd1,
    0xbf, 0x20, 0x0, 0x0, 0xe, 0xf1, 0x0, 0x0,
    0x0, 0x0, 0xb, 0xf2, 0x9c, 0xcc, 0xcc, 0xff,
    0xcc, 0xcc, 0xc9, 0x0, 0x0, 0xbf, 0x2c, 0xff,
    0xff, 0xff, 0xff, 0xff, 0xff, 0xc0, 0x0, 0xb,
    0xf2, 0x0, 0x0, 0x4f, 0xff, 0xf7, 0x0, 0x0,
    0x0, 0x0, 0xbf, 0x20, 0x0, 0x1e, 0xff, 0xfe,
    0xf2, 0x0, 0x0, 0x0, 0xb, 0xf2, 0x0, 0xc,
    0xf8, 0xef, 0x5f, 0xd1, 0x0, 0x0, 0x0, 0xbf,
    0x20, 0xc, 0xfc, 0xe, 0xf1, 0x8f, 0xd1, 0x0,
    0x0, 0xb, 0xf2, 0x2d, 0xfd, 0x10, 0xef, 0x10,
    0xbf, 0xd2, 0x0, 0x0, 0xbf, 0x4f, 0xfd, 0x20,
    0xe, 0xf1, 0x0, 0xbf, 0xf1, 0x0, 0xb, 0xf2,
    0x6b, 0x10, 0x0, 0xef, 0x10, 0x0, 0xa8, 0x0,
    0x0, 0xbf, 0x20, 0x0, 0x0, 0xe, 0xf1, 0x0,
    0x0, 0x0,

    /* U+524D "前" */
    0x0, 0x0, 0x0, 0x0, 0x0, 0x0, 0x0, 0x0,
    0x0, 0x0, 0x0, 0x5c, 0x60, 0x0, 0x0, 0x0,
    0x5d, 0x80, 0x0, 0x0, 0x3, 0xff, 0x30, 0x0,
    0x0, 0xd, 0xf8, 0x0, 0x0, 0x0, 0x8, 0xfc,
    0x0, 0x0, 0x6, 0xfd, 0x0, 0x0, 0xab, 0xbb,
    0xcf, 0xcb, 0xbb, 0xbb, 0xff, 0xdb, 0xbb, 0xaf,
    0xff, 0xff, 0xff, 0xff, 0xff, 0xff, 0xff, 0xff,
    0xff, 0x11, 0x11, 0x11, 0x11, 0x11, 0x11, 0x11,
    0x11, 0x11, 0x10, 0x0, 0x0, 0x0, 0x0, 0x0,
    0x0, 0x0, 0x16, 0x40, 0xa, 0xff, 0xff, 0xff,
    0xf4, 0x5, 0xb3, 0x4, 0xfb, 0x0, 0xbf, 0xdd,
    0xdd, 0xff, 0x40, 0x8f, 0x50, 0x4f, 0xb0, 0xb,
    0xf2, 0x0, 0xa, 0xf4, 0x8, 0xf5, 0x4, 0xfb,
    0x0, 0xbf, 0x97, 0x77, 0xdf, 0x40, 0x8f, 0x50,
    0x4f, 0xb0, 0xb, 0xff, 0xff, 0xff, 0xf4, 0x8,
    0xf5, 0x4, 0xfb, 0x0, 0xbf, 0x30, 0x0, 0xbf,
    0x40, 0x8f, 0x50, 0x4f, 0xb0, 0xb, 0xf4, 0x22,
    0x2b, 0xf4, 0x8, 0xf5, 0x4, 0xfb, 0x0, 0xbf,
    0xff, 0xff, 0xff, 0x40, 0x8f, 0x50, 0x4f, 0xb0,
    0xb, 0xf7, 0x55, 0x5c, 0xf4, 0x7, 0xf4, 0x4,
    0xfb, 0x0, 0xbf, 0x20, 0x0, 0xaf, 0x40, 0x0,
    0x0, 0x4f, 0xb0, 0xb, 0xf2, 0x0, 0xa, 0xf4,
    0x0, 0x0, 0x4, 0xfb, 0x0, 0xbf, 0x20, 0xab,
    0xef, 0x30, 0x2, 0xdd, 0xef, 0x90, 0xa, 0xf2,
    0xa, 0xfe, 0x90, 0x0, 0xc, 0xfe, 0xb1, 0x0,

    /* U+53EF "可" */
    0x1, 0x11, 0x11, 0x11, 0x11, 0x11, 0x11, 0x11,
    0x11, 0x10, 0x2f, 0xff, 0xff, 0xff, 0xff, 0xff,
    0xff, 0xff, 0xff, 0xfc, 0x1f, 0xff, 0xff, 0xff,
    0xff, 0xff, 0xff, 0xff, 0xff, 0xfb, 0x0, 0x0,
    0x0, 0x0, 0x0, 0x0, 0x0, 0xd, 0xf3, 0x0,
    0x0, 0x0, 0x0, 0x0, 0x0, 0x0, 0x0, 0xd,
    0xf3, 0x0, 0x0, 0x9, 0xcb, 0xbb, 0xbb, 0xba,
    0x0, 0xd, 0xf3, 0x0, 0x0, 0xd, 0xff, 0xff,
    0xff, 0xfe, 0x0, 0xd, 0xf3, 0x0, 0x0, 0xd,
    0xf4, 0x22, 0x23, 0xfe, 0x0, 0xd, 0xf3, 0x0,
    0x0, 0xd, 0xf1, 0x0, 0x0, 0xfe, 0x0, 0xd,
    0xf3, 0x0, 0x0, 0xd, 0xf1, 0x0, 0x0, 0xfe,
    0x0, 0xd, 0xf3, 0x0, 0x0, 0xd, 0xf1, 0x0,
    0x0, 0xfe, 0x0, 0xd, 0xf3, 0x0, 0x0, 0xd,
    0xf4, 0x33, 0x33, 0xfe, 0x0, 0xd, 0xf3, 0x0,
    0x0, 0xd, 0xff, 0xff, 0xff, 0xfe, 0x0, 0xd,
    0xf3, 0x0, 0x0, 0xd, 0xfb, 0xbb, 0xbb, 0xba,
    0x0, 0xd, 0xf3, 0x0, 0x0, 0xd, 0xf1, 0x0,
    0x0, 0x0, 0x0, 0xd, 0xf3, 0x0, 0x0, 0x4,
    0x50, 0x0, 0x0, 0x0, 0x0, 0xd, 0xf3, 0x0,
    0x0, 0x0, 0x0, 0x0, 0x0, 0x1, 0x0, 0x1e,
    0xf3, 0x0, 0x0, 0x0, 0x0, 0x0, 0x0, 0xd,
    0xff, 0xff, 0xf1, 0x0, 0x0, 0x0, 0x0, 0x0,
    0x0, 0x7, 0xff, 0xfd, 0x60, 0x0, 0x0, 0x0,
    0x0, 0x0, 0x0, 0x0, 0x0, 0x0, 0x0, 0x0,

    /* U+590D "复" */
    0x0, 0x0, 0x7, 0x30, 0x0, 0x0, 0x0, 0x0,
    0x0, 0x0, 0x0, 0x0, 0x7, 0xfa, 0x0, 0x0,
    0x0, 0x0, 0x0, 0x0, 0x0, 0x0, 0x3, 0xff,
    0xcb, 0xbb, 0xbb, 0xbb, 0xbb, 0xbb, 0xa0, 0x0,
    0x2, 0xef, 0xff, 0xff, 0xff, 0xff, 0xff, 0xff,
    0xfd, 0x0, 0x3, 0xef, 0x90, 0x0, 0x0, 0x0,
    0x0, 0x0, 0x0, 0x0, 0x1, 0xff, 0xad, 0xff,
    0xff, 0xff, 0xff, 0xff, 0xff, 0x70, 0x0, 0x6,
    0x80, 0xef, 0x76, 0x66, 0x66, 0x66, 0x6c, 0xf7,
    0x0, 0x0, 0x0, 0xe, 0xf6, 0x55, 0x55, 0x55,
    0x55, 0xbf, 0x70, 0x0, 0x0, 0x0, 0xef, 0xff,
    0xff, 0xff, 0xff, 0xff, 0xf7, 0x0, 0x0, 0x0,
    0xe, 0xf1, 0x0, 0x0, 0x0, 0x0, 0x9f, 0x70,
    0x0, 0x0, 0x0, 0xef, 0xff, 0xff, 0xff, 0xff,
    0xff, 0xf7, 0x0, 0x0, 0x0, 0x5, 0x6e, 0xf9,
    0x66, 0x66, 0x66, 0x66, 0x30, 0x0, 0x0, 0x0,
    0x9, 0xff, 0x77, 0x77, 0x77, 0x77, 0x30, 0x0,
    0x0, 0x0, 0x1b, 0xff, 0xff, 0xff, 0xff, 0xff,
    0xfe, 0x0, 0x0, 0x0, 0x5e, 0xfe, 0xf7, 0x0,
    0x0, 0x8, 0xff, 0x30, 0x0, 0x0, 0x1d, 0xf6,
    0xa, 0xfc, 0x40, 0x6d, 0xfd, 0x20, 0x0, 0x0,
    0x0, 0x12, 0x0, 0x6, 0xff, 0xff, 0xf8, 0x0,
    0x0, 0x0, 0x0, 0x12, 0x47, 0x9c, 0xff, 0xff,
    0xff, 0xfc, 0x97, 0x54, 0x20, 0x5f, 0xff, 0xff,
    0xfb, 0x72, 0x3, 0x8c, 0xff, 0xff, 0xfa, 0x0,
    0xa9, 0x75, 0x20, 0x0, 0x0, 0x0, 0x0, 0x24,
    0x68, 0x10,

    /* U+5B8C "完" */
    0x0, 0x0, 0x0, 0x0, 0x4, 0x91, 0x0, 0x0,
    0x0, 0x0, 0x0, 0x0, 0x0, 0x0, 0x0, 0xcf,
    0x90, 0x0, 0x0, 0x0, 0x0, 0x0, 0x33, 0x33,
    0x33, 0x37, 0xff, 0x43, 0x33, 0x33, 0x32, 0x0,
    0x2f, 0xff, 0xff, 0xff, 0xff, 0xff, 0xff, 0xff,
    0xff, 0xc0, 0x2, 0xff, 0xbb, 0xbb, 0xbb, 0xbb,
    0xbb, 0xbb, 0xbc, 0xfc, 0x0, 0x2f, 0xd0, 0x0,
    0x0, 0x0, 0x0, 0x0, 0x0, 0x4f, 0xc0, 0x2,
    0xfd, 0xb, 0xcc, 0xcc, 0xcc, 0xcc, 0xcc, 0x34,
    0xfc, 0x0, 0x2b, 0x90, 0xff, 0xff, 0xff, 0xff,
    0xff, 0xf4, 0x3b, 0x90, 0x0, 0x0, 0x0, 0x0,
    0x0, 0x0, 0x0, 0x0, 0x0, 0x0, 0x0, 0x0,
    0x0, 0x0, 0x0, 0x0, 0x0, 0x0, 0x0, 0x0,
    0x0, 0xb, 0xdd, 0xdd, 0xdd, 0xdd, 0xdd, 0xdd,
    0xdd, 0xdd, 0xdb, 0x0, 0xdf, 0xff, 0xff, 0xff,
    0xff, 0xff, 0xff, 0xff, 0xff, 0xd0, 0x0, 0x0,
    0x0, 0x3f, 0xc0, 0x0, 0xdf, 0x30, 0x0, 0x0,
    0x0, 0x0, 0x0, 0x5, 0xfb, 0x0, 0xd, 0xf3,
    0x0, 0x0, 0x0, 0x0, 0x0, 0x0, 0x8f, 0x80,
    0x0, 0xdf, 0x30, 0x0, 0x0, 0x0, 0x0, 0x0,
    0xd, 0xf4, 0x0, 0xd, 0xf3, 0x0, 0x2, 0x50,
    0x0, 0x0, 0x7, 0xfe, 0x0, 0x0, 0xdf, 0x30,
    0x0, 0x3f, 0x20, 0x0, 0x1a, 0xff, 0x50, 0x0,
    0xd, 0xf3, 0x0, 0x6, 0xf0, 0x7, 0xcf, 0xff,
    0x60, 0x0, 0x0, 0xbf, 0xed, 0xdd, 0xfc, 0x0,
    0x6f, 0xe9, 0x20, 0x0, 0x0, 0x3, 0xdf, 0xff,
    0xfe, 0x30, 0x0, 0x30, 0x0, 0x0, 0x0, 0x0,
    0x0, 0x0, 0x0, 0x0, 0x0,

    /* U+5B9A "定" */
    0x0, 0x0, 0x0, 0x0, 0x3, 0x83, 0x0, 0x0,
    0x0, 0x0, 0x0, 0x0, 0x0, 0x0, 0x0, 0x7f,
    0xc0, 0x0, 0x0, 0x0, 0x0, 0x0, 0x33, 0x33,
    0x33, 0x34, 0xff, 0x53, 0x33, 0x33, 0x32, 0x0,
    0x2f, 0xff, 0xff, 0xff, 0xff, 0xff, 0xff, 0xff,
    0xff, 0xd0, 0x2, 0xfe, 0xaa, 0xaa, 0xaa, 0xaa,
    0xaa, 0xaa, 0xab, 0xfd, 0x0, 0x2f, 0xc0, 0x0,
    0x0, 0x0, 0x0, 0x0, 0x0, 0x3f, 0xd0, 0x2,
    0xfc, 0x0, 0x0, 0x0, 0x0, 0x0, 0x0, 0x3,
    0xfd, 0x0, 0x1b, 0x81, 0xff, 0xff, 0xff, 0xff,
    0xff, 0xff, 0x2b, 0x90, 0x0, 0x0, 0xd, 0xdd,
    0xde, 0xff, 0xdd, 0xdd, 0xc0, 0x0, 0x0, 0x0,
    0x0, 0x0, 0x0, 0x2f, 0xe0, 0x0, 0x0, 0x0,
    0x0, 0x0, 0x0, 0x2a, 0x80, 0x2, 0xfe, 0x0,
    0x0, 0x0, 0x0, 0x0, 0x0, 0x5, 0xfc, 0x0,
    0x2f, 0xf1, 0x11, 0x11, 0x10, 0x0, 0x0, 0x0,
    0x8f, 0x90, 0x2, 0xff, 0xff, 0xff, 0xff, 0x0,
    0x0, 0x0, 0xc, 0xf9, 0x0, 0x2f, 0xfc, 0xcc,
    0xcc, 0xc0, 0x0, 0x0, 0x1, 0xff, 0xf1, 0x2,
    0xfe, 0x0, 0x0, 0x0, 0x0, 0x0, 0x0, 0x7f,
    0xff, 0xa0, 0x2f, 0xe0, 0x0, 0x0, 0x0, 0x0,
    0x0, 0xe, 0xf5, 0xdf, 0xa3, 0xfe, 0x0, 0x0,
    0x0, 0x0, 0x0, 0x9, 0xfc, 0x2, 0xef, 0xff,
    0xf2, 0x0, 0x0, 0x0, 0x0, 0x8, 0xff, 0x30,
    0x1, 0xbf, 0xff, 0xff, 0xff, 0xff, 0xff, 0x60,
    0x7f, 0x50, 0x0, 0x0, 0x28, 0xbe, 0xff, 0xff,
    0xff, 0xf1, 0x0, 0x20, 0x0, 0x0, 0x0, 0x0,
    0x0, 0x0, 0x0, 0x0, 0x0,

    /* U+5F53 "当" */
    0x0, 0x0, 0x0, 0x6, 0x82, 0x0, 0x0, 0x0,
    0x1, 0x62, 0x0, 0x0, 0xdf, 0x50, 0x0, 0x9,
    0x71, 0x8f, 0xc0, 0x0, 0xd, 0xf5, 0x0, 0x2,
    0xff, 0x20, 0xdf, 0x60, 0x0, 0xdf, 0x50, 0x0,
    0xaf, 0xa0, 0x5, 0xfe, 0x0, 0xd, 0xf5, 0x0,
    0x2f, 0xf2, 0x0, 0xd, 0xf6, 0x0, 0xdf, 0x50,
    0xa, 0xf8, 0x0, 0x0, 0x6a, 0x30, 0xd, 0xf5,
    0x0, 0xbd, 0x0, 0x1, 0x22, 0x22, 0x22, 0xdf,
    0x72, 0x22, 0x22, 0x20, 0x7f, 0xff, 0xff, 0xff,
    0xff, 0xff, 0xff, 0xff, 0x36, 0xdd, 0xdd, 0xdd,
    0xdd, 0xdd, 0xdd, 0xdf, 0xf3, 0x0, 0x0, 0x0,
    0x0, 0x0, 0x0, 0x0, 0xef, 0x30, 0x0, 0x0,
    0x0, 0x0, 0x0, 0x0, 0xe, 0xf3, 0xa, 0xdd,
    0xdd, 0xdd, 0xdd, 0xdd, 0xdd, 0xff, 0x30, 0xbf,
    0xff, 0xff, 0xff, 0xff, 0xff, 0xff, 0xf3, 0x0,
    0x0, 0x0, 0x0, 0x0, 0x0, 0x0, 0xef, 0x30,
    0x0, 0x0, 0x0, 0x0, 0x0, 0x0, 0xe, 0xf3,
    0x0, 0x0, 0x0, 0x0, 0x0, 0x0, 0x0, 0xef,
    0x3d, 0xff, 0xff, 0xff, 0xff, 0xff, 0xff, 0xff,
    0xf3, 0xce, 0xee, 0xee, 0xee, 0xee, 0xee, 0xee,
    0xff, 0x30, 0x0, 0x0, 0x0, 0x0, 0x0, 0x0,
    0xe, 0xf3,

    /* U+5FC5 "必" */
    0x0, 0x0, 0x0, 0x1, 0x0, 0x0, 0x0, 0x0,
    0x0, 0x0, 0x0, 0x0, 0x0, 0x3, 0xf9, 0x0,
    0x0, 0x0, 0x0, 0x0, 0x0, 0x0, 0x0, 0x0,
    0x5f, 0xfd, 0x30, 0x0, 0x1, 0xd8, 0x0, 0x0,
    0x0, 0x0, 0x0, 0x2c, 0xff, 0x60, 0x0, 0xaf,
    0xc0, 0x0, 0x0, 0x0, 0x0, 0x0, 0x9, 0xff,
    0x60, 0x3f, 0xf3, 0x0, 0x0, 0x0, 0x0, 0x4,
    0x50, 0x6, 0xd0, 0xd, 0xf9, 0x0, 0x0, 0x0,
    0x0, 0x0, 0xef, 0x20, 0x0, 0x8, 0xfe, 0x0,
    0x0, 0x0, 0x6, 0xf6, 0xe, 0xf2, 0x0, 0x4,
    0xff, 0x40, 0x0, 0x0, 0x0, 0xaf, 0x50, 0xef,
    0x20, 0x2, 0xef, 0x87, 0xf5, 0x0, 0x0, 0xe,
    0xf1, 0xe, 0xf2, 0x1, 0xdf, 0xb0, 0x5f, 0xe0,
    0x0, 0x2, 0xfd, 0x0, 0xef, 0x20, 0xcf, 0xc0,
    0x0, 0xcf, 0x80, 0x0, 0x8f, 0x80, 0xe, 0xf3,
    0xcf, 0xd1, 0x0, 0x4, 0xff, 0x10, 0xe, 0xf3,
    0x0, 0xef, 0xef, 0xd1, 0x0, 0x0, 0xc, 0xf8,
    0x6, 0xfc, 0x0, 0xe, 0xff, 0xc1, 0x0, 0x0,
    0x0, 0x5f, 0xe0, 0x2, 0x30, 0x7, 0xff, 0xb0,
    0x0, 0x0, 0x36, 0x0, 0xeb, 0x10, 0x0, 0x2c,
    0xff, 0xf2, 0x0, 0x0, 0x5, 0xf9, 0x1, 0x0,
    0x1, 0x9f, 0xfd, 0xff, 0x20, 0x0, 0x0, 0x7f,
    0x80, 0x0, 0x4, 0xff, 0xf8, 0xe, 0xf5, 0x0,
    0x0, 0xc, 0xf5, 0x0, 0x0, 0xb, 0xa2, 0x0,
    0xbf, 0xff, 0xff, 0xff, 0xff, 0x10, 0x0, 0x0,
    0x0, 0x0, 0x2, 0xcf, 0xff, 0xff, 0xfd, 0x40,
    0x0, 0x0,

    /* U+6210 "成" */
    0x0, 0x0, 0x0, 0x0, 0x0, 0x6, 0x72, 0x6,
    0x0, 0x0, 0x0, 0x0, 0x0, 0x0, 0x0, 0x0,
    0xcf, 0x49, 0xfd, 0x40, 0x0, 0x0, 0x0, 0x0,
    0x0, 0x0, 0xc, 0xf4, 0x8, 0xff, 0x80, 0x0,
    0x0, 0x23, 0x22, 0x22, 0x22, 0xcf, 0x62, 0x25,
    0xf6, 0x20, 0x0, 0x4f, 0xff, 0xff, 0xff, 0xff,
    0xff, 0xff, 0xff, 0xff, 0x10, 0x4, 0xff, 0xdd,
    0xdd, 0xdd, 0xef, 0xed, 0xdd, 0xdd, 0xd1, 0x0,
    0x4f, 0xc0, 0x0, 0x0, 0x8, 0xf8, 0x0, 0x0,
    0x0, 0x0, 0x4, 0xfc, 0x0, 0x0, 0x0, 0x6f,
    0x90, 0x3, 0xc7, 0x0, 0x0, 0x4f, 0xfd, 0xdd,
    0xed, 0x15, 0xfb, 0x0, 0x8f, 0x90, 0x0, 0x4,
    0xff, 0xff, 0xff, 0xf1, 0x2f, 0xd0, 0xe, 0xf3,
    0x0, 0x0, 0x4f, 0xc0, 0x0, 0xdf, 0x10, 0xff,
    0x6, 0xfc, 0x0, 0x0, 0x5, 0xfc, 0x0, 0xd,
    0xf0, 0xd, 0xf3, 0xdf, 0x50, 0x0, 0x0, 0x5f,
    0xb0, 0x0, 0xef, 0x0, 0xaf, 0xdf, 0xd0, 0x0,
    0x0, 0x7, 0xfa, 0x0, 0xf, 0xf0, 0x6, 0xff,
    0xf4, 0x0, 0x0, 0x0, 0x9f, 0x81, 0x13, 0xfd,
    0x0, 0x3f, 0xf9, 0x0, 0x78, 0x0, 0xb, 0xf5,
    0xaf, 0xff, 0xa0, 0xb, 0xff, 0x60, 0x8, 0xf3,
    0x0, 0xff, 0x25, 0xbb, 0x81, 0x1c, 0xff, 0xfd,
    0x0, 0xaf, 0x10, 0x5f, 0xd0, 0x0, 0x0, 0x3d,
    0xfe, 0x3d, 0xfa, 0x1e, 0xe0, 0xd, 0xf8, 0x0,
    0x0, 0x3f, 0xfe, 0x20, 0x3f, 0xff, 0xfa, 0x0,
    0x6f, 0x10, 0x0, 0x0, 0x8a, 0x10, 0x0, 0x4c,
    0xfc, 0x10, 0x0, 0x10, 0x0, 0x0, 0x0, 0x0,
    0x0, 0x0, 0x0, 0x0, 0x0,

    /* U+6388 "授" */
    0x0, 0x8, 0xb0, 0x0, 0x0, 0x0, 0x0, 0x1,
    0x47, 0x50, 0x0, 0x0, 0xcf, 0x10, 0x26, 0x78,
    0xab, 0xdf, 0xff, 0xff, 0x30, 0x0, 0xc, 0xf1,
    0x1, 0xff, 0xff, 0xdc, 0xa8, 0x64, 0x0, 0x0,
    0x0, 0xcf, 0x10, 0x4, 0x70, 0x5, 0xc2, 0x0,
    0x8e, 0x50, 0x29, 0x9e, 0xf9, 0x91, 0x8f, 0x50,
    0x4f, 0x70, 0xe, 0xf1, 0x4, 0xff, 0xff, 0xff,
    0x21, 0xfb, 0x0, 0xfc, 0x6, 0xf7, 0x0, 0x16,
    0x6d, 0xf7, 0x61, 0xa, 0x90, 0x7, 0x41, 0xee,
    0x10, 0x0, 0x0, 0xcf, 0x10, 0xbf, 0xff, 0xff,
    0xff, 0xff, 0xff, 0xf1, 0x0, 0xc, 0xf1, 0xb,
    0xfa, 0x99, 0x99, 0x99, 0x99, 0xef, 0x10, 0x0,
    0xcf, 0x36, 0xbf, 0x10, 0x0, 0x0, 0x0, 0xb,
    0xf1, 0x1, 0x5e, 0xff, 0xf6, 0x99, 0x99, 0x99,
    0x99, 0x9a, 0x96, 0x5, 0xff, 0xff, 0x71, 0x5,
    0xff, 0xff, 0xff, 0xff, 0xf9, 0x0, 0x1b, 0x6d,
    0xf1, 0x0, 0xa, 0xf2, 0x0, 0x0, 0xdf, 0x30,
    0x0, 0x0, 0xcf, 0x10, 0x0, 0x5f, 0xb0, 0x0,
    0x7f, 0xa0, 0x0, 0x0, 0xc, 0xf1, 0x0, 0x0,
    0xbf, 0x90, 0x6f, 0xe1, 0x0, 0x0, 0x0, 0xcf,
    0x10, 0x0, 0x1, 0xef, 0xcf, 0xe3, 0x0, 0x0,
    0x0, 0xc, 0xf1, 0x0, 0x0, 0x7, 0xff, 0xf7,
    0x0, 0x0, 0x0, 0x0, 0xcf, 0x10, 0x3, 0x8e,
    0xff, 0xdf, 0xfd, 0x72, 0x0, 0xb, 0xdf, 0xf0,
    0x2f, 0xff, 0xfa, 0x20, 0x5d, 0xff, 0xfd, 0x10,
    0x9f, 0xe6, 0x0, 0xba, 0x50, 0x0, 0x0, 0x3,
    0x9d, 0x70,

    /* U+63D0 "提" */
    0x0, 0x8, 0xb0, 0x0, 0x0, 0x0, 0x0, 0x0,
    0x0, 0x0, 0x0, 0x0, 0xcf, 0x10, 0xa, 0xff,
    0xff, 0xff, 0xff, 0xfd, 0x0, 0x0, 0xc, 0xf1,
    0x0, 0xaf, 0x76, 0x66, 0x66, 0x7f, 0xd0, 0x0,
    0x0, 0xcf, 0x10, 0xa, 0xf5, 0x33, 0x33, 0x34,
    0xfd, 0x0, 0x29, 0x9e, 0xfa, 0x92, 0xaf, 0xff,
    0xff, 0xff, 0xff, 0xd0, 0x3, 0xff, 0xff, 0xff,
    0x4a, 0xf4, 0x22, 0x22, 0x23, 0xfd, 0x0, 0x3,
    0x3d, 0xf4, 0x31, 0xaf, 0x87, 0x77, 0x77, 0x8f,
    0xd0, 0x0, 0x0, 0xcf, 0x10, 0xa, 0xff, 0xff,
    0xff, 0xff, 0xfd, 0x0, 0x0, 0xc, 0xf1, 0x0,
    0x0, 0x0, 0x0, 0x0, 0x0, 0x0, 0x0, 0x0,
    0xcf, 0x47, 0x5b, 0xbb, 0xbb, 0xbb, 0xbb, 0xbb,
    0x90, 0x1, 0x5e, 0xff, 0xf9, 0xee, 0xee, 0xff,
    0xfe, 0xee, 0xec, 0x4, 0xff, 0xff, 0xc6, 0x11,
    0x30, 0x5, 0xf8, 0x0, 0x0, 0x0, 0x2e, 0xae,
    0xf1, 0x0, 0x5f, 0x70, 0x5f, 0x80, 0x0, 0x0,
    0x0, 0x0, 0xcf, 0x10, 0x7, 0xf4, 0x5, 0xff,
    0xff, 0xfd, 0x0, 0x0, 0xc, 0xf1, 0x0, 0xbf,
    0x40, 0x5f, 0xda, 0xaa, 0x80, 0x0, 0x0, 0xcf,
    0x10, 0xf, 0xfb, 0x5, 0xf8, 0x0, 0x0, 0x0,
    0x0, 0xc, 0xf1, 0x5, 0xfd, 0xf6, 0x5f, 0x80,
    0x0, 0x0, 0x0, 0x0, 0xcf, 0x10, 0xdf, 0x2c,
    0xfc, 0xf8, 0x0, 0x0, 0x0, 0x9, 0xbf, 0xf0,
    0x9f, 0xa0, 0x1d, 0xff, 0xec, 0xbb, 0xbc, 0x30,
    0x9f, 0xf7, 0x9, 0xe1, 0x0, 0x6, 0xbe, 0xff,
    0xff, 0xf0, 0x0, 0x10, 0x0, 0x1, 0x0, 0x0,
    0x0, 0x0, 0x0, 0x0, 0x0,

    /* U+65B0 "新" */
    0x0, 0x0, 0x6b, 0x20, 0x0, 0x0, 0x0, 0x0,
    0x4, 0x10, 0x0, 0x0, 0x6, 0xf9, 0x0, 0x0,
    0x0, 0x26, 0xae, 0xfd, 0x10, 0x8, 0x99, 0xaf,
    0xf9, 0x99, 0x48, 0xff, 0xff, 0xea, 0x50, 0x0,
    0xef, 0xff, 0xff, 0xff, 0xf6, 0xaf, 0x95, 0x20,
    0x0, 0x0, 0x0, 0x6d, 0x20, 0x9, 0xc3, 0xa,
    0xf2, 0x0, 0x0, 0x0, 0x0, 0x4, 0xf7, 0x0,
    0xee, 0x0, 0xaf, 0x20, 0x0, 0x0, 0x0, 0x0,
    0xf, 0x90, 0x4f, 0x90, 0xa, 0xf2, 0x0, 0x0,
    0x0, 0x1, 0xee, 0xfe, 0xef, 0xfe, 0xec, 0xaf,
    0xcc, 0xcc, 0xcc, 0xc0, 0x1c, 0xcc, 0xcf, 0xfc,
    0xcc, 0xba, 0xff, 0xff, 0xff, 0xff, 0x10, 0x0,
    0x1, 0xfb, 0x0, 0x0, 0xaf, 0x41, 0x1f, 0xf1,
    0x10, 0x0, 0x0, 0x1f, 0xb0, 0x0, 0xa, 0xf2,
    0x0, 0xfe, 0x0, 0x0, 0xff, 0xff, 0xff, 0xff,
    0xf7, 0xbf, 0x20, 0xf, 0xe0, 0x0, 0xa, 0xaa,
    0xbf, 0xea, 0xaa, 0x4c, 0xf1, 0x0, 0xfe, 0x0,
    0x0, 0x4, 0x41, 0xfb, 0x18, 0x0, 0xdf, 0x0,
    0xf, 0xe0, 0x0, 0x0, 0xdd, 0x1f, 0xb6, 0xf6,
    0xf, 0xe0, 0x0, 0xfe, 0x0, 0x0, 0x4f, 0x61,
    0xfb, 0xd, 0xe2, 0xfb, 0x0, 0xf, 0xe0, 0x0,
    0xd, 0xe0, 0x1f, 0xb0, 0x6f, 0x9f, 0x80, 0x0,
    0xfe, 0x0, 0x0, 0xa5, 0x1, 0xfb, 0x0, 0x4a,
    0xf4, 0x0, 0xf, 0xe0, 0x0, 0x0, 0x7, 0xaf,
    0xa0, 0x2, 0xfe, 0x0, 0x0, 0xfe, 0x0, 0x0,
    0x0, 0x7f, 0xd4, 0x0, 0x8, 0x60, 0x0, 0xf,
    0xe0, 0x0,

    /* U+6743 "权" */
    0x0, 0x0, 0x68, 0x0, 0x0, 0x0, 0x0, 0x0,
    0x0, 0x0, 0x0, 0x0, 0xd, 0xf1, 0x0, 0x0,
    0x0, 0x0, 0x0, 0x0, 0x0, 0x0, 0x0, 0xdf,
    0x10, 0x9, 0xaa, 0xaa, 0xaa, 0xaa, 0xb6, 0x0,
    0x0, 0xd, 0xf1, 0x0, 0xef, 0xff, 0xff, 0xff,
    0xff, 0xb0, 0x3, 0x33, 0xef, 0x43, 0x26, 0xfb,
    0x44, 0x44, 0x49, 0xf8, 0x3, 0xff, 0xff, 0xff,
    0xfc, 0x1f, 0xc0, 0x0, 0x0, 0x9f, 0x50, 0x2a,
    0xac, 0xff, 0xba, 0x80, 0xdf, 0x0, 0x0, 0xd,
    0xf1, 0x0, 0x0, 0x8f, 0xf3, 0x0, 0xa, 0xf4,
    0x0, 0x2, 0xfd, 0x0, 0x0, 0xd, 0xff, 0xe2,
    0x0, 0x5f, 0x90, 0x0, 0x8f, 0x80, 0x0, 0x3,
    0xff, 0xff, 0xe2, 0x1, 0xfe, 0x0, 0xe, 0xf2,
    0x0, 0x0, 0x9f, 0xff, 0x7f, 0xe2, 0xb, 0xf4,
    0x5, 0xfc, 0x0, 0x0, 0x1f, 0xcd, 0xf1, 0xaf,
    0x90, 0x5f, 0xc0, 0xdf, 0x50, 0x0, 0x9, 0xf6,
    0xdf, 0x10, 0xb0, 0x0, 0xef, 0xbf, 0xc0, 0x0,
    0x3, 0xfe, 0xd, 0xf1, 0x0, 0x0, 0x6, 0xff,
    0xf3, 0x0, 0x0, 0x9f, 0x70, 0xdf, 0x10, 0x0,
    0x0, 0x1f, 0xfd, 0x0, 0x0, 0x1, 0xd0, 0xd,
    0xf1, 0x0, 0x0, 0x1d, 0xff, 0xf9, 0x0, 0x0,
    0x1, 0x0, 0xdf, 0x10, 0x0, 0x3e, 0xfc, 0x5f,
    0xfa, 0x0, 0x0, 0x0, 0xd, 0xf1, 0x1, 0x9f,
    0xfb, 0x10, 0x5f, 0xfd, 0x20, 0x0, 0x0, 0xdf,
    0x10, 0xef, 0xf8, 0x0, 0x0, 0x4e, 0xff, 0x20,
    0x0, 0xd, 0xf1, 0x5, 0xb2, 0x0, 0x0, 0x0,
    0x1c, 0x70, 0x0, 0x0, 0x0, 0x0, 0x0, 0x0,
    0x0, 0x0, 0x0, 0x0, 0x0,

    /* U+6B21 "次" */
    0x0, 0x0, 0x0, 0x0, 0x4, 0x41, 0x0, 0x0,
    0x0, 0x0, 0x0, 0x0, 0x0, 0x0, 0x0, 0xdf,
    0x50, 0x0, 0x0, 0x0, 0x0, 0x4, 0xe6, 0x0,
    0x0, 0x1f, 0xf1, 0x0, 0x0, 0x0, 0x0, 0x0,
    0x8f, 0xfb, 0x20, 0x6, 0xfd, 0x11, 0x11, 0x11,
    0x10, 0x0, 0x0, 0x4e, 0xfe, 0x20, 0xbf, 0xff,
    0xff, 0xff, 0xff, 0xe4, 0x0, 0x0, 0x1b, 0xc0,
    0x1f, 0xfe, 0xee, 0xee, 0xee, 0xff, 0x40, 0x0,
    0x0, 0x1, 0x8, 0xfc, 0x0, 0x43, 0x0, 0x1f,
    0xf0, 0x0, 0x0, 0x0, 0x1, 0xff, 0x50, 0x3f,
    0xe0, 0x6, 0xfa, 0x0, 0x0, 0x0, 0x0, 0xaf,
    0xd0, 0x4, 0xfe, 0x0, 0xcf, 0x30, 0x0, 0x0,
    0x0, 0x8, 0xf5, 0x0, 0x4f, 0xe0, 0x1f, 0xd0,
    0x0, 0x0, 0x0, 0x38, 0x1, 0x0, 0x6, 0xff,
    0x10, 0x23, 0x0, 0x0, 0x0, 0xc, 0xf6, 0x0,
    0x0, 0xaf, 0xf5, 0x0, 0x0, 0x0, 0x0, 0x6,
    0xfe, 0x10, 0x0, 0xe, 0xff, 0xb0, 0x0, 0x0,
    0x0, 0x1, 0xff, 0x60, 0x0, 0x6, 0xff, 0xdf,
    0x30, 0x0, 0x0, 0x0, 0xbf, 0xc0, 0x0, 0x1,
    0xef, 0x86, 0xfc, 0x0, 0x0, 0x0, 0x6f, 0xf3,
    0x0, 0x0, 0xbf, 0xe1, 0xd, 0xf7, 0x0, 0x0,
    0x1f, 0xf8, 0x0, 0x0, 0xbf, 0xf4, 0x0, 0x3f,
    0xf7, 0x0, 0x0, 0x3b, 0x0, 0x3, 0xdf, 0xf5,
    0x0, 0x0, 0x7f, 0xfb, 0x30, 0x0, 0x0, 0x8,
    0xff, 0xe4, 0x0, 0x0, 0x0, 0x6f, 0xfb, 0x0,
    0x0, 0x0, 0x1d, 0x91, 0x0, 0x0, 0x0, 0x0,
    0x2a, 0x10, 0x0, 0x0, 0x0, 0x0, 0x0, 0x0,
    0x0, 0x0, 0x0, 0x0, 0x0,

    /* U+7136 "然" */
    0x0, 0x0, 0x9, 0x50, 0x0, 0x0, 0x0, 0x32,
    0x0, 0x0, 0x0, 0x0, 0x5, 0xfb, 0x0, 0x0,
    0x0, 0x2f, 0xb7, 0xf4, 0x0, 0x0, 0x0, 0xcf,
    0xff, 0xff, 0xc1, 0x2, 0xfb, 0x2f, 0xf2, 0x0,
    0x0, 0x4f, 0xea, 0xac, 0xfe, 0x0, 0x2f, 0xb0,
    0x6f, 0x60, 0x0, 0xd, 0xf4, 0x0, 0x8f, 0xb3,
    0x35, 0xfc, 0x33, 0x62, 0x0, 0x9, 0xfa, 0xaa,
    0x2d, 0xfa, 0xff, 0xff, 0xff, 0xff, 0xe0, 0x5,
    0xfe, 0x17, 0xff, 0xff, 0x4b, 0xbc, 0xff, 0xbb,
    0xb9, 0x4, 0xff, 0x41, 0x1, 0xef, 0x80, 0x0,
    0x7f, 0xf0, 0x0, 0x0, 0x9, 0x4c, 0xf5, 0x5f,
    0xe1, 0x0, 0xc, 0xff, 0x60, 0x0, 0x0, 0x0,
    0x2c, 0xff, 0xf6, 0x0, 0x3, 0xff, 0xfd, 0x0,
    0x0, 0x0, 0x0, 0x2f, 0xfa, 0x0, 0x0, 0xdf,
    0x7b, 0xf6, 0x0, 0x0, 0x0, 0x4f, 0xfb, 0x0,
    0x0, 0xbf, 0xd0, 0x3f, 0xf3, 0x0, 0x2, 0xaf,
    0xfa, 0x0, 0x2, 0xcf, 0xe2, 0x0, 0x8f, 0xf4,
    0x0, 0x9f, 0xf6, 0x0, 0x6, 0xff, 0xd2, 0x0,
    0x0, 0xaf, 0xd0, 0x0, 0x71, 0x0, 0x0, 0x1c,
    0x80, 0x0, 0x0, 0x0, 0x83, 0x0, 0x0, 0xb8,
    0x0, 0x33, 0x0, 0x25, 0x30, 0x19, 0xc0, 0x0,
    0x0, 0x7f, 0xa0, 0xf, 0xe0, 0x5, 0xfb, 0x0,
    0xbf, 0x90, 0x0, 0x2f, 0xf2, 0x0, 0xdf, 0x0,
    0xf, 0xf1, 0x1, 0xff, 0x40, 0xc, 0xf8, 0x0,
    0xc, 0xf2, 0x0, 0xaf, 0x50, 0x6, 0xfd, 0x1,
    0xac, 0x0, 0x0, 0x8a, 0x20, 0x5, 0x93, 0x0,
    0xc, 0x80, 0x0, 0x0, 0x0, 0x0, 0x0, 0x0,
    0x0, 0x0, 0x0, 0x0, 0x0,

    /* U+7528 "用" */
    0x0, 0x1, 0x11, 0x11, 0x11, 0x11, 0x11, 0x11,
    0x11, 0x0, 0x0, 0xff, 0xff, 0xff, 0xff, 0xff,
    0xff, 0xff, 0xfe, 0x0, 0xf, 0xfd, 0xdd, 0xdd,
    0xff, 0xdd, 0xdd, 0xdf, 0xe0, 0x0, 0xff, 0x0,
    0x0, 0x3f, 0xc0, 0x0, 0x1, 0xfe, 0x0, 0xf,
    0xf0, 0x0, 0x3, 0xfc, 0x0, 0x0, 0x1f, 0xe0,
    0x0, 0xff, 0x33, 0x33, 0x5f, 0xd3, 0x33, 0x34,
    0xfe, 0x0, 0xf, 0xff, 0xff, 0xff, 0xff, 0xff,
    0xff, 0xff, 0xe0, 0x0, 0xff, 0xaa, 0xaa, 0xbf,
    0xfa, 0xaa, 0xab, 0xfe, 0x0, 0xf, 0xf0, 0x0,
    0x3, 0xfc, 0x0, 0x0, 0x1f, 0xe0, 0x0, 0xff,
    0x0, 0x0, 0x3f, 0xc0, 0x0, 0x1, 0xfe, 0x0,
    0xf, 0xf3, 0x33, 0x35, 0xfd, 0x33, 0x33, 0x4f,
    0xe0, 0x1, 0xff, 0xff, 0xff, 0xff, 0xff, 0xff,
    0xff, 0xfe, 0x0, 0x3f, 0xeb, 0xbb, 0xbc, 0xff,
    0xbb, 0xbb, 0xbf, 0xe0, 0x5, 0xf9, 0x0, 0x0,
    0x3f, 0xc0, 0x0, 0x1, 0xfe, 0x0, 0xaf, 0x60,
    0x0, 0x3, 0xfc, 0x0, 0x0, 0x1f, 0xe0, 0xf,
    0xf2, 0x0, 0x0, 0x3f, 0xc0, 0x0, 0x1, 0xfe,
    0x7, 0xfc, 0x0, 0x0, 0x3, 0xfc, 0x0, 0x0,
    0x1f, 0xe2, 0xff, 0x40, 0x0, 0x0, 0x3f, 0xc0,
    0x7d, 0xde, 0xfc, 0x1b, 0xa0, 0x0, 0x0, 0x3,
    0xfb, 0x4, 0xff, 0xfd, 0x40, 0x0, 0x0, 0x0,
    0x0, 0x0, 0x0, 0x0, 0x0, 0x0,

    /* U+7559 "留" */
    0x0, 0x0, 0x3, 0x93, 0x0, 0x0, 0x0, 0x0,
    0x0, 0x0, 0x15, 0x9e, 0xff, 0xc0, 0x5a, 0xaa,
    0xaa, 0xab, 0xa2, 0xe, 0xff, 0xd9, 0x40, 0x8,
    0xff, 0xff, 0xff, 0xff, 0x20, 0xef, 0x20, 0x0,
    0x0, 0x1, 0x6f, 0x81, 0x1c, 0xf2, 0xe, 0xf1,
    0xa, 0xc0, 0x0, 0x8, 0xf5, 0x0, 0xdf, 0x10,
    0xef, 0x10, 0x9f, 0x70, 0x0, 0xdf, 0x10, 0xe,
    0xf0, 0xe, 0xf1, 0x16, 0xff, 0x10, 0x5f, 0xc0,
    0x0, 0xfe, 0x1, 0xff, 0xdf, 0xff, 0xf8, 0x3e,
    0xf3, 0x0, 0x3f, 0xc0, 0x7f, 0xff, 0xc7, 0x6f,
    0xff, 0xf7, 0x9, 0xef, 0xf8, 0x0, 0xa5, 0x10,
    0x0, 0x17, 0xe5, 0x0, 0x5c, 0xc9, 0x10, 0x0,
    0x36, 0x66, 0x66, 0x67, 0x66, 0x66, 0x66, 0x20,
    0x0, 0x9, 0xff, 0xff, 0xff, 0xff, 0xff, 0xff,
    0xf6, 0x0, 0x0, 0x9f, 0x52, 0x22, 0xdf, 0x42,
    0x22, 0xcf, 0x60, 0x0, 0x9, 0xf3, 0x0, 0xc,
    0xf1, 0x0, 0xb, 0xf6, 0x0, 0x0, 0x9f, 0xff,
    0xff, 0xff, 0xff, 0xff, 0xff, 0x60, 0x0, 0x9,
    0xfa, 0x88, 0x8e, 0xf9, 0x88, 0x8e, 0xf6, 0x0,
    0x0, 0x9f, 0x30, 0x0, 0xcf, 0x10, 0x0, 0xbf,
    0x60, 0x0, 0x9, 0xfd, 0xcc, 0xcf, 0xfc, 0xcc,
    0xcf, 0xf6, 0x0, 0x0, 0x9f, 0xdd, 0xdd, 0xdd,
    0xdd, 0xdd, 0xff, 0x60, 0x0, 0x9, 0xf3, 0x0,
    0x0, 0x0, 0x0, 0xb, 0xf6, 0x0, 0x0, 0x1,
    0x0, 0x0, 0x0, 0x0, 0x0, 0x0, 0x0, 0x0,

    /* U+7ED1 "绑" */
    0x0, 0x5, 0x60, 0x0, 0x6, 0xa1, 0x0, 0x0,
    0x0, 0x0, 0x0, 0x0, 0xcf, 0x30, 0x0, 0xaf,
    0x10, 0x6, 0x77, 0x77, 0x20, 0x0, 0x1f, 0xd0,
    0x0, 0xa, 0xf1, 0x0, 0xef, 0xff, 0xfd, 0x0,
    0x6, 0xf7, 0x0, 0xbc, 0xef, 0xcc, 0x1e, 0xd3,
    0x7f, 0x90, 0x0, 0xcf, 0x10, 0xe, 0xff, 0xff,
    0xf2, 0xec, 0x8, 0xf4, 0x0, 0x3f, 0xa0, 0xd6,
    0x0, 0xaf, 0x10, 0xe, 0xc0, 0xcf, 0x0, 0xb,
    0xf2, 0x4f, 0x80, 0xa, 0xf1, 0x0, 0xec, 0xf,
    0xa0, 0x5, 0xff, 0xcf, 0xf1, 0x1, 0xbf, 0x31,
    0xe, 0xc5, 0xf5, 0x0, 0x2f, 0xff, 0xf9, 0xa,
    0xff, 0xff, 0xd0, 0xec, 0x9f, 0x10, 0x0, 0x41,
    0xdf, 0x10, 0x7b, 0xef, 0xb8, 0xe, 0xc4, 0xf9,
    0x0, 0x0, 0x7f, 0x70, 0x0, 0xb, 0xf1, 0x0,
    0xec, 0x9, 0xf3, 0x0, 0x3f, 0xe6, 0x92, 0x0,
    0xbf, 0x0, 0xe, 0xc0, 0x1f, 0xa0, 0x2e, 0xff,
    0xff, 0x8c, 0xcf, 0xfc, 0xc4, 0xec, 0x0, 0xcf,
    0x1, 0xfd, 0x84, 0x5, 0xff, 0xff, 0xff, 0x6e,
    0xc0, 0xa, 0xf0, 0x2, 0x0, 0x0, 0x10, 0x2f,
    0xb0, 0x0, 0xec, 0x0, 0xdf, 0x0, 0x0, 0x4a,
    0xf6, 0x7, 0xf7, 0x0, 0xe, 0xdd, 0xef, 0xa0,
    0x18, 0xef, 0xfc, 0x30, 0xef, 0x20, 0x0, 0xec,
    0x9c, 0x91, 0x4, 0xff, 0xa3, 0x0, 0x8f, 0xb0,
    0x0, 0xe, 0xc0, 0x0, 0x0, 0x7, 0x10, 0x0,
    0x4f, 0xf2, 0x0, 0x0, 0xec, 0x0, 0x0, 0x0,
    0x0, 0x0, 0x0, 0x96, 0x0, 0x0, 0xe, 0xc0,
    0x0, 0x0,

    /* U+91CD "重" */
    0x0, 0x0, 0x0, 0x0, 0x0, 0x0, 0x13, 0x57,
    0x91, 0x0, 0x0, 0x39, 0xaa, 0xbc, 0xde, 0xff,
    0xff, 0xff, 0xfa, 0x0, 0x0, 0xf, 0xfe, 0xed,
    0xcf, 0xfa, 0x87, 0x53, 0x10, 0x0, 0x0, 0x0,
    0x0, 0x0, 0xd, 0xf2, 0x0, 0x0, 0x0, 0x0,
    0x1f, 0xff, 0xff, 0xff, 0xff, 0xff, 0xff, 0xff,
    0xff, 0xf9, 0x19, 0x99, 0x99, 0x99, 0x9f, 0xfa,
    0x99, 0x99, 0x99, 0x95, 0x0, 0x4, 0x55, 0x55,
    0x5e, 0xf7, 0x55, 0x55, 0x55, 0x0, 0x0, 0xc,
    0xff, 0xff, 0xff, 0xff, 0xff, 0xff, 0xfe, 0x0,
    0x0, 0xc, 0xf2, 0x0, 0xd, 0xf2, 0x0, 0x1,
    0xfe, 0x0, 0x0, 0xc, 0xfe, 0xee, 0xef, 0xfe,
    0xee, 0xee, 0xfe, 0x0, 0x0, 0xc, 0xf7, 0x55,
    0x5e, 0xf7, 0x55, 0x56, 0xfe, 0x0, 0x0, 0xc,
    0xf4, 0x11, 0x1e, 0xf4, 0x11, 0x13, 0xfe, 0x0,
    0x0, 0xc, 0xff, 0xff, 0xff, 0xff, 0xff, 0xff,
    0xfe, 0x0, 0x0, 0x3, 0x44, 0x44, 0x4e, 0xf5,
    0x44, 0x44, 0x43, 0x0, 0x0, 0x58, 0x88, 0x88,
    0x8e, 0xf9, 0x88, 0x88, 0x88, 0x30, 0x0, 0xaf,
    0xff, 0xff, 0xff, 0xff, 0xff, 0xff, 0xff, 0x60,
    0x0, 0x0, 0x0, 0x0, 0xd, 0xf2, 0x0, 0x0,
    0x0, 0x0, 0x2b, 0xbb, 0xbb, 0xbb, 0xbf, 0xfb,
    0xbb, 0xbb, 0xbb, 0xb8, 0x3e, 0xee, 0xee, 0xee,
    0xee, 0xee, 0xee, 0xee, 0xee, 0xeb,

    /* U+987B "须" */
    0x0, 0x0, 0x2, 0x0, 0x0, 0x0, 0x0, 0x0,
    0x0, 0x0, 0x0, 0x0, 0x2, 0xfe, 0x2d, 0xdd,
    0xdd, 0xdd, 0xdd, 0xdd, 0xb0, 0x0, 0x2, 0xef,
    0x81, 0xff, 0xff, 0xff, 0xff, 0xff, 0xfd, 0x0,
    0x3, 0xef, 0xa0, 0x0, 0x0, 0x8, 0xfa, 0x0,
    0x0, 0x0, 0x6, 0xff, 0x90, 0x0, 0x0, 0x0,
    0xcf, 0x50, 0x0, 0x0, 0x0, 0x3e, 0x70, 0x0,
    0x1, 0xff, 0xff, 0xff, 0xff, 0xfe, 0x0, 0x0,
    0x0, 0x1, 0x50, 0x1f, 0xfc, 0xcc, 0xcc, 0xdf,
    0xe0, 0x0, 0x0, 0x0, 0xcf, 0x91, 0xfe, 0x0,
    0x0, 0x2, 0xfe, 0x0, 0x0, 0x1, 0xcf, 0xc0,
    0x1f, 0xe0, 0xe, 0xd0, 0x2f, 0xe0, 0x0, 0x3,
    0xdf, 0xc0, 0x1, 0xfe, 0x0, 0xff, 0x2, 0xfe,
    0x0, 0x7, 0xff, 0xa0, 0x0, 0x1f, 0xe0, 0xf,
    0xf0, 0x2f, 0xe0, 0x0, 0x3e, 0x60, 0x0, 0x1,
    0xfe, 0x0, 0xff, 0x2, 0xfe, 0x0, 0x0, 0x0,
    0x0, 0x74, 0x1f, 0xe0, 0xf, 0xf0, 0x2f, 0xe0,
    0x0, 0x0, 0x0, 0x5f, 0xe2, 0xfe, 0x2, 0xfd,
    0x2, 0xfe, 0x0, 0x0, 0x0, 0x3f, 0xf4, 0x1f,
    0xe0, 0x6f, 0x90, 0x2f, 0xe0, 0x0, 0x0, 0x3e,
    0xf8, 0x0, 0x11, 0xd, 0xf4, 0xb4, 0x0, 0x0,
    0x0, 0x6f, 0xfa, 0x0, 0x0, 0xb, 0xf9, 0x5f,
    0xfa, 0x10, 0x0, 0xbf, 0xf9, 0x0, 0x0, 0x5d,
    0xfb, 0x0, 0x3d, 0xfe, 0x40, 0x7, 0xf5, 0x0,
    0x5, 0xef, 0xf8, 0x0, 0x0, 0x9, 0xff, 0x20,
    0x1, 0x0, 0x0, 0x1d, 0x92, 0x0, 0x0, 0x0,
    0x5, 0x90, 0x0, 0x0, 0x0, 0x0, 0x0, 0x0,
    0x0, 0x0, 0x0, 0x0, 0x0
};


/*---------------------
 *  GLYPH DESCRIPTION
 *--------------------*/

static const lv_font_fmt_txt_glyph_dsc_t glyph_dsc[] = {
    {.bitmap_index = 0, .adv_w = 0, .box_w = 0, .box_h = 0, .ofs_x = 0, .ofs_y = 0} /* id = 0 reserved */,
    {.bitmap_index = 0, .adv_w = 76, .box_w = 0, .box_h = 0, .ofs_x = 0, .ofs_y = 0},
    {.bitmap_index = 0, .adv_w = 115, .box_w = 4, .box_h = 16, .ofs_x = 2, .ofs_y = 0},
    {.bitmap_index = 32, .adv_w = 174, .box_w = 8, .box_h = 7, .ofs_x = 1, .ofs_y = 10},
    {.bitmap_index = 60, .adv_w = 192, .box_w = 12, .box_h = 16, .ofs_x = 0, .ofs_y = 0},
    {.bitmap_index = 156, .adv_w = 192, .box_w = 10, .box_h = 21, .ofs_x = 1, .ofs_y = -3},
    {.bitmap_index = 261, .adv_w = 316, .box_w = 19, .box_h = 16, .ofs_x = 0, .ofs_y = 0},
    {.bitmap_index = 413, .adv_w = 237, .box_w = 15, .box_h = 16, .ofs_x = 0, .ofs_y = 0},
    {.bitmap_index = 533, .adv_w = 100, .box_w = 4, .box_h = 7, .ofs_x = 1, .ofs_y = 10},
    {.bitmap_index = 547, .adv_w = 120, .box_w = 6, .box_h = 23, .ofs_x = 1, .ofs_y = -5},
    {.bitmap_index = 616, .adv_w = 120, .box_w = 6, .box_h = 23, .ofs_x = 0, .ofs_y = -5},
    {.bitmap_index = 685, .adv_w = 163, .box_w = 8, .box_h = 8, .ofs_x = 1, .ofs_y = 9},
    {.bitmap_index = 717, .adv_w = 192, .box_w = 12, .box_h = 11, .ofs_x = 0, .ofs_y = 2},
    {.bitmap_index = 783, .adv_w = 100, .box_w = 5, .box_h = 9, .ofs_x = 1, .ofs_y = -5},
    {.bitmap_index = 806, .adv_w = 120, .box_w = 7, .box_h = 2, .ofs_x = 0, .ofs_y = 5},
    {.bitmap_index = 813, .adv_w = 100, .box_w = 4, .box_h = 4, .ofs_x = 1, .ofs_y = 0},
    {.bitmap_index = 821, .adv_w = 131, .box_w = 8, .box_h = 21, .ofs_x = 0, .ofs_y = -4},
    {.bitmap_index = 905, .adv_w = 192, .box_w = 11, .box_h = 16, .ofs_x = 0, .ofs_y = 0},
    {.bitmap_index = 993, .adv_w = 192, .box_w = 10, .box_h = 16, .ofs_x = 1, .ofs_y = 0},
    {.bitmap_index = 1073, .adv_w = 192, .box_w = 11, .box_h = 16, .ofs_x = 0, .ofs_y = 0},
    {.bitmap_index = 1161, .adv_w = 192, .box_w = 11, .box_h = 16, .ofs_x = 0, .ofs_y = 0},
    {.bitmap_index = 1249, .adv_w = 192, .box_w = 12, .box_h = 16, .ofs_x = 0, .ofs_y = 0},
    {.bitmap_index = 1345, .adv_w = 192, .box_w = 11, .box_h = 16, .ofs_x = 0, .ofs_y = 0},
    {.bitmap_index = 1433, .adv_w = 192, .box_w = 11, .box_h = 16, .ofs_x = 1, .ofs_y = 0},
    {.bitmap_index = 1521, .adv_w = 192, .box_w = 10, .box_h = 16, .ofs_x = 1, .ofs_y = 0},
    {.bitmap_index = 1601, .adv_w = 192, .box_w = 11, .box_h = 16, .ofs_x = 0, .ofs_y = 0},
    {.bitmap_index = 1689, .adv_w = 192, .box_w = 11, .box_h = 16, .ofs_x = 0, .ofs_y = 0},
    {.bitmap_index = 1777, .adv_w = 100, .box_w = 4, .box_h = 12, .ofs_x = 1, .ofs_y = 0},
    {.bitmap_index = 1801, .adv_w = 100, .box_w = 5, .box_h = 17, .ofs_x = 1, .ofs_y = -5},
    {.bitmap_index = 1844, .adv_w = 192, .box_w = 12, .box_h = 11, .ofs_x = 0, .ofs_y = 2},
    {.bitmap_index = 1910, .adv_w = 192, .box_w = 12, .box_h = 7, .ofs_x = 0, .ofs_y = 5},
    {.bitmap_index = 1952, .adv_w = 192, .box_w = 12, .box_h = 11, .ofs_x = 0, .ofs_y = 2},
    {.bitmap_index = 2018, .adv_w = 165, .box_w = 10, .box_h = 16, .ofs_x = 0, .ofs_y = 0},
    {.bitmap_index = 2098, .adv_w = 327, .box_w = 19, .box_h = 20, .ofs_x = 1, .ofs_y = -4},
    {.bitmap_index = 2288, .adv_w = 209, .box_w = 14, .box_h = 16, .ofs_x = 0, .ofs_y = 0},
    {.bitmap_index = 2400, .adv_w = 224, .box_w = 12, .box_h = 16, .ofs_x = 2, .ofs_y = 0},
    {.bitmap_index = 2496, .adv_w = 217, .box_w = 12, .box_h = 16, .ofs_x = 1, .ofs_y = 0},
    {.bitmap_index = 2592, .adv_w = 235, .box_w = 12, .box_h = 16, .ofs_x = 2, .ofs_y = 0},
    {.bitmap_index = 2688, .adv_w = 202, .box_w = 10, .box_h = 16, .ofs_x = 2, .ofs_y = 0},
    {.bitmap_index = 2768, .adv_w = 190, .box_w = 10, .box_h = 16, .ofs_x = 2, .ofs_y = 0},
    {.bitmap_index = 2848, .adv_w = 236, .box_w = 13, .box_h = 16, .ofs_x = 1, .ofs_y = 0},
    {.bitmap_index = 2952, .adv_w = 249, .box_w = 12, .box_h = 16, .ofs_x = 2, .ofs_y = 0},
    {.bitmap_index = 3048, .adv_w = 104, .box_w = 3, .box_h = 16, .ofs_x = 2, .ofs_y = 0},
    {.bitmap_index = 3072, .adv_w = 184, .box_w = 10, .box_h = 16, .ofs_x = 0, .ofs_y = 0},
    {.bitmap_index = 3152, .adv_w = 223, .box_w = 12, .box_h = 16, .ofs_x = 2, .ofs_y = 0},
    {.bitmap_index = 3248, .adv_w = 187, .box_w = 10, .box_h = 16, .ofs_x = 2, .ofs_y = 0},
    {.bitmap_index = 3328, .adv_w = 279, .box_w = 14, .box_h = 16, .ofs_x = 2, .ofs_y = 0},
    {.bitmap_index = 3440, .adv_w = 247, .box_w = 12, .box_h = 16, .ofs_x = 2, .ofs_y = 0},
    {.bitmap_index = 3536, .adv_w = 253, .box_w = 14, .box_h = 16, .ofs_x = 1, .ofs_y = 0},
    {.bitmap_index = 3648, .adv_w = 218, .box_w = 11, .box_h = 16, .ofs_x = 2, .ofs_y = 0},
    {.bitmap_index = 3736, .adv_w = 253, .box_w = 15, .box_h = 20, .ofs_x = 1, .ofs_y = -4},
    {.bitmap_index = 3886, .adv_w = 220, .box_w = 12, .box_h = 16, .ofs_x = 2, .ofs_y = 0},
    {.bitmap_index = 3982, .adv_w = 204, .box_w = 12, .box_h = 16, .ofs_x = 0, .ofs_y = 0},
    {.bitmap_index = 4078, .adv_w = 205, .box_w = 13, .box_h = 16, .ofs_x = 0, .ofs_y = 0},
    {.bitmap_index = 4182, .adv_w = 246, .box_w = 13, .box_h = 16, .ofs_x = 1, .ofs_y = 0},
    {.bitmap_index = 4286, .adv_w = 200, .box_w = 14, .box_h = 16, .ofs_x = -1, .ofs_y = 0},
    {.bitmap_index = 4398, .adv_w = 300, .box_w = 19, .box_h = 16, .ofs_x = 0, .ofs_y = 0},
    {.bitmap_index = 4550, .adv_w = 200, .box_w = 13, .box_h = 16, .ofs_x = 0, .ofs_y = 0},
    {.bitmap_index = 4654, .adv_w = 186, .box_w = 13, .box_h = 16, .ofs_x = -1, .ofs_y = 0},
    {.bitmap_index = 4758, .adv_w = 204, .box_w = 12, .box_h = 16, .ofs_x = 0, .ofs_y = 0},
    {.bitmap_index = 4854, .adv_w = 120, .box_w = 5, .box_h = 21, .ofs_x = 2, .ofs_y = -4},
    {.bitmap_index = 4907, .adv_w = 131, .box_w = 8, .box_h = 21, .ofs_x = 0, .ofs_y = -4},
    {.bitmap_index = 4991, .adv_w = 120, .box_w = 6, .box_h = 21, .ofs_x = 0, .ofs_y = -4},
    {.bitmap_index = 5054, .adv_w = 192, .box_w = 10, .box_h = 10, .ofs_x = 1, .ofs_y = 7},
    {.bitmap_index = 5104, .adv_w = 189, .box_w = 12, .box_h = 2, .ofs_x = 0, .ofs_y = -3},
    {.bitmap_index = 5116, .adv_w = 207, .box_w = 6, .box_h = 7, .ofs_x = 2, .ofs_y = 13},
    {.bitmap_index = 5137, .adv_w = 193, .box_w = 10, .box_h = 12, .ofs_x = 1, .ofs_y = 0},
    {.bitmap_index = 5197, .adv_w = 211, .box_w = 12, .box_h = 17, .ofs_x = 1, .ofs_y = 0},
    {.bitmap_index = 5299, .adv_w = 174, .box_w = 10, .box_h = 12, .ofs_x = 1, .ofs_y = 0},
    {.bitmap_index = 5359, .adv_w = 212, .box_w = 11, .box_h = 17, .ofs_x = 1, .ofs_y = 0},
    {.bitmap_index = 5453, .adv_w = 190, .box_w = 10, .box_h = 12, .ofs_x = 1, .ofs_y = 0},
    {.bitmap_index = 5513, .adv_w = 116, .box_w = 8, .box_h = 17, .ofs_x = 0, .ofs_y = 0},
    {.bitmap_index = 5581, .adv_w = 194, .box_w = 12, .box_h = 17, .ofs_x = 0, .ofs_y = -5},
    {.bitmap_index = 5683, .adv_w = 209, .box_w = 11, .box_h = 17, .ofs_x = 1, .ofs_y = 0},
    {.bitmap_index = 5777, .adv_w = 97, .box_w = 4, .box_h = 17, .ofs_x = 1, .ofs_y = 0},
    {.bitmap_index = 5811, .adv_w = 97, .box_w = 7, .box_h = 22, .ofs_x = -2, .ofs_y = -5},
    {.bitmap_index = 5888, .adv_w = 193, .box_w = 11, .box_h = 17, .ofs_x = 1, .ofs_y = 0},
    {.bitmap_index = 5982, .adv_w = 100, .box_w = 5, .box_h = 17, .ofs_x = 1, .ofs_y = 0},
    {.bitmap_index = 6025, .adv_w = 317, .box_w = 18, .box_h = 12, .ofs_x = 1, .ofs_y = 0},
    {.bitmap_index = 6133, .adv_w = 210, .box_w = 11, .box_h = 12, .ofs_x = 1, .ofs_y = 0},
    {.bitmap_index = 6199, .adv_w = 207, .box_w = 11, .box_h = 12, .ofs_x = 1, .ofs_y = 0},
    {.bitmap_index = 6265, .adv_w = 212, .box_w = 12, .box_h = 17, .ofs_x = 1, .ofs_y = -5},
    {.bitmap_index = 6367, .adv_w = 212, .box_w = 11, .box_h = 17, .ofs_x = 1, .ofs_y = -5},
    {.bitmap_index = 6461, .adv_w = 137, .box_w = 8, .box_h = 12, .ofs_x = 1, .ofs_y = 0},
    {.bitmap_index = 6509, .adv_w = 161, .box_w = 10, .box_h = 12, .ofs_x = 0, .ofs_y = 0},
    {.bitmap_index = 6569, .adv_w = 133, .box_w = 8, .box_h = 16, .ofs_x = 0, .ofs_y = 0},
    {.bitmap_index = 6633, .adv_w = 208, .box_w = 11, .box_h = 12, .ofs_x = 1, .ofs_y = 0},
    {.bitmap_index = 6699, .adv_w = 183, .box_w = 12, .box_h = 12, .ofs_x = 0, .ofs_y = 0},
    {.bitmap_index = 6771, .adv_w = 279, .box_w = 17, .box_h = 12, .ofs_x = 0, .ofs_y = 0},
    {.bitmap_index = 6873, .adv_w = 177, .box_w = 11, .box_h = 12, .ofs_x = 0, .ofs_y = 0},
    {.bitmap_index = 6939, .adv_w = 183, .box_w = 12, .box_h = 17, .ofs_x = 0, .ofs_y = -5},
    {.bitmap_index = 7041, .adv_w = 165, .box_w = 10, .box_h = 12, .ofs_x = 0, .ofs_y = 0},
    {.bitmap_index = 7101, .adv_w = 120, .box_w = 7, .box_h = 21, .ofs_x = 0, .ofs_y = -4},
    {.bitmap_index = 7175, .adv_w = 94, .box_w = 2, .box_h = 24, .ofs_x = 2, .ofs_y = -6},
    {.bitmap_index = 7199, .adv_w = 120, .box_w = 7, .box_h = 21, .ofs_x = 0, .ofs_y = -4},
    {.bitmap_index = 7273, .adv_w = 192, .box_w = 12, .box_h = 4, .ofs_x = 0, .ofs_y = 6},
    {.bitmap_index = 7297, .adv_w = 336, .box_w = 8, .box_h = 8, .ofs_x = 0, .ofs_y = -2},
    {.bitmap_index = 7329, .adv_w = 336, .box_w = 19, .box_h = 19, .ofs_x = 1, .ofs_y = -2},
    {.bitmap_index = 7510, .adv_w = 336, .box_w = 21, .box_h = 19, .ofs_x = 0, .ofs_y = -2},
    {.bitmap_index = 7710, .adv_w = 336, .box_w = 20, .box_h = 20, .ofs_x = 0, .ofs_y = -2},
    {.bitmap_index = 7910, .adv_w = 336, .box_w = 20, .box_h = 21, .ofs_x = 0, .ofs_y = -3},
    {.bitmap_index = 8120, .adv_w = 336, .box_w = 21, .box_h = 21, .ofs_x = 0, .ofs_y = -2},
    {.bitmap_index = 8341, .adv_w = 336, .box_w = 21, .box_h = 20, .ofs_x = 0, .ofs_y = -2},
    {.bitmap_index = 8551, .adv_w = 336, .box_w = 19, .box_h = 21, .ofs_x = 1, .ofs_y = -2},
    {.bitmap_index = 8751, .adv_w = 336, .box_w = 20, .box_h = 20, .ofs_x = 0, .ofs_y = -3},
    {.bitmap_index = 8951, .adv_w = 336, .box_w = 21, .box_h = 20, .ofs_x = 0, .ofs_y = -2},
    {.bitmap_index = 9161, .adv_w = 336, .box_w = 21, .box_h = 21, .ofs_x = 0, .ofs_y = -3},
    {.bitmap_index = 9382, .adv_w = 336, .box_w = 21, .box_h = 21, .ofs_x = 0, .ofs_y = -3},
    {.bitmap_index = 9603, .adv_w = 336, .box_w = 17, .box_h = 20, .ofs_x = 2, .ofs_y = -2},
    {.bitmap_index = 9773, .adv_w = 336, .box_w = 21, .box_h = 20, .ofs_x = 0, .ofs_y = -2},
    {.bitmap_index = 9983, .adv_w = 336, .box_w = 21, .box_h = 21, .ofs_x = 0, .ofs_y = -3},
    {.bitmap_index = 10204, .adv_w = 336, .box_w = 21, .box_h = 20, .ofs_x = 0, .ofs_y = -2},
    {.bitmap_index = 10414, .adv_w = 336, .box_w = 21, .box_h = 21, .ofs_x = 0, .ofs_y = -3},
    {.bitmap_index = 10635, .adv_w = 336, .box_w = 21, .box_h = 20, .ofs_x = 0, .ofs_y = -2},
    {.bitmap_index = 10845, .adv_w = 336, .box_w = 21, .box_h = 21, .ofs_x = 0, .ofs_y = -3},
    {.bitmap_index = 11066, .adv_w = 336, .box_w = 21, .box_h = 21, .ofs_x = 0, .ofs_y = -3},
    {.bitmap_index = 11287, .adv_w = 336, .box_w = 21, .box_h = 21, .ofs_x = 0, .ofs_y = -3},
    {.bitmap_index = 11508, .adv_w = 336, .box_w = 19, .box_h = 20, .ofs_x = 0, .ofs_y = -3},
    {.bitmap_index = 11698, .adv_w = 336, .box_w = 19, .box_h = 21, .ofs_x = 1, .ofs_y = -3},
    {.bitmap_index = 11898, .adv_w = 336, .box_w = 21, .box_h = 20, .ofs_x = 0, .ofs_y = -2},
    {.bitmap_index = 12108, .adv_w = 336, .box_w = 20, .box_h = 19, .ofs_x = 0, .ofs_y = -1},
    {.bitmap_index = 12298, .adv_w = 336, .box_w = 21, .box_h = 21, .ofs_x = 0, .ofs_y = -3}
};

/*---------------------
 *  CHARACTER MAPPING
 *--------------------*/

static const uint16_t unicode_list_1[] = {
    0x0, 0x1e09, 0x1e0b, 0x1ea2, 0x1ecb, 0x1f7d, 0x1fdb, 0x224b,
    0x23ed, 0x290b, 0x2b8a, 0x2b98, 0x2f51, 0x2fc3, 0x320e, 0x3386,
    0x33ce, 0x35ae, 0x3741, 0x3b1f, 0x4134, 0x4526, 0x4557, 0x4ecf,
    0x61cb, 0x6879
};

/*Collect the unicode lists and glyph_id offsets*/
static const lv_font_fmt_txt_cmap_t cmaps[] =
{
    {
        .range_start = 32, .range_length = 95, .glyph_id_start = 1,
        .unicode_list = NULL, .glyph_id_ofs_list = NULL, .list_length = 0, .type = LV_FONT_FMT_TXT_CMAP_FORMAT0_TINY
    },
    {
        .range_start = 12290, .range_length = 26746, .glyph_id_start = 96,
        .unicode_list = unicode_list_1, .glyph_id_ofs_list = NULL, .list_length = 26, .type = LV_FONT_FMT_TXT_CMAP_SPARSE_TINY
    }
};

/*-----------------
 *    KERNING
 *----------------*/


/*Map glyph_ids to kern left classes*/
static const uint8_t kern_left_class_mapping[] =
{
    0, 0, 0, 1, 0, 0, 0, 0,
    1, 2, 0, 0, 0, 3, 4, 3,
    5, 0, 0, 0, 0, 0, 0, 0,
    0, 0, 0, 6, 6, 0, 0, 0,
    0, 0, 7, 8, 9, 10, 11, 12,
    13, 0, 0, 14, 15, 16, 0, 0,
    10, 17, 10, 18, 19, 20, 21, 22,
    23, 24, 25, 26, 2, 27, 0, 0,
    0, 0, 28, 29, 30, 0, 31, 32,
    33, 34, 0, 0, 35, 36, 34, 34,
    29, 29, 37, 38, 39, 40, 37, 41,
    42, 43, 44, 45, 2, 0, 0, 0,
    0, 0, 0, 0, 0, 0, 0, 0,
    0, 0, 0, 0, 0, 0, 0, 0,
    0, 0, 0, 0, 0, 0, 0, 0,
    0, 0
};

/*Map glyph_ids to kern right classes*/
static const uint8_t kern_right_class_mapping[] =
{
    0, 0, 1, 2, 0, 0, 0, 0,
    2, 0, 3, 4, 0, 5, 6, 7,
    8, 0, 0, 0, 0, 0, 0, 0,
    0, 0, 0, 9, 10, 0, 0, 0,
    11, 0, 12, 0, 13, 0, 0, 0,
    13, 0, 0, 14, 0, 0, 0, 0,
    13, 0, 13, 0, 15, 16, 17, 18,
    19, 20, 21, 22, 0, 23, 3, 0,
    0, 0, 24, 0, 25, 25, 25, 26,
    27, 0, 28, 29, 0, 0, 30, 30,
    25, 30, 25, 30, 31, 32, 33, 34,
    35, 36, 37, 38, 0, 0, 3, 0,
    0, 0, 0, 0, 0, 0, 0, 0,
    0, 0, 0, 0, 0, 0, 0, 0,
    0, 0, 0, 0, 0, 0, 0, 0,
    0, 0
};

/*Kern values between classes*/
static const int8_t kern_class_values[] =
{
    0, 0, 0, 0, -47, 0, -47, 0,
    0, 0, 0, -24, 0, -39, -5, 0,
    0, 0, 0, -5, 0, 0, 0, 0,
    -11, 0, 0, 0, 0, 0, -9, 0,
    0, 0, 0, 0, 0, 0, 0, 0,
    0, 0, 0, 0, 0, 0, 0, 0,
    0, 0, 0, -9, 0, 0, 0, 0,
    0, 0, 0, 0, 0, 0, 0, 0,
    0, 0, 29, 0, 0, 0, 0, 0,
    0, 0, 0, 0, 0, -41, 0, -56,
    0, 0, 0, 0, 0, 0, 0, 0,
    0, 0, 0, -39, -10, -27, -14, 0,
    -39, 0, 0, 0, -6, 0, 0, 0,
    10, 0, 0, -20, 0, -17, -11, 0,
    -9, 0, 0, 0, 0, 0, 0, 0,
    0, 0, 0, 0, 0, 0, 0, -9,
    -9, -20, 0, -9, -5, -13, -28, -9,
    0, 0, 0, 0, 0, 0, 0, 0,
    0, -11, 0, -5, 0, -7, 0, 0,
    0, 0, 0, 0, 0, 0, 0, 0,
    0, 0, 0, -16, -5, -32, 0, 0,
    0, 0, 0, 0, 0, 0, 0, -11,
    -12, 0, -5, 6, 6, 0, 0, 0,
    -9, 0, 0, 0, 0, 0, 0, 0,
    0, -18, 0, 0, 0, 0, 0, 0,
    0, 0, 0, 0, 0, 0, 0, 0,
    0, 0, -12, 0, 0, 0, 0, 0,
    0, 0, 0, 0, 0, 0, 0, 0,
    0, 0, 0, 0, 0, -24, 0, -36,
    0, 0, 0, 0, 0, 0, -12, -3,
    -5, 0, 0, -24, -7, -7, 0, -1,
    -7, -3, -16, 6, 0, -5, 0, 0,
    0, 0, 6, -7, -3, -5, -3, -3,
    -5, 0, 0, 0, 0, -13, 0, 0,
    0, 0, 0, 0, 0, 0, 0, -8,
    -7, -11, 0, -4, -3, -3, -7, -3,
    0, 0, 0, 0, 0, 0, 0, 0,
    0, -5, 0, -7, -5, -5, -7, 0,
    0, 0, 0, 0, 0, -12, 0, 0,
    0, 0, 0, 0, -13, -5, -11, -7,
    -7, -3, -3, -3, -5, -5, 0, 0,
    0, 0, -9, 0, 0, 0, 0, -13,
    -5, -7, -5, 0, -7, 0, 0, 0,
    0, -13, 0, 0, 0, -7, 0, 0,
    0, -5, 0, -18, 0, -11, 0, -5,
    -3, -9, -9, -9, 0, 0, 0, 0,
    0, 0, 0, 0, 0, 0, 0, 0,
    0, -7, 0, -5, 0, 0, 0, 0,
    0, 0, 0, 0, 0, 0, 0, 0,
    0, 0, 0, 0, 0, 0, 0, 0,
    0, 0, 0, 0, -5, 0, 0, 0,
    0, 0, 0, -11, 0, -5, 0, -15,
    -5, 0, 0, 0, 0, 0, -31, 0,
    -31, -26, 0, 0, 0, -16, -5, -53,
    -10, 0, 0, -1, -1, -11, -3, -13,
    0, -14, -7, 0, -11, 0, 0, -9,
    -10, -5, -8, -11, -9, -12, -9, -15,
    0, 0, 0, -11, 0, 0, 0, 0,
    0, 0, 0, -3, 0, 0, 0, -9,
    0, -7, -3, 0, 0, 0, 0, 0,
    0, 0, 0, 0, 0, 0, 0, 0,
    0, 0, 0, 0, 0, 0, 0, 0,
    0, 0, -11, 0, -11, 0, 0, 0,
    0, 0, 0, -16, 0, 0, 0, 0,
    0, 0, 0, 0, 0, 0, 0, 0,
    0, 0, 0, 0, 0, 0, 0, 0,
    0, 0, 0, 0, 0, -11, 0, -16,
    0, -15, 0, 0, 0, 0, -5, -5,
    -10, 0, -6, -9, -7, -7, -5, 0,
    -9, 0, 0, 0, -5, 0, 0, 0,
    -5, 0, 0, -16, -7, -11, -9, -9,
    -11, -7, 0, -40, 0, -61, 0, -20,
    0, 0, 0, 0, -16, -1, -12, 0,
    -10, -47, -13, -31, -23, 0, -31, 0,
    -32, 0, -6, -7, -3, 0, 0, 0,
    0, -10, -5, -17, -14, 0, -17, 0,
    0, 0, 0, 0, -46, -13, -46, -28,
    0, 0, 0, -20, 0, -56, -5, -9,
    0, 0, 0, -11, -5, -29, 0, -16,
    -10, 0, -11, 0, 0, 0, -5, 0,
    0, 0, 0, -7, 0, -9, 0, 0,
    0, -5, 0, -12, 0, 0, 0, 0,
    0, -3, 0, -7, -6, -7, 0, -1,
    0, -3, -3, -5, 0, -3, -5, 0,
    -3, 0, 0, 0, 0, 0, 0, 0,
    0, -5, 0, -5, 0, 0, 0, -7,
    0, 4, 0, 0, 0, 0, 0, 0,
    0, -7, -7, -9, 0, 0, 0, 0,
    -7, 0, 0, 0, 0, 0, 0, 0,
    0, 0, 0, -11, 0, 0, 0, 0,
    0, -3, 0, 0, 0, 0, -42, -28,
    -42, -33, -9, -9, 0, -16, -11, -49,
    -15, 0, 0, 0, 0, -9, -7, -20,
    0, -28, -28, -7, -28, 0, 0, -18,
    -24, -7, -18, -13, -13, -15, -13, -29,
    0, 0, 0, 0, -9, 0, -9, -12,
    0, 0, 0, -7, 0, -20, -5, 0,
    0, -3, 0, -5, -7, 0, 0, -3,
    0, 0, -5, 0, 0, 0, -3, 0,
    0, 0, 0, -5, 0, 0, 0, 0,
    0, 0, -27, -9, -27, -17, 0, 0,
    0, -7, -5, -28, -5, 0, -5, 2,
    0, 0, 0, -9, 0, -11, -7, 0,
    -9, 0, 0, -9, -7, 0, -13, -5,
    -5, -7, -5, -11, 0, 0, 0, 0,
    -14, -5, -14, -10, 0, 0, 0, 0,
    -3, -24, -3, 0, 0, 0, 0, 0,
    0, -3, 0, -7, 0, 0, -5, 0,
    0, 0, 0, 0, 0, 0, 0, 0,
    0, -5, 0, -5, 0, -5, 0, -13,
    0, 0, 0, 0, 0, -1, -9, -3,
    -7, -9, -5, 0, 0, 0, 0, 0,
    0, -5, -5, -9, 0, 0, 0, 0,
    0, -9, -5, -9, -7, -5, -9, -7,
    0, 0, 0, 0, -38, -28, -38, -25,
    -12, -12, -5, -7, -7, -39, -8, -7,
    -5, 0, 0, 0, 0, -11, 0, -28,
    -18, 0, -24, 0, 0, -16, -18, -14,
    -14, -7, -11, -14, -7, -20, 0, 0,
    0, 0, 0, -13, 0, 0, 0, 0,
    0, -3, -9, -13, -13, 0, -5, -3,
    -3, 0, -7, -7, 0, -7, -8, -9,
    -7, 0, 0, 0, 0, -7, -9, -7,
    -7, -11, -7, 0, 0, 0, 0, 0,
    0, 0, 0, 0, 0, 0, 0, 0,
    0, 0, 0, -32, -11, -20, -11, 0,
    -28, 0, 0, 0, 0, 0, 10, 0,
    25, 0, 0, 0, 0, -9, -5, 0,
    2, 0, 0, 0, 0, -20, 0, 0,
    0, 0, 0, 0, -8, 0, 0, 0,
    0, -11, 0, -9, -3, 0, -11, 0,
    0, 0, 0, 0, 0, 0, 0, 0,
    0, -7, 0, 0, 0, 0, 0, 0,
    0, -11, 0, -9, -5, 0, -5, 0,
    0, 0, -8, 0, 0, 0, 0, -23,
    0, -9, 0, -3, -20, 0, -12, -7,
    0, -2, 0, 0, 0, 0, -2, -9,
    0, -3, -3, -9, -3, -4, 0, 0,
    0, 0, 0, -11, 0, 0, 0, 0,
    0, 0, 0, 0, 0, -9, 0, -7,
    0, 0, -11, 0, 0, -5, -10, 0,
    -5, 0, 0, 0, 0, -5, 0, 0,
    0, 0, 0, 0, 0, 0, 0, -13,
    0, 2, 0, 0, 0, 0, -5, 0,
    0, -9, -9, -11, 0, -9, -5, 0,
    -12, 0, -11, -7, 0, -2, -5, 0,
    0, 0, 0, -5, 0, -1, -1, -5,
    -1, -2, 3, 14, 16, 0, -22, -7,
    -22, -5, 0, 0, 8, 0, 0, 0,
    0, 16, 0, 23, 16, 10, 19, 0,
    19, -9, -5, 0, -7, 0, -5, 0,
    -3, 0, 0, 2, 0, -3, 0, -7,
    0, 0, 3, -13, 0, 0, 0, 14,
    0, 0, -16, 0, 0, 0, 0, -12,
    0, 0, 0, 0, -7, 0, 0, -8,
    -7, 0, 0, 0, 14, 0, 0, 0,
    0, -3, -3, 0, 3, -7, 0, 0,
    0, -13, 0, 0, 0, 0, 0, 0,
    -5, 0, 0, 0, 0, -11, 0, -5,
    0, 0, -9, 0, 0, 0, 0, 0,
    0, 0, 0, 0, 0, 0, 0, 0,
    0, 0, 0, 0, 0, 0, 0, -9,
    2, -22, 2, 0, 2, 2, -8, 0,
    0, 0, 0, -16, 0, 0, 0, 0,
    -6, 0, 0, -5, -9, 0, -5, 0,
    -5, 0, 0, -11, -7, 0, 0, -5,
    0, -5, 0, 0, 0, 0, 0, 0,
    0, 0, 0, 0, 0, 0, 0, 0,
    0, 0, 0, 0, 0, 0, 0, 0,
    0, 0, 0, 0, 0, 0, 2, 0,
    0, 0, 0, 0, 0, 0, 0, 0,
    0, 0, 0, -9, 0, 0, 0, 0,
    0, 0, 0, 0, 0, 0, 0, -9,
    0, -7, 0, 0, -13, 0, 0, 0,
    0, 0, 0, 0, 0, 0, 0, 0,
    0, 0, 0, 0, 0, 0, 0, 0,
    0, 0, -26, -11, -26, -13, 6, 6,
    0, -7, 0, -24, 0, 0, 0, 0,
    0, 0, 0, -5, 2, -11, -5, 0,
    -5, 0, 0, 0, -3, 0, 0, 6,
    4, 0, 6, -3, 0, 0, 0, -18,
    0, 2, 0, 0, 0, 0, -7, 0,
    0, 0, 0, -11, 0, -5, 0, 0,
    -9, 0, 0, 0, 0, 0, 0, 0,
    0, 0, 0, -9, 0, 0, 0, 0,
    0, 0, 0, 0, 0, 0, -1, -12,
    -1, 1, 3, 3, -12, 0, 0, 0,
    0, -7, 0, 0, 0, 0, -3, 0,
    0, -9, -7, 0, -5, 0, 0, 0,
    -5, -9, 0, 0, 0, -7, 0, 0,
    0, 0, 0, -6, -17, -5, -17, -9,
    0, 0, 0, -6, 0, -16, 0, -9,
    0, -5, 0, 0, -7, -5, 0, -9,
    -3, 0, 0, 0, -5, 0, 0, 0,
    0, 0, 0, 0, 0, -11, 0, 0,
    0, -6, -20, 0, -20, -3, 0, 0,
    0, -3, 0, -13, 0, -11, 0, -5,
    0, -7, -11, 0, 0, -5, -3, 0,
    0, 0, -5, 0, 0, 0, 0, 0,
    0, 0, 0, -9, -7, 0, 0, -10,
    2, -7, -5, 0, 0, 2, 0, 0,
    -5, 0, -3, -13, 0, -7, 0, -5,
    -14, 0, 0, -5, -9, 0, 0, 0,
    0, 0, 0, -11, 0, 0, 0, 0,
    -3, 0, 0, 0, 0, 0, -17, 0,
    -17, -5, 0, 0, 0, 0, 0, -16,
    0, -9, 0, -3, 0, -3, -5, 0,
    0, -9, -3, 0, 0, 0, -5, 0,
    0, 0, 0, 0, 0, -7, 0, -11,
    0, 0, 0, 0, 0, -9, 0, 0,
    0, 0, 0, 0, 0, 0, 0, -11,
    0, 0, 0, 0, -11, 0, 0, -9,
    -5, 0, -3, 0, 0, 0, 0, 0,
    -5, -3, 0, 0, -3, 0
};


/*Collect the kern class' data in one place*/
static const lv_font_fmt_txt_kern_classes_t kern_classes =
{
    .class_pair_values   = kern_class_values,
    .left_class_mapping  = kern_left_class_mapping,
    .right_class_mapping = kern_right_class_mapping,
    .left_class_cnt      = 45,
    .right_class_cnt     = 38,
};

/*--------------------
 *  ALL CUSTOM DATA
 *--------------------*/

#if LVGL_VERSION_MAJOR == 8
/*Store all the custom data of the font*/
static  lv_font_fmt_txt_glyph_cache_t cache;
#endif

#if LVGL_VERSION_MAJOR >= 8
static const lv_font_fmt_txt_dsc_t font_dsc = {
#else
static lv_font_fmt_txt_dsc_t font_dsc = {
#endif
    .glyph_bitmap = glyph_bitmap,
    .glyph_dsc = glyph_dsc,
    .cmaps = cmaps,
    .kern_dsc = &kern_classes,
    .kern_scale = 16,
    .cmap_num = 2,
    .bpp = 4,
    .kern_classes = 1,
    .bitmap_format = 0,
#if LVGL_VERSION_MAJOR == 8
    .cache = &cache
#endif
};



/*-----------------
 *  PUBLIC FONT
 *----------------*/

/*Initialize a public general font descriptor*/
#if LVGL_VERSION_MAJOR >= 8
const lv_font_t ui_font_ns500_21 = {
#else
lv_font_t ui_font_ns500_21 = {
#endif
    .get_glyph_dsc = lv_font_get_glyph_dsc_fmt_txt,    /*Function pointer to get glyph's data*/
    .get_glyph_bitmap = lv_font_get_bitmap_fmt_txt,    /*Function pointer to get glyph's bitmap*/
    .line_height = 26,          /*The maximum line height required by the font*/
    .base_line = 6,             /*Baseline measured from the bottom of the line*/
#if !(LVGL_VERSION_MAJOR == 6 && LVGL_VERSION_MINOR == 0)
    .subpx = LV_FONT_SUBPX_NONE,
#endif
#if LV_VERSION_CHECK(7, 4, 0) || LVGL_VERSION_MAJOR >= 8
    .underline_position = -3,
    .underline_thickness = 1,
#endif
    .dsc = &font_dsc,          /*The custom font data. Will be accessed by `get_glyph_bitmap/dsc` */
#if LV_VERSION_CHECK(8, 2, 0) || LVGL_VERSION_MAJOR >= 9
    .fallback = NULL,
#endif
    .user_data = NULL,
};



#endif /*#if UI_FONT_NS500_21*/

